ISO-10303-21;
HEADER;
FILE_DESCRIPTION(('Open CASCADE Model'),'2;1');
FILE_NAME('Open CASCADE Shape Model','2026-09-27T14:48:12',('Author'),(
    'Open CASCADE'),'Open CASCADE STEP processor 7.9','Open CASCADE 7.9'
  ,'Unknown');
FILE_SCHEMA(('AUTOMOTIVE_DESIGN { 1 0 10303 214 1 1 1 1 }'));
ENDSEC;
DATA;
#1 = APPLICATION_PROTOCOL_DEFINITION('international standard',
  'automotive_design',2000,#2);
#2 = APPLICATION_CONTEXT(
  'core data for automotive mechanical design processes');
#3 = SHAPE_DEFINITION_REPRESENTATION(#4,#10);
#4 = PRODUCT_DEFINITION_SHAPE('','',#5);
#5 = PRODUCT_DEFINITION('design','',#6,#9);
#6 = PRODUCT_DEFINITION_FORMATION('','',#7);
#7 = PRODUCT('Open CASCADE STEP translator 7.9 2',
  'Open CASCADE STEP translator 7.9 2','',(#8));
#8 = PRODUCT_CONTEXT('',#2,'mechanical');
#9 = PRODUCT_DEFINITION_CONTEXT('part definition',#2,'design');
#10 = ADVANCED_BREP_SHAPE_REPRESENTATION('',(#11,#15),#6276);
#11 = AXIS2_PLACEMENT_3D('',#12,#13,#14);
#12 = CARTESIAN_POINT('',(0.,0.,0.));
#13 = DIRECTION('',(0.,0.,1.));
#14 = DIRECTION('',(1.,0.,-0.));
#15 = MANIFOLD_SOLID_BREP('',#16);
#16 = CLOSED_SHELL('',(#17,#136,#214,#289,#371,#446,#530,#606,#682,#751,
    #1726,#1794,#1840,#1872,#1925,#2159,#2319,#2384,#2487,#2532,#2564,
    #2908,#2962,#3085,#3366,#3431,#3501,#3663,#3728,#3798,#3960,#4030,
    #4105,#4178,#4223,#4277,#4309,#4356,#4401,#4428,#4501,#4643,#4668,
    #4744,#4769,#4799,#4832,#4864,#4921,#4948,#4981,#4992,#5046,#5120,
    #5169,#5218,#5267,#5319,#5367,#5413,#5462,#5509,#5557,#5604,#5650,
    #5697,#5745,#5794,#5841,#5887,#5915,#5987,#6033,#6061,#6114,#6168,
    #6200));
#17 = ADVANCED_FACE('',(#18),#32,.F.);
#18 = FACE_BOUND('',#19,.F.);
#19 = EDGE_LOOP('',(#20,#55,#83,#110));
#20 = ORIENTED_EDGE('',*,*,#21,.F.);
#21 = EDGE_CURVE('',#22,#24,#26,.T.);
#22 = VERTEX_POINT('',#23);
#23 = CARTESIAN_POINT('',(-32.,25.,65.889));
#24 = VERTEX_POINT('',#25);
#25 = CARTESIAN_POINT('',(12.91,25.,65.889));
#26 = SURFACE_CURVE('',#27,(#31,#43),.PCURVE_S1.);
#27 = LINE('',#28,#29);
#28 = CARTESIAN_POINT('',(-34.,25.,65.889));
#29 = VECTOR('',#30,1.);
#30 = DIRECTION('',(1.,0.,0.));
#31 = PCURVE('',#32,#37);
#32 = PLANE('',#33);
#33 = AXIS2_PLACEMENT_3D('',#34,#35,#36);
#34 = CARTESIAN_POINT('',(12.91,25.,15.5));
#35 = DIRECTION('',(0.,-1.,0.));
#36 = DIRECTION('',(-1.,0.,0.));
#37 = DEFINITIONAL_REPRESENTATION('',(#38),#42);
#38 = LINE('',#39,#40);
#39 = CARTESIAN_POINT('',(46.91,-50.389));
#40 = VECTOR('',#41,1.);
#41 = DIRECTION('',(-1.,-0.));
#42 = ( GEOMETRIC_REPRESENTATION_CONTEXT(2) 
PARAMETRIC_REPRESENTATION_CONTEXT() REPRESENTATION_CONTEXT('2D SPACE',''
  ) );
#43 = PCURVE('',#44,#49);
#44 = PLANE('',#45);
#45 = AXIS2_PLACEMENT_3D('',#46,#47,#48);
#46 = CARTESIAN_POINT('',(12.91,1.604946055186E-15,65.889));
#47 = DIRECTION('',(0.,0.,1.));
#48 = DIRECTION('',(1.,0.,-0.));
#49 = DEFINITIONAL_REPRESENTATION('',(#50),#54);
#50 = LINE('',#51,#52);
#51 = CARTESIAN_POINT('',(-46.91,25.));
#52 = VECTOR('',#53,1.);
#53 = DIRECTION('',(1.,0.));
#54 = ( GEOMETRIC_REPRESENTATION_CONTEXT(2) 
PARAMETRIC_REPRESENTATION_CONTEXT() REPRESENTATION_CONTEXT('2D SPACE',''
  ) );
#55 = ORIENTED_EDGE('',*,*,#56,.F.);
#56 = EDGE_CURVE('',#57,#22,#59,.T.);
#57 = VERTEX_POINT('',#58);
#58 = CARTESIAN_POINT('',(-32.,25.,28.5));
#59 = SURFACE_CURVE('',#60,(#64,#71),.PCURVE_S1.);
#60 = LINE('',#61,#62);
#61 = CARTESIAN_POINT('',(-32.,25.,-24.5));
#62 = VECTOR('',#63,1.);
#63 = DIRECTION('',(0.,0.,1.));
#64 = PCURVE('',#32,#65);
#65 = DEFINITIONAL_REPRESENTATION('',(#66),#70);
#66 = LINE('',#67,#68);
#67 = CARTESIAN_POINT('',(44.91,40.));
#68 = VECTOR('',#69,1.);
#69 = DIRECTION('',(0.,-1.));
#70 = ( GEOMETRIC_REPRESENTATION_CONTEXT(2) 
PARAMETRIC_REPRESENTATION_CONTEXT() REPRESENTATION_CONTEXT('2D SPACE',''
  ) );
#71 = PCURVE('',#72,#77);
#72 = CYLINDRICAL_SURFACE('',#73,2.);
#73 = AXIS2_PLACEMENT_3D('',#74,#75,#76);
#74 = CARTESIAN_POINT('',(-32.,23.,-24.5));
#75 = DIRECTION('',(0.,0.,1.));
#76 = DIRECTION('',(-0.,1.,0.));
#77 = DEFINITIONAL_REPRESENTATION('',(#78),#82);
#78 = LINE('',#79,#80);
#79 = CARTESIAN_POINT('',(0.,0.));
#80 = VECTOR('',#81,1.);
#81 = DIRECTION('',(0.,1.));
#82 = ( GEOMETRIC_REPRESENTATION_CONTEXT(2) 
PARAMETRIC_REPRESENTATION_CONTEXT() REPRESENTATION_CONTEXT('2D SPACE',''
  ) );
#83 = ORIENTED_EDGE('',*,*,#84,.F.);
#84 = EDGE_CURVE('',#85,#57,#87,.T.);
#85 = VERTEX_POINT('',#86);
#86 = CARTESIAN_POINT('',(12.91,25.,28.5));
#87 = SURFACE_CURVE('',#88,(#92,#98),.PCURVE_S1.);
#88 = LINE('',#89,#90);
#89 = CARTESIAN_POINT('',(6.455,25.,28.5));
#90 = VECTOR('',#91,1.);
#91 = DIRECTION('',(-1.,0.,0.));
#92 = PCURVE('',#32,#93);
#93 = DEFINITIONAL_REPRESENTATION('',(#94),#97);
#94 = B_SPLINE_CURVE_WITH_KNOTS('',1,(#95,#96),.UNSPECIFIED.,.F.,.F.,(2,
    2),(-6.455,38.455),.PIECEWISE_BEZIER_KNOTS.);
#95 = CARTESIAN_POINT('',(0.,-13.));
#96 = CARTESIAN_POINT('',(44.91,-13.));
#97 = ( GEOMETRIC_REPRESENTATION_CONTEXT(2) 
PARAMETRIC_REPRESENTATION_CONTEXT() REPRESENTATION_CONTEXT('2D SPACE',''
  ) );
#98 = PCURVE('',#99,#104);
#99 = PLANE('',#100);
#100 = AXIS2_PLACEMENT_3D('',#101,#102,#103);
#101 = CARTESIAN_POINT('',(0.,0.,28.5));
#102 = DIRECTION('',(0.,0.,1.));
#103 = DIRECTION('',(1.,0.,-0.));
#104 = DEFINITIONAL_REPRESENTATION('',(#105),#109);
#105 = LINE('',#106,#107);
#106 = CARTESIAN_POINT('',(6.455,25.));
#107 = VECTOR('',#108,1.);
#108 = DIRECTION('',(-1.,0.));
#109 = ( GEOMETRIC_REPRESENTATION_CONTEXT(2) 
PARAMETRIC_REPRESENTATION_CONTEXT() REPRESENTATION_CONTEXT('2D SPACE',''
  ) );
#110 = ORIENTED_EDGE('',*,*,#111,.T.);
#111 = EDGE_CURVE('',#85,#24,#112,.T.);
#112 = SURFACE_CURVE('',#113,(#117,#124),.PCURVE_S1.);
#113 = LINE('',#114,#115);
#114 = CARTESIAN_POINT('',(12.91,25.,15.5));
#115 = VECTOR('',#116,1.);
#116 = DIRECTION('',(0.,0.,1.));
#117 = PCURVE('',#32,#118);
#118 = DEFINITIONAL_REPRESENTATION('',(#119),#123);
#119 = LINE('',#120,#121);
#120 = CARTESIAN_POINT('',(0.,-0.));
#121 = VECTOR('',#122,1.);
#122 = DIRECTION('',(0.,-1.));
#123 = ( GEOMETRIC_REPRESENTATION_CONTEXT(2) 
PARAMETRIC_REPRESENTATION_CONTEXT() REPRESENTATION_CONTEXT('2D SPACE',''
  ) );
#124 = PCURVE('',#125,#130);
#125 = CYLINDRICAL_SURFACE('',#126,25.);
#126 = AXIS2_PLACEMENT_3D('',#127,#128,#129);
#127 = CARTESIAN_POINT('',(12.91,0.,15.5));
#128 = DIRECTION('',(-0.,-0.,-1.));
#129 = DIRECTION('',(1.,0.,0.));
#130 = DEFINITIONAL_REPRESENTATION('',(#131),#135);
#131 = LINE('',#132,#133);
#132 = CARTESIAN_POINT('',(-7.853981633974,0.));
#133 = VECTOR('',#134,1.);
#134 = DIRECTION('',(-0.,-1.));
#135 = ( GEOMETRIC_REPRESENTATION_CONTEXT(2) 
PARAMETRIC_REPRESENTATION_CONTEXT() REPRESENTATION_CONTEXT('2D SPACE',''
  ) );
#136 = ADVANCED_FACE('',(#137),#72,.T.);
#137 = FACE_BOUND('',#138,.T.);
#138 = EDGE_LOOP('',(#139,#140,#164,#192));
#139 = ORIENTED_EDGE('',*,*,#56,.F.);
#140 = ORIENTED_EDGE('',*,*,#141,.T.);
#141 = EDGE_CURVE('',#57,#142,#144,.T.);
#142 = VERTEX_POINT('',#143);
#143 = CARTESIAN_POINT('',(-34.,23.,28.5));
#144 = SURFACE_CURVE('',#145,(#150,#157),.PCURVE_S1.);
#145 = CIRCLE('',#146,2.);
#146 = AXIS2_PLACEMENT_3D('',#147,#148,#149);
#147 = CARTESIAN_POINT('',(-32.,23.,28.5));
#148 = DIRECTION('',(0.,0.,1.));
#149 = DIRECTION('',(-0.,1.,0.));
#150 = PCURVE('',#72,#151);
#151 = DEFINITIONAL_REPRESENTATION('',(#152),#156);
#152 = LINE('',#153,#154);
#153 = CARTESIAN_POINT('',(0.,53.));
#154 = VECTOR('',#155,1.);
#155 = DIRECTION('',(1.,0.));
#156 = ( GEOMETRIC_REPRESENTATION_CONTEXT(2) 
PARAMETRIC_REPRESENTATION_CONTEXT() REPRESENTATION_CONTEXT('2D SPACE',''
  ) );
#157 = PCURVE('',#99,#158);
#158 = DEFINITIONAL_REPRESENTATION('',(#159),#163);
#159 = CIRCLE('',#160,2.);
#160 = AXIS2_PLACEMENT_2D('',#161,#162);
#161 = CARTESIAN_POINT('',(-32.,23.));
#162 = DIRECTION('',(0.,1.));
#163 = ( GEOMETRIC_REPRESENTATION_CONTEXT(2) 
PARAMETRIC_REPRESENTATION_CONTEXT() REPRESENTATION_CONTEXT('2D SPACE',''
  ) );
#164 = ORIENTED_EDGE('',*,*,#165,.T.);
#165 = EDGE_CURVE('',#142,#166,#168,.T.);
#166 = VERTEX_POINT('',#167);
#167 = CARTESIAN_POINT('',(-34.,23.,65.889));
#168 = SURFACE_CURVE('',#169,(#173,#180),.PCURVE_S1.);
#169 = LINE('',#170,#171);
#170 = CARTESIAN_POINT('',(-34.,23.,-24.5));
#171 = VECTOR('',#172,1.);
#172 = DIRECTION('',(0.,0.,1.));
#173 = PCURVE('',#72,#174);
#174 = DEFINITIONAL_REPRESENTATION('',(#175),#179);
#175 = LINE('',#176,#177);
#176 = CARTESIAN_POINT('',(1.570796326795,0.));
#177 = VECTOR('',#178,1.);
#178 = DIRECTION('',(0.,1.));
#179 = ( GEOMETRIC_REPRESENTATION_CONTEXT(2) 
PARAMETRIC_REPRESENTATION_CONTEXT() REPRESENTATION_CONTEXT('2D SPACE',''
  ) );
#180 = PCURVE('',#181,#186);
#181 = PLANE('',#182);
#182 = AXIS2_PLACEMENT_3D('',#183,#184,#185);
#183 = CARTESIAN_POINT('',(-34.,25.,15.5));
#184 = DIRECTION('',(1.,0.,-0.));
#185 = DIRECTION('',(0.,-1.,0.));
#186 = DEFINITIONAL_REPRESENTATION('',(#187),#191);
#187 = LINE('',#188,#189);
#188 = CARTESIAN_POINT('',(2.,40.));
#189 = VECTOR('',#190,1.);
#190 = DIRECTION('',(0.,-1.));
#191 = ( GEOMETRIC_REPRESENTATION_CONTEXT(2) 
PARAMETRIC_REPRESENTATION_CONTEXT() REPRESENTATION_CONTEXT('2D SPACE',''
  ) );
#192 = ORIENTED_EDGE('',*,*,#193,.F.);
#193 = EDGE_CURVE('',#22,#166,#194,.T.);
#194 = SURFACE_CURVE('',#195,(#200,#207),.PCURVE_S1.);
#195 = CIRCLE('',#196,2.);
#196 = AXIS2_PLACEMENT_3D('',#197,#198,#199);
#197 = CARTESIAN_POINT('',(-32.,23.,65.889));
#198 = DIRECTION('',(0.,0.,1.));
#199 = DIRECTION('',(0.,-1.,0.));
#200 = PCURVE('',#72,#201);
#201 = DEFINITIONAL_REPRESENTATION('',(#202),#206);
#202 = LINE('',#203,#204);
#203 = CARTESIAN_POINT('',(-3.14159265359,90.389));
#204 = VECTOR('',#205,1.);
#205 = DIRECTION('',(1.,0.));
#206 = ( GEOMETRIC_REPRESENTATION_CONTEXT(2) 
PARAMETRIC_REPRESENTATION_CONTEXT() REPRESENTATION_CONTEXT('2D SPACE',''
  ) );
#207 = PCURVE('',#44,#208);
#208 = DEFINITIONAL_REPRESENTATION('',(#209),#213);
#209 = CIRCLE('',#210,2.);
#210 = AXIS2_PLACEMENT_2D('',#211,#212);
#211 = CARTESIAN_POINT('',(-44.91,23.));
#212 = DIRECTION('',(0.,-1.));
#213 = ( GEOMETRIC_REPRESENTATION_CONTEXT(2) 
PARAMETRIC_REPRESENTATION_CONTEXT() REPRESENTATION_CONTEXT('2D SPACE',''
  ) );
#214 = ADVANCED_FACE('',(#215),#181,.F.);
#215 = FACE_BOUND('',#216,.F.);
#216 = EDGE_LOOP('',(#217,#218,#241,#269));
#217 = ORIENTED_EDGE('',*,*,#165,.T.);
#218 = ORIENTED_EDGE('',*,*,#219,.T.);
#219 = EDGE_CURVE('',#166,#220,#222,.T.);
#220 = VERTEX_POINT('',#221);
#221 = CARTESIAN_POINT('',(-34.,-23.,65.889));
#222 = SURFACE_CURVE('',#223,(#227,#234),.PCURVE_S1.);
#223 = LINE('',#224,#225);
#224 = CARTESIAN_POINT('',(-34.,25.,65.889));
#225 = VECTOR('',#226,1.);
#226 = DIRECTION('',(0.,-1.,0.));
#227 = PCURVE('',#181,#228);
#228 = DEFINITIONAL_REPRESENTATION('',(#229),#233);
#229 = LINE('',#230,#231);
#230 = CARTESIAN_POINT('',(0.,-50.389));
#231 = VECTOR('',#232,1.);
#232 = DIRECTION('',(1.,0.));
#233 = ( GEOMETRIC_REPRESENTATION_CONTEXT(2) 
PARAMETRIC_REPRESENTATION_CONTEXT() REPRESENTATION_CONTEXT('2D SPACE',''
  ) );
#234 = PCURVE('',#44,#235);
#235 = DEFINITIONAL_REPRESENTATION('',(#236),#240);
#236 = LINE('',#237,#238);
#237 = CARTESIAN_POINT('',(-46.91,25.));
#238 = VECTOR('',#239,1.);
#239 = DIRECTION('',(0.,-1.));
#240 = ( GEOMETRIC_REPRESENTATION_CONTEXT(2) 
PARAMETRIC_REPRESENTATION_CONTEXT() REPRESENTATION_CONTEXT('2D SPACE',''
  ) );
#241 = ORIENTED_EDGE('',*,*,#242,.T.);
#242 = EDGE_CURVE('',#220,#243,#245,.T.);
#243 = VERTEX_POINT('',#244);
#244 = CARTESIAN_POINT('',(-34.,-23.,28.5));
#245 = SURFACE_CURVE('',#246,(#250,#257),.PCURVE_S1.);
#246 = LINE('',#247,#248);
#247 = CARTESIAN_POINT('',(-34.,-23.,65.889));
#248 = VECTOR('',#249,1.);
#249 = DIRECTION('',(0.,0.,-1.));
#250 = PCURVE('',#181,#251);
#251 = DEFINITIONAL_REPRESENTATION('',(#252),#256);
#252 = LINE('',#253,#254);
#253 = CARTESIAN_POINT('',(48.,-50.389));
#254 = VECTOR('',#255,1.);
#255 = DIRECTION('',(0.,1.));
#256 = ( GEOMETRIC_REPRESENTATION_CONTEXT(2) 
PARAMETRIC_REPRESENTATION_CONTEXT() REPRESENTATION_CONTEXT('2D SPACE',''
  ) );
#257 = PCURVE('',#258,#263);
#258 = CYLINDRICAL_SURFACE('',#259,2.);
#259 = AXIS2_PLACEMENT_3D('',#260,#261,#262);
#260 = CARTESIAN_POINT('',(-32.,-23.,65.889));
#261 = DIRECTION('',(0.,0.,-1.));
#262 = DIRECTION('',(-1.,-0.,-0.));
#263 = DEFINITIONAL_REPRESENTATION('',(#264),#268);
#264 = LINE('',#265,#266);
#265 = CARTESIAN_POINT('',(-0.,0.));
#266 = VECTOR('',#267,1.);
#267 = DIRECTION('',(-0.,1.));
#268 = ( GEOMETRIC_REPRESENTATION_CONTEXT(2) 
PARAMETRIC_REPRESENTATION_CONTEXT() REPRESENTATION_CONTEXT('2D SPACE',''
  ) );
#269 = ORIENTED_EDGE('',*,*,#270,.F.);
#270 = EDGE_CURVE('',#142,#243,#271,.T.);
#271 = SURFACE_CURVE('',#272,(#276,#282),.PCURVE_S1.);
#272 = LINE('',#273,#274);
#273 = CARTESIAN_POINT('',(-34.,12.5,28.5));
#274 = VECTOR('',#275,1.);
#275 = DIRECTION('',(0.,-1.,0.));
#276 = PCURVE('',#181,#277);
#277 = DEFINITIONAL_REPRESENTATION('',(#278),#281);
#278 = B_SPLINE_CURVE_WITH_KNOTS('',1,(#279,#280),.UNSPECIFIED.,.F.,.F.,
  (2,2),(-10.5,35.5),.PIECEWISE_BEZIER_KNOTS.);
#279 = CARTESIAN_POINT('',(2.,-13.));
#280 = CARTESIAN_POINT('',(48.,-13.));
#281 = ( GEOMETRIC_REPRESENTATION_CONTEXT(2) 
PARAMETRIC_REPRESENTATION_CONTEXT() REPRESENTATION_CONTEXT('2D SPACE',''
  ) );
#282 = PCURVE('',#99,#283);
#283 = DEFINITIONAL_REPRESENTATION('',(#284),#288);
#284 = LINE('',#285,#286);
#285 = CARTESIAN_POINT('',(-34.,12.5));
#286 = VECTOR('',#287,1.);
#287 = DIRECTION('',(0.,-1.));
#288 = ( GEOMETRIC_REPRESENTATION_CONTEXT(2) 
PARAMETRIC_REPRESENTATION_CONTEXT() REPRESENTATION_CONTEXT('2D SPACE',''
  ) );
#289 = ADVANCED_FACE('',(#290),#258,.T.);
#290 = FACE_BOUND('',#291,.F.);
#291 = EDGE_LOOP('',(#292,#293,#317,#345));
#292 = ORIENTED_EDGE('',*,*,#242,.F.);
#293 = ORIENTED_EDGE('',*,*,#294,.T.);
#294 = EDGE_CURVE('',#220,#295,#297,.T.);
#295 = VERTEX_POINT('',#296);
#296 = CARTESIAN_POINT('',(-32.,-25.,65.889));
#297 = SURFACE_CURVE('',#298,(#303,#310),.PCURVE_S1.);
#298 = CIRCLE('',#299,2.);
#299 = AXIS2_PLACEMENT_3D('',#300,#301,#302);
#300 = CARTESIAN_POINT('',(-32.,-23.,65.889));
#301 = DIRECTION('',(0.,-0.,1.));
#302 = DIRECTION('',(0.,1.,0.));
#303 = PCURVE('',#258,#304);
#304 = DEFINITIONAL_REPRESENTATION('',(#305),#309);
#305 = LINE('',#306,#307);
#306 = CARTESIAN_POINT('',(1.570796326795,-0.));
#307 = VECTOR('',#308,1.);
#308 = DIRECTION('',(-1.,0.));
#309 = ( GEOMETRIC_REPRESENTATION_CONTEXT(2) 
PARAMETRIC_REPRESENTATION_CONTEXT() REPRESENTATION_CONTEXT('2D SPACE',''
  ) );
#310 = PCURVE('',#44,#311);
#311 = DEFINITIONAL_REPRESENTATION('',(#312),#316);
#312 = CIRCLE('',#313,2.);
#313 = AXIS2_PLACEMENT_2D('',#314,#315);
#314 = CARTESIAN_POINT('',(-44.91,-23.));
#315 = DIRECTION('',(0.,1.));
#316 = ( GEOMETRIC_REPRESENTATION_CONTEXT(2) 
PARAMETRIC_REPRESENTATION_CONTEXT() REPRESENTATION_CONTEXT('2D SPACE',''
  ) );
#317 = ORIENTED_EDGE('',*,*,#318,.T.);
#318 = EDGE_CURVE('',#295,#319,#321,.T.);
#319 = VERTEX_POINT('',#320);
#320 = CARTESIAN_POINT('',(-32.,-25.,28.5));
#321 = SURFACE_CURVE('',#322,(#326,#333),.PCURVE_S1.);
#322 = LINE('',#323,#324);
#323 = CARTESIAN_POINT('',(-32.,-25.,65.889));
#324 = VECTOR('',#325,1.);
#325 = DIRECTION('',(0.,0.,-1.));
#326 = PCURVE('',#258,#327);
#327 = DEFINITIONAL_REPRESENTATION('',(#328),#332);
#328 = LINE('',#329,#330);
#329 = CARTESIAN_POINT('',(-1.570796326795,0.));
#330 = VECTOR('',#331,1.);
#331 = DIRECTION('',(-0.,1.));
#332 = ( GEOMETRIC_REPRESENTATION_CONTEXT(2) 
PARAMETRIC_REPRESENTATION_CONTEXT() REPRESENTATION_CONTEXT('2D SPACE',''
  ) );
#333 = PCURVE('',#334,#339);
#334 = PLANE('',#335);
#335 = AXIS2_PLACEMENT_3D('',#336,#337,#338);
#336 = CARTESIAN_POINT('',(0.,-25.,15.5));
#337 = DIRECTION('',(0.,1.,0.));
#338 = DIRECTION('',(1.,0.,0.));
#339 = DEFINITIONAL_REPRESENTATION('',(#340),#344);
#340 = LINE('',#341,#342);
#341 = CARTESIAN_POINT('',(-32.,-50.389));
#342 = VECTOR('',#343,1.);
#343 = DIRECTION('',(0.,1.));
#344 = ( GEOMETRIC_REPRESENTATION_CONTEXT(2) 
PARAMETRIC_REPRESENTATION_CONTEXT() REPRESENTATION_CONTEXT('2D SPACE',''
  ) );
#345 = ORIENTED_EDGE('',*,*,#346,.T.);
#346 = EDGE_CURVE('',#319,#243,#347,.T.);
#347 = SURFACE_CURVE('',#348,(#353,#360),.PCURVE_S1.);
#348 = CIRCLE('',#349,2.);
#349 = AXIS2_PLACEMENT_3D('',#350,#351,#352);
#350 = CARTESIAN_POINT('',(-32.,-23.,28.5));
#351 = DIRECTION('',(0.,0.,-1.));
#352 = DIRECTION('',(-1.,-0.,-0.));
#353 = PCURVE('',#258,#354);
#354 = DEFINITIONAL_REPRESENTATION('',(#355),#359);
#355 = LINE('',#356,#357);
#356 = CARTESIAN_POINT('',(-6.28318530718,37.389));
#357 = VECTOR('',#358,1.);
#358 = DIRECTION('',(1.,-0.));
#359 = ( GEOMETRIC_REPRESENTATION_CONTEXT(2) 
PARAMETRIC_REPRESENTATION_CONTEXT() REPRESENTATION_CONTEXT('2D SPACE',''
  ) );
#360 = PCURVE('',#99,#361);
#361 = DEFINITIONAL_REPRESENTATION('',(#362),#370);
#362 = ( BOUNDED_CURVE() B_SPLINE_CURVE(2,(#363,#364,#365,#366,#367,#368
,#369),.UNSPECIFIED.,.T.,.F.) B_SPLINE_CURVE_WITH_KNOTS((1,2,2,2,2,1),(
    -2.094395102393,0.,2.094395102393,4.188790204786,6.28318530718,
8.377580409573),.UNSPECIFIED.) CURVE() GEOMETRIC_REPRESENTATION_ITEM() 
RATIONAL_B_SPLINE_CURVE((1.,0.5,1.,0.5,1.,0.5,1.)) REPRESENTATION_ITEM(
  '') );
#363 = CARTESIAN_POINT('',(-34.,-23.));
#364 = CARTESIAN_POINT('',(-34.,-19.53589838486));
#365 = CARTESIAN_POINT('',(-31.,-21.26794919243));
#366 = CARTESIAN_POINT('',(-28.,-23.));
#367 = CARTESIAN_POINT('',(-31.,-24.73205080756));
#368 = CARTESIAN_POINT('',(-34.,-26.46410161513));
#369 = CARTESIAN_POINT('',(-34.,-23.));
#370 = ( GEOMETRIC_REPRESENTATION_CONTEXT(2) 
PARAMETRIC_REPRESENTATION_CONTEXT() REPRESENTATION_CONTEXT('2D SPACE',''
  ) );
#371 = ADVANCED_FACE('',(#372),#334,.F.);
#372 = FACE_BOUND('',#373,.F.);
#373 = EDGE_LOOP('',(#374,#396,#397,#420));
#374 = ORIENTED_EDGE('',*,*,#375,.F.);
#375 = EDGE_CURVE('',#319,#376,#378,.T.);
#376 = VERTEX_POINT('',#377);
#377 = CARTESIAN_POINT('',(12.91,-25.,28.5));
#378 = SURFACE_CURVE('',#379,(#383,#389),.PCURVE_S1.);
#379 = LINE('',#380,#381);
#380 = CARTESIAN_POINT('',(0.,-25.,28.5));
#381 = VECTOR('',#382,1.);
#382 = DIRECTION('',(1.,0.,0.));
#383 = PCURVE('',#334,#384);
#384 = DEFINITIONAL_REPRESENTATION('',(#385),#388);
#385 = B_SPLINE_CURVE_WITH_KNOTS('',1,(#386,#387),.UNSPECIFIED.,.F.,.F.,
  (2,2),(-32.,12.91),.PIECEWISE_BEZIER_KNOTS.);
#386 = CARTESIAN_POINT('',(-32.,-13.));
#387 = CARTESIAN_POINT('',(12.91,-13.));
#388 = ( GEOMETRIC_REPRESENTATION_CONTEXT(2) 
PARAMETRIC_REPRESENTATION_CONTEXT() REPRESENTATION_CONTEXT('2D SPACE',''
  ) );
#389 = PCURVE('',#99,#390);
#390 = DEFINITIONAL_REPRESENTATION('',(#391),#395);
#391 = LINE('',#392,#393);
#392 = CARTESIAN_POINT('',(0.,-25.));
#393 = VECTOR('',#394,1.);
#394 = DIRECTION('',(1.,0.));
#395 = ( GEOMETRIC_REPRESENTATION_CONTEXT(2) 
PARAMETRIC_REPRESENTATION_CONTEXT() REPRESENTATION_CONTEXT('2D SPACE',''
  ) );
#396 = ORIENTED_EDGE('',*,*,#318,.F.);
#397 = ORIENTED_EDGE('',*,*,#398,.F.);
#398 = EDGE_CURVE('',#399,#295,#401,.T.);
#399 = VERTEX_POINT('',#400);
#400 = CARTESIAN_POINT('',(12.91,-25.,65.889));
#401 = SURFACE_CURVE('',#402,(#406,#413),.PCURVE_S1.);
#402 = LINE('',#403,#404);
#403 = CARTESIAN_POINT('',(12.91,-25.,65.889));
#404 = VECTOR('',#405,1.);
#405 = DIRECTION('',(-1.,0.,0.));
#406 = PCURVE('',#334,#407);
#407 = DEFINITIONAL_REPRESENTATION('',(#408),#412);
#408 = LINE('',#409,#410);
#409 = CARTESIAN_POINT('',(12.91,-50.389));
#410 = VECTOR('',#411,1.);
#411 = DIRECTION('',(-1.,0.));
#412 = ( GEOMETRIC_REPRESENTATION_CONTEXT(2) 
PARAMETRIC_REPRESENTATION_CONTEXT() REPRESENTATION_CONTEXT('2D SPACE',''
  ) );
#413 = PCURVE('',#44,#414);
#414 = DEFINITIONAL_REPRESENTATION('',(#415),#419);
#415 = LINE('',#416,#417);
#416 = CARTESIAN_POINT('',(1.7763568394E-15,-25.));
#417 = VECTOR('',#418,1.);
#418 = DIRECTION('',(-1.,0.));
#419 = ( GEOMETRIC_REPRESENTATION_CONTEXT(2) 
PARAMETRIC_REPRESENTATION_CONTEXT() REPRESENTATION_CONTEXT('2D SPACE',''
  ) );
#420 = ORIENTED_EDGE('',*,*,#421,.F.);
#421 = EDGE_CURVE('',#376,#399,#422,.T.);
#422 = SURFACE_CURVE('',#423,(#427,#434),.PCURVE_S1.);
#423 = LINE('',#424,#425);
#424 = CARTESIAN_POINT('',(12.91,-25.,15.5));
#425 = VECTOR('',#426,1.);
#426 = DIRECTION('',(0.,0.,1.));
#427 = PCURVE('',#334,#428);
#428 = DEFINITIONAL_REPRESENTATION('',(#429),#433);
#429 = LINE('',#430,#431);
#430 = CARTESIAN_POINT('',(12.91,0.));
#431 = VECTOR('',#432,1.);
#432 = DIRECTION('',(0.,-1.));
#433 = ( GEOMETRIC_REPRESENTATION_CONTEXT(2) 
PARAMETRIC_REPRESENTATION_CONTEXT() REPRESENTATION_CONTEXT('2D SPACE',''
  ) );
#434 = PCURVE('',#435,#440);
#435 = CYLINDRICAL_SURFACE('',#436,25.);
#436 = AXIS2_PLACEMENT_3D('',#437,#438,#439);
#437 = CARTESIAN_POINT('',(12.91,0.,15.5));
#438 = DIRECTION('',(-0.,-0.,-1.));
#439 = DIRECTION('',(1.,0.,0.));
#440 = DEFINITIONAL_REPRESENTATION('',(#441),#445);
#441 = LINE('',#442,#443);
#442 = CARTESIAN_POINT('',(-4.712388980385,0.));
#443 = VECTOR('',#444,1.);
#444 = DIRECTION('',(-0.,-1.));
#445 = ( GEOMETRIC_REPRESENTATION_CONTEXT(2) 
PARAMETRIC_REPRESENTATION_CONTEXT() REPRESENTATION_CONTEXT('2D SPACE',''
  ) );
#446 = ADVANCED_FACE('',(#447),#435,.T.);
#447 = FACE_BOUND('',#448,.F.);
#448 = EDGE_LOOP('',(#449,#477,#503,#529));
#449 = ORIENTED_EDGE('',*,*,#450,.F.);
#450 = EDGE_CURVE('',#451,#399,#453,.T.);
#451 = VERTEX_POINT('',#452);
#452 = CARTESIAN_POINT('',(33.167776284676,-14.65,65.889));
#453 = SURFACE_CURVE('',#454,(#459,#466),.PCURVE_S1.);
#454 = CIRCLE('',#455,25.);
#455 = AXIS2_PLACEMENT_3D('',#456,#457,#458);
#456 = CARTESIAN_POINT('',(12.91,0.,65.889));
#457 = DIRECTION('',(0.,0.,-1.));
#458 = DIRECTION('',(0.,1.,0.));
#459 = PCURVE('',#435,#460);
#460 = DEFINITIONAL_REPRESENTATION('',(#461),#465);
#461 = LINE('',#462,#463);
#462 = CARTESIAN_POINT('',(-7.853981633974,-50.389));
#463 = VECTOR('',#464,1.);
#464 = DIRECTION('',(1.,-0.));
#465 = ( GEOMETRIC_REPRESENTATION_CONTEXT(2) 
PARAMETRIC_REPRESENTATION_CONTEXT() REPRESENTATION_CONTEXT('2D SPACE',''
  ) );
#466 = PCURVE('',#44,#467);
#467 = DEFINITIONAL_REPRESENTATION('',(#468),#476);
#468 = ( BOUNDED_CURVE() B_SPLINE_CURVE(2,(#469,#470,#471,#472,#473,#474
,#475),.UNSPECIFIED.,.T.,.F.) B_SPLINE_CURVE_WITH_KNOTS((1,2,2,2,2,1),(
    -2.094395102393,0.,2.094395102393,4.188790204786,6.28318530718,
8.377580409573),.UNSPECIFIED.) CURVE() GEOMETRIC_REPRESENTATION_ITEM() 
RATIONAL_B_SPLINE_CURVE((1.,0.5,1.,0.5,1.,0.5,1.)) REPRESENTATION_ITEM(
  '') );
#469 = CARTESIAN_POINT('',(1.7763568394E-15,25.));
#470 = CARTESIAN_POINT('',(43.301270189222,25.));
#471 = CARTESIAN_POINT('',(21.650635094611,-12.5));
#472 = CARTESIAN_POINT('',(7.899590835137E-15,-50.));
#473 = CARTESIAN_POINT('',(-21.65063509461,-12.5));
#474 = CARTESIAN_POINT('',(-43.30127018922,25.));
#475 = CARTESIAN_POINT('',(1.7763568394E-15,25.));
#476 = ( GEOMETRIC_REPRESENTATION_CONTEXT(2) 
PARAMETRIC_REPRESENTATION_CONTEXT() REPRESENTATION_CONTEXT('2D SPACE',''
  ) );
#477 = ORIENTED_EDGE('',*,*,#478,.T.);
#478 = EDGE_CURVE('',#451,#479,#481,.T.);
#479 = VERTEX_POINT('',#480);
#480 = CARTESIAN_POINT('',(33.167776284677,-14.65,28.5));
#481 = SURFACE_CURVE('',#482,(#486,#492),.PCURVE_S1.);
#482 = LINE('',#483,#484);
#483 = CARTESIAN_POINT('',(33.167776284676,-14.65,15.5));
#484 = VECTOR('',#485,1.);
#485 = DIRECTION('',(-0.,-0.,-1.));
#486 = PCURVE('',#435,#487);
#487 = DEFINITIONAL_REPRESENTATION('',(#488),#491);
#488 = B_SPLINE_CURVE_WITH_KNOTS('',1,(#489,#490),.UNSPECIFIED.,.F.,.F.,
  (2,2),(-50.3890006,-12.9999994),.PIECEWISE_BEZIER_KNOTS.);
#489 = CARTESIAN_POINT('',(-5.657071705319,-50.3890006));
#490 = CARTESIAN_POINT('',(-5.657071705319,-12.9999994));
#491 = ( GEOMETRIC_REPRESENTATION_CONTEXT(2) 
PARAMETRIC_REPRESENTATION_CONTEXT() REPRESENTATION_CONTEXT('2D SPACE',''
  ) );
#492 = PCURVE('',#493,#498);
#493 = PLANE('',#494);
#494 = AXIS2_PLACEMENT_3D('',#495,#496,#497);
#495 = CARTESIAN_POINT('',(-12.91,-14.65,28.5));
#496 = DIRECTION('',(0.,1.,0.));
#497 = DIRECTION('',(1.,0.,0.));
#498 = DEFINITIONAL_REPRESENTATION('',(#499),#502);
#499 = B_SPLINE_CURVE_WITH_KNOTS('',1,(#500,#501),.UNSPECIFIED.,.F.,.F.,
  (2,2),(-50.3890006,-12.9999994),.PIECEWISE_BEZIER_KNOTS.);
#500 = CARTESIAN_POINT('',(46.077776284676,-37.3890006));
#501 = CARTESIAN_POINT('',(46.077776284676,5.999999999062E-07));
#502 = ( GEOMETRIC_REPRESENTATION_CONTEXT(2) 
PARAMETRIC_REPRESENTATION_CONTEXT() REPRESENTATION_CONTEXT('2D SPACE',''
  ) );
#503 = ORIENTED_EDGE('',*,*,#504,.T.);
#504 = EDGE_CURVE('',#479,#376,#505,.T.);
#505 = SURFACE_CURVE('',#506,(#511,#518),.PCURVE_S1.);
#506 = CIRCLE('',#507,25.);
#507 = AXIS2_PLACEMENT_3D('',#508,#509,#510);
#508 = CARTESIAN_POINT('',(12.91,0.,28.5));
#509 = DIRECTION('',(0.,0.,-1.));
#510 = DIRECTION('',(1.,0.,0.));
#511 = PCURVE('',#435,#512);
#512 = DEFINITIONAL_REPRESENTATION('',(#513),#517);
#513 = LINE('',#514,#515);
#514 = CARTESIAN_POINT('',(-12.56637061435,-13.));
#515 = VECTOR('',#516,1.);
#516 = DIRECTION('',(1.,-0.));
#517 = ( GEOMETRIC_REPRESENTATION_CONTEXT(2) 
PARAMETRIC_REPRESENTATION_CONTEXT() REPRESENTATION_CONTEXT('2D SPACE',''
  ) );
#518 = PCURVE('',#99,#519);
#519 = DEFINITIONAL_REPRESENTATION('',(#520),#528);
#520 = ( BOUNDED_CURVE() B_SPLINE_CURVE(2,(#521,#522,#523,#524,#525,#526
,#527),.UNSPECIFIED.,.T.,.F.) B_SPLINE_CURVE_WITH_KNOTS((1,2,2,2,2,1),(
    -2.094395102393,0.,2.094395102393,4.188790204786,6.28318530718,
8.377580409573),.UNSPECIFIED.) CURVE() GEOMETRIC_REPRESENTATION_ITEM() 
RATIONAL_B_SPLINE_CURVE((1.,0.5,1.,0.5,1.,0.5,1.)) REPRESENTATION_ITEM(
  '') );
#521 = CARTESIAN_POINT('',(37.91,0.));
#522 = CARTESIAN_POINT('',(37.91,-43.30127018922));
#523 = CARTESIAN_POINT('',(0.41,-21.65063509461));
#524 = CARTESIAN_POINT('',(-37.09,-6.123233995737E-15));
#525 = CARTESIAN_POINT('',(0.41,21.650635094611));
#526 = CARTESIAN_POINT('',(37.91,43.301270189222));
#527 = CARTESIAN_POINT('',(37.91,0.));
#528 = ( GEOMETRIC_REPRESENTATION_CONTEXT(2) 
PARAMETRIC_REPRESENTATION_CONTEXT() REPRESENTATION_CONTEXT('2D SPACE',''
  ) );
#529 = ORIENTED_EDGE('',*,*,#421,.T.);
#530 = ADVANCED_FACE('',(#531),#493,.F.);
#531 = FACE_BOUND('',#532,.F.);
#532 = EDGE_LOOP('',(#533,#556,#557,#580));
#533 = ORIENTED_EDGE('',*,*,#534,.F.);
#534 = EDGE_CURVE('',#479,#535,#537,.T.);
#535 = VERTEX_POINT('',#536);
#536 = CARTESIAN_POINT('',(37.91,-14.65,28.5));
#537 = SURFACE_CURVE('',#538,(#542,#549),.PCURVE_S1.);
#538 = LINE('',#539,#540);
#539 = CARTESIAN_POINT('',(-12.91,-14.65,28.5));
#540 = VECTOR('',#541,1.);
#541 = DIRECTION('',(1.,0.,0.));
#542 = PCURVE('',#493,#543);
#543 = DEFINITIONAL_REPRESENTATION('',(#544),#548);
#544 = LINE('',#545,#546);
#545 = CARTESIAN_POINT('',(0.,0.));
#546 = VECTOR('',#547,1.);
#547 = DIRECTION('',(1.,0.));
#548 = ( GEOMETRIC_REPRESENTATION_CONTEXT(2) 
PARAMETRIC_REPRESENTATION_CONTEXT() REPRESENTATION_CONTEXT('2D SPACE',''
  ) );
#549 = PCURVE('',#99,#550);
#550 = DEFINITIONAL_REPRESENTATION('',(#551),#555);
#551 = LINE('',#552,#553);
#552 = CARTESIAN_POINT('',(-12.91,-14.65));
#553 = VECTOR('',#554,1.);
#554 = DIRECTION('',(1.,0.));
#555 = ( GEOMETRIC_REPRESENTATION_CONTEXT(2) 
PARAMETRIC_REPRESENTATION_CONTEXT() REPRESENTATION_CONTEXT('2D SPACE',''
  ) );
#556 = ORIENTED_EDGE('',*,*,#478,.F.);
#557 = ORIENTED_EDGE('',*,*,#558,.T.);
#558 = EDGE_CURVE('',#451,#559,#561,.T.);
#559 = VERTEX_POINT('',#560);
#560 = CARTESIAN_POINT('',(37.91,-14.65,65.889));
#561 = SURFACE_CURVE('',#562,(#566,#573),.PCURVE_S1.);
#562 = LINE('',#563,#564);
#563 = CARTESIAN_POINT('',(-12.91,-14.65,65.889));
#564 = VECTOR('',#565,1.);
#565 = DIRECTION('',(1.,0.,0.));
#566 = PCURVE('',#493,#567);
#567 = DEFINITIONAL_REPRESENTATION('',(#568),#572);
#568 = LINE('',#569,#570);
#569 = CARTESIAN_POINT('',(0.,-37.389));
#570 = VECTOR('',#571,1.);
#571 = DIRECTION('',(1.,0.));
#572 = ( GEOMETRIC_REPRESENTATION_CONTEXT(2) 
PARAMETRIC_REPRESENTATION_CONTEXT() REPRESENTATION_CONTEXT('2D SPACE',''
  ) );
#573 = PCURVE('',#44,#574);
#574 = DEFINITIONAL_REPRESENTATION('',(#575),#579);
#575 = LINE('',#576,#577);
#576 = CARTESIAN_POINT('',(-25.82,-14.65));
#577 = VECTOR('',#578,1.);
#578 = DIRECTION('',(1.,0.));
#579 = ( GEOMETRIC_REPRESENTATION_CONTEXT(2) 
PARAMETRIC_REPRESENTATION_CONTEXT() REPRESENTATION_CONTEXT('2D SPACE',''
  ) );
#580 = ORIENTED_EDGE('',*,*,#581,.F.);
#581 = EDGE_CURVE('',#535,#559,#582,.T.);
#582 = SURFACE_CURVE('',#583,(#587,#594),.PCURVE_S1.);
#583 = LINE('',#584,#585);
#584 = CARTESIAN_POINT('',(37.91,-14.65,28.5));
#585 = VECTOR('',#586,1.);
#586 = DIRECTION('',(0.,0.,1.));
#587 = PCURVE('',#493,#588);
#588 = DEFINITIONAL_REPRESENTATION('',(#589),#593);
#589 = LINE('',#590,#591);
#590 = CARTESIAN_POINT('',(50.82,0.));
#591 = VECTOR('',#592,1.);
#592 = DIRECTION('',(0.,-1.));
#593 = ( GEOMETRIC_REPRESENTATION_CONTEXT(2) 
PARAMETRIC_REPRESENTATION_CONTEXT() REPRESENTATION_CONTEXT('2D SPACE',''
  ) );
#594 = PCURVE('',#595,#600);
#595 = PLANE('',#596);
#596 = AXIS2_PLACEMENT_3D('',#597,#598,#599);
#597 = CARTESIAN_POINT('',(37.91,-14.65,28.5));
#598 = DIRECTION('',(-1.,0.,0.));
#599 = DIRECTION('',(0.,1.,0.));
#600 = DEFINITIONAL_REPRESENTATION('',(#601),#605);
#601 = LINE('',#602,#603);
#602 = CARTESIAN_POINT('',(0.,0.));
#603 = VECTOR('',#604,1.);
#604 = DIRECTION('',(0.,-1.));
#605 = ( GEOMETRIC_REPRESENTATION_CONTEXT(2) 
PARAMETRIC_REPRESENTATION_CONTEXT() REPRESENTATION_CONTEXT('2D SPACE',''
  ) );
#606 = ADVANCED_FACE('',(#607),#595,.F.);
#607 = FACE_BOUND('',#608,.F.);
#608 = EDGE_LOOP('',(#609,#632,#633,#656));
#609 = ORIENTED_EDGE('',*,*,#610,.T.);
#610 = EDGE_CURVE('',#611,#535,#613,.T.);
#611 = VERTEX_POINT('',#612);
#612 = CARTESIAN_POINT('',(37.91,14.65,28.5));
#613 = SURFACE_CURVE('',#614,(#618,#625),.PCURVE_S1.);
#614 = LINE('',#615,#616);
#615 = CARTESIAN_POINT('',(37.91,14.65,28.5));
#616 = VECTOR('',#617,1.);
#617 = DIRECTION('',(0.,-1.,0.));
#618 = PCURVE('',#595,#619);
#619 = DEFINITIONAL_REPRESENTATION('',(#620),#624);
#620 = LINE('',#621,#622);
#621 = CARTESIAN_POINT('',(29.3,0.));
#622 = VECTOR('',#623,1.);
#623 = DIRECTION('',(-1.,0.));
#624 = ( GEOMETRIC_REPRESENTATION_CONTEXT(2) 
PARAMETRIC_REPRESENTATION_CONTEXT() REPRESENTATION_CONTEXT('2D SPACE',''
  ) );
#625 = PCURVE('',#99,#626);
#626 = DEFINITIONAL_REPRESENTATION('',(#627),#631);
#627 = LINE('',#628,#629);
#628 = CARTESIAN_POINT('',(37.91,14.65));
#629 = VECTOR('',#630,1.);
#630 = DIRECTION('',(0.,-1.));
#631 = ( GEOMETRIC_REPRESENTATION_CONTEXT(2) 
PARAMETRIC_REPRESENTATION_CONTEXT() REPRESENTATION_CONTEXT('2D SPACE',''
  ) );
#632 = ORIENTED_EDGE('',*,*,#581,.T.);
#633 = ORIENTED_EDGE('',*,*,#634,.T.);
#634 = EDGE_CURVE('',#559,#635,#637,.T.);
#635 = VERTEX_POINT('',#636);
#636 = CARTESIAN_POINT('',(37.91,14.65,65.889));
#637 = SURFACE_CURVE('',#638,(#642,#649),.PCURVE_S1.);
#638 = LINE('',#639,#640);
#639 = CARTESIAN_POINT('',(37.91,-14.65,65.889));
#640 = VECTOR('',#641,1.);
#641 = DIRECTION('',(0.,1.,0.));
#642 = PCURVE('',#595,#643);
#643 = DEFINITIONAL_REPRESENTATION('',(#644),#648);
#644 = LINE('',#645,#646);
#645 = CARTESIAN_POINT('',(0.,-37.389));
#646 = VECTOR('',#647,1.);
#647 = DIRECTION('',(1.,0.));
#648 = ( GEOMETRIC_REPRESENTATION_CONTEXT(2) 
PARAMETRIC_REPRESENTATION_CONTEXT() REPRESENTATION_CONTEXT('2D SPACE',''
  ) );
#649 = PCURVE('',#44,#650);
#650 = DEFINITIONAL_REPRESENTATION('',(#651),#655);
#651 = LINE('',#652,#653);
#652 = CARTESIAN_POINT('',(25.,-14.65));
#653 = VECTOR('',#654,1.);
#654 = DIRECTION('',(0.,1.));
#655 = ( GEOMETRIC_REPRESENTATION_CONTEXT(2) 
PARAMETRIC_REPRESENTATION_CONTEXT() REPRESENTATION_CONTEXT('2D SPACE',''
  ) );
#656 = ORIENTED_EDGE('',*,*,#657,.F.);
#657 = EDGE_CURVE('',#611,#635,#658,.T.);
#658 = SURFACE_CURVE('',#659,(#663,#670),.PCURVE_S1.);
#659 = LINE('',#660,#661);
#660 = CARTESIAN_POINT('',(37.91,14.65,28.5));
#661 = VECTOR('',#662,1.);
#662 = DIRECTION('',(0.,0.,1.));
#663 = PCURVE('',#595,#664);
#664 = DEFINITIONAL_REPRESENTATION('',(#665),#669);
#665 = LINE('',#666,#667);
#666 = CARTESIAN_POINT('',(29.3,0.));
#667 = VECTOR('',#668,1.);
#668 = DIRECTION('',(0.,-1.));
#669 = ( GEOMETRIC_REPRESENTATION_CONTEXT(2) 
PARAMETRIC_REPRESENTATION_CONTEXT() REPRESENTATION_CONTEXT('2D SPACE',''
  ) );
#670 = PCURVE('',#671,#676);
#671 = PLANE('',#672);
#672 = AXIS2_PLACEMENT_3D('',#673,#674,#675);
#673 = CARTESIAN_POINT('',(37.91,14.65,28.5));
#674 = DIRECTION('',(0.,-1.,0.));
#675 = DIRECTION('',(-1.,0.,0.));
#676 = DEFINITIONAL_REPRESENTATION('',(#677),#681);
#677 = LINE('',#678,#679);
#678 = CARTESIAN_POINT('',(0.,-0.));
#679 = VECTOR('',#680,1.);
#680 = DIRECTION('',(0.,-1.));
#681 = ( GEOMETRIC_REPRESENTATION_CONTEXT(2) 
PARAMETRIC_REPRESENTATION_CONTEXT() REPRESENTATION_CONTEXT('2D SPACE',''
  ) );
#682 = ADVANCED_FACE('',(#683),#671,.F.);
#683 = FACE_BOUND('',#684,.F.);
#684 = EDGE_LOOP('',(#685,#708,#709,#732));
#685 = ORIENTED_EDGE('',*,*,#686,.F.);
#686 = EDGE_CURVE('',#611,#687,#689,.T.);
#687 = VERTEX_POINT('',#688);
#688 = CARTESIAN_POINT('',(33.167776284677,14.65,28.5));
#689 = SURFACE_CURVE('',#690,(#694,#701),.PCURVE_S1.);
#690 = LINE('',#691,#692);
#691 = CARTESIAN_POINT('',(37.91,14.65,28.5));
#692 = VECTOR('',#693,1.);
#693 = DIRECTION('',(-1.,0.,0.));
#694 = PCURVE('',#671,#695);
#695 = DEFINITIONAL_REPRESENTATION('',(#696),#700);
#696 = LINE('',#697,#698);
#697 = CARTESIAN_POINT('',(0.,-0.));
#698 = VECTOR('',#699,1.);
#699 = DIRECTION('',(1.,0.));
#700 = ( GEOMETRIC_REPRESENTATION_CONTEXT(2) 
PARAMETRIC_REPRESENTATION_CONTEXT() REPRESENTATION_CONTEXT('2D SPACE',''
  ) );
#701 = PCURVE('',#99,#702);
#702 = DEFINITIONAL_REPRESENTATION('',(#703),#707);
#703 = LINE('',#704,#705);
#704 = CARTESIAN_POINT('',(37.91,14.65));
#705 = VECTOR('',#706,1.);
#706 = DIRECTION('',(-1.,0.));
#707 = ( GEOMETRIC_REPRESENTATION_CONTEXT(2) 
PARAMETRIC_REPRESENTATION_CONTEXT() REPRESENTATION_CONTEXT('2D SPACE',''
  ) );
#708 = ORIENTED_EDGE('',*,*,#657,.T.);
#709 = ORIENTED_EDGE('',*,*,#710,.T.);
#710 = EDGE_CURVE('',#635,#711,#713,.T.);
#711 = VERTEX_POINT('',#712);
#712 = CARTESIAN_POINT('',(33.167776284676,14.65,65.889));
#713 = SURFACE_CURVE('',#714,(#718,#725),.PCURVE_S1.);
#714 = LINE('',#715,#716);
#715 = CARTESIAN_POINT('',(37.91,14.65,65.889));
#716 = VECTOR('',#717,1.);
#717 = DIRECTION('',(-1.,0.,0.));
#718 = PCURVE('',#671,#719);
#719 = DEFINITIONAL_REPRESENTATION('',(#720),#724);
#720 = LINE('',#721,#722);
#721 = CARTESIAN_POINT('',(0.,-37.389));
#722 = VECTOR('',#723,1.);
#723 = DIRECTION('',(1.,0.));
#724 = ( GEOMETRIC_REPRESENTATION_CONTEXT(2) 
PARAMETRIC_REPRESENTATION_CONTEXT() REPRESENTATION_CONTEXT('2D SPACE',''
  ) );
#725 = PCURVE('',#44,#726);
#726 = DEFINITIONAL_REPRESENTATION('',(#727),#731);
#727 = LINE('',#728,#729);
#728 = CARTESIAN_POINT('',(25.,14.65));
#729 = VECTOR('',#730,1.);
#730 = DIRECTION('',(-1.,0.));
#731 = ( GEOMETRIC_REPRESENTATION_CONTEXT(2) 
PARAMETRIC_REPRESENTATION_CONTEXT() REPRESENTATION_CONTEXT('2D SPACE',''
  ) );
#732 = ORIENTED_EDGE('',*,*,#733,.T.);
#733 = EDGE_CURVE('',#711,#687,#734,.T.);
#734 = SURFACE_CURVE('',#735,(#739,#745),.PCURVE_S1.);
#735 = LINE('',#736,#737);
#736 = CARTESIAN_POINT('',(33.167776284676,14.65,15.5));
#737 = VECTOR('',#738,1.);
#738 = DIRECTION('',(-0.,-0.,-1.));
#739 = PCURVE('',#671,#740);
#740 = DEFINITIONAL_REPRESENTATION('',(#741),#744);
#741 = B_SPLINE_CURVE_WITH_KNOTS('',1,(#742,#743),.UNSPECIFIED.,.F.,.F.,
  (2,2),(-50.3890006,-12.9999994),.PIECEWISE_BEZIER_KNOTS.);
#742 = CARTESIAN_POINT('',(4.742223715324,-37.3890006));
#743 = CARTESIAN_POINT('',(4.742223715324,5.999999999062E-07));
#744 = ( GEOMETRIC_REPRESENTATION_CONTEXT(2) 
PARAMETRIC_REPRESENTATION_CONTEXT() REPRESENTATION_CONTEXT('2D SPACE',''
  ) );
#745 = PCURVE('',#125,#746);
#746 = DEFINITIONAL_REPRESENTATION('',(#747),#750);
#747 = B_SPLINE_CURVE_WITH_KNOTS('',1,(#748,#749),.UNSPECIFIED.,.F.,.F.,
  (2,2),(-50.3890006,-12.9999994),.PIECEWISE_BEZIER_KNOTS.);
#748 = CARTESIAN_POINT('',(-6.90929890904,-50.3890006));
#749 = CARTESIAN_POINT('',(-6.90929890904,-12.9999994));
#750 = ( GEOMETRIC_REPRESENTATION_CONTEXT(2) 
PARAMETRIC_REPRESENTATION_CONTEXT() REPRESENTATION_CONTEXT('2D SPACE',''
  ) );
#751 = ADVANCED_FACE('',(#752,#789,#824,#855,#946,#1463,#1498,#1604,
    #1635),#99,.F.);
#752 = FACE_BOUND('',#753,.F.);
#753 = EDGE_LOOP('',(#754,#755,#756,#757,#758,#784,#785,#786,#787,#788)
  );
#754 = ORIENTED_EDGE('',*,*,#504,.F.);
#755 = ORIENTED_EDGE('',*,*,#534,.T.);
#756 = ORIENTED_EDGE('',*,*,#610,.F.);
#757 = ORIENTED_EDGE('',*,*,#686,.T.);
#758 = ORIENTED_EDGE('',*,*,#759,.F.);
#759 = EDGE_CURVE('',#85,#687,#760,.T.);
#760 = SURFACE_CURVE('',#761,(#766,#777),.PCURVE_S1.);
#761 = CIRCLE('',#762,25.);
#762 = AXIS2_PLACEMENT_3D('',#763,#764,#765);
#763 = CARTESIAN_POINT('',(12.91,0.,28.5));
#764 = DIRECTION('',(0.,0.,-1.));
#765 = DIRECTION('',(1.,0.,0.));
#766 = PCURVE('',#99,#767);
#767 = DEFINITIONAL_REPRESENTATION('',(#768),#776);
#768 = ( BOUNDED_CURVE() B_SPLINE_CURVE(2,(#769,#770,#771,#772,#773,#774
,#775),.UNSPECIFIED.,.T.,.F.) B_SPLINE_CURVE_WITH_KNOTS((1,2,2,2,2,1),(
    -2.094395102393,0.,2.094395102393,4.188790204786,6.28318530718,
8.377580409573),.UNSPECIFIED.) CURVE() GEOMETRIC_REPRESENTATION_ITEM() 
RATIONAL_B_SPLINE_CURVE((1.,0.5,1.,0.5,1.,0.5,1.)) REPRESENTATION_ITEM(
  '') );
#769 = CARTESIAN_POINT('',(37.91,0.));
#770 = CARTESIAN_POINT('',(37.91,-43.30127018922));
#771 = CARTESIAN_POINT('',(0.41,-21.65063509461));
#772 = CARTESIAN_POINT('',(-37.09,-6.123233995737E-15));
#773 = CARTESIAN_POINT('',(0.41,21.650635094611));
#774 = CARTESIAN_POINT('',(37.91,43.301270189222));
#775 = CARTESIAN_POINT('',(37.91,0.));
#776 = ( GEOMETRIC_REPRESENTATION_CONTEXT(2) 
PARAMETRIC_REPRESENTATION_CONTEXT() REPRESENTATION_CONTEXT('2D SPACE',''
  ) );
#777 = PCURVE('',#125,#778);
#778 = DEFINITIONAL_REPRESENTATION('',(#779),#783);
#779 = LINE('',#780,#781);
#780 = CARTESIAN_POINT('',(-12.56637061435,-13.));
#781 = VECTOR('',#782,1.);
#782 = DIRECTION('',(1.,-0.));
#783 = ( GEOMETRIC_REPRESENTATION_CONTEXT(2) 
PARAMETRIC_REPRESENTATION_CONTEXT() REPRESENTATION_CONTEXT('2D SPACE',''
  ) );
#784 = ORIENTED_EDGE('',*,*,#84,.T.);
#785 = ORIENTED_EDGE('',*,*,#141,.T.);
#786 = ORIENTED_EDGE('',*,*,#270,.T.);
#787 = ORIENTED_EDGE('',*,*,#346,.F.);
#788 = ORIENTED_EDGE('',*,*,#375,.T.);
#789 = FACE_BOUND('',#790,.F.);
#790 = EDGE_LOOP('',(#791));
#791 = ORIENTED_EDGE('',*,*,#792,.T.);
#792 = EDGE_CURVE('',#793,#793,#795,.T.);
#793 = VERTEX_POINT('',#794);
#794 = CARTESIAN_POINT('',(-18.3,-16.,28.5));
#795 = SURFACE_CURVE('',#796,(#801,#812),.PCURVE_S1.);
#796 = CIRCLE('',#797,1.7);
#797 = AXIS2_PLACEMENT_3D('',#798,#799,#800);
#798 = CARTESIAN_POINT('',(-20.,-16.,28.5));
#799 = DIRECTION('',(0.,0.,-1.));
#800 = DIRECTION('',(1.,0.,0.));
#801 = PCURVE('',#99,#802);
#802 = DEFINITIONAL_REPRESENTATION('',(#803),#811);
#803 = ( BOUNDED_CURVE() B_SPLINE_CURVE(2,(#804,#805,#806,#807,#808,#809
,#810),.UNSPECIFIED.,.T.,.F.) B_SPLINE_CURVE_WITH_KNOTS((1,2,2,2,2,1),(
    -2.094395102393,0.,2.094395102393,4.188790204786,6.28318530718,
8.377580409573),.UNSPECIFIED.) CURVE() GEOMETRIC_REPRESENTATION_ITEM() 
RATIONAL_B_SPLINE_CURVE((1.,0.5,1.,0.5,1.,0.5,1.)) REPRESENTATION_ITEM(
  '') );
#804 = CARTESIAN_POINT('',(-18.3,-16.));
#805 = CARTESIAN_POINT('',(-18.3,-18.94448637286));
#806 = CARTESIAN_POINT('',(-20.85,-17.47224318643));
#807 = CARTESIAN_POINT('',(-23.4,-16.));
#808 = CARTESIAN_POINT('',(-20.85,-14.52775681356));
#809 = CARTESIAN_POINT('',(-18.3,-13.05551362713));
#810 = CARTESIAN_POINT('',(-18.3,-16.));
#811 = ( GEOMETRIC_REPRESENTATION_CONTEXT(2) 
PARAMETRIC_REPRESENTATION_CONTEXT() REPRESENTATION_CONTEXT('2D SPACE',''
  ) );
#812 = PCURVE('',#813,#818);
#813 = CYLINDRICAL_SURFACE('',#814,1.7);
#814 = AXIS2_PLACEMENT_3D('',#815,#816,#817);
#815 = CARTESIAN_POINT('',(-20.,-16.,27.5));
#816 = DIRECTION('',(-0.,-0.,-1.));
#817 = DIRECTION('',(1.,0.,0.));
#818 = DEFINITIONAL_REPRESENTATION('',(#819),#823);
#819 = LINE('',#820,#821);
#820 = CARTESIAN_POINT('',(-6.28318530718,-1.));
#821 = VECTOR('',#822,1.);
#822 = DIRECTION('',(1.,-0.));
#823 = ( GEOMETRIC_REPRESENTATION_CONTEXT(2) 
PARAMETRIC_REPRESENTATION_CONTEXT() REPRESENTATION_CONTEXT('2D SPACE',''
  ) );
#824 = FACE_BOUND('',#825,.F.);
#825 = EDGE_LOOP('',(#826));
#826 = ORIENTED_EDGE('',*,*,#827,.F.);
#827 = EDGE_CURVE('',#828,#828,#830,.T.);
#828 = VERTEX_POINT('',#829);
#829 = CARTESIAN_POINT('',(27.033198915988,-14.65,28.5));
#830 = SURFACE_CURVE('',#831,(#836,#843),.PCURVE_S1.);
#831 = CIRCLE('',#832,1.7);
#832 = AXIS2_PLACEMENT_3D('',#833,#834,#835);
#833 = CARTESIAN_POINT('',(26.,-16.,28.5));
#834 = DIRECTION('',(0.,0.,1.));
#835 = DIRECTION('',(0.607764068229,0.794117647059,-0.));
#836 = PCURVE('',#99,#837);
#837 = DEFINITIONAL_REPRESENTATION('',(#838),#842);
#838 = CIRCLE('',#839,1.7);
#839 = AXIS2_PLACEMENT_2D('',#840,#841);
#840 = CARTESIAN_POINT('',(26.,-16.));
#841 = DIRECTION('',(0.607764068229,0.794117647059));
#842 = ( GEOMETRIC_REPRESENTATION_CONTEXT(2) 
PARAMETRIC_REPRESENTATION_CONTEXT() REPRESENTATION_CONTEXT('2D SPACE',''
  ) );
#843 = PCURVE('',#844,#849);
#844 = CYLINDRICAL_SURFACE('',#845,1.7);
#845 = AXIS2_PLACEMENT_3D('',#846,#847,#848);
#846 = CARTESIAN_POINT('',(26.,-16.,27.5));
#847 = DIRECTION('',(-0.,-0.,-1.));
#848 = DIRECTION('',(1.,0.,0.));
#849 = DEFINITIONAL_REPRESENTATION('',(#850),#854);
#850 = LINE('',#851,#852);
#851 = CARTESIAN_POINT('',(-0.917554397614,-1.));
#852 = VECTOR('',#853,1.);
#853 = DIRECTION('',(-1.,-0.));
#854 = ( GEOMETRIC_REPRESENTATION_CONTEXT(2) 
PARAMETRIC_REPRESENTATION_CONTEXT() REPRESENTATION_CONTEXT('2D SPACE',''
  ) );
#855 = FACE_BOUND('',#856,.F.);
#856 = EDGE_LOOP('',(#857,#888,#915));
#857 = ORIENTED_EDGE('',*,*,#858,.T.);
#858 = EDGE_CURVE('',#859,#861,#863,.T.);
#859 = VERTEX_POINT('',#860);
#860 = CARTESIAN_POINT('',(29.448607665609,-15.40241722857,28.5));
#861 = VERTEX_POINT('',#862);
#862 = CARTESIAN_POINT('',(29.229163978493,-14.65,28.5));
#863 = SURFACE_CURVE('',#864,(#869,#876),.PCURVE_S1.);
#864 = CIRCLE('',#865,3.5);
#865 = AXIS2_PLACEMENT_3D('',#866,#867,#868);
#866 = CARTESIAN_POINT('',(26.,-16.,28.5));
#867 = DIRECTION('',(0.,0.,1.));
#868 = DIRECTION('',(1.,0.,0.));
#869 = PCURVE('',#99,#870);
#870 = DEFINITIONAL_REPRESENTATION('',(#871),#875);
#871 = CIRCLE('',#872,3.5);
#872 = AXIS2_PLACEMENT_2D('',#873,#874);
#873 = CARTESIAN_POINT('',(26.,-16.));
#874 = DIRECTION('',(1.,0.));
#875 = ( GEOMETRIC_REPRESENTATION_CONTEXT(2) 
PARAMETRIC_REPRESENTATION_CONTEXT() REPRESENTATION_CONTEXT('2D SPACE',''
  ) );
#876 = PCURVE('',#877,#882);
#877 = CYLINDRICAL_SURFACE('',#878,3.5);
#878 = AXIS2_PLACEMENT_3D('',#879,#880,#881);
#879 = CARTESIAN_POINT('',(26.,-16.,28.5));
#880 = DIRECTION('',(-0.,-0.,-1.));
#881 = DIRECTION('',(1.,0.,0.));
#882 = DEFINITIONAL_REPRESENTATION('',(#883),#887);
#883 = LINE('',#884,#885);
#884 = CARTESIAN_POINT('',(-0.,0.));
#885 = VECTOR('',#886,1.);
#886 = DIRECTION('',(-1.,0.));
#887 = ( GEOMETRIC_REPRESENTATION_CONTEXT(2) 
PARAMETRIC_REPRESENTATION_CONTEXT() REPRESENTATION_CONTEXT('2D SPACE',''
  ) );
#888 = ORIENTED_EDGE('',*,*,#889,.F.);
#889 = EDGE_CURVE('',#890,#861,#892,.T.);
#890 = VERTEX_POINT('',#891);
#891 = CARTESIAN_POINT('',(30.118646082711,-14.65,28.5));
#892 = SURFACE_CURVE('',#893,(#897,#904),.PCURVE_S1.);
#893 = LINE('',#894,#895);
#894 = CARTESIAN_POINT('',(-6.455,-14.65,28.5));
#895 = VECTOR('',#896,1.);
#896 = DIRECTION('',(-1.,0.,0.));
#897 = PCURVE('',#99,#898);
#898 = DEFINITIONAL_REPRESENTATION('',(#899),#903);
#899 = LINE('',#900,#901);
#900 = CARTESIAN_POINT('',(-6.455,-14.65));
#901 = VECTOR('',#902,1.);
#902 = DIRECTION('',(-1.,0.));
#903 = ( GEOMETRIC_REPRESENTATION_CONTEXT(2) 
PARAMETRIC_REPRESENTATION_CONTEXT() REPRESENTATION_CONTEXT('2D SPACE',''
  ) );
#904 = PCURVE('',#905,#910);
#905 = PLANE('',#906);
#906 = AXIS2_PLACEMENT_3D('',#907,#908,#909);
#907 = CARTESIAN_POINT('',(-12.91,-14.65,27.5));
#908 = DIRECTION('',(0.,1.,0.));
#909 = DIRECTION('',(1.,0.,0.));
#910 = DEFINITIONAL_REPRESENTATION('',(#911),#914);
#911 = B_SPLINE_CURVE_WITH_KNOTS('',1,(#912,#913),.UNSPECIFIED.,.F.,.F.,
  (2,2),(-41.965,6.455),.PIECEWISE_BEZIER_KNOTS.);
#912 = CARTESIAN_POINT('',(48.42,-1.));
#913 = CARTESIAN_POINT('',(0.,-1.));
#914 = ( GEOMETRIC_REPRESENTATION_CONTEXT(2) 
PARAMETRIC_REPRESENTATION_CONTEXT() REPRESENTATION_CONTEXT('2D SPACE',''
  ) );
#915 = ORIENTED_EDGE('',*,*,#916,.T.);
#916 = EDGE_CURVE('',#890,#859,#917,.T.);
#917 = SURFACE_CURVE('',#918,(#923,#934),.PCURVE_S1.);
#918 = CIRCLE('',#919,22.6);
#919 = AXIS2_PLACEMENT_3D('',#920,#921,#922);
#920 = CARTESIAN_POINT('',(12.91,0.,28.5));
#921 = DIRECTION('',(0.,0.,-1.));
#922 = DIRECTION('',(0.,1.,0.));
#923 = PCURVE('',#99,#924);
#924 = DEFINITIONAL_REPRESENTATION('',(#925),#933);
#925 = ( BOUNDED_CURVE() B_SPLINE_CURVE(2,(#926,#927,#928,#929,#930,#931
,#932),.UNSPECIFIED.,.T.,.F.) B_SPLINE_CURVE_WITH_KNOTS((1,2,2,2,2,1),(
    -2.094395102393,0.,2.094395102393,4.188790204786,6.28318530718,
8.377580409573),.UNSPECIFIED.) CURVE() GEOMETRIC_REPRESENTATION_ITEM() 
RATIONAL_B_SPLINE_CURVE((1.,0.5,1.,0.5,1.,0.5,1.)) REPRESENTATION_ITEM(
  '') );
#926 = CARTESIAN_POINT('',(12.91,22.6));
#927 = CARTESIAN_POINT('',(52.054348251057,22.6));
#928 = CARTESIAN_POINT('',(32.482174125528,-11.3));
#929 = CARTESIAN_POINT('',(12.91,-45.2));
#930 = CARTESIAN_POINT('',(-6.662174125528,-11.3));
#931 = CARTESIAN_POINT('',(-26.23434825105,22.6));
#932 = CARTESIAN_POINT('',(12.91,22.6));
#933 = ( GEOMETRIC_REPRESENTATION_CONTEXT(2) 
PARAMETRIC_REPRESENTATION_CONTEXT() REPRESENTATION_CONTEXT('2D SPACE',''
  ) );
#934 = PCURVE('',#935,#940);
#935 = CYLINDRICAL_SURFACE('',#936,22.6);
#936 = AXIS2_PLACEMENT_3D('',#937,#938,#939);
#937 = CARTESIAN_POINT('',(12.91,0.,28.5));
#938 = DIRECTION('',(-0.,-0.,-1.));
#939 = DIRECTION('',(1.,0.,0.));
#940 = DEFINITIONAL_REPRESENTATION('',(#941),#945);
#941 = LINE('',#942,#943);
#942 = CARTESIAN_POINT('',(-7.853981633974,0.));
#943 = VECTOR('',#944,1.);
#944 = DIRECTION('',(1.,-0.));
#945 = ( GEOMETRIC_REPRESENTATION_CONTEXT(2) 
PARAMETRIC_REPRESENTATION_CONTEXT() REPRESENTATION_CONTEXT('2D SPACE',''
  ) );
#946 = FACE_BOUND('',#947,.F.);
#947 = EDGE_LOOP('',(#948,#979,#1006,#1034,#1062,#1091,#1119,#1146,#1174
    ,#1203,#1231,#1259,#1286,#1315,#1348,#1376,#1404,#1432));
#948 = ORIENTED_EDGE('',*,*,#949,.T.);
#949 = EDGE_CURVE('',#950,#952,#954,.T.);
#950 = VERTEX_POINT('',#951);
#951 = CARTESIAN_POINT('',(24.731135899415,19.261898817291,28.5));
#952 = VERTEX_POINT('',#953);
#953 = CARTESIAN_POINT('',(22.770836021506,14.65,28.5));
#954 = SURFACE_CURVE('',#955,(#960,#967),.PCURVE_S1.);
#955 = CIRCLE('',#956,3.5);
#956 = AXIS2_PLACEMENT_3D('',#957,#958,#959);
#957 = CARTESIAN_POINT('',(26.,16.,28.5));
#958 = DIRECTION('',(0.,0.,1.));
#959 = DIRECTION('',(1.,0.,0.));
#960 = PCURVE('',#99,#961);
#961 = DEFINITIONAL_REPRESENTATION('',(#962),#966);
#962 = CIRCLE('',#963,3.5);
#963 = AXIS2_PLACEMENT_2D('',#964,#965);
#964 = CARTESIAN_POINT('',(26.,16.));
#965 = DIRECTION('',(1.,0.));
#966 = ( GEOMETRIC_REPRESENTATION_CONTEXT(2) 
PARAMETRIC_REPRESENTATION_CONTEXT() REPRESENTATION_CONTEXT('2D SPACE',''
  ) );
#967 = PCURVE('',#968,#973);
#968 = CYLINDRICAL_SURFACE('',#969,3.5);
#969 = AXIS2_PLACEMENT_3D('',#970,#971,#972);
#970 = CARTESIAN_POINT('',(26.,16.,28.5));
#971 = DIRECTION('',(-0.,-0.,-1.));
#972 = DIRECTION('',(1.,0.,0.));
#973 = DEFINITIONAL_REPRESENTATION('',(#974),#978);
#974 = LINE('',#975,#976);
#975 = CARTESIAN_POINT('',(-0.,0.));
#976 = VECTOR('',#977,1.);
#977 = DIRECTION('',(-1.,0.));
#978 = ( GEOMETRIC_REPRESENTATION_CONTEXT(2) 
PARAMETRIC_REPRESENTATION_CONTEXT() REPRESENTATION_CONTEXT('2D SPACE',''
  ) );
#979 = ORIENTED_EDGE('',*,*,#980,.F.);
#980 = EDGE_CURVE('',#981,#952,#983,.T.);
#981 = VERTEX_POINT('',#982);
#982 = CARTESIAN_POINT('',(-11.5,14.65,28.5));
#983 = SURFACE_CURVE('',#984,(#988,#995),.PCURVE_S1.);
#984 = LINE('',#985,#986);
#985 = CARTESIAN_POINT('',(18.955,14.65,28.5));
#986 = VECTOR('',#987,1.);
#987 = DIRECTION('',(1.,0.,-0.));
#988 = PCURVE('',#99,#989);
#989 = DEFINITIONAL_REPRESENTATION('',(#990),#994);
#990 = LINE('',#991,#992);
#991 = CARTESIAN_POINT('',(18.955,14.65));
#992 = VECTOR('',#993,1.);
#993 = DIRECTION('',(1.,0.));
#994 = ( GEOMETRIC_REPRESENTATION_CONTEXT(2) 
PARAMETRIC_REPRESENTATION_CONTEXT() REPRESENTATION_CONTEXT('2D SPACE',''
  ) );
#995 = PCURVE('',#996,#1001);
#996 = PLANE('',#997);
#997 = AXIS2_PLACEMENT_3D('',#998,#999,#1000);
#998 = CARTESIAN_POINT('',(37.91,14.65,27.5));
#999 = DIRECTION('',(0.,-1.,0.));
#1000 = DIRECTION('',(-1.,0.,0.));
#1001 = DEFINITIONAL_REPRESENTATION('',(#1002),#1005);
#1002 = B_SPLINE_CURVE_WITH_KNOTS('',1,(#1003,#1004),.UNSPECIFIED.,.F.,
  .F.,(2,2),(-31.865,16.555),.PIECEWISE_BEZIER_KNOTS.);
#1003 = CARTESIAN_POINT('',(50.82,-1.));
#1004 = CARTESIAN_POINT('',(2.4,-1.));
#1005 = ( GEOMETRIC_REPRESENTATION_CONTEXT(2) 
PARAMETRIC_REPRESENTATION_CONTEXT() REPRESENTATION_CONTEXT('2D SPACE',''
  ) );
#1006 = ORIENTED_EDGE('',*,*,#1007,.T.);
#1007 = EDGE_CURVE('',#981,#1008,#1010,.T.);
#1008 = VERTEX_POINT('',#1009);
#1009 = CARTESIAN_POINT('',(-11.5,18.,28.5));
#1010 = SURFACE_CURVE('',#1011,(#1015,#1022),.PCURVE_S1.);
#1011 = LINE('',#1012,#1013);
#1012 = CARTESIAN_POINT('',(-11.5,14.,28.5));
#1013 = VECTOR('',#1014,1.);
#1014 = DIRECTION('',(0.,1.,0.));
#1015 = PCURVE('',#99,#1016);
#1016 = DEFINITIONAL_REPRESENTATION('',(#1017),#1021);
#1017 = LINE('',#1018,#1019);
#1018 = CARTESIAN_POINT('',(-11.5,14.));
#1019 = VECTOR('',#1020,1.);
#1020 = DIRECTION('',(0.,1.));
#1021 = ( GEOMETRIC_REPRESENTATION_CONTEXT(2) 
PARAMETRIC_REPRESENTATION_CONTEXT() REPRESENTATION_CONTEXT('2D SPACE',''
  ) );
#1022 = PCURVE('',#1023,#1028);
#1023 = PLANE('',#1024);
#1024 = AXIS2_PLACEMENT_3D('',#1025,#1026,#1027);
#1025 = CARTESIAN_POINT('',(-11.5,14.,28.5));
#1026 = DIRECTION('',(-1.,0.,0.));
#1027 = DIRECTION('',(0.,1.,0.));
#1028 = DEFINITIONAL_REPRESENTATION('',(#1029),#1033);
#1029 = LINE('',#1030,#1031);
#1030 = CARTESIAN_POINT('',(0.,0.));
#1031 = VECTOR('',#1032,1.);
#1032 = DIRECTION('',(1.,0.));
#1033 = ( GEOMETRIC_REPRESENTATION_CONTEXT(2) 
PARAMETRIC_REPRESENTATION_CONTEXT() REPRESENTATION_CONTEXT('2D SPACE',''
  ) );
#1034 = ORIENTED_EDGE('',*,*,#1035,.T.);
#1035 = EDGE_CURVE('',#1008,#1036,#1038,.T.);
#1036 = VERTEX_POINT('',#1037);
#1037 = CARTESIAN_POINT('',(-17.12771867673,18.,28.5));
#1038 = SURFACE_CURVE('',#1039,(#1043,#1050),.PCURVE_S1.);
#1039 = LINE('',#1040,#1041);
#1040 = CARTESIAN_POINT('',(-11.5,18.,28.5));
#1041 = VECTOR('',#1042,1.);
#1042 = DIRECTION('',(-1.,0.,0.));
#1043 = PCURVE('',#99,#1044);
#1044 = DEFINITIONAL_REPRESENTATION('',(#1045),#1049);
#1045 = LINE('',#1046,#1047);
#1046 = CARTESIAN_POINT('',(-11.5,18.));
#1047 = VECTOR('',#1048,1.);
#1048 = DIRECTION('',(-1.,0.));
#1049 = ( GEOMETRIC_REPRESENTATION_CONTEXT(2) 
PARAMETRIC_REPRESENTATION_CONTEXT() REPRESENTATION_CONTEXT('2D SPACE',''
  ) );
#1050 = PCURVE('',#1051,#1056);
#1051 = PLANE('',#1052);
#1052 = AXIS2_PLACEMENT_3D('',#1053,#1054,#1055);
#1053 = CARTESIAN_POINT('',(-11.5,18.,28.5));
#1054 = DIRECTION('',(0.,-1.,0.));
#1055 = DIRECTION('',(-1.,0.,0.));
#1056 = DEFINITIONAL_REPRESENTATION('',(#1057),#1061);
#1057 = LINE('',#1058,#1059);
#1058 = CARTESIAN_POINT('',(0.,-0.));
#1059 = VECTOR('',#1060,1.);
#1060 = DIRECTION('',(1.,0.));
#1061 = ( GEOMETRIC_REPRESENTATION_CONTEXT(2) 
PARAMETRIC_REPRESENTATION_CONTEXT() REPRESENTATION_CONTEXT('2D SPACE',''
  ) );
#1062 = ORIENTED_EDGE('',*,*,#1063,.T.);
#1063 = EDGE_CURVE('',#1036,#1064,#1066,.T.);
#1064 = VERTEX_POINT('',#1065);
#1065 = CARTESIAN_POINT('',(-17.12771867673,14.,28.5));
#1066 = SURFACE_CURVE('',#1067,(#1072,#1079),.PCURVE_S1.);
#1067 = CIRCLE('',#1068,3.5);
#1068 = AXIS2_PLACEMENT_3D('',#1069,#1070,#1071);
#1069 = CARTESIAN_POINT('',(-20.,16.,28.5));
#1070 = DIRECTION('',(0.,0.,1.));
#1071 = DIRECTION('',(1.,0.,0.));
#1072 = PCURVE('',#99,#1073);
#1073 = DEFINITIONAL_REPRESENTATION('',(#1074),#1078);
#1074 = CIRCLE('',#1075,3.5);
#1075 = AXIS2_PLACEMENT_2D('',#1076,#1077);
#1076 = CARTESIAN_POINT('',(-20.,16.));
#1077 = DIRECTION('',(1.,0.));
#1078 = ( GEOMETRIC_REPRESENTATION_CONTEXT(2) 
PARAMETRIC_REPRESENTATION_CONTEXT() REPRESENTATION_CONTEXT('2D SPACE',''
  ) );
#1079 = PCURVE('',#1080,#1085);
#1080 = CYLINDRICAL_SURFACE('',#1081,3.5);
#1081 = AXIS2_PLACEMENT_3D('',#1082,#1083,#1084);
#1082 = CARTESIAN_POINT('',(-20.,16.,28.5));
#1083 = DIRECTION('',(-0.,-0.,-1.));
#1084 = DIRECTION('',(1.,0.,0.));
#1085 = DEFINITIONAL_REPRESENTATION('',(#1086),#1090);
#1086 = LINE('',#1087,#1088);
#1087 = CARTESIAN_POINT('',(-0.,0.));
#1088 = VECTOR('',#1089,1.);
#1089 = DIRECTION('',(-1.,0.));
#1090 = ( GEOMETRIC_REPRESENTATION_CONTEXT(2) 
PARAMETRIC_REPRESENTATION_CONTEXT() REPRESENTATION_CONTEXT('2D SPACE',''
  ) );
#1091 = ORIENTED_EDGE('',*,*,#1092,.T.);
#1092 = EDGE_CURVE('',#1064,#1093,#1095,.T.);
#1093 = VERTEX_POINT('',#1094);
#1094 = CARTESIAN_POINT('',(-12.91,14.,28.5));
#1095 = SURFACE_CURVE('',#1096,(#1100,#1107),.PCURVE_S1.);
#1096 = LINE('',#1097,#1098);
#1097 = CARTESIAN_POINT('',(-20.,14.,28.5));
#1098 = VECTOR('',#1099,1.);
#1099 = DIRECTION('',(1.,0.,0.));
#1100 = PCURVE('',#99,#1101);
#1101 = DEFINITIONAL_REPRESENTATION('',(#1102),#1106);
#1102 = LINE('',#1103,#1104);
#1103 = CARTESIAN_POINT('',(-20.,14.));
#1104 = VECTOR('',#1105,1.);
#1105 = DIRECTION('',(1.,0.));
#1106 = ( GEOMETRIC_REPRESENTATION_CONTEXT(2) 
PARAMETRIC_REPRESENTATION_CONTEXT() REPRESENTATION_CONTEXT('2D SPACE',''
  ) );
#1107 = PCURVE('',#1108,#1113);
#1108 = PLANE('',#1109);
#1109 = AXIS2_PLACEMENT_3D('',#1110,#1111,#1112);
#1110 = CARTESIAN_POINT('',(-20.,14.,28.5));
#1111 = DIRECTION('',(0.,1.,0.));
#1112 = DIRECTION('',(1.,0.,0.));
#1113 = DEFINITIONAL_REPRESENTATION('',(#1114),#1118);
#1114 = LINE('',#1115,#1116);
#1115 = CARTESIAN_POINT('',(0.,0.));
#1116 = VECTOR('',#1117,1.);
#1117 = DIRECTION('',(1.,0.));
#1118 = ( GEOMETRIC_REPRESENTATION_CONTEXT(2) 
PARAMETRIC_REPRESENTATION_CONTEXT() REPRESENTATION_CONTEXT('2D SPACE',''
  ) );
#1119 = ORIENTED_EDGE('',*,*,#1120,.F.);
#1120 = EDGE_CURVE('',#1121,#1093,#1123,.T.);
#1121 = VERTEX_POINT('',#1122);
#1122 = CARTESIAN_POINT('',(-12.91,-14.,28.5));
#1123 = SURFACE_CURVE('',#1124,(#1128,#1135),.PCURVE_S1.);
#1124 = LINE('',#1125,#1126);
#1125 = CARTESIAN_POINT('',(-12.91,7.325,28.5));
#1126 = VECTOR('',#1127,1.);
#1127 = DIRECTION('',(-0.,1.,0.));
#1128 = PCURVE('',#99,#1129);
#1129 = DEFINITIONAL_REPRESENTATION('',(#1130),#1134);
#1130 = LINE('',#1131,#1132);
#1131 = CARTESIAN_POINT('',(-12.91,7.325));
#1132 = VECTOR('',#1133,1.);
#1133 = DIRECTION('',(0.,1.));
#1134 = ( GEOMETRIC_REPRESENTATION_CONTEXT(2) 
PARAMETRIC_REPRESENTATION_CONTEXT() REPRESENTATION_CONTEXT('2D SPACE',''
  ) );
#1135 = PCURVE('',#1136,#1141);
#1136 = PLANE('',#1137);
#1137 = AXIS2_PLACEMENT_3D('',#1138,#1139,#1140);
#1138 = CARTESIAN_POINT('',(-12.91,14.65,27.5));
#1139 = DIRECTION('',(1.,0.,-0.));
#1140 = DIRECTION('',(0.,-1.,0.));
#1141 = DEFINITIONAL_REPRESENTATION('',(#1142),#1145);
#1142 = B_SPLINE_CURVE_WITH_KNOTS('',1,(#1143,#1144),.UNSPECIFIED.,.F.,
  .F.,(2,2),(-21.975,7.325),.PIECEWISE_BEZIER_KNOTS.);
#1143 = CARTESIAN_POINT('',(29.3,-1.));
#1144 = CARTESIAN_POINT('',(0.,-1.));
#1145 = ( GEOMETRIC_REPRESENTATION_CONTEXT(2) 
PARAMETRIC_REPRESENTATION_CONTEXT() REPRESENTATION_CONTEXT('2D SPACE',''
  ) );
#1146 = ORIENTED_EDGE('',*,*,#1147,.T.);
#1147 = EDGE_CURVE('',#1121,#1148,#1150,.T.);
#1148 = VERTEX_POINT('',#1149);
#1149 = CARTESIAN_POINT('',(-17.12771867673,-14.,28.5));
#1150 = SURFACE_CURVE('',#1151,(#1155,#1162),.PCURVE_S1.);
#1151 = LINE('',#1152,#1153);
#1152 = CARTESIAN_POINT('',(-11.5,-14.,28.5));
#1153 = VECTOR('',#1154,1.);
#1154 = DIRECTION('',(-1.,0.,0.));
#1155 = PCURVE('',#99,#1156);
#1156 = DEFINITIONAL_REPRESENTATION('',(#1157),#1161);
#1157 = LINE('',#1158,#1159);
#1158 = CARTESIAN_POINT('',(-11.5,-14.));
#1159 = VECTOR('',#1160,1.);
#1160 = DIRECTION('',(-1.,0.));
#1161 = ( GEOMETRIC_REPRESENTATION_CONTEXT(2) 
PARAMETRIC_REPRESENTATION_CONTEXT() REPRESENTATION_CONTEXT('2D SPACE',''
  ) );
#1162 = PCURVE('',#1163,#1168);
#1163 = PLANE('',#1164);
#1164 = AXIS2_PLACEMENT_3D('',#1165,#1166,#1167);
#1165 = CARTESIAN_POINT('',(-11.5,-14.,28.5));
#1166 = DIRECTION('',(0.,-1.,0.));
#1167 = DIRECTION('',(-1.,0.,0.));
#1168 = DEFINITIONAL_REPRESENTATION('',(#1169),#1173);
#1169 = LINE('',#1170,#1171);
#1170 = CARTESIAN_POINT('',(0.,-0.));
#1171 = VECTOR('',#1172,1.);
#1172 = DIRECTION('',(1.,0.));
#1173 = ( GEOMETRIC_REPRESENTATION_CONTEXT(2) 
PARAMETRIC_REPRESENTATION_CONTEXT() REPRESENTATION_CONTEXT('2D SPACE',''
  ) );
#1174 = ORIENTED_EDGE('',*,*,#1175,.T.);
#1175 = EDGE_CURVE('',#1148,#1176,#1178,.T.);
#1176 = VERTEX_POINT('',#1177);
#1177 = CARTESIAN_POINT('',(-17.12771867673,-18.,28.5));
#1178 = SURFACE_CURVE('',#1179,(#1184,#1191),.PCURVE_S1.);
#1179 = CIRCLE('',#1180,3.5);
#1180 = AXIS2_PLACEMENT_3D('',#1181,#1182,#1183);
#1181 = CARTESIAN_POINT('',(-20.,-16.,28.5));
#1182 = DIRECTION('',(0.,0.,1.));
#1183 = DIRECTION('',(1.,0.,0.));
#1184 = PCURVE('',#99,#1185);
#1185 = DEFINITIONAL_REPRESENTATION('',(#1186),#1190);
#1186 = CIRCLE('',#1187,3.5);
#1187 = AXIS2_PLACEMENT_2D('',#1188,#1189);
#1188 = CARTESIAN_POINT('',(-20.,-16.));
#1189 = DIRECTION('',(1.,0.));
#1190 = ( GEOMETRIC_REPRESENTATION_CONTEXT(2) 
PARAMETRIC_REPRESENTATION_CONTEXT() REPRESENTATION_CONTEXT('2D SPACE',''
  ) );
#1191 = PCURVE('',#1192,#1197);
#1192 = CYLINDRICAL_SURFACE('',#1193,3.5);
#1193 = AXIS2_PLACEMENT_3D('',#1194,#1195,#1196);
#1194 = CARTESIAN_POINT('',(-20.,-16.,28.5));
#1195 = DIRECTION('',(-0.,-0.,-1.));
#1196 = DIRECTION('',(1.,0.,0.));
#1197 = DEFINITIONAL_REPRESENTATION('',(#1198),#1202);
#1198 = LINE('',#1199,#1200);
#1199 = CARTESIAN_POINT('',(-0.,0.));
#1200 = VECTOR('',#1201,1.);
#1201 = DIRECTION('',(-1.,0.));
#1202 = ( GEOMETRIC_REPRESENTATION_CONTEXT(2) 
PARAMETRIC_REPRESENTATION_CONTEXT() REPRESENTATION_CONTEXT('2D SPACE',''
  ) );
#1203 = ORIENTED_EDGE('',*,*,#1204,.T.);
#1204 = EDGE_CURVE('',#1176,#1205,#1207,.T.);
#1205 = VERTEX_POINT('',#1206);
#1206 = CARTESIAN_POINT('',(-11.5,-18.,28.5));
#1207 = SURFACE_CURVE('',#1208,(#1212,#1219),.PCURVE_S1.);
#1208 = LINE('',#1209,#1210);
#1209 = CARTESIAN_POINT('',(-20.,-18.,28.5));
#1210 = VECTOR('',#1211,1.);
#1211 = DIRECTION('',(1.,0.,0.));
#1212 = PCURVE('',#99,#1213);
#1213 = DEFINITIONAL_REPRESENTATION('',(#1214),#1218);
#1214 = LINE('',#1215,#1216);
#1215 = CARTESIAN_POINT('',(-20.,-18.));
#1216 = VECTOR('',#1217,1.);
#1217 = DIRECTION('',(1.,0.));
#1218 = ( GEOMETRIC_REPRESENTATION_CONTEXT(2) 
PARAMETRIC_REPRESENTATION_CONTEXT() REPRESENTATION_CONTEXT('2D SPACE',''
  ) );
#1219 = PCURVE('',#1220,#1225);
#1220 = PLANE('',#1221);
#1221 = AXIS2_PLACEMENT_3D('',#1222,#1223,#1224);
#1222 = CARTESIAN_POINT('',(-20.,-18.,28.5));
#1223 = DIRECTION('',(0.,1.,0.));
#1224 = DIRECTION('',(1.,0.,0.));
#1225 = DEFINITIONAL_REPRESENTATION('',(#1226),#1230);
#1226 = LINE('',#1227,#1228);
#1227 = CARTESIAN_POINT('',(0.,0.));
#1228 = VECTOR('',#1229,1.);
#1229 = DIRECTION('',(1.,0.));
#1230 = ( GEOMETRIC_REPRESENTATION_CONTEXT(2) 
PARAMETRIC_REPRESENTATION_CONTEXT() REPRESENTATION_CONTEXT('2D SPACE',''
  ) );
#1231 = ORIENTED_EDGE('',*,*,#1232,.T.);
#1232 = EDGE_CURVE('',#1205,#1233,#1235,.T.);
#1233 = VERTEX_POINT('',#1234);
#1234 = CARTESIAN_POINT('',(-11.5,-14.65,28.5));
#1235 = SURFACE_CURVE('',#1236,(#1240,#1247),.PCURVE_S1.);
#1236 = LINE('',#1237,#1238);
#1237 = CARTESIAN_POINT('',(-11.5,-18.,28.5));
#1238 = VECTOR('',#1239,1.);
#1239 = DIRECTION('',(0.,1.,0.));
#1240 = PCURVE('',#99,#1241);
#1241 = DEFINITIONAL_REPRESENTATION('',(#1242),#1246);
#1242 = LINE('',#1243,#1244);
#1243 = CARTESIAN_POINT('',(-11.5,-18.));
#1244 = VECTOR('',#1245,1.);
#1245 = DIRECTION('',(0.,1.));
#1246 = ( GEOMETRIC_REPRESENTATION_CONTEXT(2) 
PARAMETRIC_REPRESENTATION_CONTEXT() REPRESENTATION_CONTEXT('2D SPACE',''
  ) );
#1247 = PCURVE('',#1248,#1253);
#1248 = PLANE('',#1249);
#1249 = AXIS2_PLACEMENT_3D('',#1250,#1251,#1252);
#1250 = CARTESIAN_POINT('',(-11.5,-18.,28.5));
#1251 = DIRECTION('',(-1.,0.,0.));
#1252 = DIRECTION('',(0.,1.,0.));
#1253 = DEFINITIONAL_REPRESENTATION('',(#1254),#1258);
#1254 = LINE('',#1255,#1256);
#1255 = CARTESIAN_POINT('',(0.,0.));
#1256 = VECTOR('',#1257,1.);
#1257 = DIRECTION('',(1.,0.));
#1258 = ( GEOMETRIC_REPRESENTATION_CONTEXT(2) 
PARAMETRIC_REPRESENTATION_CONTEXT() REPRESENTATION_CONTEXT('2D SPACE',''
  ) );
#1259 = ORIENTED_EDGE('',*,*,#1260,.F.);
#1260 = EDGE_CURVE('',#1261,#1233,#1263,.T.);
#1261 = VERTEX_POINT('',#1262);
#1262 = CARTESIAN_POINT('',(22.770836021506,-14.65,28.5));
#1263 = SURFACE_CURVE('',#1264,(#1268,#1275),.PCURVE_S1.);
#1264 = LINE('',#1265,#1266);
#1265 = CARTESIAN_POINT('',(-6.455,-14.65,28.5));
#1266 = VECTOR('',#1267,1.);
#1267 = DIRECTION('',(-1.,0.,0.));
#1268 = PCURVE('',#99,#1269);
#1269 = DEFINITIONAL_REPRESENTATION('',(#1270),#1274);
#1270 = LINE('',#1271,#1272);
#1271 = CARTESIAN_POINT('',(-6.455,-14.65));
#1272 = VECTOR('',#1273,1.);
#1273 = DIRECTION('',(-1.,0.));
#1274 = ( GEOMETRIC_REPRESENTATION_CONTEXT(2) 
PARAMETRIC_REPRESENTATION_CONTEXT() REPRESENTATION_CONTEXT('2D SPACE',''
  ) );
#1275 = PCURVE('',#1276,#1281);
#1276 = PLANE('',#1277);
#1277 = AXIS2_PLACEMENT_3D('',#1278,#1279,#1280);
#1278 = CARTESIAN_POINT('',(-12.91,-14.65,27.5));
#1279 = DIRECTION('',(0.,1.,0.));
#1280 = DIRECTION('',(1.,0.,0.));
#1281 = DEFINITIONAL_REPRESENTATION('',(#1282),#1285);
#1282 = B_SPLINE_CURVE_WITH_KNOTS('',1,(#1283,#1284),.UNSPECIFIED.,.F.,
  .F.,(2,2),(-41.965,6.455),.PIECEWISE_BEZIER_KNOTS.);
#1283 = CARTESIAN_POINT('',(48.42,-1.));
#1284 = CARTESIAN_POINT('',(0.,-1.));
#1285 = ( GEOMETRIC_REPRESENTATION_CONTEXT(2) 
PARAMETRIC_REPRESENTATION_CONTEXT() REPRESENTATION_CONTEXT('2D SPACE',''
  ) );
#1286 = ORIENTED_EDGE('',*,*,#1287,.T.);
#1287 = EDGE_CURVE('',#1261,#1288,#1290,.T.);
#1288 = VERTEX_POINT('',#1289);
#1289 = CARTESIAN_POINT('',(24.731135899415,-19.26189881729,28.5));
#1290 = SURFACE_CURVE('',#1291,(#1296,#1303),.PCURVE_S1.);
#1291 = CIRCLE('',#1292,3.5);
#1292 = AXIS2_PLACEMENT_3D('',#1293,#1294,#1295);
#1293 = CARTESIAN_POINT('',(26.,-16.,28.5));
#1294 = DIRECTION('',(0.,0.,1.));
#1295 = DIRECTION('',(1.,0.,0.));
#1296 = PCURVE('',#99,#1297);
#1297 = DEFINITIONAL_REPRESENTATION('',(#1298),#1302);
#1298 = CIRCLE('',#1299,3.5);
#1299 = AXIS2_PLACEMENT_2D('',#1300,#1301);
#1300 = CARTESIAN_POINT('',(26.,-16.));
#1301 = DIRECTION('',(1.,0.));
#1302 = ( GEOMETRIC_REPRESENTATION_CONTEXT(2) 
PARAMETRIC_REPRESENTATION_CONTEXT() REPRESENTATION_CONTEXT('2D SPACE',''
  ) );
#1303 = PCURVE('',#1304,#1309);
#1304 = CYLINDRICAL_SURFACE('',#1305,3.5);
#1305 = AXIS2_PLACEMENT_3D('',#1306,#1307,#1308);
#1306 = CARTESIAN_POINT('',(26.,-16.,28.5));
#1307 = DIRECTION('',(-0.,-0.,-1.));
#1308 = DIRECTION('',(1.,0.,0.));
#1309 = DEFINITIONAL_REPRESENTATION('',(#1310),#1314);
#1310 = LINE('',#1311,#1312);
#1311 = CARTESIAN_POINT('',(-0.,0.));
#1312 = VECTOR('',#1313,1.);
#1313 = DIRECTION('',(-1.,0.));
#1314 = ( GEOMETRIC_REPRESENTATION_CONTEXT(2) 
PARAMETRIC_REPRESENTATION_CONTEXT() REPRESENTATION_CONTEXT('2D SPACE',''
  ) );
#1315 = ORIENTED_EDGE('',*,*,#1316,.T.);
#1316 = EDGE_CURVE('',#1288,#1317,#1319,.T.);
#1317 = VERTEX_POINT('',#1318);
#1318 = CARTESIAN_POINT('',(12.91,-22.6,28.5));
#1319 = SURFACE_CURVE('',#1320,(#1325,#1336),.PCURVE_S1.);
#1320 = CIRCLE('',#1321,22.6);
#1321 = AXIS2_PLACEMENT_3D('',#1322,#1323,#1324);
#1322 = CARTESIAN_POINT('',(12.91,0.,28.5));
#1323 = DIRECTION('',(0.,0.,-1.));
#1324 = DIRECTION('',(0.,1.,0.));
#1325 = PCURVE('',#99,#1326);
#1326 = DEFINITIONAL_REPRESENTATION('',(#1327),#1335);
#1327 = ( BOUNDED_CURVE() B_SPLINE_CURVE(2,(#1328,#1329,#1330,#1331,
#1332,#1333,#1334),.UNSPECIFIED.,.T.,.F.) B_SPLINE_CURVE_WITH_KNOTS((1,2
    ,2,2,2,1),(-2.094395102393,0.,2.094395102393,4.188790204786,
6.28318530718,8.377580409573),.UNSPECIFIED.) CURVE() 
GEOMETRIC_REPRESENTATION_ITEM() RATIONAL_B_SPLINE_CURVE((1.,0.5,1.,0.5,
1.,0.5,1.)) REPRESENTATION_ITEM('') );
#1328 = CARTESIAN_POINT('',(12.91,22.6));
#1329 = CARTESIAN_POINT('',(52.054348251057,22.6));
#1330 = CARTESIAN_POINT('',(32.482174125528,-11.3));
#1331 = CARTESIAN_POINT('',(12.91,-45.2));
#1332 = CARTESIAN_POINT('',(-6.662174125528,-11.3));
#1333 = CARTESIAN_POINT('',(-26.23434825105,22.6));
#1334 = CARTESIAN_POINT('',(12.91,22.6));
#1335 = ( GEOMETRIC_REPRESENTATION_CONTEXT(2) 
PARAMETRIC_REPRESENTATION_CONTEXT() REPRESENTATION_CONTEXT('2D SPACE',''
  ) );
#1336 = PCURVE('',#1337,#1342);
#1337 = CYLINDRICAL_SURFACE('',#1338,22.6);
#1338 = AXIS2_PLACEMENT_3D('',#1339,#1340,#1341);
#1339 = CARTESIAN_POINT('',(12.91,0.,28.5));
#1340 = DIRECTION('',(-0.,-0.,-1.));
#1341 = DIRECTION('',(1.,0.,0.));
#1342 = DEFINITIONAL_REPRESENTATION('',(#1343),#1347);
#1343 = LINE('',#1344,#1345);
#1344 = CARTESIAN_POINT('',(-7.853981633974,0.));
#1345 = VECTOR('',#1346,1.);
#1346 = DIRECTION('',(1.,-0.));
#1347 = ( GEOMETRIC_REPRESENTATION_CONTEXT(2) 
PARAMETRIC_REPRESENTATION_CONTEXT() REPRESENTATION_CONTEXT('2D SPACE',''
  ) );
#1348 = ORIENTED_EDGE('',*,*,#1349,.T.);
#1349 = EDGE_CURVE('',#1317,#1350,#1352,.T.);
#1350 = VERTEX_POINT('',#1351);
#1351 = CARTESIAN_POINT('',(-31.6,-22.6,28.5));
#1352 = SURFACE_CURVE('',#1353,(#1357,#1364),.PCURVE_S1.);
#1353 = LINE('',#1354,#1355);
#1354 = CARTESIAN_POINT('',(12.91,-22.6,28.5));
#1355 = VECTOR('',#1356,1.);
#1356 = DIRECTION('',(-1.,0.,0.));
#1357 = PCURVE('',#99,#1358);
#1358 = DEFINITIONAL_REPRESENTATION('',(#1359),#1363);
#1359 = LINE('',#1360,#1361);
#1360 = CARTESIAN_POINT('',(12.91,-22.6));
#1361 = VECTOR('',#1362,1.);
#1362 = DIRECTION('',(-1.,0.));
#1363 = ( GEOMETRIC_REPRESENTATION_CONTEXT(2) 
PARAMETRIC_REPRESENTATION_CONTEXT() REPRESENTATION_CONTEXT('2D SPACE',''
  ) );
#1364 = PCURVE('',#1365,#1370);
#1365 = PLANE('',#1366);
#1366 = AXIS2_PLACEMENT_3D('',#1367,#1368,#1369);
#1367 = CARTESIAN_POINT('',(0.,-22.6,28.5));
#1368 = DIRECTION('',(0.,1.,0.));
#1369 = DIRECTION('',(1.,0.,0.));
#1370 = DEFINITIONAL_REPRESENTATION('',(#1371),#1375);
#1371 = LINE('',#1372,#1373);
#1372 = CARTESIAN_POINT('',(12.91,0.));
#1373 = VECTOR('',#1374,1.);
#1374 = DIRECTION('',(-1.,0.));
#1375 = ( GEOMETRIC_REPRESENTATION_CONTEXT(2) 
PARAMETRIC_REPRESENTATION_CONTEXT() REPRESENTATION_CONTEXT('2D SPACE',''
  ) );
#1376 = ORIENTED_EDGE('',*,*,#1377,.F.);
#1377 = EDGE_CURVE('',#1378,#1350,#1380,.T.);
#1378 = VERTEX_POINT('',#1379);
#1379 = CARTESIAN_POINT('',(-31.6,22.6,28.5));
#1380 = SURFACE_CURVE('',#1381,(#1385,#1392),.PCURVE_S1.);
#1381 = LINE('',#1382,#1383);
#1382 = CARTESIAN_POINT('',(-31.6,22.6,28.5));
#1383 = VECTOR('',#1384,1.);
#1384 = DIRECTION('',(0.,-1.,0.));
#1385 = PCURVE('',#99,#1386);
#1386 = DEFINITIONAL_REPRESENTATION('',(#1387),#1391);
#1387 = LINE('',#1388,#1389);
#1388 = CARTESIAN_POINT('',(-31.6,22.6));
#1389 = VECTOR('',#1390,1.);
#1390 = DIRECTION('',(0.,-1.));
#1391 = ( GEOMETRIC_REPRESENTATION_CONTEXT(2) 
PARAMETRIC_REPRESENTATION_CONTEXT() REPRESENTATION_CONTEXT('2D SPACE',''
  ) );
#1392 = PCURVE('',#1393,#1398);
#1393 = PLANE('',#1394);
#1394 = AXIS2_PLACEMENT_3D('',#1395,#1396,#1397);
#1395 = CARTESIAN_POINT('',(-31.6,22.6,28.5));
#1396 = DIRECTION('',(1.,0.,-0.));
#1397 = DIRECTION('',(0.,-1.,0.));
#1398 = DEFINITIONAL_REPRESENTATION('',(#1399),#1403);
#1399 = LINE('',#1400,#1401);
#1400 = CARTESIAN_POINT('',(0.,0.));
#1401 = VECTOR('',#1402,1.);
#1402 = DIRECTION('',(1.,0.));
#1403 = ( GEOMETRIC_REPRESENTATION_CONTEXT(2) 
PARAMETRIC_REPRESENTATION_CONTEXT() REPRESENTATION_CONTEXT('2D SPACE',''
  ) );
#1404 = ORIENTED_EDGE('',*,*,#1405,.T.);
#1405 = EDGE_CURVE('',#1378,#1406,#1408,.T.);
#1406 = VERTEX_POINT('',#1407);
#1407 = CARTESIAN_POINT('',(12.91,22.6,28.5));
#1408 = SURFACE_CURVE('',#1409,(#1413,#1420),.PCURVE_S1.);
#1409 = LINE('',#1410,#1411);
#1410 = CARTESIAN_POINT('',(-31.6,22.6,28.5));
#1411 = VECTOR('',#1412,1.);
#1412 = DIRECTION('',(1.,0.,0.));
#1413 = PCURVE('',#99,#1414);
#1414 = DEFINITIONAL_REPRESENTATION('',(#1415),#1419);
#1415 = LINE('',#1416,#1417);
#1416 = CARTESIAN_POINT('',(-31.6,22.6));
#1417 = VECTOR('',#1418,1.);
#1418 = DIRECTION('',(1.,0.));
#1419 = ( GEOMETRIC_REPRESENTATION_CONTEXT(2) 
PARAMETRIC_REPRESENTATION_CONTEXT() REPRESENTATION_CONTEXT('2D SPACE',''
  ) );
#1420 = PCURVE('',#1421,#1426);
#1421 = PLANE('',#1422);
#1422 = AXIS2_PLACEMENT_3D('',#1423,#1424,#1425);
#1423 = CARTESIAN_POINT('',(12.91,22.6,28.5));
#1424 = DIRECTION('',(0.,-1.,0.));
#1425 = DIRECTION('',(-1.,0.,0.));
#1426 = DEFINITIONAL_REPRESENTATION('',(#1427),#1431);
#1427 = LINE('',#1428,#1429);
#1428 = CARTESIAN_POINT('',(44.51,0.));
#1429 = VECTOR('',#1430,1.);
#1430 = DIRECTION('',(-1.,-0.));
#1431 = ( GEOMETRIC_REPRESENTATION_CONTEXT(2) 
PARAMETRIC_REPRESENTATION_CONTEXT() REPRESENTATION_CONTEXT('2D SPACE',''
  ) );
#1432 = ORIENTED_EDGE('',*,*,#1433,.T.);
#1433 = EDGE_CURVE('',#1406,#950,#1434,.T.);
#1434 = SURFACE_CURVE('',#1435,(#1440,#1451),.PCURVE_S1.);
#1435 = CIRCLE('',#1436,22.6);
#1436 = AXIS2_PLACEMENT_3D('',#1437,#1438,#1439);
#1437 = CARTESIAN_POINT('',(12.91,0.,28.5));
#1438 = DIRECTION('',(0.,0.,-1.));
#1439 = DIRECTION('',(0.,1.,0.));
#1440 = PCURVE('',#99,#1441);
#1441 = DEFINITIONAL_REPRESENTATION('',(#1442),#1450);
#1442 = ( BOUNDED_CURVE() B_SPLINE_CURVE(2,(#1443,#1444,#1445,#1446,
#1447,#1448,#1449),.UNSPECIFIED.,.T.,.F.) B_SPLINE_CURVE_WITH_KNOTS((1,2
    ,2,2,2,1),(-2.094395102393,0.,2.094395102393,4.188790204786,
6.28318530718,8.377580409573),.UNSPECIFIED.) CURVE() 
GEOMETRIC_REPRESENTATION_ITEM() RATIONAL_B_SPLINE_CURVE((1.,0.5,1.,0.5,
1.,0.5,1.)) REPRESENTATION_ITEM('') );
#1443 = CARTESIAN_POINT('',(12.91,22.6));
#1444 = CARTESIAN_POINT('',(52.054348251057,22.6));
#1445 = CARTESIAN_POINT('',(32.482174125528,-11.3));
#1446 = CARTESIAN_POINT('',(12.91,-45.2));
#1447 = CARTESIAN_POINT('',(-6.662174125528,-11.3));
#1448 = CARTESIAN_POINT('',(-26.23434825105,22.6));
#1449 = CARTESIAN_POINT('',(12.91,22.6));
#1450 = ( GEOMETRIC_REPRESENTATION_CONTEXT(2) 
PARAMETRIC_REPRESENTATION_CONTEXT() REPRESENTATION_CONTEXT('2D SPACE',''
  ) );
#1451 = PCURVE('',#1452,#1457);
#1452 = CYLINDRICAL_SURFACE('',#1453,22.6);
#1453 = AXIS2_PLACEMENT_3D('',#1454,#1455,#1456);
#1454 = CARTESIAN_POINT('',(12.91,0.,28.5));
#1455 = DIRECTION('',(-0.,-0.,-1.));
#1456 = DIRECTION('',(1.,0.,0.));
#1457 = DEFINITIONAL_REPRESENTATION('',(#1458),#1462);
#1458 = LINE('',#1459,#1460);
#1459 = CARTESIAN_POINT('',(-7.853981633974,0.));
#1460 = VECTOR('',#1461,1.);
#1461 = DIRECTION('',(1.,-0.));
#1462 = ( GEOMETRIC_REPRESENTATION_CONTEXT(2) 
PARAMETRIC_REPRESENTATION_CONTEXT() REPRESENTATION_CONTEXT('2D SPACE',''
  ) );
#1463 = FACE_BOUND('',#1464,.F.);
#1464 = EDGE_LOOP('',(#1465));
#1465 = ORIENTED_EDGE('',*,*,#1466,.T.);
#1466 = EDGE_CURVE('',#1467,#1467,#1469,.T.);
#1467 = VERTEX_POINT('',#1468);
#1468 = CARTESIAN_POINT('',(-18.3,16.,28.5));
#1469 = SURFACE_CURVE('',#1470,(#1475,#1486),.PCURVE_S1.);
#1470 = CIRCLE('',#1471,1.7);
#1471 = AXIS2_PLACEMENT_3D('',#1472,#1473,#1474);
#1472 = CARTESIAN_POINT('',(-20.,16.,28.5));
#1473 = DIRECTION('',(0.,0.,-1.));
#1474 = DIRECTION('',(1.,0.,0.));
#1475 = PCURVE('',#99,#1476);
#1476 = DEFINITIONAL_REPRESENTATION('',(#1477),#1485);
#1477 = ( BOUNDED_CURVE() B_SPLINE_CURVE(2,(#1478,#1479,#1480,#1481,
#1482,#1483,#1484),.UNSPECIFIED.,.T.,.F.) B_SPLINE_CURVE_WITH_KNOTS((1,2
    ,2,2,2,1),(-2.094395102393,0.,2.094395102393,4.188790204786,
6.28318530718,8.377580409573),.UNSPECIFIED.) CURVE() 
GEOMETRIC_REPRESENTATION_ITEM() RATIONAL_B_SPLINE_CURVE((1.,0.5,1.,0.5,
1.,0.5,1.)) REPRESENTATION_ITEM('') );
#1478 = CARTESIAN_POINT('',(-18.3,16.));
#1479 = CARTESIAN_POINT('',(-18.3,13.055513627133));
#1480 = CARTESIAN_POINT('',(-20.85,14.527756813566));
#1481 = CARTESIAN_POINT('',(-23.4,16.));
#1482 = CARTESIAN_POINT('',(-20.85,17.472243186434));
#1483 = CARTESIAN_POINT('',(-18.3,18.944486372867));
#1484 = CARTESIAN_POINT('',(-18.3,16.));
#1485 = ( GEOMETRIC_REPRESENTATION_CONTEXT(2) 
PARAMETRIC_REPRESENTATION_CONTEXT() REPRESENTATION_CONTEXT('2D SPACE',''
  ) );
#1486 = PCURVE('',#1487,#1492);
#1487 = CYLINDRICAL_SURFACE('',#1488,1.7);
#1488 = AXIS2_PLACEMENT_3D('',#1489,#1490,#1491);
#1489 = CARTESIAN_POINT('',(-20.,16.,27.5));
#1490 = DIRECTION('',(-0.,-0.,-1.));
#1491 = DIRECTION('',(1.,0.,0.));
#1492 = DEFINITIONAL_REPRESENTATION('',(#1493),#1497);
#1493 = LINE('',#1494,#1495);
#1494 = CARTESIAN_POINT('',(-6.28318530718,-1.));
#1495 = VECTOR('',#1496,1.);
#1496 = DIRECTION('',(1.,-0.));
#1497 = ( GEOMETRIC_REPRESENTATION_CONTEXT(2) 
PARAMETRIC_REPRESENTATION_CONTEXT() REPRESENTATION_CONTEXT('2D SPACE',''
  ) );
#1498 = FACE_BOUND('',#1499,.F.);
#1499 = EDGE_LOOP('',(#1500,#1528,#1554,#1580));
#1500 = ORIENTED_EDGE('',*,*,#1501,.T.);
#1501 = EDGE_CURVE('',#1502,#1504,#1506,.T.);
#1502 = VERTEX_POINT('',#1503);
#1503 = CARTESIAN_POINT('',(35.51,12.25,28.5));
#1504 = VERTEX_POINT('',#1505);
#1505 = CARTESIAN_POINT('',(35.51,-12.25,28.5));
#1506 = SURFACE_CURVE('',#1507,(#1511,#1517),.PCURVE_S1.);
#1507 = LINE('',#1508,#1509);
#1508 = CARTESIAN_POINT('',(35.51,-6.125,28.5));
#1509 = VECTOR('',#1510,1.);
#1510 = DIRECTION('',(0.,-1.,0.));
#1511 = PCURVE('',#99,#1512);
#1512 = DEFINITIONAL_REPRESENTATION('',(#1513),#1516);
#1513 = B_SPLINE_CURVE_WITH_KNOTS('',1,(#1514,#1515),.UNSPECIFIED.,.F.,
  .F.,(2,2),(-18.375,6.125),.PIECEWISE_BEZIER_KNOTS.);
#1514 = CARTESIAN_POINT('',(35.51,12.25));
#1515 = CARTESIAN_POINT('',(35.51,-12.25));
#1516 = ( GEOMETRIC_REPRESENTATION_CONTEXT(2) 
PARAMETRIC_REPRESENTATION_CONTEXT() REPRESENTATION_CONTEXT('2D SPACE',''
  ) );
#1517 = PCURVE('',#1518,#1523);
#1518 = PLANE('',#1519);
#1519 = AXIS2_PLACEMENT_3D('',#1520,#1521,#1522);
#1520 = CARTESIAN_POINT('',(35.51,-12.25,27.5));
#1521 = DIRECTION('',(-1.,0.,0.));
#1522 = DIRECTION('',(0.,1.,0.));
#1523 = DEFINITIONAL_REPRESENTATION('',(#1524),#1527);
#1524 = B_SPLINE_CURVE_WITH_KNOTS('',1,(#1525,#1526),.UNSPECIFIED.,.F.,
  .F.,(2,2),(-18.375,6.125),.PIECEWISE_BEZIER_KNOTS.);
#1525 = CARTESIAN_POINT('',(24.5,-1.));
#1526 = CARTESIAN_POINT('',(0.,-1.));
#1527 = ( GEOMETRIC_REPRESENTATION_CONTEXT(2) 
PARAMETRIC_REPRESENTATION_CONTEXT() REPRESENTATION_CONTEXT('2D SPACE',''
  ) );
#1528 = ORIENTED_EDGE('',*,*,#1529,.T.);
#1529 = EDGE_CURVE('',#1504,#1530,#1532,.T.);
#1530 = VERTEX_POINT('',#1531);
#1531 = CARTESIAN_POINT('',(-10.51,-12.25,28.5));
#1532 = SURFACE_CURVE('',#1533,(#1537,#1543),.PCURVE_S1.);
#1533 = LINE('',#1534,#1535);
#1534 = CARTESIAN_POINT('',(-5.255,-12.25,28.5));
#1535 = VECTOR('',#1536,1.);
#1536 = DIRECTION('',(-1.,0.,0.));
#1537 = PCURVE('',#99,#1538);
#1538 = DEFINITIONAL_REPRESENTATION('',(#1539),#1542);
#1539 = B_SPLINE_CURVE_WITH_KNOTS('',1,(#1540,#1541),.UNSPECIFIED.,.F.,
  .F.,(2,2),(-40.765,5.255),.PIECEWISE_BEZIER_KNOTS.);
#1540 = CARTESIAN_POINT('',(35.51,-12.25));
#1541 = CARTESIAN_POINT('',(-10.51,-12.25));
#1542 = ( GEOMETRIC_REPRESENTATION_CONTEXT(2) 
PARAMETRIC_REPRESENTATION_CONTEXT() REPRESENTATION_CONTEXT('2D SPACE',''
  ) );
#1543 = PCURVE('',#1544,#1549);
#1544 = PLANE('',#1545);
#1545 = AXIS2_PLACEMENT_3D('',#1546,#1547,#1548);
#1546 = CARTESIAN_POINT('',(-10.51,-12.25,27.5));
#1547 = DIRECTION('',(0.,1.,0.));
#1548 = DIRECTION('',(1.,0.,0.));
#1549 = DEFINITIONAL_REPRESENTATION('',(#1550),#1553);
#1550 = B_SPLINE_CURVE_WITH_KNOTS('',1,(#1551,#1552),.UNSPECIFIED.,.F.,
  .F.,(2,2),(-40.765,5.255),.PIECEWISE_BEZIER_KNOTS.);
#1551 = CARTESIAN_POINT('',(46.02,-1.));
#1552 = CARTESIAN_POINT('',(0.,-1.));
#1553 = ( GEOMETRIC_REPRESENTATION_CONTEXT(2) 
PARAMETRIC_REPRESENTATION_CONTEXT() REPRESENTATION_CONTEXT('2D SPACE',''
  ) );
#1554 = ORIENTED_EDGE('',*,*,#1555,.T.);
#1555 = EDGE_CURVE('',#1530,#1556,#1558,.T.);
#1556 = VERTEX_POINT('',#1557);
#1557 = CARTESIAN_POINT('',(-10.51,12.25,28.5));
#1558 = SURFACE_CURVE('',#1559,(#1563,#1569),.PCURVE_S1.);
#1559 = LINE('',#1560,#1561);
#1560 = CARTESIAN_POINT('',(-10.51,6.125,28.5));
#1561 = VECTOR('',#1562,1.);
#1562 = DIRECTION('',(-0.,1.,0.));
#1563 = PCURVE('',#99,#1564);
#1564 = DEFINITIONAL_REPRESENTATION('',(#1565),#1568);
#1565 = B_SPLINE_CURVE_WITH_KNOTS('',1,(#1566,#1567),.UNSPECIFIED.,.F.,
  .F.,(2,2),(-18.375,6.125),.PIECEWISE_BEZIER_KNOTS.);
#1566 = CARTESIAN_POINT('',(-10.51,-12.25));
#1567 = CARTESIAN_POINT('',(-10.51,12.25));
#1568 = ( GEOMETRIC_REPRESENTATION_CONTEXT(2) 
PARAMETRIC_REPRESENTATION_CONTEXT() REPRESENTATION_CONTEXT('2D SPACE',''
  ) );
#1569 = PCURVE('',#1570,#1575);
#1570 = PLANE('',#1571);
#1571 = AXIS2_PLACEMENT_3D('',#1572,#1573,#1574);
#1572 = CARTESIAN_POINT('',(-10.51,12.25,27.5));
#1573 = DIRECTION('',(1.,0.,-0.));
#1574 = DIRECTION('',(0.,-1.,0.));
#1575 = DEFINITIONAL_REPRESENTATION('',(#1576),#1579);
#1576 = B_SPLINE_CURVE_WITH_KNOTS('',1,(#1577,#1578),.UNSPECIFIED.,.F.,
  .F.,(2,2),(-18.375,6.125),.PIECEWISE_BEZIER_KNOTS.);
#1577 = CARTESIAN_POINT('',(24.5,-1.));
#1578 = CARTESIAN_POINT('',(0.,-1.));
#1579 = ( GEOMETRIC_REPRESENTATION_CONTEXT(2) 
PARAMETRIC_REPRESENTATION_CONTEXT() REPRESENTATION_CONTEXT('2D SPACE',''
  ) );
#1580 = ORIENTED_EDGE('',*,*,#1581,.T.);
#1581 = EDGE_CURVE('',#1556,#1502,#1582,.T.);
#1582 = SURFACE_CURVE('',#1583,(#1587,#1593),.PCURVE_S1.);
#1583 = LINE('',#1584,#1585);
#1584 = CARTESIAN_POINT('',(17.755,12.25,28.5));
#1585 = VECTOR('',#1586,1.);
#1586 = DIRECTION('',(1.,0.,-0.));
#1587 = PCURVE('',#99,#1588);
#1588 = DEFINITIONAL_REPRESENTATION('',(#1589),#1592);
#1589 = B_SPLINE_CURVE_WITH_KNOTS('',1,(#1590,#1591),.UNSPECIFIED.,.F.,
  .F.,(2,2),(-28.265,17.755),.PIECEWISE_BEZIER_KNOTS.);
#1590 = CARTESIAN_POINT('',(-10.51,12.25));
#1591 = CARTESIAN_POINT('',(35.51,12.25));
#1592 = ( GEOMETRIC_REPRESENTATION_CONTEXT(2) 
PARAMETRIC_REPRESENTATION_CONTEXT() REPRESENTATION_CONTEXT('2D SPACE',''
  ) );
#1593 = PCURVE('',#1594,#1599);
#1594 = PLANE('',#1595);
#1595 = AXIS2_PLACEMENT_3D('',#1596,#1597,#1598);
#1596 = CARTESIAN_POINT('',(35.51,12.25,27.5));
#1597 = DIRECTION('',(0.,-1.,0.));
#1598 = DIRECTION('',(-1.,0.,0.));
#1599 = DEFINITIONAL_REPRESENTATION('',(#1600),#1603);
#1600 = B_SPLINE_CURVE_WITH_KNOTS('',1,(#1601,#1602),.UNSPECIFIED.,.F.,
  .F.,(2,2),(-28.265,17.755),.PIECEWISE_BEZIER_KNOTS.);
#1601 = CARTESIAN_POINT('',(46.02,-1.));
#1602 = CARTESIAN_POINT('',(0.,-1.));
#1603 = ( GEOMETRIC_REPRESENTATION_CONTEXT(2) 
PARAMETRIC_REPRESENTATION_CONTEXT() REPRESENTATION_CONTEXT('2D SPACE',''
  ) );
#1604 = FACE_BOUND('',#1605,.F.);
#1605 = EDGE_LOOP('',(#1606));
#1606 = ORIENTED_EDGE('',*,*,#1607,.F.);
#1607 = EDGE_CURVE('',#1608,#1608,#1610,.T.);
#1608 = VERTEX_POINT('',#1609);
#1609 = CARTESIAN_POINT('',(24.966801084011,14.65,28.5));
#1610 = SURFACE_CURVE('',#1611,(#1616,#1623),.PCURVE_S1.);
#1611 = CIRCLE('',#1612,1.7);
#1612 = AXIS2_PLACEMENT_3D('',#1613,#1614,#1615);
#1613 = CARTESIAN_POINT('',(26.,16.,28.5));
#1614 = DIRECTION('',(0.,0.,1.));
#1615 = DIRECTION('',(-0.607764068229,-0.794117647059,0.));
#1616 = PCURVE('',#99,#1617);
#1617 = DEFINITIONAL_REPRESENTATION('',(#1618),#1622);
#1618 = CIRCLE('',#1619,1.7);
#1619 = AXIS2_PLACEMENT_2D('',#1620,#1621);
#1620 = CARTESIAN_POINT('',(26.,16.));
#1621 = DIRECTION('',(-0.607764068229,-0.794117647059));
#1622 = ( GEOMETRIC_REPRESENTATION_CONTEXT(2) 
PARAMETRIC_REPRESENTATION_CONTEXT() REPRESENTATION_CONTEXT('2D SPACE',''
  ) );
#1623 = PCURVE('',#1624,#1629);
#1624 = CYLINDRICAL_SURFACE('',#1625,1.7);
#1625 = AXIS2_PLACEMENT_3D('',#1626,#1627,#1628);
#1626 = CARTESIAN_POINT('',(26.,16.,27.5));
#1627 = DIRECTION('',(-0.,-0.,-1.));
#1628 = DIRECTION('',(1.,0.,0.));
#1629 = DEFINITIONAL_REPRESENTATION('',(#1630),#1634);
#1630 = LINE('',#1631,#1632);
#1631 = CARTESIAN_POINT('',(2.224038255976,-1.));
#1632 = VECTOR('',#1633,1.);
#1633 = DIRECTION('',(-1.,-0.));
#1634 = ( GEOMETRIC_REPRESENTATION_CONTEXT(2) 
PARAMETRIC_REPRESENTATION_CONTEXT() REPRESENTATION_CONTEXT('2D SPACE',''
  ) );
#1635 = FACE_BOUND('',#1636,.F.);
#1636 = EDGE_LOOP('',(#1637,#1672,#1699));
#1637 = ORIENTED_EDGE('',*,*,#1638,.T.);
#1638 = EDGE_CURVE('',#1639,#1641,#1643,.T.);
#1639 = VERTEX_POINT('',#1640);
#1640 = CARTESIAN_POINT('',(29.448607665609,15.402417228574,28.5));
#1641 = VERTEX_POINT('',#1642);
#1642 = CARTESIAN_POINT('',(30.118646082711,14.65,28.5));
#1643 = SURFACE_CURVE('',#1644,(#1649,#1660),.PCURVE_S1.);
#1644 = CIRCLE('',#1645,22.6);
#1645 = AXIS2_PLACEMENT_3D('',#1646,#1647,#1648);
#1646 = CARTESIAN_POINT('',(12.91,0.,28.5));
#1647 = DIRECTION('',(0.,0.,-1.));
#1648 = DIRECTION('',(0.,1.,0.));
#1649 = PCURVE('',#99,#1650);
#1650 = DEFINITIONAL_REPRESENTATION('',(#1651),#1659);
#1651 = ( BOUNDED_CURVE() B_SPLINE_CURVE(2,(#1652,#1653,#1654,#1655,
#1656,#1657,#1658),.UNSPECIFIED.,.T.,.F.) B_SPLINE_CURVE_WITH_KNOTS((1,2
    ,2,2,2,1),(-2.094395102393,0.,2.094395102393,4.188790204786,
6.28318530718,8.377580409573),.UNSPECIFIED.) CURVE() 
GEOMETRIC_REPRESENTATION_ITEM() RATIONAL_B_SPLINE_CURVE((1.,0.5,1.,0.5,
1.,0.5,1.)) REPRESENTATION_ITEM('') );
#1652 = CARTESIAN_POINT('',(12.91,22.6));
#1653 = CARTESIAN_POINT('',(52.054348251057,22.6));
#1654 = CARTESIAN_POINT('',(32.482174125528,-11.3));
#1655 = CARTESIAN_POINT('',(12.91,-45.2));
#1656 = CARTESIAN_POINT('',(-6.662174125528,-11.3));
#1657 = CARTESIAN_POINT('',(-26.23434825105,22.6));
#1658 = CARTESIAN_POINT('',(12.91,22.6));
#1659 = ( GEOMETRIC_REPRESENTATION_CONTEXT(2) 
PARAMETRIC_REPRESENTATION_CONTEXT() REPRESENTATION_CONTEXT('2D SPACE',''
  ) );
#1660 = PCURVE('',#1661,#1666);
#1661 = CYLINDRICAL_SURFACE('',#1662,22.6);
#1662 = AXIS2_PLACEMENT_3D('',#1663,#1664,#1665);
#1663 = CARTESIAN_POINT('',(12.91,0.,28.5));
#1664 = DIRECTION('',(-0.,-0.,-1.));
#1665 = DIRECTION('',(1.,0.,0.));
#1666 = DEFINITIONAL_REPRESENTATION('',(#1667),#1671);
#1667 = LINE('',#1668,#1669);
#1668 = CARTESIAN_POINT('',(-7.853981633974,0.));
#1669 = VECTOR('',#1670,1.);
#1670 = DIRECTION('',(1.,-0.));
#1671 = ( GEOMETRIC_REPRESENTATION_CONTEXT(2) 
PARAMETRIC_REPRESENTATION_CONTEXT() REPRESENTATION_CONTEXT('2D SPACE',''
  ) );
#1672 = ORIENTED_EDGE('',*,*,#1673,.F.);
#1673 = EDGE_CURVE('',#1674,#1641,#1676,.T.);
#1674 = VERTEX_POINT('',#1675);
#1675 = CARTESIAN_POINT('',(29.229163978493,14.65,28.5));
#1676 = SURFACE_CURVE('',#1677,(#1681,#1688),.PCURVE_S1.);
#1677 = LINE('',#1678,#1679);
#1678 = CARTESIAN_POINT('',(18.955,14.65,28.5));
#1679 = VECTOR('',#1680,1.);
#1680 = DIRECTION('',(1.,0.,-0.));
#1681 = PCURVE('',#99,#1682);
#1682 = DEFINITIONAL_REPRESENTATION('',(#1683),#1687);
#1683 = LINE('',#1684,#1685);
#1684 = CARTESIAN_POINT('',(18.955,14.65));
#1685 = VECTOR('',#1686,1.);
#1686 = DIRECTION('',(1.,0.));
#1687 = ( GEOMETRIC_REPRESENTATION_CONTEXT(2) 
PARAMETRIC_REPRESENTATION_CONTEXT() REPRESENTATION_CONTEXT('2D SPACE',''
  ) );
#1688 = PCURVE('',#1689,#1694);
#1689 = PLANE('',#1690);
#1690 = AXIS2_PLACEMENT_3D('',#1691,#1692,#1693);
#1691 = CARTESIAN_POINT('',(37.91,14.65,27.5));
#1692 = DIRECTION('',(0.,-1.,0.));
#1693 = DIRECTION('',(-1.,0.,0.));
#1694 = DEFINITIONAL_REPRESENTATION('',(#1695),#1698);
#1695 = B_SPLINE_CURVE_WITH_KNOTS('',1,(#1696,#1697),.UNSPECIFIED.,.F.,
  .F.,(2,2),(-31.865,16.555),.PIECEWISE_BEZIER_KNOTS.);
#1696 = CARTESIAN_POINT('',(50.82,-1.));
#1697 = CARTESIAN_POINT('',(2.4,-1.));
#1698 = ( GEOMETRIC_REPRESENTATION_CONTEXT(2) 
PARAMETRIC_REPRESENTATION_CONTEXT() REPRESENTATION_CONTEXT('2D SPACE',''
  ) );
#1699 = ORIENTED_EDGE('',*,*,#1700,.T.);
#1700 = EDGE_CURVE('',#1674,#1639,#1701,.T.);
#1701 = SURFACE_CURVE('',#1702,(#1707,#1714),.PCURVE_S1.);
#1702 = CIRCLE('',#1703,3.5);
#1703 = AXIS2_PLACEMENT_3D('',#1704,#1705,#1706);
#1704 = CARTESIAN_POINT('',(26.,16.,28.5));
#1705 = DIRECTION('',(0.,0.,1.));
#1706 = DIRECTION('',(1.,0.,0.));
#1707 = PCURVE('',#99,#1708);
#1708 = DEFINITIONAL_REPRESENTATION('',(#1709),#1713);
#1709 = CIRCLE('',#1710,3.5);
#1710 = AXIS2_PLACEMENT_2D('',#1711,#1712);
#1711 = CARTESIAN_POINT('',(26.,16.));
#1712 = DIRECTION('',(1.,0.));
#1713 = ( GEOMETRIC_REPRESENTATION_CONTEXT(2) 
PARAMETRIC_REPRESENTATION_CONTEXT() REPRESENTATION_CONTEXT('2D SPACE',''
  ) );
#1714 = PCURVE('',#1715,#1720);
#1715 = CYLINDRICAL_SURFACE('',#1716,3.5);
#1716 = AXIS2_PLACEMENT_3D('',#1717,#1718,#1719);
#1717 = CARTESIAN_POINT('',(26.,16.,28.5));
#1718 = DIRECTION('',(-0.,-0.,-1.));
#1719 = DIRECTION('',(1.,0.,0.));
#1720 = DEFINITIONAL_REPRESENTATION('',(#1721),#1725);
#1721 = LINE('',#1722,#1723);
#1722 = CARTESIAN_POINT('',(-0.,0.));
#1723 = VECTOR('',#1724,1.);
#1724 = DIRECTION('',(-1.,0.));
#1725 = ( GEOMETRIC_REPRESENTATION_CONTEXT(2) 
PARAMETRIC_REPRESENTATION_CONTEXT() REPRESENTATION_CONTEXT('2D SPACE',''
  ) );
#1726 = ADVANCED_FACE('',(#1727),#1715,.T.);
#1727 = FACE_BOUND('',#1728,.F.);
#1728 = EDGE_LOOP('',(#1729,#1750,#1751,#1772));
#1729 = ORIENTED_EDGE('',*,*,#1730,.T.);
#1730 = EDGE_CURVE('',#1731,#1639,#1733,.T.);
#1731 = VERTEX_POINT('',#1732);
#1732 = CARTESIAN_POINT('',(29.448607665609,15.402417228574,65.889));
#1733 = SURFACE_CURVE('',#1734,(#1738,#1744),.PCURVE_S1.);
#1734 = LINE('',#1735,#1736);
#1735 = CARTESIAN_POINT('',(29.448607665609,15.402417228574,28.5));
#1736 = VECTOR('',#1737,1.);
#1737 = DIRECTION('',(-0.,-0.,-1.));
#1738 = PCURVE('',#1715,#1739);
#1739 = DEFINITIONAL_REPRESENTATION('',(#1740),#1743);
#1740 = B_SPLINE_CURVE_WITH_KNOTS('',1,(#1741,#1742),.UNSPECIFIED.,.F.,
  .F.,(2,2),(-37.3890006,5.999999999062E-07),.PIECEWISE_BEZIER_KNOTS.);
#1741 = CARTESIAN_POINT('',(-6.111606754922,-37.3890006));
#1742 = CARTESIAN_POINT('',(-6.111606754922,5.999999999062E-07));
#1743 = ( GEOMETRIC_REPRESENTATION_CONTEXT(2) 
PARAMETRIC_REPRESENTATION_CONTEXT() REPRESENTATION_CONTEXT('2D SPACE',''
  ) );
#1744 = PCURVE('',#1661,#1745);
#1745 = DEFINITIONAL_REPRESENTATION('',(#1746),#1749);
#1746 = B_SPLINE_CURVE_WITH_KNOTS('',1,(#1747,#1748),.UNSPECIFIED.,.F.,
  .F.,(2,2),(-37.3890006,5.999999999062E-07),.PIECEWISE_BEZIER_KNOTS.);
#1747 = CARTESIAN_POINT('',(-7.033026954002,-37.3890006));
#1748 = CARTESIAN_POINT('',(-7.033026954002,5.999999999062E-07));
#1749 = ( GEOMETRIC_REPRESENTATION_CONTEXT(2) 
PARAMETRIC_REPRESENTATION_CONTEXT() REPRESENTATION_CONTEXT('2D SPACE',''
  ) );
#1750 = ORIENTED_EDGE('',*,*,#1700,.F.);
#1751 = ORIENTED_EDGE('',*,*,#1752,.F.);
#1752 = EDGE_CURVE('',#1753,#1674,#1755,.T.);
#1753 = VERTEX_POINT('',#1754);
#1754 = CARTESIAN_POINT('',(29.229163978493,14.65,65.889));
#1755 = SURFACE_CURVE('',#1756,(#1760,#1766),.PCURVE_S1.);
#1756 = LINE('',#1757,#1758);
#1757 = CARTESIAN_POINT('',(29.229163978494,14.65,28.5));
#1758 = VECTOR('',#1759,1.);
#1759 = DIRECTION('',(-0.,-0.,-1.));
#1760 = PCURVE('',#1715,#1761);
#1761 = DEFINITIONAL_REPRESENTATION('',(#1762),#1765);
#1762 = B_SPLINE_CURVE_WITH_KNOTS('',1,(#1763,#1764),.UNSPECIFIED.,.F.,
  .F.,(2,2),(-37.3890006,5.999999999062E-07),.PIECEWISE_BEZIER_KNOTS.);
#1763 = CARTESIAN_POINT('',(-5.887203415604,-37.3890006));
#1764 = CARTESIAN_POINT('',(-5.887203415604,5.999999999062E-07));
#1765 = ( GEOMETRIC_REPRESENTATION_CONTEXT(2) 
PARAMETRIC_REPRESENTATION_CONTEXT() REPRESENTATION_CONTEXT('2D SPACE',''
  ) );
#1766 = PCURVE('',#1689,#1767);
#1767 = DEFINITIONAL_REPRESENTATION('',(#1768),#1771);
#1768 = B_SPLINE_CURVE_WITH_KNOTS('',1,(#1769,#1770),.UNSPECIFIED.,.F.,
  .F.,(2,2),(-37.3890006,5.999999999062E-07),.PIECEWISE_BEZIER_KNOTS.);
#1769 = CARTESIAN_POINT('',(8.680836021506,-38.3890006));
#1770 = CARTESIAN_POINT('',(8.680836021506,-0.9999994));
#1771 = ( GEOMETRIC_REPRESENTATION_CONTEXT(2) 
PARAMETRIC_REPRESENTATION_CONTEXT() REPRESENTATION_CONTEXT('2D SPACE',''
  ) );
#1772 = ORIENTED_EDGE('',*,*,#1773,.T.);
#1773 = EDGE_CURVE('',#1753,#1731,#1774,.T.);
#1774 = SURFACE_CURVE('',#1775,(#1780,#1787),.PCURVE_S1.);
#1775 = CIRCLE('',#1776,3.5);
#1776 = AXIS2_PLACEMENT_3D('',#1777,#1778,#1779);
#1777 = CARTESIAN_POINT('',(26.,16.,65.889));
#1778 = DIRECTION('',(0.,0.,1.));
#1779 = DIRECTION('',(1.,0.,0.));
#1780 = PCURVE('',#1715,#1781);
#1781 = DEFINITIONAL_REPRESENTATION('',(#1782),#1786);
#1782 = LINE('',#1783,#1784);
#1783 = CARTESIAN_POINT('',(-0.,-37.389));
#1784 = VECTOR('',#1785,1.);
#1785 = DIRECTION('',(-1.,0.));
#1786 = ( GEOMETRIC_REPRESENTATION_CONTEXT(2) 
PARAMETRIC_REPRESENTATION_CONTEXT() REPRESENTATION_CONTEXT('2D SPACE',''
  ) );
#1787 = PCURVE('',#44,#1788);
#1788 = DEFINITIONAL_REPRESENTATION('',(#1789),#1793);
#1789 = CIRCLE('',#1790,3.5);
#1790 = AXIS2_PLACEMENT_2D('',#1791,#1792);
#1791 = CARTESIAN_POINT('',(13.09,16.));
#1792 = DIRECTION('',(1.,0.));
#1793 = ( GEOMETRIC_REPRESENTATION_CONTEXT(2) 
PARAMETRIC_REPRESENTATION_CONTEXT() REPRESENTATION_CONTEXT('2D SPACE',''
  ) );
#1794 = ADVANCED_FACE('',(#1795),#1689,.F.);
#1795 = FACE_BOUND('',#1796,.F.);
#1796 = EDGE_LOOP('',(#1797,#1819,#1820,#1821));
#1797 = ORIENTED_EDGE('',*,*,#1798,.F.);
#1798 = EDGE_CURVE('',#1753,#1799,#1801,.T.);
#1799 = VERTEX_POINT('',#1800);
#1800 = CARTESIAN_POINT('',(30.118646082711,14.65,65.889));
#1801 = SURFACE_CURVE('',#1802,(#1806,#1812),.PCURVE_S1.);
#1802 = LINE('',#1803,#1804);
#1803 = CARTESIAN_POINT('',(25.41,14.65,65.889));
#1804 = VECTOR('',#1805,1.);
#1805 = DIRECTION('',(1.,0.,-0.));
#1806 = PCURVE('',#1689,#1807);
#1807 = DEFINITIONAL_REPRESENTATION('',(#1808),#1811);
#1808 = B_SPLINE_CURVE_WITH_KNOTS('',1,(#1809,#1810),.UNSPECIFIED.,.F.,
  .F.,(2,2),(-38.32,10.1),.PIECEWISE_BEZIER_KNOTS.);
#1809 = CARTESIAN_POINT('',(50.82,-38.389));
#1810 = CARTESIAN_POINT('',(2.4,-38.389));
#1811 = ( GEOMETRIC_REPRESENTATION_CONTEXT(2) 
PARAMETRIC_REPRESENTATION_CONTEXT() REPRESENTATION_CONTEXT('2D SPACE',''
  ) );
#1812 = PCURVE('',#44,#1813);
#1813 = DEFINITIONAL_REPRESENTATION('',(#1814),#1818);
#1814 = LINE('',#1815,#1816);
#1815 = CARTESIAN_POINT('',(12.5,14.65));
#1816 = VECTOR('',#1817,1.);
#1817 = DIRECTION('',(1.,0.));
#1818 = ( GEOMETRIC_REPRESENTATION_CONTEXT(2) 
PARAMETRIC_REPRESENTATION_CONTEXT() REPRESENTATION_CONTEXT('2D SPACE',''
  ) );
#1819 = ORIENTED_EDGE('',*,*,#1752,.T.);
#1820 = ORIENTED_EDGE('',*,*,#1673,.T.);
#1821 = ORIENTED_EDGE('',*,*,#1822,.F.);
#1822 = EDGE_CURVE('',#1799,#1641,#1823,.T.);
#1823 = SURFACE_CURVE('',#1824,(#1828,#1834),.PCURVE_S1.);
#1824 = LINE('',#1825,#1826);
#1825 = CARTESIAN_POINT('',(30.118646082711,14.65,28.5));
#1826 = VECTOR('',#1827,1.);
#1827 = DIRECTION('',(-0.,-0.,-1.));
#1828 = PCURVE('',#1689,#1829);
#1829 = DEFINITIONAL_REPRESENTATION('',(#1830),#1833);
#1830 = B_SPLINE_CURVE_WITH_KNOTS('',1,(#1831,#1832),.UNSPECIFIED.,.F.,
  .F.,(2,2),(-37.3890006,5.999999999062E-07),.PIECEWISE_BEZIER_KNOTS.);
#1831 = CARTESIAN_POINT('',(7.791353917289,-38.3890006));
#1832 = CARTESIAN_POINT('',(7.791353917289,-0.9999994));
#1833 = ( GEOMETRIC_REPRESENTATION_CONTEXT(2) 
PARAMETRIC_REPRESENTATION_CONTEXT() REPRESENTATION_CONTEXT('2D SPACE',''
  ) );
#1834 = PCURVE('',#1661,#1835);
#1835 = DEFINITIONAL_REPRESENTATION('',(#1836),#1839);
#1836 = B_SPLINE_CURVE_WITH_KNOTS('',1,(#1837,#1838),.UNSPECIFIED.,.F.,
  .F.,(2,2),(-37.3890006,5.999999999062E-07),.PIECEWISE_BEZIER_KNOTS.);
#1837 = CARTESIAN_POINT('',(-6.988443024493,-37.3890006));
#1838 = CARTESIAN_POINT('',(-6.988443024493,5.999999999062E-07));
#1839 = ( GEOMETRIC_REPRESENTATION_CONTEXT(2) 
PARAMETRIC_REPRESENTATION_CONTEXT() REPRESENTATION_CONTEXT('2D SPACE',''
  ) );
#1840 = ADVANCED_FACE('',(#1841),#1661,.F.);
#1841 = FACE_BOUND('',#1842,.T.);
#1842 = EDGE_LOOP('',(#1843,#1869,#1870,#1871));
#1843 = ORIENTED_EDGE('',*,*,#1844,.F.);
#1844 = EDGE_CURVE('',#1731,#1799,#1845,.T.);
#1845 = SURFACE_CURVE('',#1846,(#1851,#1858),.PCURVE_S1.);
#1846 = CIRCLE('',#1847,22.6);
#1847 = AXIS2_PLACEMENT_3D('',#1848,#1849,#1850);
#1848 = CARTESIAN_POINT('',(12.91,0.,65.889));
#1849 = DIRECTION('',(0.,0.,-1.));
#1850 = DIRECTION('',(0.,1.,0.));
#1851 = PCURVE('',#1661,#1852);
#1852 = DEFINITIONAL_REPRESENTATION('',(#1853),#1857);
#1853 = LINE('',#1854,#1855);
#1854 = CARTESIAN_POINT('',(-7.853981633974,-37.389));
#1855 = VECTOR('',#1856,1.);
#1856 = DIRECTION('',(1.,-0.));
#1857 = ( GEOMETRIC_REPRESENTATION_CONTEXT(2) 
PARAMETRIC_REPRESENTATION_CONTEXT() REPRESENTATION_CONTEXT('2D SPACE',''
  ) );
#1858 = PCURVE('',#44,#1859);
#1859 = DEFINITIONAL_REPRESENTATION('',(#1860),#1868);
#1860 = ( BOUNDED_CURVE() B_SPLINE_CURVE(2,(#1861,#1862,#1863,#1864,
#1865,#1866,#1867),.UNSPECIFIED.,.T.,.F.) B_SPLINE_CURVE_WITH_KNOTS((1,2
    ,2,2,2,1),(-2.094395102393,0.,2.094395102393,4.188790204786,
6.28318530718,8.377580409573),.UNSPECIFIED.) CURVE() 
GEOMETRIC_REPRESENTATION_ITEM() RATIONAL_B_SPLINE_CURVE((1.,0.5,1.,0.5,
1.,0.5,1.)) REPRESENTATION_ITEM('') );
#1861 = CARTESIAN_POINT('',(1.7763568394E-15,22.6));
#1862 = CARTESIAN_POINT('',(39.144348251057,22.6));
#1863 = CARTESIAN_POINT('',(19.572174125528,-11.3));
#1864 = CARTESIAN_POINT('',(7.311760371546E-15,-45.2));
#1865 = CARTESIAN_POINT('',(-19.57217412552,-11.3));
#1866 = CARTESIAN_POINT('',(-39.14434825105,22.6));
#1867 = CARTESIAN_POINT('',(1.7763568394E-15,22.6));
#1868 = ( GEOMETRIC_REPRESENTATION_CONTEXT(2) 
PARAMETRIC_REPRESENTATION_CONTEXT() REPRESENTATION_CONTEXT('2D SPACE',''
  ) );
#1869 = ORIENTED_EDGE('',*,*,#1730,.T.);
#1870 = ORIENTED_EDGE('',*,*,#1638,.T.);
#1871 = ORIENTED_EDGE('',*,*,#1822,.F.);
#1872 = ADVANCED_FACE('',(#1873),#1624,.F.);
#1873 = FACE_BOUND('',#1874,.T.);
#1874 = EDGE_LOOP('',(#1875,#1903,#1923,#1924));
#1875 = ORIENTED_EDGE('',*,*,#1876,.F.);
#1876 = EDGE_CURVE('',#1877,#1877,#1879,.T.);
#1877 = VERTEX_POINT('',#1878);
#1878 = CARTESIAN_POINT('',(24.966801084011,14.65,65.889));
#1879 = SURFACE_CURVE('',#1880,(#1885,#1892),.PCURVE_S1.);
#1880 = CIRCLE('',#1881,1.7);
#1881 = AXIS2_PLACEMENT_3D('',#1882,#1883,#1884);
#1882 = CARTESIAN_POINT('',(26.,16.,65.889));
#1883 = DIRECTION('',(-0.,0.,-1.));
#1884 = DIRECTION('',(-0.607764068229,-0.794117647059,0.));
#1885 = PCURVE('',#1624,#1886);
#1886 = DEFINITIONAL_REPRESENTATION('',(#1887),#1891);
#1887 = LINE('',#1888,#1889);
#1888 = CARTESIAN_POINT('',(-4.059147051204,-38.389));
#1889 = VECTOR('',#1890,1.);
#1890 = DIRECTION('',(1.,-0.));
#1891 = ( GEOMETRIC_REPRESENTATION_CONTEXT(2) 
PARAMETRIC_REPRESENTATION_CONTEXT() REPRESENTATION_CONTEXT('2D SPACE',''
  ) );
#1892 = PCURVE('',#44,#1893);
#1893 = DEFINITIONAL_REPRESENTATION('',(#1894),#1902);
#1894 = ( BOUNDED_CURVE() B_SPLINE_CURVE(2,(#1895,#1896,#1897,#1898,
#1899,#1900,#1901),.UNSPECIFIED.,.T.,.F.) B_SPLINE_CURVE_WITH_KNOTS((1,2
    ,2,2,2,1),(-2.094395102393,0.,2.094395102393,4.188790204786,
6.28318530718,8.377580409573),.UNSPECIFIED.) CURVE() 
GEOMETRIC_REPRESENTATION_ITEM() RATIONAL_B_SPLINE_CURVE((1.,0.5,1.,0.5,
1.,0.5,1.)) REPRESENTATION_ITEM('') );
#1895 = CARTESIAN_POINT('',(12.056801084011,14.65));
#1896 = CARTESIAN_POINT('',(9.718532493793,16.439553016817));
#1897 = CARTESIAN_POINT('',(12.437465162885,17.569776508409));
#1898 = CARTESIAN_POINT('',(15.156397831977,18.7));
#1899 = CARTESIAN_POINT('',(14.775733753103,15.780223491591));
#1900 = CARTESIAN_POINT('',(14.395069674229,12.860446983183));
#1901 = CARTESIAN_POINT('',(12.056801084011,14.65));
#1902 = ( GEOMETRIC_REPRESENTATION_CONTEXT(2) 
PARAMETRIC_REPRESENTATION_CONTEXT() REPRESENTATION_CONTEXT('2D SPACE',''
  ) );
#1903 = ORIENTED_EDGE('',*,*,#1904,.T.);
#1904 = EDGE_CURVE('',#1877,#1608,#1905,.T.);
#1905 = SEAM_CURVE('',#1906,(#1910,#1916),.PCURVE_S1.);
#1906 = LINE('',#1907,#1908);
#1907 = CARTESIAN_POINT('',(24.966801084011,14.65,27.5));
#1908 = VECTOR('',#1909,1.);
#1909 = DIRECTION('',(-0.,-0.,-1.));
#1910 = PCURVE('',#1624,#1911);
#1911 = DEFINITIONAL_REPRESENTATION('',(#1912),#1915);
#1912 = B_SPLINE_CURVE_WITH_KNOTS('',1,(#1913,#1914),.UNSPECIFIED.,.F.,
  .F.,(2,2),(-38.389,-1.),.PIECEWISE_BEZIER_KNOTS.);
#1913 = CARTESIAN_POINT('',(-4.059147051204,-38.389));
#1914 = CARTESIAN_POINT('',(-4.059147051204,-1.));
#1915 = ( GEOMETRIC_REPRESENTATION_CONTEXT(2) 
PARAMETRIC_REPRESENTATION_CONTEXT() REPRESENTATION_CONTEXT('2D SPACE',''
  ) );
#1916 = PCURVE('',#1624,#1917);
#1917 = DEFINITIONAL_REPRESENTATION('',(#1918),#1922);
#1918 = LINE('',#1919,#1920);
#1919 = CARTESIAN_POINT('',(2.224038255976,-0.));
#1920 = VECTOR('',#1921,1.);
#1921 = DIRECTION('',(-0.,1.));
#1922 = ( GEOMETRIC_REPRESENTATION_CONTEXT(2) 
PARAMETRIC_REPRESENTATION_CONTEXT() REPRESENTATION_CONTEXT('2D SPACE',''
  ) );
#1923 = ORIENTED_EDGE('',*,*,#1607,.F.);
#1924 = ORIENTED_EDGE('',*,*,#1904,.F.);
#1925 = ADVANCED_FACE('',(#1926),#1594,.T.);
#1926 = FACE_BOUND('',#1927,.T.);
#1927 = EDGE_LOOP('',(#1928,#1951,#1952,#1975,#2001,#2027,#2055,#2081,
    #2107,#2133));
#1928 = ORIENTED_EDGE('',*,*,#1929,.F.);
#1929 = EDGE_CURVE('',#1556,#1930,#1932,.T.);
#1930 = VERTEX_POINT('',#1931);
#1931 = CARTESIAN_POINT('',(-10.51,12.25,63.489));
#1932 = SURFACE_CURVE('',#1933,(#1937,#1944),.PCURVE_S1.);
#1933 = LINE('',#1934,#1935);
#1934 = CARTESIAN_POINT('',(-10.51,12.25,27.5));
#1935 = VECTOR('',#1936,1.);
#1936 = DIRECTION('',(0.,0.,1.));
#1937 = PCURVE('',#1594,#1938);
#1938 = DEFINITIONAL_REPRESENTATION('',(#1939),#1943);
#1939 = LINE('',#1940,#1941);
#1940 = CARTESIAN_POINT('',(46.02,0.));
#1941 = VECTOR('',#1942,1.);
#1942 = DIRECTION('',(0.,-1.));
#1943 = ( GEOMETRIC_REPRESENTATION_CONTEXT(2) 
PARAMETRIC_REPRESENTATION_CONTEXT() REPRESENTATION_CONTEXT('2D SPACE',''
  ) );
#1944 = PCURVE('',#1570,#1945);
#1945 = DEFINITIONAL_REPRESENTATION('',(#1946),#1950);
#1946 = LINE('',#1947,#1948);
#1947 = CARTESIAN_POINT('',(0.,0.));
#1948 = VECTOR('',#1949,1.);
#1949 = DIRECTION('',(0.,-1.));
#1950 = ( GEOMETRIC_REPRESENTATION_CONTEXT(2) 
PARAMETRIC_REPRESENTATION_CONTEXT() REPRESENTATION_CONTEXT('2D SPACE',''
  ) );
#1951 = ORIENTED_EDGE('',*,*,#1581,.T.);
#1952 = ORIENTED_EDGE('',*,*,#1953,.T.);
#1953 = EDGE_CURVE('',#1502,#1954,#1956,.T.);
#1954 = VERTEX_POINT('',#1955);
#1955 = CARTESIAN_POINT('',(35.51,12.25,60.5));
#1956 = SURFACE_CURVE('',#1957,(#1961,#1968),.PCURVE_S1.);
#1957 = LINE('',#1958,#1959);
#1958 = CARTESIAN_POINT('',(35.51,12.25,27.5));
#1959 = VECTOR('',#1960,1.);
#1960 = DIRECTION('',(0.,0.,1.));
#1961 = PCURVE('',#1594,#1962);
#1962 = DEFINITIONAL_REPRESENTATION('',(#1963),#1967);
#1963 = LINE('',#1964,#1965);
#1964 = CARTESIAN_POINT('',(0.,-0.));
#1965 = VECTOR('',#1966,1.);
#1966 = DIRECTION('',(0.,-1.));
#1967 = ( GEOMETRIC_REPRESENTATION_CONTEXT(2) 
PARAMETRIC_REPRESENTATION_CONTEXT() REPRESENTATION_CONTEXT('2D SPACE',''
  ) );
#1968 = PCURVE('',#1518,#1969);
#1969 = DEFINITIONAL_REPRESENTATION('',(#1970),#1974);
#1970 = LINE('',#1971,#1972);
#1971 = CARTESIAN_POINT('',(24.5,0.));
#1972 = VECTOR('',#1973,1.);
#1973 = DIRECTION('',(0.,-1.));
#1974 = ( GEOMETRIC_REPRESENTATION_CONTEXT(2) 
PARAMETRIC_REPRESENTATION_CONTEXT() REPRESENTATION_CONTEXT('2D SPACE',''
  ) );
#1975 = ORIENTED_EDGE('',*,*,#1976,.T.);
#1976 = EDGE_CURVE('',#1954,#1977,#1979,.T.);
#1977 = VERTEX_POINT('',#1978);
#1978 = CARTESIAN_POINT('',(29.518901115719,12.25,60.5));
#1979 = SURFACE_CURVE('',#1980,(#1984,#1990),.PCURVE_S1.);
#1980 = LINE('',#1981,#1982);
#1981 = CARTESIAN_POINT('',(34.13,12.25,60.5));
#1982 = VECTOR('',#1983,1.);
#1983 = DIRECTION('',(-1.,0.,0.));
#1984 = PCURVE('',#1594,#1985);
#1985 = DEFINITIONAL_REPRESENTATION('',(#1986),#1989);
#1986 = B_SPLINE_CURVE_WITH_KNOTS('',1,(#1987,#1988),.UNSPECIFIED.,.F.,
  .F.,(2,2),(-1.38,5.18),.PIECEWISE_BEZIER_KNOTS.);
#1987 = CARTESIAN_POINT('',(0.,-33.));
#1988 = CARTESIAN_POINT('',(6.56,-33.));
#1989 = ( GEOMETRIC_REPRESENTATION_CONTEXT(2) 
PARAMETRIC_REPRESENTATION_CONTEXT() REPRESENTATION_CONTEXT('2D SPACE',''
  ) );
#1990 = PCURVE('',#1991,#1996);
#1991 = PLANE('',#1992);
#1992 = AXIS2_PLACEMENT_3D('',#1993,#1994,#1995);
#1993 = CARTESIAN_POINT('',(32.75,10.25,60.5));
#1994 = DIRECTION('',(0.,0.,1.));
#1995 = DIRECTION('',(1.,0.,-0.));
#1996 = DEFINITIONAL_REPRESENTATION('',(#1997),#2000);
#1997 = B_SPLINE_CURVE_WITH_KNOTS('',1,(#1998,#1999),.UNSPECIFIED.,.F.,
  .F.,(2,2),(-1.38,5.18),.PIECEWISE_BEZIER_KNOTS.);
#1998 = CARTESIAN_POINT('',(2.76,2.));
#1999 = CARTESIAN_POINT('',(-3.8,2.));
#2000 = ( GEOMETRIC_REPRESENTATION_CONTEXT(2) 
PARAMETRIC_REPRESENTATION_CONTEXT() REPRESENTATION_CONTEXT('2D SPACE',''
  ) );
#2001 = ORIENTED_EDGE('',*,*,#2002,.F.);
#2002 = EDGE_CURVE('',#2003,#1977,#2005,.T.);
#2003 = VERTEX_POINT('',#2004);
#2004 = CARTESIAN_POINT('',(29.518901115719,12.25,63.489));
#2005 = SURFACE_CURVE('',#2006,(#2010,#2016),.PCURVE_S1.);
#2006 = LINE('',#2007,#2008);
#2007 = CARTESIAN_POINT('',(29.518901115719,12.25,60.5));
#2008 = VECTOR('',#2009,1.);
#2009 = DIRECTION('',(-0.,-0.,-1.));
#2010 = PCURVE('',#1594,#2011);
#2011 = DEFINITIONAL_REPRESENTATION('',(#2012),#2015);
#2012 = B_SPLINE_CURVE_WITH_KNOTS('',1,(#2013,#2014),.UNSPECIFIED.,.F.,
  .F.,(2,2),(-3.4890006,5.999999999062E-07),.PIECEWISE_BEZIER_KNOTS.);
#2013 = CARTESIAN_POINT('',(5.991098884281,-36.4890006));
#2014 = CARTESIAN_POINT('',(5.991098884281,-32.9999994));
#2015 = ( GEOMETRIC_REPRESENTATION_CONTEXT(2) 
PARAMETRIC_REPRESENTATION_CONTEXT() REPRESENTATION_CONTEXT('2D SPACE',''
  ) );
#2016 = PCURVE('',#2017,#2022);
#2017 = CYLINDRICAL_SURFACE('',#2018,3.8);
#2018 = AXIS2_PLACEMENT_3D('',#2019,#2020,#2021);
#2019 = CARTESIAN_POINT('',(32.75,10.25,60.5));
#2020 = DIRECTION('',(-0.,-0.,-1.));
#2021 = DIRECTION('',(1.,0.,0.));
#2022 = DEFINITIONAL_REPRESENTATION('',(#2023),#2026);
#2023 = B_SPLINE_CURVE_WITH_KNOTS('',1,(#2024,#2025),.UNSPECIFIED.,.F.,
  .F.,(2,2),(-3.4890006,5.999999999062E-07),.PIECEWISE_BEZIER_KNOTS.);
#2024 = CARTESIAN_POINT('',(-8.870516126317,-3.4890006));
#2025 = CARTESIAN_POINT('',(-8.870516126317,5.999999999062E-07));
#2026 = ( GEOMETRIC_REPRESENTATION_CONTEXT(2) 
PARAMETRIC_REPRESENTATION_CONTEXT() REPRESENTATION_CONTEXT('2D SPACE',''
  ) );
#2027 = ORIENTED_EDGE('',*,*,#2028,.T.);
#2028 = EDGE_CURVE('',#2003,#2029,#2031,.T.);
#2029 = VERTEX_POINT('',#2030);
#2030 = CARTESIAN_POINT('',(11.531098884281,12.25,63.489));
#2031 = SURFACE_CURVE('',#2032,(#2036,#2043),.PCURVE_S1.);
#2032 = LINE('',#2033,#2034);
#2033 = CARTESIAN_POINT('',(35.51,12.25,63.489));
#2034 = VECTOR('',#2035,1.);
#2035 = DIRECTION('',(-1.,0.,0.));
#2036 = PCURVE('',#1594,#2037);
#2037 = DEFINITIONAL_REPRESENTATION('',(#2038),#2042);
#2038 = LINE('',#2039,#2040);
#2039 = CARTESIAN_POINT('',(0.,-35.989));
#2040 = VECTOR('',#2041,1.);
#2041 = DIRECTION('',(1.,0.));
#2042 = ( GEOMETRIC_REPRESENTATION_CONTEXT(2) 
PARAMETRIC_REPRESENTATION_CONTEXT() REPRESENTATION_CONTEXT('2D SPACE',''
  ) );
#2043 = PCURVE('',#2044,#2049);
#2044 = PLANE('',#2045);
#2045 = AXIS2_PLACEMENT_3D('',#2046,#2047,#2048);
#2046 = CARTESIAN_POINT('',(12.5,0.,63.489));
#2047 = DIRECTION('',(0.,0.,1.));
#2048 = DIRECTION('',(1.,0.,-0.));
#2049 = DEFINITIONAL_REPRESENTATION('',(#2050),#2054);
#2050 = LINE('',#2051,#2052);
#2051 = CARTESIAN_POINT('',(23.01,12.25));
#2052 = VECTOR('',#2053,1.);
#2053 = DIRECTION('',(-1.,0.));
#2054 = ( GEOMETRIC_REPRESENTATION_CONTEXT(2) 
PARAMETRIC_REPRESENTATION_CONTEXT() REPRESENTATION_CONTEXT('2D SPACE',''
  ) );
#2055 = ORIENTED_EDGE('',*,*,#2056,.T.);
#2056 = EDGE_CURVE('',#2029,#2057,#2059,.T.);
#2057 = VERTEX_POINT('',#2058);
#2058 = CARTESIAN_POINT('',(11.531098884281,12.25,60.5));
#2059 = SURFACE_CURVE('',#2060,(#2064,#2070),.PCURVE_S1.);
#2060 = LINE('',#2061,#2062);
#2061 = CARTESIAN_POINT('',(11.531098884281,12.25,60.5));
#2062 = VECTOR('',#2063,1.);
#2063 = DIRECTION('',(-0.,-0.,-1.));
#2064 = PCURVE('',#1594,#2065);
#2065 = DEFINITIONAL_REPRESENTATION('',(#2066),#2069);
#2066 = B_SPLINE_CURVE_WITH_KNOTS('',1,(#2067,#2068),.UNSPECIFIED.,.F.,
  .F.,(2,2),(-3.4890006,5.999999999062E-07),.PIECEWISE_BEZIER_KNOTS.);
#2067 = CARTESIAN_POINT('',(23.978901115719,-36.4890006));
#2068 = CARTESIAN_POINT('',(23.978901115719,-32.9999994));
#2069 = ( GEOMETRIC_REPRESENTATION_CONTEXT(2) 
PARAMETRIC_REPRESENTATION_CONTEXT() REPRESENTATION_CONTEXT('2D SPACE',''
  ) );
#2070 = PCURVE('',#2071,#2076);
#2071 = CYLINDRICAL_SURFACE('',#2072,3.8);
#2072 = AXIS2_PLACEMENT_3D('',#2073,#2074,#2075);
#2073 = CARTESIAN_POINT('',(8.3,10.25,60.5));
#2074 = DIRECTION('',(-0.,-0.,-1.));
#2075 = DIRECTION('',(1.,0.,0.));
#2076 = DEFINITIONAL_REPRESENTATION('',(#2077),#2080);
#2077 = B_SPLINE_CURVE_WITH_KNOTS('',1,(#2078,#2079),.UNSPECIFIED.,.F.,
  .F.,(2,2),(-3.4890006,5.999999999062E-07),.PIECEWISE_BEZIER_KNOTS.);
#2078 = CARTESIAN_POINT('',(-6.837447141632,-3.4890006));
#2079 = CARTESIAN_POINT('',(-6.837447141632,5.999999999062E-07));
#2080 = ( GEOMETRIC_REPRESENTATION_CONTEXT(2) 
PARAMETRIC_REPRESENTATION_CONTEXT() REPRESENTATION_CONTEXT('2D SPACE',''
  ) );
#2081 = ORIENTED_EDGE('',*,*,#2082,.T.);
#2082 = EDGE_CURVE('',#2057,#2083,#2085,.T.);
#2083 = VERTEX_POINT('',#2084);
#2084 = CARTESIAN_POINT('',(5.068901115719,12.25,60.5));
#2085 = SURFACE_CURVE('',#2086,(#2090,#2096),.PCURVE_S1.);
#2086 = LINE('',#2087,#2088);
#2087 = CARTESIAN_POINT('',(21.905,12.25,60.5));
#2088 = VECTOR('',#2089,1.);
#2089 = DIRECTION('',(-1.,0.,0.));
#2090 = PCURVE('',#1594,#2091);
#2091 = DEFINITIONAL_REPRESENTATION('',(#2092),#2095);
#2092 = B_SPLINE_CURVE_WITH_KNOTS('',1,(#2093,#2094),.UNSPECIFIED.,.F.,
  .F.,(2,2),(9.831738811055,17.405),.PIECEWISE_BEZIER_KNOTS.);
#2093 = CARTESIAN_POINT('',(23.436738811055,-33.));
#2094 = CARTESIAN_POINT('',(31.01,-33.));
#2095 = ( GEOMETRIC_REPRESENTATION_CONTEXT(2) 
PARAMETRIC_REPRESENTATION_CONTEXT() REPRESENTATION_CONTEXT('2D SPACE',''
  ) );
#2096 = PCURVE('',#2097,#2102);
#2097 = PLANE('',#2098);
#2098 = AXIS2_PLACEMENT_3D('',#2099,#2100,#2101);
#2099 = CARTESIAN_POINT('',(8.3,10.25,60.5));
#2100 = DIRECTION('',(0.,0.,1.));
#2101 = DIRECTION('',(1.,0.,-0.));
#2102 = DEFINITIONAL_REPRESENTATION('',(#2103),#2106);
#2103 = B_SPLINE_CURVE_WITH_KNOTS('',1,(#2104,#2105),.UNSPECIFIED.,.F.,
  .F.,(2,2),(9.831738811055,17.405),.PIECEWISE_BEZIER_KNOTS.);
#2104 = CARTESIAN_POINT('',(3.773261188945,2.));
#2105 = CARTESIAN_POINT('',(-3.8,2.));
#2106 = ( GEOMETRIC_REPRESENTATION_CONTEXT(2) 
PARAMETRIC_REPRESENTATION_CONTEXT() REPRESENTATION_CONTEXT('2D SPACE',''
  ) );
#2107 = ORIENTED_EDGE('',*,*,#2108,.F.);
#2108 = EDGE_CURVE('',#2109,#2083,#2111,.T.);
#2109 = VERTEX_POINT('',#2110);
#2110 = CARTESIAN_POINT('',(5.068901115719,12.25,63.489));
#2111 = SURFACE_CURVE('',#2112,(#2116,#2122),.PCURVE_S1.);
#2112 = LINE('',#2113,#2114);
#2113 = CARTESIAN_POINT('',(5.068901115719,12.25,60.5));
#2114 = VECTOR('',#2115,1.);
#2115 = DIRECTION('',(-0.,-0.,-1.));
#2116 = PCURVE('',#1594,#2117);
#2117 = DEFINITIONAL_REPRESENTATION('',(#2118),#2121);
#2118 = B_SPLINE_CURVE_WITH_KNOTS('',1,(#2119,#2120),.UNSPECIFIED.,.F.,
  .F.,(2,2),(-3.4890006,5.999999999062E-07),.PIECEWISE_BEZIER_KNOTS.);
#2119 = CARTESIAN_POINT('',(30.441098884281,-36.4890006));
#2120 = CARTESIAN_POINT('',(30.441098884281,-32.9999994));
#2121 = ( GEOMETRIC_REPRESENTATION_CONTEXT(2) 
PARAMETRIC_REPRESENTATION_CONTEXT() REPRESENTATION_CONTEXT('2D SPACE',''
  ) );
#2122 = PCURVE('',#2123,#2128);
#2123 = CYLINDRICAL_SURFACE('',#2124,3.8);
#2124 = AXIS2_PLACEMENT_3D('',#2125,#2126,#2127);
#2125 = CARTESIAN_POINT('',(8.3,10.25,60.5));
#2126 = DIRECTION('',(-0.,-0.,-1.));
#2127 = DIRECTION('',(1.,0.,0.));
#2128 = DEFINITIONAL_REPRESENTATION('',(#2129),#2132);
#2129 = B_SPLINE_CURVE_WITH_KNOTS('',1,(#2130,#2131),.UNSPECIFIED.,.F.,
  .F.,(2,2),(-3.4890006,5.999999999062E-07),.PIECEWISE_BEZIER_KNOTS.);
#2130 = CARTESIAN_POINT('',(-8.870516126317,-3.4890006));
#2131 = CARTESIAN_POINT('',(-8.870516126317,5.999999999062E-07));
#2132 = ( GEOMETRIC_REPRESENTATION_CONTEXT(2) 
PARAMETRIC_REPRESENTATION_CONTEXT() REPRESENTATION_CONTEXT('2D SPACE',''
  ) );
#2133 = ORIENTED_EDGE('',*,*,#2134,.T.);
#2134 = EDGE_CURVE('',#2109,#1930,#2135,.T.);
#2135 = SURFACE_CURVE('',#2136,(#2140,#2147),.PCURVE_S1.);
#2136 = LINE('',#2137,#2138);
#2137 = CARTESIAN_POINT('',(35.51,12.25,63.489));
#2138 = VECTOR('',#2139,1.);
#2139 = DIRECTION('',(-1.,0.,0.));
#2140 = PCURVE('',#1594,#2141);
#2141 = DEFINITIONAL_REPRESENTATION('',(#2142),#2146);
#2142 = LINE('',#2143,#2144);
#2143 = CARTESIAN_POINT('',(0.,-35.989));
#2144 = VECTOR('',#2145,1.);
#2145 = DIRECTION('',(1.,0.));
#2146 = ( GEOMETRIC_REPRESENTATION_CONTEXT(2) 
PARAMETRIC_REPRESENTATION_CONTEXT() REPRESENTATION_CONTEXT('2D SPACE',''
  ) );
#2147 = PCURVE('',#2148,#2153);
#2148 = PLANE('',#2149);
#2149 = AXIS2_PLACEMENT_3D('',#2150,#2151,#2152);
#2150 = CARTESIAN_POINT('',(12.5,0.,63.489));
#2151 = DIRECTION('',(0.,0.,1.));
#2152 = DIRECTION('',(1.,0.,-0.));
#2153 = DEFINITIONAL_REPRESENTATION('',(#2154),#2158);
#2154 = LINE('',#2155,#2156);
#2155 = CARTESIAN_POINT('',(23.01,12.25));
#2156 = VECTOR('',#2157,1.);
#2157 = DIRECTION('',(-1.,0.));
#2158 = ( GEOMETRIC_REPRESENTATION_CONTEXT(2) 
PARAMETRIC_REPRESENTATION_CONTEXT() REPRESENTATION_CONTEXT('2D SPACE',''
  ) );
#2159 = ADVANCED_FACE('',(#2160),#1991,.F.);
#2160 = FACE_BOUND('',#2161,.F.);
#2161 = EDGE_LOOP('',(#2162,#2183,#2184,#2208,#2234,#2267,#2295));
#2162 = ORIENTED_EDGE('',*,*,#2163,.T.);
#2163 = EDGE_CURVE('',#2164,#1954,#2166,.T.);
#2164 = VERTEX_POINT('',#2165);
#2165 = CARTESIAN_POINT('',(35.51,9.9,60.5));
#2166 = SURFACE_CURVE('',#2167,(#2171,#2177),.PCURVE_S1.);
#2167 = LINE('',#2168,#2169);
#2168 = CARTESIAN_POINT('',(35.51,-1.,60.5));
#2169 = VECTOR('',#2170,1.);
#2170 = DIRECTION('',(0.,1.,-0.));
#2171 = PCURVE('',#1991,#2172);
#2172 = DEFINITIONAL_REPRESENTATION('',(#2173),#2176);
#2173 = B_SPLINE_CURVE_WITH_KNOTS('',1,(#2174,#2175),.UNSPECIFIED.,.F.,
  .F.,(2,2),(10.9,13.25),.PIECEWISE_BEZIER_KNOTS.);
#2174 = CARTESIAN_POINT('',(2.76,-0.35));
#2175 = CARTESIAN_POINT('',(2.76,2.));
#2176 = ( GEOMETRIC_REPRESENTATION_CONTEXT(2) 
PARAMETRIC_REPRESENTATION_CONTEXT() REPRESENTATION_CONTEXT('2D SPACE',''
  ) );
#2177 = PCURVE('',#1518,#2178);
#2178 = DEFINITIONAL_REPRESENTATION('',(#2179),#2182);
#2179 = B_SPLINE_CURVE_WITH_KNOTS('',1,(#2180,#2181),.UNSPECIFIED.,.F.,
  .F.,(2,2),(10.9,13.25),.PIECEWISE_BEZIER_KNOTS.);
#2180 = CARTESIAN_POINT('',(22.15,-33.));
#2181 = CARTESIAN_POINT('',(24.5,-33.));
#2182 = ( GEOMETRIC_REPRESENTATION_CONTEXT(2) 
PARAMETRIC_REPRESENTATION_CONTEXT() REPRESENTATION_CONTEXT('2D SPACE',''
  ) );
#2183 = ORIENTED_EDGE('',*,*,#1976,.T.);
#2184 = ORIENTED_EDGE('',*,*,#2185,.T.);
#2185 = EDGE_CURVE('',#1977,#2186,#2188,.T.);
#2186 = VERTEX_POINT('',#2187);
#2187 = CARTESIAN_POINT('',(28.966152751497,9.9,60.5));
#2188 = SURFACE_CURVE('',#2189,(#2194,#2201),.PCURVE_S1.);
#2189 = CIRCLE('',#2190,3.8);
#2190 = AXIS2_PLACEMENT_3D('',#2191,#2192,#2193);
#2191 = CARTESIAN_POINT('',(32.75,10.25,60.5));
#2192 = DIRECTION('',(0.,0.,1.));
#2193 = DIRECTION('',(0.995749275922,-9.21052631579E-02,0.));
#2194 = PCURVE('',#1991,#2195);
#2195 = DEFINITIONAL_REPRESENTATION('',(#2196),#2200);
#2196 = CIRCLE('',#2197,3.8);
#2197 = AXIS2_PLACEMENT_2D('',#2198,#2199);
#2198 = CARTESIAN_POINT('',(0.,0.));
#2199 = DIRECTION('',(0.995749275922,-9.21052631579E-02));
#2200 = ( GEOMETRIC_REPRESENTATION_CONTEXT(2) 
PARAMETRIC_REPRESENTATION_CONTEXT() REPRESENTATION_CONTEXT('2D SPACE',''
  ) );
#2201 = PCURVE('',#2017,#2202);
#2202 = DEFINITIONAL_REPRESENTATION('',(#2203),#2207);
#2203 = LINE('',#2204,#2205);
#2204 = CARTESIAN_POINT('',(-6.190949317034,0.));
#2205 = VECTOR('',#2206,1.);
#2206 = DIRECTION('',(-1.,0.));
#2207 = ( GEOMETRIC_REPRESENTATION_CONTEXT(2) 
PARAMETRIC_REPRESENTATION_CONTEXT() REPRESENTATION_CONTEXT('2D SPACE',''
  ) );
#2208 = ORIENTED_EDGE('',*,*,#2209,.T.);
#2209 = EDGE_CURVE('',#2186,#2210,#2212,.T.);
#2210 = VERTEX_POINT('',#2211);
#2211 = CARTESIAN_POINT('',(31.086419524039,9.9,60.5));
#2212 = SURFACE_CURVE('',#2213,(#2217,#2223),.PCURVE_S1.);
#2213 = LINE('',#2214,#2215);
#2214 = CARTESIAN_POINT('',(42.625,9.9,60.5));
#2215 = VECTOR('',#2216,1.);
#2216 = DIRECTION('',(1.,0.,-0.));
#2217 = PCURVE('',#1991,#2218);
#2218 = DEFINITIONAL_REPRESENTATION('',(#2219),#2222);
#2219 = B_SPLINE_CURVE_WITH_KNOTS('',1,(#2220,#2221),.UNSPECIFIED.,.F.,
  .F.,(2,2),(-13.675,-6.075),.PIECEWISE_BEZIER_KNOTS.);
#2220 = CARTESIAN_POINT('',(-3.8,-0.35));
#2221 = CARTESIAN_POINT('',(3.8,-0.35));
#2222 = ( GEOMETRIC_REPRESENTATION_CONTEXT(2) 
PARAMETRIC_REPRESENTATION_CONTEXT() REPRESENTATION_CONTEXT('2D SPACE',''
  ) );
#2223 = PCURVE('',#2224,#2229);
#2224 = PLANE('',#2225);
#2225 = AXIS2_PLACEMENT_3D('',#2226,#2227,#2228);
#2226 = CARTESIAN_POINT('',(52.5,9.9,54.5));
#2227 = DIRECTION('',(0.,-1.,0.));
#2228 = DIRECTION('',(-1.,0.,0.));
#2229 = DEFINITIONAL_REPRESENTATION('',(#2230),#2233);
#2230 = B_SPLINE_CURVE_WITH_KNOTS('',1,(#2231,#2232),.UNSPECIFIED.,.F.,
  .F.,(2,2),(-13.675,-6.075),.PIECEWISE_BEZIER_KNOTS.);
#2231 = CARTESIAN_POINT('',(23.55,-6.));
#2232 = CARTESIAN_POINT('',(15.95,-6.));
#2233 = ( GEOMETRIC_REPRESENTATION_CONTEXT(2) 
PARAMETRIC_REPRESENTATION_CONTEXT() REPRESENTATION_CONTEXT('2D SPACE',''
  ) );
#2234 = ORIENTED_EDGE('',*,*,#2235,.T.);
#2235 = EDGE_CURVE('',#2210,#2236,#2238,.T.);
#2236 = VERTEX_POINT('',#2237);
#2237 = CARTESIAN_POINT('',(34.45,10.25,60.5));
#2238 = SURFACE_CURVE('',#2239,(#2244,#2255),.PCURVE_S1.);
#2239 = CIRCLE('',#2240,1.7);
#2240 = AXIS2_PLACEMENT_3D('',#2241,#2242,#2243);
#2241 = CARTESIAN_POINT('',(32.75,10.25,60.5));
#2242 = DIRECTION('',(0.,0.,-1.));
#2243 = DIRECTION('',(1.,0.,0.));
#2244 = PCURVE('',#1991,#2245);
#2245 = DEFINITIONAL_REPRESENTATION('',(#2246),#2254);
#2246 = ( BOUNDED_CURVE() B_SPLINE_CURVE(2,(#2247,#2248,#2249,#2250,
#2251,#2252,#2253),.UNSPECIFIED.,.T.,.F.) B_SPLINE_CURVE_WITH_KNOTS((1,2
    ,2,2,2,1),(-2.094395102393,0.,2.094395102393,4.188790204786,
6.28318530718,8.377580409573),.UNSPECIFIED.) CURVE() 
GEOMETRIC_REPRESENTATION_ITEM() RATIONAL_B_SPLINE_CURVE((1.,0.5,1.,0.5,
1.,0.5,1.)) REPRESENTATION_ITEM('') );
#2247 = CARTESIAN_POINT('',(1.7,0.));
#2248 = CARTESIAN_POINT('',(1.7,-2.944486372867));
#2249 = CARTESIAN_POINT('',(-0.85,-1.472243186434));
#2250 = CARTESIAN_POINT('',(-3.4,-4.163799117101E-16));
#2251 = CARTESIAN_POINT('',(-0.85,1.472243186434));
#2252 = CARTESIAN_POINT('',(1.7,2.944486372867));
#2253 = CARTESIAN_POINT('',(1.7,0.));
#2254 = ( GEOMETRIC_REPRESENTATION_CONTEXT(2) 
PARAMETRIC_REPRESENTATION_CONTEXT() REPRESENTATION_CONTEXT('2D SPACE',''
  ) );
#2255 = PCURVE('',#2256,#2261);
#2256 = CYLINDRICAL_SURFACE('',#2257,1.7);
#2257 = AXIS2_PLACEMENT_3D('',#2258,#2259,#2260);
#2258 = CARTESIAN_POINT('',(32.75,10.25,59.5));
#2259 = DIRECTION('',(-0.,-0.,-1.));
#2260 = DIRECTION('',(1.,0.,0.));
#2261 = DEFINITIONAL_REPRESENTATION('',(#2262),#2266);
#2262 = LINE('',#2263,#2264);
#2263 = CARTESIAN_POINT('',(-6.28318530718,-1.));
#2264 = VECTOR('',#2265,1.);
#2265 = DIRECTION('',(1.,-0.));
#2266 = ( GEOMETRIC_REPRESENTATION_CONTEXT(2) 
PARAMETRIC_REPRESENTATION_CONTEXT() REPRESENTATION_CONTEXT('2D SPACE',''
  ) );
#2267 = ORIENTED_EDGE('',*,*,#2268,.T.);
#2268 = EDGE_CURVE('',#2236,#2269,#2271,.T.);
#2269 = VERTEX_POINT('',#2270);
#2270 = CARTESIAN_POINT('',(34.413580475961,9.9,60.5));
#2271 = SURFACE_CURVE('',#2272,(#2277,#2288),.PCURVE_S1.);
#2272 = CIRCLE('',#2273,1.7);
#2273 = AXIS2_PLACEMENT_3D('',#2274,#2275,#2276);
#2274 = CARTESIAN_POINT('',(32.75,10.25,60.5));
#2275 = DIRECTION('',(0.,0.,-1.));
#2276 = DIRECTION('',(1.,0.,0.));
#2277 = PCURVE('',#1991,#2278);
#2278 = DEFINITIONAL_REPRESENTATION('',(#2279),#2287);
#2279 = ( BOUNDED_CURVE() B_SPLINE_CURVE(2,(#2280,#2281,#2282,#2283,
#2284,#2285,#2286),.UNSPECIFIED.,.T.,.F.) B_SPLINE_CURVE_WITH_KNOTS((1,2
    ,2,2,2,1),(-2.094395102393,0.,2.094395102393,4.188790204786,
6.28318530718,8.377580409573),.UNSPECIFIED.) CURVE() 
GEOMETRIC_REPRESENTATION_ITEM() RATIONAL_B_SPLINE_CURVE((1.,0.5,1.,0.5,
1.,0.5,1.)) REPRESENTATION_ITEM('') );
#2280 = CARTESIAN_POINT('',(1.7,0.));
#2281 = CARTESIAN_POINT('',(1.7,-2.944486372867));
#2282 = CARTESIAN_POINT('',(-0.85,-1.472243186434));
#2283 = CARTESIAN_POINT('',(-3.4,-4.163799117101E-16));
#2284 = CARTESIAN_POINT('',(-0.85,1.472243186434));
#2285 = CARTESIAN_POINT('',(1.7,2.944486372867));
#2286 = CARTESIAN_POINT('',(1.7,0.));
#2287 = ( GEOMETRIC_REPRESENTATION_CONTEXT(2) 
PARAMETRIC_REPRESENTATION_CONTEXT() REPRESENTATION_CONTEXT('2D SPACE',''
  ) );
#2288 = PCURVE('',#2256,#2289);
#2289 = DEFINITIONAL_REPRESENTATION('',(#2290),#2294);
#2290 = LINE('',#2291,#2292);
#2291 = CARTESIAN_POINT('',(-6.28318530718,-1.));
#2292 = VECTOR('',#2293,1.);
#2293 = DIRECTION('',(1.,-0.));
#2294 = ( GEOMETRIC_REPRESENTATION_CONTEXT(2) 
PARAMETRIC_REPRESENTATION_CONTEXT() REPRESENTATION_CONTEXT('2D SPACE',''
  ) );
#2295 = ORIENTED_EDGE('',*,*,#2296,.T.);
#2296 = EDGE_CURVE('',#2269,#2164,#2297,.T.);
#2297 = SURFACE_CURVE('',#2298,(#2302,#2308),.PCURVE_S1.);
#2298 = LINE('',#2299,#2300);
#2299 = CARTESIAN_POINT('',(42.625,9.9,60.5));
#2300 = VECTOR('',#2301,1.);
#2301 = DIRECTION('',(1.,0.,-0.));
#2302 = PCURVE('',#1991,#2303);
#2303 = DEFINITIONAL_REPRESENTATION('',(#2304),#2307);
#2304 = B_SPLINE_CURVE_WITH_KNOTS('',1,(#2305,#2306),.UNSPECIFIED.,.F.,
  .F.,(2,2),(-13.675,-6.075),.PIECEWISE_BEZIER_KNOTS.);
#2305 = CARTESIAN_POINT('',(-3.8,-0.35));
#2306 = CARTESIAN_POINT('',(3.8,-0.35));
#2307 = ( GEOMETRIC_REPRESENTATION_CONTEXT(2) 
PARAMETRIC_REPRESENTATION_CONTEXT() REPRESENTATION_CONTEXT('2D SPACE',''
  ) );
#2308 = PCURVE('',#2309,#2314);
#2309 = PLANE('',#2310);
#2310 = AXIS2_PLACEMENT_3D('',#2311,#2312,#2313);
#2311 = CARTESIAN_POINT('',(52.5,9.9,54.5));
#2312 = DIRECTION('',(0.,-1.,0.));
#2313 = DIRECTION('',(-1.,0.,0.));
#2314 = DEFINITIONAL_REPRESENTATION('',(#2315),#2318);
#2315 = B_SPLINE_CURVE_WITH_KNOTS('',1,(#2316,#2317),.UNSPECIFIED.,.F.,
  .F.,(2,2),(-13.675,-6.075),.PIECEWISE_BEZIER_KNOTS.);
#2316 = CARTESIAN_POINT('',(23.55,-6.));
#2317 = CARTESIAN_POINT('',(15.95,-6.));
#2318 = ( GEOMETRIC_REPRESENTATION_CONTEXT(2) 
PARAMETRIC_REPRESENTATION_CONTEXT() REPRESENTATION_CONTEXT('2D SPACE',''
  ) );
#2319 = ADVANCED_FACE('',(#2320),#2224,.T.);
#2320 = FACE_BOUND('',#2321,.T.);
#2321 = EDGE_LOOP('',(#2322,#2343,#2344,#2365));
#2322 = ORIENTED_EDGE('',*,*,#2323,.T.);
#2323 = EDGE_CURVE('',#2324,#2186,#2326,.T.);
#2324 = VERTEX_POINT('',#2325);
#2325 = CARTESIAN_POINT('',(28.966152751497,9.9,63.489));
#2326 = SURFACE_CURVE('',#2327,(#2331,#2337),.PCURVE_S1.);
#2327 = LINE('',#2328,#2329);
#2328 = CARTESIAN_POINT('',(28.966152751497,9.9,60.5));
#2329 = VECTOR('',#2330,1.);
#2330 = DIRECTION('',(-0.,-0.,-1.));
#2331 = PCURVE('',#2224,#2332);
#2332 = DEFINITIONAL_REPRESENTATION('',(#2333),#2336);
#2333 = B_SPLINE_CURVE_WITH_KNOTS('',1,(#2334,#2335),.UNSPECIFIED.,.F.,
  .F.,(2,2),(-3.4890006,5.999999999062E-07),.PIECEWISE_BEZIER_KNOTS.);
#2334 = CARTESIAN_POINT('',(23.533847248503,-9.4890006));
#2335 = CARTESIAN_POINT('',(23.533847248503,-5.9999994));
#2336 = ( GEOMETRIC_REPRESENTATION_CONTEXT(2) 
PARAMETRIC_REPRESENTATION_CONTEXT() REPRESENTATION_CONTEXT('2D SPACE',''
  ) );
#2337 = PCURVE('',#2017,#2338);
#2338 = DEFINITIONAL_REPRESENTATION('',(#2339),#2342);
#2339 = B_SPLINE_CURVE_WITH_KNOTS('',1,(#2340,#2341),.UNSPECIFIED.,.F.,
  .F.,(2,2),(-3.489,-0.),.PIECEWISE_BEZIER_KNOTS.);
#2340 = CARTESIAN_POINT('',(-9.517013950915,-3.489));
#2341 = CARTESIAN_POINT('',(-9.517013950915,0.));
#2342 = ( GEOMETRIC_REPRESENTATION_CONTEXT(2) 
PARAMETRIC_REPRESENTATION_CONTEXT() REPRESENTATION_CONTEXT('2D SPACE',''
  ) );
#2343 = ORIENTED_EDGE('',*,*,#2209,.T.);
#2344 = ORIENTED_EDGE('',*,*,#2345,.F.);
#2345 = EDGE_CURVE('',#2346,#2210,#2348,.T.);
#2346 = VERTEX_POINT('',#2347);
#2347 = CARTESIAN_POINT('',(31.086419524039,9.9,63.489));
#2348 = SURFACE_CURVE('',#2349,(#2353,#2359),.PCURVE_S1.);
#2349 = LINE('',#2350,#2351);
#2350 = CARTESIAN_POINT('',(31.086419524039,9.9,59.5));
#2351 = VECTOR('',#2352,1.);
#2352 = DIRECTION('',(-0.,-0.,-1.));
#2353 = PCURVE('',#2224,#2354);
#2354 = DEFINITIONAL_REPRESENTATION('',(#2355),#2358);
#2355 = B_SPLINE_CURVE_WITH_KNOTS('',1,(#2356,#2357),.UNSPECIFIED.,.F.,
  .F.,(2,2),(-4.2879,-0.7011),.PIECEWISE_BEZIER_KNOTS.);
#2356 = CARTESIAN_POINT('',(21.413580475961,-9.2879));
#2357 = CARTESIAN_POINT('',(21.413580475961,-5.7011));
#2358 = ( GEOMETRIC_REPRESENTATION_CONTEXT(2) 
PARAMETRIC_REPRESENTATION_CONTEXT() REPRESENTATION_CONTEXT('2D SPACE',''
  ) );
#2359 = PCURVE('',#2256,#2360);
#2360 = DEFINITIONAL_REPRESENTATION('',(#2361),#2364);
#2361 = B_SPLINE_CURVE_WITH_KNOTS('',1,(#2362,#2363),.UNSPECIFIED.,.F.,
  .F.,(2,2),(-4.2879,-0.7011),.PIECEWISE_BEZIER_KNOTS.);
#2362 = CARTESIAN_POINT('',(-3.3489579451,-4.2879));
#2363 = CARTESIAN_POINT('',(-3.3489579451,-0.7011));
#2364 = ( GEOMETRIC_REPRESENTATION_CONTEXT(2) 
PARAMETRIC_REPRESENTATION_CONTEXT() REPRESENTATION_CONTEXT('2D SPACE',''
  ) );
#2365 = ORIENTED_EDGE('',*,*,#2366,.F.);
#2366 = EDGE_CURVE('',#2324,#2346,#2367,.T.);
#2367 = SURFACE_CURVE('',#2368,(#2372,#2378),.PCURVE_S1.);
#2368 = LINE('',#2369,#2370);
#2369 = CARTESIAN_POINT('',(32.5,9.9,63.489));
#2370 = VECTOR('',#2371,1.);
#2371 = DIRECTION('',(1.,0.,-0.));
#2372 = PCURVE('',#2224,#2373);
#2373 = DEFINITIONAL_REPRESENTATION('',(#2374),#2377);
#2374 = B_SPLINE_CURVE_WITH_KNOTS('',1,(#2375,#2376),.UNSPECIFIED.,.F.,
  .F.,(2,2),(-3.533847248503,3.01),.PIECEWISE_BEZIER_KNOTS.);
#2375 = CARTESIAN_POINT('',(23.533847248503,-8.989));
#2376 = CARTESIAN_POINT('',(16.99,-8.989));
#2377 = ( GEOMETRIC_REPRESENTATION_CONTEXT(2) 
PARAMETRIC_REPRESENTATION_CONTEXT() REPRESENTATION_CONTEXT('2D SPACE',''
  ) );
#2378 = PCURVE('',#2044,#2379);
#2379 = DEFINITIONAL_REPRESENTATION('',(#2380),#2383);
#2380 = B_SPLINE_CURVE_WITH_KNOTS('',1,(#2381,#2382),.UNSPECIFIED.,.F.,
  .F.,(2,2),(-3.533847248503,3.01),.PIECEWISE_BEZIER_KNOTS.);
#2381 = CARTESIAN_POINT('',(16.466152751497,9.9));
#2382 = CARTESIAN_POINT('',(23.01,9.9));
#2383 = ( GEOMETRIC_REPRESENTATION_CONTEXT(2) 
PARAMETRIC_REPRESENTATION_CONTEXT() REPRESENTATION_CONTEXT('2D SPACE',''
  ) );
#2384 = ADVANCED_FACE('',(#2385),#2256,.F.);
#2385 = FACE_BOUND('',#2386,.T.);
#2386 = EDGE_LOOP('',(#2387,#2388,#2411,#2437,#2438,#2439,#2460,#2486));
#2387 = ORIENTED_EDGE('',*,*,#2235,.T.);
#2388 = ORIENTED_EDGE('',*,*,#2389,.T.);
#2389 = EDGE_CURVE('',#2236,#2390,#2392,.T.);
#2390 = VERTEX_POINT('',#2391);
#2391 = CARTESIAN_POINT('',(34.45,10.25,65.889));
#2392 = SEAM_CURVE('',#2393,(#2397,#2404),.PCURVE_S1.);
#2393 = LINE('',#2394,#2395);
#2394 = CARTESIAN_POINT('',(34.45,10.25,59.5));
#2395 = VECTOR('',#2396,1.);
#2396 = DIRECTION('',(0.,0.,1.));
#2397 = PCURVE('',#2256,#2398);
#2398 = DEFINITIONAL_REPRESENTATION('',(#2399),#2403);
#2399 = LINE('',#2400,#2401);
#2400 = CARTESIAN_POINT('',(-6.28318530718,0.));
#2401 = VECTOR('',#2402,1.);
#2402 = DIRECTION('',(-0.,-1.));
#2403 = ( GEOMETRIC_REPRESENTATION_CONTEXT(2) 
PARAMETRIC_REPRESENTATION_CONTEXT() REPRESENTATION_CONTEXT('2D SPACE',''
  ) );
#2404 = PCURVE('',#2256,#2405);
#2405 = DEFINITIONAL_REPRESENTATION('',(#2406),#2410);
#2406 = LINE('',#2407,#2408);
#2407 = CARTESIAN_POINT('',(-0.,0.));
#2408 = VECTOR('',#2409,1.);
#2409 = DIRECTION('',(-0.,-1.));
#2410 = ( GEOMETRIC_REPRESENTATION_CONTEXT(2) 
PARAMETRIC_REPRESENTATION_CONTEXT() REPRESENTATION_CONTEXT('2D SPACE',''
  ) );
#2411 = ORIENTED_EDGE('',*,*,#2412,.F.);
#2412 = EDGE_CURVE('',#2390,#2390,#2413,.T.);
#2413 = SURFACE_CURVE('',#2414,(#2419,#2426),.PCURVE_S1.);
#2414 = CIRCLE('',#2415,1.7);
#2415 = AXIS2_PLACEMENT_3D('',#2416,#2417,#2418);
#2416 = CARTESIAN_POINT('',(32.75,10.25,65.889));
#2417 = DIRECTION('',(0.,0.,-1.));
#2418 = DIRECTION('',(1.,0.,0.));
#2419 = PCURVE('',#2256,#2420);
#2420 = DEFINITIONAL_REPRESENTATION('',(#2421),#2425);
#2421 = LINE('',#2422,#2423);
#2422 = CARTESIAN_POINT('',(-6.28318530718,-6.389));
#2423 = VECTOR('',#2424,1.);
#2424 = DIRECTION('',(1.,-0.));
#2425 = ( GEOMETRIC_REPRESENTATION_CONTEXT(2) 
PARAMETRIC_REPRESENTATION_CONTEXT() REPRESENTATION_CONTEXT('2D SPACE',''
  ) );
#2426 = PCURVE('',#44,#2427);
#2427 = DEFINITIONAL_REPRESENTATION('',(#2428),#2436);
#2428 = ( BOUNDED_CURVE() B_SPLINE_CURVE(2,(#2429,#2430,#2431,#2432,
#2433,#2434,#2435),.UNSPECIFIED.,.T.,.F.) B_SPLINE_CURVE_WITH_KNOTS((1,2
    ,2,2,2,1),(-2.094395102393,0.,2.094395102393,4.188790204786,
6.28318530718,8.377580409573),.UNSPECIFIED.) CURVE() 
GEOMETRIC_REPRESENTATION_ITEM() RATIONAL_B_SPLINE_CURVE((1.,0.5,1.,0.5,
1.,0.5,1.)) REPRESENTATION_ITEM('') );
#2429 = CARTESIAN_POINT('',(21.54,10.25));
#2430 = CARTESIAN_POINT('',(21.54,7.305513627133));
#2431 = CARTESIAN_POINT('',(18.99,8.777756813566));
#2432 = CARTESIAN_POINT('',(16.44,10.25));
#2433 = CARTESIAN_POINT('',(18.99,11.722243186434));
#2434 = CARTESIAN_POINT('',(21.54,13.194486372867));
#2435 = CARTESIAN_POINT('',(21.54,10.25));
#2436 = ( GEOMETRIC_REPRESENTATION_CONTEXT(2) 
PARAMETRIC_REPRESENTATION_CONTEXT() REPRESENTATION_CONTEXT('2D SPACE',''
  ) );
#2437 = ORIENTED_EDGE('',*,*,#2389,.F.);
#2438 = ORIENTED_EDGE('',*,*,#2268,.T.);
#2439 = ORIENTED_EDGE('',*,*,#2440,.F.);
#2440 = EDGE_CURVE('',#2441,#2269,#2443,.T.);
#2441 = VERTEX_POINT('',#2442);
#2442 = CARTESIAN_POINT('',(34.413580475961,9.9,63.489));
#2443 = SURFACE_CURVE('',#2444,(#2448,#2454),.PCURVE_S1.);
#2444 = LINE('',#2445,#2446);
#2445 = CARTESIAN_POINT('',(34.413580475961,9.9,59.5));
#2446 = VECTOR('',#2447,1.);
#2447 = DIRECTION('',(-0.,-0.,-1.));
#2448 = PCURVE('',#2256,#2449);
#2449 = DEFINITIONAL_REPRESENTATION('',(#2450),#2453);
#2450 = B_SPLINE_CURVE_WITH_KNOTS('',1,(#2451,#2452),.UNSPECIFIED.,.F.,
  .F.,(2,2),(-4.2879,-0.7011),.PIECEWISE_BEZIER_KNOTS.);
#2451 = CARTESIAN_POINT('',(-6.07582001567,-4.2879));
#2452 = CARTESIAN_POINT('',(-6.07582001567,-0.7011));
#2453 = ( GEOMETRIC_REPRESENTATION_CONTEXT(2) 
PARAMETRIC_REPRESENTATION_CONTEXT() REPRESENTATION_CONTEXT('2D SPACE',''
  ) );
#2454 = PCURVE('',#2309,#2455);
#2455 = DEFINITIONAL_REPRESENTATION('',(#2456),#2459);
#2456 = B_SPLINE_CURVE_WITH_KNOTS('',1,(#2457,#2458),.UNSPECIFIED.,.F.,
  .F.,(2,2),(-4.2879,-0.7011),.PIECEWISE_BEZIER_KNOTS.);
#2457 = CARTESIAN_POINT('',(18.086419524039,-9.2879));
#2458 = CARTESIAN_POINT('',(18.086419524039,-5.7011));
#2459 = ( GEOMETRIC_REPRESENTATION_CONTEXT(2) 
PARAMETRIC_REPRESENTATION_CONTEXT() REPRESENTATION_CONTEXT('2D SPACE',''
  ) );
#2460 = ORIENTED_EDGE('',*,*,#2461,.T.);
#2461 = EDGE_CURVE('',#2441,#2346,#2462,.T.);
#2462 = SURFACE_CURVE('',#2463,(#2468,#2475),.PCURVE_S1.);
#2463 = CIRCLE('',#2464,1.7);
#2464 = AXIS2_PLACEMENT_3D('',#2465,#2466,#2467);
#2465 = CARTESIAN_POINT('',(32.75,10.25,63.489));
#2466 = DIRECTION('',(0.,0.,-1.));
#2467 = DIRECTION('',(1.,0.,0.));
#2468 = PCURVE('',#2256,#2469);
#2469 = DEFINITIONAL_REPRESENTATION('',(#2470),#2474);
#2470 = LINE('',#2471,#2472);
#2471 = CARTESIAN_POINT('',(-6.28318530718,-3.989));
#2472 = VECTOR('',#2473,1.);
#2473 = DIRECTION('',(1.,-0.));
#2474 = ( GEOMETRIC_REPRESENTATION_CONTEXT(2) 
PARAMETRIC_REPRESENTATION_CONTEXT() REPRESENTATION_CONTEXT('2D SPACE',''
  ) );
#2475 = PCURVE('',#2044,#2476);
#2476 = DEFINITIONAL_REPRESENTATION('',(#2477),#2485);
#2477 = ( BOUNDED_CURVE() B_SPLINE_CURVE(2,(#2478,#2479,#2480,#2481,
#2482,#2483,#2484),.UNSPECIFIED.,.T.,.F.) B_SPLINE_CURVE_WITH_KNOTS((1,2
    ,2,2,2,1),(-2.094395102393,0.,2.094395102393,4.188790204786,
6.28318530718,8.377580409573),.UNSPECIFIED.) CURVE() 
GEOMETRIC_REPRESENTATION_ITEM() RATIONAL_B_SPLINE_CURVE((1.,0.5,1.,0.5,
1.,0.5,1.)) REPRESENTATION_ITEM('') );
#2478 = CARTESIAN_POINT('',(21.95,10.25));
#2479 = CARTESIAN_POINT('',(21.95,7.305513627133));
#2480 = CARTESIAN_POINT('',(19.4,8.777756813566));
#2481 = CARTESIAN_POINT('',(16.85,10.25));
#2482 = CARTESIAN_POINT('',(19.4,11.722243186434));
#2483 = CARTESIAN_POINT('',(21.95,13.194486372867));
#2484 = CARTESIAN_POINT('',(21.95,10.25));
#2485 = ( GEOMETRIC_REPRESENTATION_CONTEXT(2) 
PARAMETRIC_REPRESENTATION_CONTEXT() REPRESENTATION_CONTEXT('2D SPACE',''
  ) );
#2486 = ORIENTED_EDGE('',*,*,#2345,.T.);
#2487 = ADVANCED_FACE('',(#2488),#2309,.T.);
#2488 = FACE_BOUND('',#2489,.T.);
#2489 = EDGE_LOOP('',(#2490,#2491,#2492,#2513));
#2490 = ORIENTED_EDGE('',*,*,#2440,.T.);
#2491 = ORIENTED_EDGE('',*,*,#2296,.T.);
#2492 = ORIENTED_EDGE('',*,*,#2493,.T.);
#2493 = EDGE_CURVE('',#2164,#2494,#2496,.T.);
#2494 = VERTEX_POINT('',#2495);
#2495 = CARTESIAN_POINT('',(35.51,9.9,63.489));
#2496 = SURFACE_CURVE('',#2497,(#2501,#2507),.PCURVE_S1.);
#2497 = LINE('',#2498,#2499);
#2498 = CARTESIAN_POINT('',(35.51,9.9,41.));
#2499 = VECTOR('',#2500,1.);
#2500 = DIRECTION('',(0.,0.,1.));
#2501 = PCURVE('',#2309,#2502);
#2502 = DEFINITIONAL_REPRESENTATION('',(#2503),#2506);
#2503 = B_SPLINE_CURVE_WITH_KNOTS('',1,(#2504,#2505),.UNSPECIFIED.,.F.,
  .F.,(2,2),(19.5,22.489),.PIECEWISE_BEZIER_KNOTS.);
#2504 = CARTESIAN_POINT('',(16.99,-6.));
#2505 = CARTESIAN_POINT('',(16.99,-8.989));
#2506 = ( GEOMETRIC_REPRESENTATION_CONTEXT(2) 
PARAMETRIC_REPRESENTATION_CONTEXT() REPRESENTATION_CONTEXT('2D SPACE',''
  ) );
#2507 = PCURVE('',#1518,#2508);
#2508 = DEFINITIONAL_REPRESENTATION('',(#2509),#2512);
#2509 = B_SPLINE_CURVE_WITH_KNOTS('',1,(#2510,#2511),.UNSPECIFIED.,.F.,
  .F.,(2,2),(19.5,22.489),.PIECEWISE_BEZIER_KNOTS.);
#2510 = CARTESIAN_POINT('',(22.15,-33.));
#2511 = CARTESIAN_POINT('',(22.15,-35.989));
#2512 = ( GEOMETRIC_REPRESENTATION_CONTEXT(2) 
PARAMETRIC_REPRESENTATION_CONTEXT() REPRESENTATION_CONTEXT('2D SPACE',''
  ) );
#2513 = ORIENTED_EDGE('',*,*,#2514,.F.);
#2514 = EDGE_CURVE('',#2441,#2494,#2515,.T.);
#2515 = SURFACE_CURVE('',#2516,(#2520,#2526),.PCURVE_S1.);
#2516 = LINE('',#2517,#2518);
#2517 = CARTESIAN_POINT('',(32.5,9.9,63.489));
#2518 = VECTOR('',#2519,1.);
#2519 = DIRECTION('',(1.,0.,-0.));
#2520 = PCURVE('',#2309,#2521);
#2521 = DEFINITIONAL_REPRESENTATION('',(#2522),#2525);
#2522 = B_SPLINE_CURVE_WITH_KNOTS('',1,(#2523,#2524),.UNSPECIFIED.,.F.,
  .F.,(2,2),(-3.533847248503,3.01),.PIECEWISE_BEZIER_KNOTS.);
#2523 = CARTESIAN_POINT('',(23.533847248503,-8.989));
#2524 = CARTESIAN_POINT('',(16.99,-8.989));
#2525 = ( GEOMETRIC_REPRESENTATION_CONTEXT(2) 
PARAMETRIC_REPRESENTATION_CONTEXT() REPRESENTATION_CONTEXT('2D SPACE',''
  ) );
#2526 = PCURVE('',#2044,#2527);
#2527 = DEFINITIONAL_REPRESENTATION('',(#2528),#2531);
#2528 = B_SPLINE_CURVE_WITH_KNOTS('',1,(#2529,#2530),.UNSPECIFIED.,.F.,
  .F.,(2,2),(-3.533847248503,3.01),.PIECEWISE_BEZIER_KNOTS.);
#2529 = CARTESIAN_POINT('',(16.466152751497,9.9));
#2530 = CARTESIAN_POINT('',(23.01,9.9));
#2531 = ( GEOMETRIC_REPRESENTATION_CONTEXT(2) 
PARAMETRIC_REPRESENTATION_CONTEXT() REPRESENTATION_CONTEXT('2D SPACE',''
  ) );
#2532 = ADVANCED_FACE('',(#2533),#2017,.T.);
#2533 = FACE_BOUND('',#2534,.F.);
#2534 = EDGE_LOOP('',(#2535,#2536,#2537,#2563));
#2535 = ORIENTED_EDGE('',*,*,#2185,.F.);
#2536 = ORIENTED_EDGE('',*,*,#2002,.F.);
#2537 = ORIENTED_EDGE('',*,*,#2538,.F.);
#2538 = EDGE_CURVE('',#2324,#2003,#2539,.T.);
#2539 = SURFACE_CURVE('',#2540,(#2545,#2552),.PCURVE_S1.);
#2540 = CIRCLE('',#2541,3.8);
#2541 = AXIS2_PLACEMENT_3D('',#2542,#2543,#2544);
#2542 = CARTESIAN_POINT('',(32.75,10.25,63.489));
#2543 = DIRECTION('',(0.,0.,-1.));
#2544 = DIRECTION('',(1.,0.,0.));
#2545 = PCURVE('',#2017,#2546);
#2546 = DEFINITIONAL_REPRESENTATION('',(#2547),#2551);
#2547 = LINE('',#2548,#2549);
#2548 = CARTESIAN_POINT('',(-12.56637061435,-2.989));
#2549 = VECTOR('',#2550,1.);
#2550 = DIRECTION('',(1.,-0.));
#2551 = ( GEOMETRIC_REPRESENTATION_CONTEXT(2) 
PARAMETRIC_REPRESENTATION_CONTEXT() REPRESENTATION_CONTEXT('2D SPACE',''
  ) );
#2552 = PCURVE('',#2044,#2553);
#2553 = DEFINITIONAL_REPRESENTATION('',(#2554),#2562);
#2554 = ( BOUNDED_CURVE() B_SPLINE_CURVE(2,(#2555,#2556,#2557,#2558,
#2559,#2560,#2561),.UNSPECIFIED.,.T.,.F.) B_SPLINE_CURVE_WITH_KNOTS((1,2
    ,2,2,2,1),(-2.094395102393,0.,2.094395102393,4.188790204786,
6.28318530718,8.377580409573),.UNSPECIFIED.) CURVE() 
GEOMETRIC_REPRESENTATION_ITEM() RATIONAL_B_SPLINE_CURVE((1.,0.5,1.,0.5,
1.,0.5,1.)) REPRESENTATION_ITEM('') );
#2555 = CARTESIAN_POINT('',(24.05,10.25));
#2556 = CARTESIAN_POINT('',(24.05,3.668206931238));
#2557 = CARTESIAN_POINT('',(18.35,6.959103465619));
#2558 = CARTESIAN_POINT('',(12.65,10.25));
#2559 = CARTESIAN_POINT('',(18.35,13.540896534381));
#2560 = CARTESIAN_POINT('',(24.05,16.831793068762));
#2561 = CARTESIAN_POINT('',(24.05,10.25));
#2562 = ( GEOMETRIC_REPRESENTATION_CONTEXT(2) 
PARAMETRIC_REPRESENTATION_CONTEXT() REPRESENTATION_CONTEXT('2D SPACE',''
  ) );
#2563 = ORIENTED_EDGE('',*,*,#2323,.T.);
#2564 = ADVANCED_FACE('',(#2565,#2873),#2044,.F.);
#2565 = FACE_BOUND('',#2566,.F.);
#2566 = EDGE_LOOP('',(#2567,#2595,#2621,#2647,#2673,#2706,#2729,#2762,
    #2788,#2821,#2847,#2868,#2869,#2870,#2871,#2872));
#2567 = ORIENTED_EDGE('',*,*,#2568,.T.);
#2568 = EDGE_CURVE('',#2029,#2569,#2571,.T.);
#2569 = VERTEX_POINT('',#2570);
#2570 = CARTESIAN_POINT('',(12.025251669351,11.,63.489));
#2571 = SURFACE_CURVE('',#2572,(#2577,#2588),.PCURVE_S1.);
#2572 = CIRCLE('',#2573,3.8);
#2573 = AXIS2_PLACEMENT_3D('',#2574,#2575,#2576);
#2574 = CARTESIAN_POINT('',(8.3,10.25,63.489));
#2575 = DIRECTION('',(0.,0.,-1.));
#2576 = DIRECTION('',(1.,0.,0.));
#2577 = PCURVE('',#2044,#2578);
#2578 = DEFINITIONAL_REPRESENTATION('',(#2579),#2587);
#2579 = ( BOUNDED_CURVE() B_SPLINE_CURVE(2,(#2580,#2581,#2582,#2583,
#2584,#2585,#2586),.UNSPECIFIED.,.T.,.F.) B_SPLINE_CURVE_WITH_KNOTS((1,2
    ,2,2,2,1),(-2.094395102393,0.,2.094395102393,4.188790204786,
6.28318530718,8.377580409573),.UNSPECIFIED.) CURVE() 
GEOMETRIC_REPRESENTATION_ITEM() RATIONAL_B_SPLINE_CURVE((1.,0.5,1.,0.5,
1.,0.5,1.)) REPRESENTATION_ITEM('') );
#2580 = CARTESIAN_POINT('',(-0.4,10.25));
#2581 = CARTESIAN_POINT('',(-0.4,3.668206931238));
#2582 = CARTESIAN_POINT('',(-6.1,6.959103465619));
#2583 = CARTESIAN_POINT('',(-11.8,10.25));
#2584 = CARTESIAN_POINT('',(-6.1,13.540896534381));
#2585 = CARTESIAN_POINT('',(-0.4,16.831793068762));
#2586 = CARTESIAN_POINT('',(-0.4,10.25));
#2587 = ( GEOMETRIC_REPRESENTATION_CONTEXT(2) 
PARAMETRIC_REPRESENTATION_CONTEXT() REPRESENTATION_CONTEXT('2D SPACE',''
  ) );
#2588 = PCURVE('',#2071,#2589);
#2589 = DEFINITIONAL_REPRESENTATION('',(#2590),#2594);
#2590 = LINE('',#2591,#2592);
#2591 = CARTESIAN_POINT('',(-12.56637061435,-2.989));
#2592 = VECTOR('',#2593,1.);
#2593 = DIRECTION('',(1.,-0.));
#2594 = ( GEOMETRIC_REPRESENTATION_CONTEXT(2) 
PARAMETRIC_REPRESENTATION_CONTEXT() REPRESENTATION_CONTEXT('2D SPACE',''
  ) );
#2595 = ORIENTED_EDGE('',*,*,#2596,.T.);
#2596 = EDGE_CURVE('',#2569,#2597,#2599,.T.);
#2597 = VERTEX_POINT('',#2598);
#2598 = CARTESIAN_POINT('',(18.5,11.,63.489));
#2599 = SURFACE_CURVE('',#2600,(#2604,#2610),.PCURVE_S1.);
#2600 = LINE('',#2601,#2602);
#2601 = CARTESIAN_POINT('',(15.5,11.,63.489));
#2602 = VECTOR('',#2603,1.);
#2603 = DIRECTION('',(1.,0.,-0.));
#2604 = PCURVE('',#2044,#2605);
#2605 = DEFINITIONAL_REPRESENTATION('',(#2606),#2609);
#2606 = B_SPLINE_CURVE_WITH_KNOTS('',1,(#2607,#2608),.UNSPECIFIED.,.F.,
  .F.,(2,2),(-4.5,3.),.PIECEWISE_BEZIER_KNOTS.);
#2607 = CARTESIAN_POINT('',(-1.5,11.));
#2608 = CARTESIAN_POINT('',(6.,11.));
#2609 = ( GEOMETRIC_REPRESENTATION_CONTEXT(2) 
PARAMETRIC_REPRESENTATION_CONTEXT() REPRESENTATION_CONTEXT('2D SPACE',''
  ) );
#2610 = PCURVE('',#2611,#2616);
#2611 = PLANE('',#2612);
#2612 = AXIS2_PLACEMENT_3D('',#2613,#2614,#2615);
#2613 = CARTESIAN_POINT('',(18.5,11.,62.489));
#2614 = DIRECTION('',(0.,-1.,0.));
#2615 = DIRECTION('',(-1.,0.,0.));
#2616 = DEFINITIONAL_REPRESENTATION('',(#2617),#2620);
#2617 = B_SPLINE_CURVE_WITH_KNOTS('',1,(#2618,#2619),.UNSPECIFIED.,.F.,
  .F.,(2,2),(-4.5,3.),.PIECEWISE_BEZIER_KNOTS.);
#2618 = CARTESIAN_POINT('',(7.5,-1.));
#2619 = CARTESIAN_POINT('',(0.,-1.));
#2620 = ( GEOMETRIC_REPRESENTATION_CONTEXT(2) 
PARAMETRIC_REPRESENTATION_CONTEXT() REPRESENTATION_CONTEXT('2D SPACE',''
  ) );
#2621 = ORIENTED_EDGE('',*,*,#2622,.T.);
#2622 = EDGE_CURVE('',#2597,#2623,#2625,.T.);
#2623 = VERTEX_POINT('',#2624);
#2624 = CARTESIAN_POINT('',(18.5,-11.,63.489));
#2625 = SURFACE_CURVE('',#2626,(#2630,#2636),.PCURVE_S1.);
#2626 = LINE('',#2627,#2628);
#2627 = CARTESIAN_POINT('',(18.5,-5.5,63.489));
#2628 = VECTOR('',#2629,1.);
#2629 = DIRECTION('',(0.,-1.,0.));
#2630 = PCURVE('',#2044,#2631);
#2631 = DEFINITIONAL_REPRESENTATION('',(#2632),#2635);
#2632 = B_SPLINE_CURVE_WITH_KNOTS('',1,(#2633,#2634),.UNSPECIFIED.,.F.,
  .F.,(2,2),(-16.5,5.5),.PIECEWISE_BEZIER_KNOTS.);
#2633 = CARTESIAN_POINT('',(6.,11.));
#2634 = CARTESIAN_POINT('',(6.,-11.));
#2635 = ( GEOMETRIC_REPRESENTATION_CONTEXT(2) 
PARAMETRIC_REPRESENTATION_CONTEXT() REPRESENTATION_CONTEXT('2D SPACE',''
  ) );
#2636 = PCURVE('',#2637,#2642);
#2637 = PLANE('',#2638);
#2638 = AXIS2_PLACEMENT_3D('',#2639,#2640,#2641);
#2639 = CARTESIAN_POINT('',(18.5,-11.,62.489));
#2640 = DIRECTION('',(-1.,0.,0.));
#2641 = DIRECTION('',(0.,1.,0.));
#2642 = DEFINITIONAL_REPRESENTATION('',(#2643),#2646);
#2643 = B_SPLINE_CURVE_WITH_KNOTS('',1,(#2644,#2645),.UNSPECIFIED.,.F.,
  .F.,(2,2),(-16.5,5.5),.PIECEWISE_BEZIER_KNOTS.);
#2644 = CARTESIAN_POINT('',(22.,-1.));
#2645 = CARTESIAN_POINT('',(0.,-1.));
#2646 = ( GEOMETRIC_REPRESENTATION_CONTEXT(2) 
PARAMETRIC_REPRESENTATION_CONTEXT() REPRESENTATION_CONTEXT('2D SPACE',''
  ) );
#2647 = ORIENTED_EDGE('',*,*,#2648,.T.);
#2648 = EDGE_CURVE('',#2623,#2649,#2651,.T.);
#2649 = VERTEX_POINT('',#2650);
#2650 = CARTESIAN_POINT('',(12.025251669351,-11.,63.489));
#2651 = SURFACE_CURVE('',#2652,(#2656,#2662),.PCURVE_S1.);
#2652 = LINE('',#2653,#2654);
#2653 = CARTESIAN_POINT('',(11.75,-11.,63.489));
#2654 = VECTOR('',#2655,1.);
#2655 = DIRECTION('',(-1.,0.,0.));
#2656 = PCURVE('',#2044,#2657);
#2657 = DEFINITIONAL_REPRESENTATION('',(#2658),#2661);
#2658 = B_SPLINE_CURVE_WITH_KNOTS('',1,(#2659,#2660),.UNSPECIFIED.,.F.,
  .F.,(2,2),(-6.75,0.75),.PIECEWISE_BEZIER_KNOTS.);
#2659 = CARTESIAN_POINT('',(6.,-11.));
#2660 = CARTESIAN_POINT('',(-1.5,-11.));
#2661 = ( GEOMETRIC_REPRESENTATION_CONTEXT(2) 
PARAMETRIC_REPRESENTATION_CONTEXT() REPRESENTATION_CONTEXT('2D SPACE',''
  ) );
#2662 = PCURVE('',#2663,#2668);
#2663 = PLANE('',#2664);
#2664 = AXIS2_PLACEMENT_3D('',#2665,#2666,#2667);
#2665 = CARTESIAN_POINT('',(11.,-11.,62.489));
#2666 = DIRECTION('',(0.,1.,0.));
#2667 = DIRECTION('',(1.,0.,0.));
#2668 = DEFINITIONAL_REPRESENTATION('',(#2669),#2672);
#2669 = B_SPLINE_CURVE_WITH_KNOTS('',1,(#2670,#2671),.UNSPECIFIED.,.F.,
  .F.,(2,2),(-6.75,0.75),.PIECEWISE_BEZIER_KNOTS.);
#2670 = CARTESIAN_POINT('',(7.5,-1.));
#2671 = CARTESIAN_POINT('',(0.,-1.));
#2672 = ( GEOMETRIC_REPRESENTATION_CONTEXT(2) 
PARAMETRIC_REPRESENTATION_CONTEXT() REPRESENTATION_CONTEXT('2D SPACE',''
  ) );
#2673 = ORIENTED_EDGE('',*,*,#2674,.T.);
#2674 = EDGE_CURVE('',#2649,#2675,#2677,.T.);
#2675 = VERTEX_POINT('',#2676);
#2676 = CARTESIAN_POINT('',(11.531098884281,-12.25,63.489));
#2677 = SURFACE_CURVE('',#2678,(#2683,#2694),.PCURVE_S1.);
#2678 = CIRCLE('',#2679,3.8);
#2679 = AXIS2_PLACEMENT_3D('',#2680,#2681,#2682);
#2680 = CARTESIAN_POINT('',(8.3,-10.25,63.489));
#2681 = DIRECTION('',(0.,0.,-1.));
#2682 = DIRECTION('',(1.,0.,0.));
#2683 = PCURVE('',#2044,#2684);
#2684 = DEFINITIONAL_REPRESENTATION('',(#2685),#2693);
#2685 = ( BOUNDED_CURVE() B_SPLINE_CURVE(2,(#2686,#2687,#2688,#2689,
#2690,#2691,#2692),.UNSPECIFIED.,.T.,.F.) B_SPLINE_CURVE_WITH_KNOTS((1,2
    ,2,2,2,1),(-2.094395102393,0.,2.094395102393,4.188790204786,
6.28318530718,8.377580409573),.UNSPECIFIED.) CURVE() 
GEOMETRIC_REPRESENTATION_ITEM() RATIONAL_B_SPLINE_CURVE((1.,0.5,1.,0.5,
1.,0.5,1.)) REPRESENTATION_ITEM('') );
#2686 = CARTESIAN_POINT('',(-0.4,-10.25));
#2687 = CARTESIAN_POINT('',(-0.4,-16.83179306876));
#2688 = CARTESIAN_POINT('',(-6.1,-13.54089653438));
#2689 = CARTESIAN_POINT('',(-11.8,-10.25));
#2690 = CARTESIAN_POINT('',(-6.1,-6.959103465619));
#2691 = CARTESIAN_POINT('',(-0.4,-3.668206931238));
#2692 = CARTESIAN_POINT('',(-0.4,-10.25));
#2693 = ( GEOMETRIC_REPRESENTATION_CONTEXT(2) 
PARAMETRIC_REPRESENTATION_CONTEXT() REPRESENTATION_CONTEXT('2D SPACE',''
  ) );
#2694 = PCURVE('',#2695,#2700);
#2695 = CYLINDRICAL_SURFACE('',#2696,3.8);
#2696 = AXIS2_PLACEMENT_3D('',#2697,#2698,#2699);
#2697 = CARTESIAN_POINT('',(8.3,-10.25,60.5));
#2698 = DIRECTION('',(-0.,-0.,-1.));
#2699 = DIRECTION('',(1.,0.,0.));
#2700 = DEFINITIONAL_REPRESENTATION('',(#2701),#2705);
#2701 = LINE('',#2702,#2703);
#2702 = CARTESIAN_POINT('',(-6.28318530718,-2.989));
#2703 = VECTOR('',#2704,1.);
#2704 = DIRECTION('',(1.,-0.));
#2705 = ( GEOMETRIC_REPRESENTATION_CONTEXT(2) 
PARAMETRIC_REPRESENTATION_CONTEXT() REPRESENTATION_CONTEXT('2D SPACE',''
  ) );
#2706 = ORIENTED_EDGE('',*,*,#2707,.T.);
#2707 = EDGE_CURVE('',#2675,#2708,#2710,.T.);
#2708 = VERTEX_POINT('',#2709);
#2709 = CARTESIAN_POINT('',(29.518901115719,-12.25,63.489));
#2710 = SURFACE_CURVE('',#2711,(#2715,#2722),.PCURVE_S1.);
#2711 = LINE('',#2712,#2713);
#2712 = CARTESIAN_POINT('',(-10.51,-12.25,63.489));
#2713 = VECTOR('',#2714,1.);
#2714 = DIRECTION('',(1.,0.,0.));
#2715 = PCURVE('',#2044,#2716);
#2716 = DEFINITIONAL_REPRESENTATION('',(#2717),#2721);
#2717 = LINE('',#2718,#2719);
#2718 = CARTESIAN_POINT('',(-23.01,-12.25));
#2719 = VECTOR('',#2720,1.);
#2720 = DIRECTION('',(1.,0.));
#2721 = ( GEOMETRIC_REPRESENTATION_CONTEXT(2) 
PARAMETRIC_REPRESENTATION_CONTEXT() REPRESENTATION_CONTEXT('2D SPACE',''
  ) );
#2722 = PCURVE('',#1544,#2723);
#2723 = DEFINITIONAL_REPRESENTATION('',(#2724),#2728);
#2724 = LINE('',#2725,#2726);
#2725 = CARTESIAN_POINT('',(0.,-35.989));
#2726 = VECTOR('',#2727,1.);
#2727 = DIRECTION('',(1.,0.));
#2728 = ( GEOMETRIC_REPRESENTATION_CONTEXT(2) 
PARAMETRIC_REPRESENTATION_CONTEXT() REPRESENTATION_CONTEXT('2D SPACE',''
  ) );
#2729 = ORIENTED_EDGE('',*,*,#2730,.T.);
#2730 = EDGE_CURVE('',#2708,#2731,#2733,.T.);
#2731 = VERTEX_POINT('',#2732);
#2732 = CARTESIAN_POINT('',(28.966152751497,-9.9,63.489));
#2733 = SURFACE_CURVE('',#2734,(#2739,#2750),.PCURVE_S1.);
#2734 = CIRCLE('',#2735,3.8);
#2735 = AXIS2_PLACEMENT_3D('',#2736,#2737,#2738);
#2736 = CARTESIAN_POINT('',(32.75,-10.25,63.489));
#2737 = DIRECTION('',(0.,0.,-1.));
#2738 = DIRECTION('',(1.,0.,0.));
#2739 = PCURVE('',#2044,#2740);
#2740 = DEFINITIONAL_REPRESENTATION('',(#2741),#2749);
#2741 = ( BOUNDED_CURVE() B_SPLINE_CURVE(2,(#2742,#2743,#2744,#2745,
#2746,#2747,#2748),.UNSPECIFIED.,.T.,.F.) B_SPLINE_CURVE_WITH_KNOTS((1,2
    ,2,2,2,1),(-2.094395102393,0.,2.094395102393,4.188790204786,
6.28318530718,8.377580409573),.UNSPECIFIED.) CURVE() 
GEOMETRIC_REPRESENTATION_ITEM() RATIONAL_B_SPLINE_CURVE((1.,0.5,1.,0.5,
1.,0.5,1.)) REPRESENTATION_ITEM('') );
#2742 = CARTESIAN_POINT('',(24.05,-10.25));
#2743 = CARTESIAN_POINT('',(24.05,-16.83179306876));
#2744 = CARTESIAN_POINT('',(18.35,-13.54089653438));
#2745 = CARTESIAN_POINT('',(12.65,-10.25));
#2746 = CARTESIAN_POINT('',(18.35,-6.959103465619));
#2747 = CARTESIAN_POINT('',(24.05,-3.668206931238));
#2748 = CARTESIAN_POINT('',(24.05,-10.25));
#2749 = ( GEOMETRIC_REPRESENTATION_CONTEXT(2) 
PARAMETRIC_REPRESENTATION_CONTEXT() REPRESENTATION_CONTEXT('2D SPACE',''
  ) );
#2750 = PCURVE('',#2751,#2756);
#2751 = CYLINDRICAL_SURFACE('',#2752,3.8);
#2752 = AXIS2_PLACEMENT_3D('',#2753,#2754,#2755);
#2753 = CARTESIAN_POINT('',(32.75,-10.25,60.5));
#2754 = DIRECTION('',(-0.,-0.,-1.));
#2755 = DIRECTION('',(1.,0.,0.));
#2756 = DEFINITIONAL_REPRESENTATION('',(#2757),#2761);
#2757 = LINE('',#2758,#2759);
#2758 = CARTESIAN_POINT('',(-12.56637061435,-2.989));
#2759 = VECTOR('',#2760,1.);
#2760 = DIRECTION('',(1.,-0.));
#2761 = ( GEOMETRIC_REPRESENTATION_CONTEXT(2) 
PARAMETRIC_REPRESENTATION_CONTEXT() REPRESENTATION_CONTEXT('2D SPACE',''
  ) );
#2762 = ORIENTED_EDGE('',*,*,#2763,.F.);
#2763 = EDGE_CURVE('',#2764,#2731,#2766,.T.);
#2764 = VERTEX_POINT('',#2765);
#2765 = CARTESIAN_POINT('',(31.086419524039,-9.9,63.489));
#2766 = SURFACE_CURVE('',#2767,(#2771,#2777),.PCURVE_S1.);
#2767 = LINE('',#2768,#2769);
#2768 = CARTESIAN_POINT('',(-7.5,-9.9,63.489));
#2769 = VECTOR('',#2770,1.);
#2770 = DIRECTION('',(-1.,0.,0.));
#2771 = PCURVE('',#2044,#2772);
#2772 = DEFINITIONAL_REPRESENTATION('',(#2773),#2776);
#2773 = B_SPLINE_CURVE_WITH_KNOTS('',1,(#2774,#2775),.UNSPECIFIED.,.F.,
  .F.,(2,2),(-43.01,-36.46615275149),.PIECEWISE_BEZIER_KNOTS.);
#2774 = CARTESIAN_POINT('',(23.01,-9.9));
#2775 = CARTESIAN_POINT('',(16.466152751497,-9.9));
#2776 = ( GEOMETRIC_REPRESENTATION_CONTEXT(2) 
PARAMETRIC_REPRESENTATION_CONTEXT() REPRESENTATION_CONTEXT('2D SPACE',''
  ) );
#2777 = PCURVE('',#2778,#2783);
#2778 = PLANE('',#2779);
#2779 = AXIS2_PLACEMENT_3D('',#2780,#2781,#2782);
#2780 = CARTESIAN_POINT('',(-27.5,-9.9,54.5));
#2781 = DIRECTION('',(0.,1.,0.));
#2782 = DIRECTION('',(1.,0.,0.));
#2783 = DEFINITIONAL_REPRESENTATION('',(#2784),#2787);
#2784 = B_SPLINE_CURVE_WITH_KNOTS('',1,(#2785,#2786),.UNSPECIFIED.,.F.,
  .F.,(2,2),(-43.01,-36.46615275149),.PIECEWISE_BEZIER_KNOTS.);
#2785 = CARTESIAN_POINT('',(63.01,-8.989));
#2786 = CARTESIAN_POINT('',(56.466152751497,-8.989));
#2787 = ( GEOMETRIC_REPRESENTATION_CONTEXT(2) 
PARAMETRIC_REPRESENTATION_CONTEXT() REPRESENTATION_CONTEXT('2D SPACE',''
  ) );
#2788 = ORIENTED_EDGE('',*,*,#2789,.T.);
#2789 = EDGE_CURVE('',#2764,#2790,#2792,.T.);
#2790 = VERTEX_POINT('',#2791);
#2791 = CARTESIAN_POINT('',(34.413580475961,-9.9,63.489));
#2792 = SURFACE_CURVE('',#2793,(#2798,#2809),.PCURVE_S1.);
#2793 = CIRCLE('',#2794,1.7);
#2794 = AXIS2_PLACEMENT_3D('',#2795,#2796,#2797);
#2795 = CARTESIAN_POINT('',(32.75,-10.25,63.489));
#2796 = DIRECTION('',(0.,0.,-1.));
#2797 = DIRECTION('',(1.,0.,0.));
#2798 = PCURVE('',#2044,#2799);
#2799 = DEFINITIONAL_REPRESENTATION('',(#2800),#2808);
#2800 = ( BOUNDED_CURVE() B_SPLINE_CURVE(2,(#2801,#2802,#2803,#2804,
#2805,#2806,#2807),.UNSPECIFIED.,.T.,.F.) B_SPLINE_CURVE_WITH_KNOTS((1,2
    ,2,2,2,1),(-2.094395102393,0.,2.094395102393,4.188790204786,
6.28318530718,8.377580409573),.UNSPECIFIED.) CURVE() 
GEOMETRIC_REPRESENTATION_ITEM() RATIONAL_B_SPLINE_CURVE((1.,0.5,1.,0.5,
1.,0.5,1.)) REPRESENTATION_ITEM('') );
#2801 = CARTESIAN_POINT('',(21.95,-10.25));
#2802 = CARTESIAN_POINT('',(21.95,-13.19448637286));
#2803 = CARTESIAN_POINT('',(19.4,-11.72224318643));
#2804 = CARTESIAN_POINT('',(16.85,-10.25));
#2805 = CARTESIAN_POINT('',(19.4,-8.777756813566));
#2806 = CARTESIAN_POINT('',(21.95,-7.305513627133));
#2807 = CARTESIAN_POINT('',(21.95,-10.25));
#2808 = ( GEOMETRIC_REPRESENTATION_CONTEXT(2) 
PARAMETRIC_REPRESENTATION_CONTEXT() REPRESENTATION_CONTEXT('2D SPACE',''
  ) );
#2809 = PCURVE('',#2810,#2815);
#2810 = CYLINDRICAL_SURFACE('',#2811,1.7);
#2811 = AXIS2_PLACEMENT_3D('',#2812,#2813,#2814);
#2812 = CARTESIAN_POINT('',(32.75,-10.25,59.5));
#2813 = DIRECTION('',(-0.,-0.,-1.));
#2814 = DIRECTION('',(1.,0.,0.));
#2815 = DEFINITIONAL_REPRESENTATION('',(#2816),#2820);
#2816 = LINE('',#2817,#2818);
#2817 = CARTESIAN_POINT('',(-6.28318530718,-3.989));
#2818 = VECTOR('',#2819,1.);
#2819 = DIRECTION('',(1.,-0.));
#2820 = ( GEOMETRIC_REPRESENTATION_CONTEXT(2) 
PARAMETRIC_REPRESENTATION_CONTEXT() REPRESENTATION_CONTEXT('2D SPACE',''
  ) );
#2821 = ORIENTED_EDGE('',*,*,#2822,.F.);
#2822 = EDGE_CURVE('',#2823,#2790,#2825,.T.);
#2823 = VERTEX_POINT('',#2824);
#2824 = CARTESIAN_POINT('',(35.51,-9.9,63.489));
#2825 = SURFACE_CURVE('',#2826,(#2830,#2836),.PCURVE_S1.);
#2826 = LINE('',#2827,#2828);
#2827 = CARTESIAN_POINT('',(-7.5,-9.9,63.489));
#2828 = VECTOR('',#2829,1.);
#2829 = DIRECTION('',(-1.,0.,0.));
#2830 = PCURVE('',#2044,#2831);
#2831 = DEFINITIONAL_REPRESENTATION('',(#2832),#2835);
#2832 = B_SPLINE_CURVE_WITH_KNOTS('',1,(#2833,#2834),.UNSPECIFIED.,.F.,
  .F.,(2,2),(-43.01,-36.46615275149),.PIECEWISE_BEZIER_KNOTS.);
#2833 = CARTESIAN_POINT('',(23.01,-9.9));
#2834 = CARTESIAN_POINT('',(16.466152751497,-9.9));
#2835 = ( GEOMETRIC_REPRESENTATION_CONTEXT(2) 
PARAMETRIC_REPRESENTATION_CONTEXT() REPRESENTATION_CONTEXT('2D SPACE',''
  ) );
#2836 = PCURVE('',#2837,#2842);
#2837 = PLANE('',#2838);
#2838 = AXIS2_PLACEMENT_3D('',#2839,#2840,#2841);
#2839 = CARTESIAN_POINT('',(-27.5,-9.9,54.5));
#2840 = DIRECTION('',(0.,1.,0.));
#2841 = DIRECTION('',(1.,0.,0.));
#2842 = DEFINITIONAL_REPRESENTATION('',(#2843),#2846);
#2843 = B_SPLINE_CURVE_WITH_KNOTS('',1,(#2844,#2845),.UNSPECIFIED.,.F.,
  .F.,(2,2),(-43.01,-36.46615275149),.PIECEWISE_BEZIER_KNOTS.);
#2844 = CARTESIAN_POINT('',(63.01,-8.989));
#2845 = CARTESIAN_POINT('',(56.466152751497,-8.989));
#2846 = ( GEOMETRIC_REPRESENTATION_CONTEXT(2) 
PARAMETRIC_REPRESENTATION_CONTEXT() REPRESENTATION_CONTEXT('2D SPACE',''
  ) );
#2847 = ORIENTED_EDGE('',*,*,#2848,.T.);
#2848 = EDGE_CURVE('',#2823,#2494,#2849,.T.);
#2849 = SURFACE_CURVE('',#2850,(#2854,#2861),.PCURVE_S1.);
#2850 = LINE('',#2851,#2852);
#2851 = CARTESIAN_POINT('',(35.51,-12.25,63.489));
#2852 = VECTOR('',#2853,1.);
#2853 = DIRECTION('',(0.,1.,0.));
#2854 = PCURVE('',#2044,#2855);
#2855 = DEFINITIONAL_REPRESENTATION('',(#2856),#2860);
#2856 = LINE('',#2857,#2858);
#2857 = CARTESIAN_POINT('',(23.01,-12.25));
#2858 = VECTOR('',#2859,1.);
#2859 = DIRECTION('',(0.,1.));
#2860 = ( GEOMETRIC_REPRESENTATION_CONTEXT(2) 
PARAMETRIC_REPRESENTATION_CONTEXT() REPRESENTATION_CONTEXT('2D SPACE',''
  ) );
#2861 = PCURVE('',#1518,#2862);
#2862 = DEFINITIONAL_REPRESENTATION('',(#2863),#2867);
#2863 = LINE('',#2864,#2865);
#2864 = CARTESIAN_POINT('',(0.,-35.989));
#2865 = VECTOR('',#2866,1.);
#2866 = DIRECTION('',(1.,0.));
#2867 = ( GEOMETRIC_REPRESENTATION_CONTEXT(2) 
PARAMETRIC_REPRESENTATION_CONTEXT() REPRESENTATION_CONTEXT('2D SPACE',''
  ) );
#2868 = ORIENTED_EDGE('',*,*,#2514,.F.);
#2869 = ORIENTED_EDGE('',*,*,#2461,.T.);
#2870 = ORIENTED_EDGE('',*,*,#2366,.F.);
#2871 = ORIENTED_EDGE('',*,*,#2538,.T.);
#2872 = ORIENTED_EDGE('',*,*,#2028,.T.);
#2873 = FACE_BOUND('',#2874,.F.);
#2874 = EDGE_LOOP('',(#2875));
#2875 = ORIENTED_EDGE('',*,*,#2876,.T.);
#2876 = EDGE_CURVE('',#2877,#2877,#2879,.T.);
#2877 = VERTEX_POINT('',#2878);
#2878 = CARTESIAN_POINT('',(33.51,0.,63.489));
#2879 = SURFACE_CURVE('',#2880,(#2885,#2896),.PCURVE_S1.);
#2880 = CIRCLE('',#2881,4.);
#2881 = AXIS2_PLACEMENT_3D('',#2882,#2883,#2884);
#2882 = CARTESIAN_POINT('',(29.51,0.,63.489));
#2883 = DIRECTION('',(0.,0.,-1.));
#2884 = DIRECTION('',(1.,0.,0.));
#2885 = PCURVE('',#2044,#2886);
#2886 = DEFINITIONAL_REPRESENTATION('',(#2887),#2895);
#2887 = ( BOUNDED_CURVE() B_SPLINE_CURVE(2,(#2888,#2889,#2890,#2891,
#2892,#2893,#2894),.UNSPECIFIED.,.T.,.F.) B_SPLINE_CURVE_WITH_KNOTS((1,2
    ,2,2,2,1),(-2.094395102393,0.,2.094395102393,4.188790204786,
6.28318530718,8.377580409573),.UNSPECIFIED.) CURVE() 
GEOMETRIC_REPRESENTATION_ITEM() RATIONAL_B_SPLINE_CURVE((1.,0.5,1.,0.5,
1.,0.5,1.)) REPRESENTATION_ITEM('') );
#2888 = CARTESIAN_POINT('',(21.01,0.));
#2889 = CARTESIAN_POINT('',(21.01,-6.928203230276));
#2890 = CARTESIAN_POINT('',(15.01,-3.464101615138));
#2891 = CARTESIAN_POINT('',(9.01,-9.797174393179E-16));
#2892 = CARTESIAN_POINT('',(15.01,3.464101615138));
#2893 = CARTESIAN_POINT('',(21.01,6.928203230276));
#2894 = CARTESIAN_POINT('',(21.01,0.));
#2895 = ( GEOMETRIC_REPRESENTATION_CONTEXT(2) 
PARAMETRIC_REPRESENTATION_CONTEXT() REPRESENTATION_CONTEXT('2D SPACE',''
  ) );
#2896 = PCURVE('',#2897,#2902);
#2897 = CYLINDRICAL_SURFACE('',#2898,4.);
#2898 = AXIS2_PLACEMENT_3D('',#2899,#2900,#2901);
#2899 = CARTESIAN_POINT('',(29.51,0.,62.489));
#2900 = DIRECTION('',(-0.,-0.,-1.));
#2901 = DIRECTION('',(1.,0.,0.));
#2902 = DEFINITIONAL_REPRESENTATION('',(#2903),#2907);
#2903 = LINE('',#2904,#2905);
#2904 = CARTESIAN_POINT('',(-6.28318530718,-1.));
#2905 = VECTOR('',#2906,1.);
#2906 = DIRECTION('',(1.,-0.));
#2907 = ( GEOMETRIC_REPRESENTATION_CONTEXT(2) 
PARAMETRIC_REPRESENTATION_CONTEXT() REPRESENTATION_CONTEXT('2D SPACE',''
  ) );
#2908 = ADVANCED_FACE('',(#2909),#2897,.F.);
#2909 = FACE_BOUND('',#2910,.T.);
#2910 = EDGE_LOOP('',(#2911,#2912,#2935,#2961));
#2911 = ORIENTED_EDGE('',*,*,#2876,.T.);
#2912 = ORIENTED_EDGE('',*,*,#2913,.T.);
#2913 = EDGE_CURVE('',#2877,#2914,#2916,.T.);
#2914 = VERTEX_POINT('',#2915);
#2915 = CARTESIAN_POINT('',(33.51,0.,65.889));
#2916 = SEAM_CURVE('',#2917,(#2921,#2928),.PCURVE_S1.);
#2917 = LINE('',#2918,#2919);
#2918 = CARTESIAN_POINT('',(33.51,0.,62.489));
#2919 = VECTOR('',#2920,1.);
#2920 = DIRECTION('',(0.,0.,1.));
#2921 = PCURVE('',#2897,#2922);
#2922 = DEFINITIONAL_REPRESENTATION('',(#2923),#2927);
#2923 = LINE('',#2924,#2925);
#2924 = CARTESIAN_POINT('',(-6.28318530718,0.));
#2925 = VECTOR('',#2926,1.);
#2926 = DIRECTION('',(-0.,-1.));
#2927 = ( GEOMETRIC_REPRESENTATION_CONTEXT(2) 
PARAMETRIC_REPRESENTATION_CONTEXT() REPRESENTATION_CONTEXT('2D SPACE',''
  ) );
#2928 = PCURVE('',#2897,#2929);
#2929 = DEFINITIONAL_REPRESENTATION('',(#2930),#2934);
#2930 = LINE('',#2931,#2932);
#2931 = CARTESIAN_POINT('',(-0.,0.));
#2932 = VECTOR('',#2933,1.);
#2933 = DIRECTION('',(-0.,-1.));
#2934 = ( GEOMETRIC_REPRESENTATION_CONTEXT(2) 
PARAMETRIC_REPRESENTATION_CONTEXT() REPRESENTATION_CONTEXT('2D SPACE',''
  ) );
#2935 = ORIENTED_EDGE('',*,*,#2936,.F.);
#2936 = EDGE_CURVE('',#2914,#2914,#2937,.T.);
#2937 = SURFACE_CURVE('',#2938,(#2943,#2950),.PCURVE_S1.);
#2938 = CIRCLE('',#2939,4.);
#2939 = AXIS2_PLACEMENT_3D('',#2940,#2941,#2942);
#2940 = CARTESIAN_POINT('',(29.51,0.,65.889));
#2941 = DIRECTION('',(0.,0.,-1.));
#2942 = DIRECTION('',(1.,0.,0.));
#2943 = PCURVE('',#2897,#2944);
#2944 = DEFINITIONAL_REPRESENTATION('',(#2945),#2949);
#2945 = LINE('',#2946,#2947);
#2946 = CARTESIAN_POINT('',(-6.28318530718,-3.4));
#2947 = VECTOR('',#2948,1.);
#2948 = DIRECTION('',(1.,-0.));
#2949 = ( GEOMETRIC_REPRESENTATION_CONTEXT(2) 
PARAMETRIC_REPRESENTATION_CONTEXT() REPRESENTATION_CONTEXT('2D SPACE',''
  ) );
#2950 = PCURVE('',#44,#2951);
#2951 = DEFINITIONAL_REPRESENTATION('',(#2952),#2960);
#2952 = ( BOUNDED_CURVE() B_SPLINE_CURVE(2,(#2953,#2954,#2955,#2956,
#2957,#2958,#2959),.UNSPECIFIED.,.T.,.F.) B_SPLINE_CURVE_WITH_KNOTS((1,2
    ,2,2,2,1),(-2.094395102393,0.,2.094395102393,4.188790204786,
6.28318530718,8.377580409573),.UNSPECIFIED.) CURVE() 
GEOMETRIC_REPRESENTATION_ITEM() RATIONAL_B_SPLINE_CURVE((1.,0.5,1.,0.5,
1.,0.5,1.)) REPRESENTATION_ITEM('') );
#2953 = CARTESIAN_POINT('',(20.6,-1.604946055186E-15));
#2954 = CARTESIAN_POINT('',(20.6,-6.928203230276));
#2955 = CARTESIAN_POINT('',(14.6,-3.464101615138));
#2956 = CARTESIAN_POINT('',(8.6,-2.584663494504E-15));
#2957 = CARTESIAN_POINT('',(14.6,3.464101615138));
#2958 = CARTESIAN_POINT('',(20.6,6.928203230276));
#2959 = CARTESIAN_POINT('',(20.6,-1.604946055186E-15));
#2960 = ( GEOMETRIC_REPRESENTATION_CONTEXT(2) 
PARAMETRIC_REPRESENTATION_CONTEXT() REPRESENTATION_CONTEXT('2D SPACE',''
  ) );
#2961 = ORIENTED_EDGE('',*,*,#2913,.F.);
#2962 = ADVANCED_FACE('',(#2963),#2611,.T.);
#2963 = FACE_BOUND('',#2964,.T.);
#2964 = EDGE_LOOP('',(#2965,#2966,#2989,#3010,#3038,#3066));
#2965 = ORIENTED_EDGE('',*,*,#2596,.T.);
#2966 = ORIENTED_EDGE('',*,*,#2967,.T.);
#2967 = EDGE_CURVE('',#2597,#2968,#2970,.T.);
#2968 = VERTEX_POINT('',#2969);
#2969 = CARTESIAN_POINT('',(18.5,11.,65.889));
#2970 = SURFACE_CURVE('',#2971,(#2975,#2982),.PCURVE_S1.);
#2971 = LINE('',#2972,#2973);
#2972 = CARTESIAN_POINT('',(18.5,11.,62.489));
#2973 = VECTOR('',#2974,1.);
#2974 = DIRECTION('',(0.,0.,1.));
#2975 = PCURVE('',#2611,#2976);
#2976 = DEFINITIONAL_REPRESENTATION('',(#2977),#2981);
#2977 = LINE('',#2978,#2979);
#2978 = CARTESIAN_POINT('',(0.,-0.));
#2979 = VECTOR('',#2980,1.);
#2980 = DIRECTION('',(0.,-1.));
#2981 = ( GEOMETRIC_REPRESENTATION_CONTEXT(2) 
PARAMETRIC_REPRESENTATION_CONTEXT() REPRESENTATION_CONTEXT('2D SPACE',''
  ) );
#2982 = PCURVE('',#2637,#2983);
#2983 = DEFINITIONAL_REPRESENTATION('',(#2984),#2988);
#2984 = LINE('',#2985,#2986);
#2985 = CARTESIAN_POINT('',(22.,0.));
#2986 = VECTOR('',#2987,1.);
#2987 = DIRECTION('',(0.,-1.));
#2988 = ( GEOMETRIC_REPRESENTATION_CONTEXT(2) 
PARAMETRIC_REPRESENTATION_CONTEXT() REPRESENTATION_CONTEXT('2D SPACE',''
  ) );
#2989 = ORIENTED_EDGE('',*,*,#2990,.F.);
#2990 = EDGE_CURVE('',#2991,#2968,#2993,.T.);
#2991 = VERTEX_POINT('',#2992);
#2992 = CARTESIAN_POINT('',(11.,11.,65.889));
#2993 = SURFACE_CURVE('',#2994,(#2998,#3004),.PCURVE_S1.);
#2994 = LINE('',#2995,#2996);
#2995 = CARTESIAN_POINT('',(15.705,11.,65.889));
#2996 = VECTOR('',#2997,1.);
#2997 = DIRECTION('',(1.,0.,-0.));
#2998 = PCURVE('',#2611,#2999);
#2999 = DEFINITIONAL_REPRESENTATION('',(#3000),#3003);
#3000 = B_SPLINE_CURVE_WITH_KNOTS('',1,(#3001,#3002),.UNSPECIFIED.,.F.,
  .F.,(2,2),(-4.705,2.795),.PIECEWISE_BEZIER_KNOTS.);
#3001 = CARTESIAN_POINT('',(7.5,-3.4));
#3002 = CARTESIAN_POINT('',(0.,-3.4));
#3003 = ( GEOMETRIC_REPRESENTATION_CONTEXT(2) 
PARAMETRIC_REPRESENTATION_CONTEXT() REPRESENTATION_CONTEXT('2D SPACE',''
  ) );
#3004 = PCURVE('',#44,#3005);
#3005 = DEFINITIONAL_REPRESENTATION('',(#3006),#3009);
#3006 = B_SPLINE_CURVE_WITH_KNOTS('',1,(#3007,#3008),.UNSPECIFIED.,.F.,
  .F.,(2,2),(-4.705,2.795),.PIECEWISE_BEZIER_KNOTS.);
#3007 = CARTESIAN_POINT('',(-1.91,11.));
#3008 = CARTESIAN_POINT('',(5.59,11.));
#3009 = ( GEOMETRIC_REPRESENTATION_CONTEXT(2) 
PARAMETRIC_REPRESENTATION_CONTEXT() REPRESENTATION_CONTEXT('2D SPACE',''
  ) );
#3010 = ORIENTED_EDGE('',*,*,#3011,.F.);
#3011 = EDGE_CURVE('',#3012,#2991,#3014,.T.);
#3012 = VERTEX_POINT('',#3013);
#3013 = CARTESIAN_POINT('',(11.,11.,62.489));
#3014 = SURFACE_CURVE('',#3015,(#3019,#3026),.PCURVE_S1.);
#3015 = LINE('',#3016,#3017);
#3016 = CARTESIAN_POINT('',(11.,11.,62.489));
#3017 = VECTOR('',#3018,1.);
#3018 = DIRECTION('',(0.,0.,1.));
#3019 = PCURVE('',#2611,#3020);
#3020 = DEFINITIONAL_REPRESENTATION('',(#3021),#3025);
#3021 = LINE('',#3022,#3023);
#3022 = CARTESIAN_POINT('',(7.5,0.));
#3023 = VECTOR('',#3024,1.);
#3024 = DIRECTION('',(0.,-1.));
#3025 = ( GEOMETRIC_REPRESENTATION_CONTEXT(2) 
PARAMETRIC_REPRESENTATION_CONTEXT() REPRESENTATION_CONTEXT('2D SPACE',''
  ) );
#3026 = PCURVE('',#3027,#3032);
#3027 = PLANE('',#3028);
#3028 = AXIS2_PLACEMENT_3D('',#3029,#3030,#3031);
#3029 = CARTESIAN_POINT('',(11.,11.,62.489));
#3030 = DIRECTION('',(1.,0.,-0.));
#3031 = DIRECTION('',(0.,-1.,0.));
#3032 = DEFINITIONAL_REPRESENTATION('',(#3033),#3037);
#3033 = LINE('',#3034,#3035);
#3034 = CARTESIAN_POINT('',(0.,0.));
#3035 = VECTOR('',#3036,1.);
#3036 = DIRECTION('',(0.,-1.));
#3037 = ( GEOMETRIC_REPRESENTATION_CONTEXT(2) 
PARAMETRIC_REPRESENTATION_CONTEXT() REPRESENTATION_CONTEXT('2D SPACE',''
  ) );
#3038 = ORIENTED_EDGE('',*,*,#3039,.F.);
#3039 = EDGE_CURVE('',#3040,#3012,#3042,.T.);
#3040 = VERTEX_POINT('',#3041);
#3041 = CARTESIAN_POINT('',(12.025251669351,11.,62.489));
#3042 = SURFACE_CURVE('',#3043,(#3047,#3054),.PCURVE_S1.);
#3043 = LINE('',#3044,#3045);
#3044 = CARTESIAN_POINT('',(18.5,11.,62.489));
#3045 = VECTOR('',#3046,1.);
#3046 = DIRECTION('',(-1.,0.,0.));
#3047 = PCURVE('',#2611,#3048);
#3048 = DEFINITIONAL_REPRESENTATION('',(#3049),#3053);
#3049 = LINE('',#3050,#3051);
#3050 = CARTESIAN_POINT('',(0.,-0.));
#3051 = VECTOR('',#3052,1.);
#3052 = DIRECTION('',(1.,0.));
#3053 = ( GEOMETRIC_REPRESENTATION_CONTEXT(2) 
PARAMETRIC_REPRESENTATION_CONTEXT() REPRESENTATION_CONTEXT('2D SPACE',''
  ) );
#3054 = PCURVE('',#3055,#3060);
#3055 = PLANE('',#3056);
#3056 = AXIS2_PLACEMENT_3D('',#3057,#3058,#3059);
#3057 = CARTESIAN_POINT('',(14.75,0.,62.489));
#3058 = DIRECTION('',(0.,0.,1.));
#3059 = DIRECTION('',(1.,0.,-0.));
#3060 = DEFINITIONAL_REPRESENTATION('',(#3061),#3065);
#3061 = LINE('',#3062,#3063);
#3062 = CARTESIAN_POINT('',(3.75,11.));
#3063 = VECTOR('',#3064,1.);
#3064 = DIRECTION('',(-1.,0.));
#3065 = ( GEOMETRIC_REPRESENTATION_CONTEXT(2) 
PARAMETRIC_REPRESENTATION_CONTEXT() REPRESENTATION_CONTEXT('2D SPACE',''
  ) );
#3066 = ORIENTED_EDGE('',*,*,#3067,.F.);
#3067 = EDGE_CURVE('',#2569,#3040,#3068,.T.);
#3068 = SURFACE_CURVE('',#3069,(#3073,#3079),.PCURVE_S1.);
#3069 = LINE('',#3070,#3071);
#3070 = CARTESIAN_POINT('',(12.025251669351,11.,60.5));
#3071 = VECTOR('',#3072,1.);
#3072 = DIRECTION('',(-0.,-0.,-1.));
#3073 = PCURVE('',#2611,#3074);
#3074 = DEFINITIONAL_REPRESENTATION('',(#3075),#3078);
#3075 = B_SPLINE_CURVE_WITH_KNOTS('',1,(#3076,#3077),.UNSPECIFIED.,.F.,
  .F.,(2,2),(-2.9890006,-1.549),.PIECEWISE_BEZIER_KNOTS.);
#3076 = CARTESIAN_POINT('',(6.474748330649,-1.0000006));
#3077 = CARTESIAN_POINT('',(6.474748330649,0.44));
#3078 = ( GEOMETRIC_REPRESENTATION_CONTEXT(2) 
PARAMETRIC_REPRESENTATION_CONTEXT() REPRESENTATION_CONTEXT('2D SPACE',''
  ) );
#3079 = PCURVE('',#2071,#3080);
#3080 = DEFINITIONAL_REPRESENTATION('',(#3081),#3084);
#3081 = B_SPLINE_CURVE_WITH_KNOTS('',1,(#3082,#3083),.UNSPECIFIED.,.F.,
  .F.,(2,2),(-2.9890006,-1.549),.PIECEWISE_BEZIER_KNOTS.);
#3082 = CARTESIAN_POINT('',(-6.481858116576,-2.9890006));
#3083 = CARTESIAN_POINT('',(-6.481858116576,-1.549));
#3084 = ( GEOMETRIC_REPRESENTATION_CONTEXT(2) 
PARAMETRIC_REPRESENTATION_CONTEXT() REPRESENTATION_CONTEXT('2D SPACE',''
  ) );
#3085 = ADVANCED_FACE('',(#3086),#3027,.T.);
#3086 = FACE_BOUND('',#3087,.T.);
#3087 = EDGE_LOOP('',(#3088,#3111,#3112,#3134,#3157,#3185,#3213,#3240,
    #3268,#3290,#3318,#3340));
#3088 = ORIENTED_EDGE('',*,*,#3089,.F.);
#3089 = EDGE_CURVE('',#3012,#3090,#3092,.T.);
#3090 = VERTEX_POINT('',#3091);
#3091 = CARTESIAN_POINT('',(11.,10.7,62.489));
#3092 = SURFACE_CURVE('',#3093,(#3097,#3104),.PCURVE_S1.);
#3093 = LINE('',#3094,#3095);
#3094 = CARTESIAN_POINT('',(11.,11.,62.489));
#3095 = VECTOR('',#3096,1.);
#3096 = DIRECTION('',(0.,-1.,0.));
#3097 = PCURVE('',#3027,#3098);
#3098 = DEFINITIONAL_REPRESENTATION('',(#3099),#3103);
#3099 = LINE('',#3100,#3101);
#3100 = CARTESIAN_POINT('',(0.,0.));
#3101 = VECTOR('',#3102,1.);
#3102 = DIRECTION('',(1.,0.));
#3103 = ( GEOMETRIC_REPRESENTATION_CONTEXT(2) 
PARAMETRIC_REPRESENTATION_CONTEXT() REPRESENTATION_CONTEXT('2D SPACE',''
  ) );
#3104 = PCURVE('',#3055,#3105);
#3105 = DEFINITIONAL_REPRESENTATION('',(#3106),#3110);
#3106 = LINE('',#3107,#3108);
#3107 = CARTESIAN_POINT('',(-3.75,11.));
#3108 = VECTOR('',#3109,1.);
#3109 = DIRECTION('',(0.,-1.));
#3110 = ( GEOMETRIC_REPRESENTATION_CONTEXT(2) 
PARAMETRIC_REPRESENTATION_CONTEXT() REPRESENTATION_CONTEXT('2D SPACE',''
  ) );
#3111 = ORIENTED_EDGE('',*,*,#3011,.T.);
#3112 = ORIENTED_EDGE('',*,*,#3113,.F.);
#3113 = EDGE_CURVE('',#3114,#2991,#3116,.T.);
#3114 = VERTEX_POINT('',#3115);
#3115 = CARTESIAN_POINT('',(11.,-11.,65.889));
#3116 = SURFACE_CURVE('',#3117,(#3121,#3128),.PCURVE_S1.);
#3117 = LINE('',#3118,#3119);
#3118 = CARTESIAN_POINT('',(11.,5.5,65.889));
#3119 = VECTOR('',#3120,1.);
#3120 = DIRECTION('',(-0.,1.,0.));
#3121 = PCURVE('',#3027,#3122);
#3122 = DEFINITIONAL_REPRESENTATION('',(#3123),#3127);
#3123 = LINE('',#3124,#3125);
#3124 = CARTESIAN_POINT('',(5.5,-3.4));
#3125 = VECTOR('',#3126,1.);
#3126 = DIRECTION('',(-1.,-0.));
#3127 = ( GEOMETRIC_REPRESENTATION_CONTEXT(2) 
PARAMETRIC_REPRESENTATION_CONTEXT() REPRESENTATION_CONTEXT('2D SPACE',''
  ) );
#3128 = PCURVE('',#44,#3129);
#3129 = DEFINITIONAL_REPRESENTATION('',(#3130),#3133);
#3130 = B_SPLINE_CURVE_WITH_KNOTS('',1,(#3131,#3132),.UNSPECIFIED.,.F.,
  .F.,(2,2),(-16.5,5.5),.PIECEWISE_BEZIER_KNOTS.);
#3131 = CARTESIAN_POINT('',(-1.91,-11.));
#3132 = CARTESIAN_POINT('',(-1.91,11.));
#3133 = ( GEOMETRIC_REPRESENTATION_CONTEXT(2) 
PARAMETRIC_REPRESENTATION_CONTEXT() REPRESENTATION_CONTEXT('2D SPACE',''
  ) );
#3134 = ORIENTED_EDGE('',*,*,#3135,.F.);
#3135 = EDGE_CURVE('',#3136,#3114,#3138,.T.);
#3136 = VERTEX_POINT('',#3137);
#3137 = CARTESIAN_POINT('',(11.,-11.,62.489));
#3138 = SURFACE_CURVE('',#3139,(#3143,#3150),.PCURVE_S1.);
#3139 = LINE('',#3140,#3141);
#3140 = CARTESIAN_POINT('',(11.,-11.,62.489));
#3141 = VECTOR('',#3142,1.);
#3142 = DIRECTION('',(0.,0.,1.));
#3143 = PCURVE('',#3027,#3144);
#3144 = DEFINITIONAL_REPRESENTATION('',(#3145),#3149);
#3145 = LINE('',#3146,#3147);
#3146 = CARTESIAN_POINT('',(22.,0.));
#3147 = VECTOR('',#3148,1.);
#3148 = DIRECTION('',(0.,-1.));
#3149 = ( GEOMETRIC_REPRESENTATION_CONTEXT(2) 
PARAMETRIC_REPRESENTATION_CONTEXT() REPRESENTATION_CONTEXT('2D SPACE',''
  ) );
#3150 = PCURVE('',#2663,#3151);
#3151 = DEFINITIONAL_REPRESENTATION('',(#3152),#3156);
#3152 = LINE('',#3153,#3154);
#3153 = CARTESIAN_POINT('',(0.,0.));
#3154 = VECTOR('',#3155,1.);
#3155 = DIRECTION('',(0.,-1.));
#3156 = ( GEOMETRIC_REPRESENTATION_CONTEXT(2) 
PARAMETRIC_REPRESENTATION_CONTEXT() REPRESENTATION_CONTEXT('2D SPACE',''
  ) );
#3157 = ORIENTED_EDGE('',*,*,#3158,.F.);
#3158 = EDGE_CURVE('',#3159,#3136,#3161,.T.);
#3159 = VERTEX_POINT('',#3160);
#3160 = CARTESIAN_POINT('',(11.,-10.7,62.489));
#3161 = SURFACE_CURVE('',#3162,(#3166,#3173),.PCURVE_S1.);
#3162 = LINE('',#3163,#3164);
#3163 = CARTESIAN_POINT('',(11.,11.,62.489));
#3164 = VECTOR('',#3165,1.);
#3165 = DIRECTION('',(0.,-1.,0.));
#3166 = PCURVE('',#3027,#3167);
#3167 = DEFINITIONAL_REPRESENTATION('',(#3168),#3172);
#3168 = LINE('',#3169,#3170);
#3169 = CARTESIAN_POINT('',(0.,0.));
#3170 = VECTOR('',#3171,1.);
#3171 = DIRECTION('',(1.,0.));
#3172 = ( GEOMETRIC_REPRESENTATION_CONTEXT(2) 
PARAMETRIC_REPRESENTATION_CONTEXT() REPRESENTATION_CONTEXT('2D SPACE',''
  ) );
#3173 = PCURVE('',#3174,#3179);
#3174 = PLANE('',#3175);
#3175 = AXIS2_PLACEMENT_3D('',#3176,#3177,#3178);
#3176 = CARTESIAN_POINT('',(14.75,0.,62.489));
#3177 = DIRECTION('',(0.,0.,1.));
#3178 = DIRECTION('',(1.,0.,-0.));
#3179 = DEFINITIONAL_REPRESENTATION('',(#3180),#3184);
#3180 = LINE('',#3181,#3182);
#3181 = CARTESIAN_POINT('',(-3.75,11.));
#3182 = VECTOR('',#3183,1.);
#3183 = DIRECTION('',(0.,-1.));
#3184 = ( GEOMETRIC_REPRESENTATION_CONTEXT(2) 
PARAMETRIC_REPRESENTATION_CONTEXT() REPRESENTATION_CONTEXT('2D SPACE',''
  ) );
#3185 = ORIENTED_EDGE('',*,*,#3186,.F.);
#3186 = EDGE_CURVE('',#3187,#3159,#3189,.T.);
#3187 = VERTEX_POINT('',#3188);
#3188 = CARTESIAN_POINT('',(11.,-10.7,60.5));
#3189 = SURFACE_CURVE('',#3190,(#3194,#3201),.PCURVE_S1.);
#3190 = LINE('',#3191,#3192);
#3191 = CARTESIAN_POINT('',(11.,-10.7,59.5));
#3192 = VECTOR('',#3193,1.);
#3193 = DIRECTION('',(0.,0.,1.));
#3194 = PCURVE('',#3027,#3195);
#3195 = DEFINITIONAL_REPRESENTATION('',(#3196),#3200);
#3196 = LINE('',#3197,#3198);
#3197 = CARTESIAN_POINT('',(21.7,2.989));
#3198 = VECTOR('',#3199,1.);
#3199 = DIRECTION('',(0.,-1.));
#3200 = ( GEOMETRIC_REPRESENTATION_CONTEXT(2) 
PARAMETRIC_REPRESENTATION_CONTEXT() REPRESENTATION_CONTEXT('2D SPACE',''
  ) );
#3201 = PCURVE('',#3202,#3207);
#3202 = PLANE('',#3203);
#3203 = AXIS2_PLACEMENT_3D('',#3204,#3205,#3206);
#3204 = CARTESIAN_POINT('',(11.,-10.7,59.5));
#3205 = DIRECTION('',(0.,1.,0.));
#3206 = DIRECTION('',(1.,0.,0.));
#3207 = DEFINITIONAL_REPRESENTATION('',(#3208),#3212);
#3208 = LINE('',#3209,#3210);
#3209 = CARTESIAN_POINT('',(0.,0.));
#3210 = VECTOR('',#3211,1.);
#3211 = DIRECTION('',(0.,-1.));
#3212 = ( GEOMETRIC_REPRESENTATION_CONTEXT(2) 
PARAMETRIC_REPRESENTATION_CONTEXT() REPRESENTATION_CONTEXT('2D SPACE',''
  ) );
#3213 = ORIENTED_EDGE('',*,*,#3214,.T.);
#3214 = EDGE_CURVE('',#3187,#3215,#3217,.T.);
#3215 = VERTEX_POINT('',#3216);
#3216 = CARTESIAN_POINT('',(11.,-9.9,60.5));
#3217 = SURFACE_CURVE('',#3218,(#3222,#3229),.PCURVE_S1.);
#3218 = LINE('',#3219,#3220);
#3219 = CARTESIAN_POINT('',(11.,0.225,60.5));
#3220 = VECTOR('',#3221,1.);
#3221 = DIRECTION('',(-0.,1.,0.));
#3222 = PCURVE('',#3027,#3223);
#3223 = DEFINITIONAL_REPRESENTATION('',(#3224),#3228);
#3224 = LINE('',#3225,#3226);
#3225 = CARTESIAN_POINT('',(10.775,1.989));
#3226 = VECTOR('',#3227,1.);
#3227 = DIRECTION('',(-1.,-0.));
#3228 = ( GEOMETRIC_REPRESENTATION_CONTEXT(2) 
PARAMETRIC_REPRESENTATION_CONTEXT() REPRESENTATION_CONTEXT('2D SPACE',''
  ) );
#3229 = PCURVE('',#3230,#3235);
#3230 = PLANE('',#3231);
#3231 = AXIS2_PLACEMENT_3D('',#3232,#3233,#3234);
#3232 = CARTESIAN_POINT('',(8.3,-10.25,60.5));
#3233 = DIRECTION('',(0.,0.,1.));
#3234 = DIRECTION('',(1.,0.,-0.));
#3235 = DEFINITIONAL_REPRESENTATION('',(#3236),#3239);
#3236 = B_SPLINE_CURVE_WITH_KNOTS('',1,(#3237,#3238),.UNSPECIFIED.,.F.,
  .F.,(2,2),(-10.925,-10.125),.PIECEWISE_BEZIER_KNOTS.);
#3237 = CARTESIAN_POINT('',(2.7,-0.45));
#3238 = CARTESIAN_POINT('',(2.7,0.35));
#3239 = ( GEOMETRIC_REPRESENTATION_CONTEXT(2) 
PARAMETRIC_REPRESENTATION_CONTEXT() REPRESENTATION_CONTEXT('2D SPACE',''
  ) );
#3240 = ORIENTED_EDGE('',*,*,#3241,.T.);
#3241 = EDGE_CURVE('',#3215,#3242,#3244,.T.);
#3242 = VERTEX_POINT('',#3243);
#3243 = CARTESIAN_POINT('',(11.,-9.9,63.489));
#3244 = SURFACE_CURVE('',#3245,(#3249,#3256),.PCURVE_S1.);
#3245 = LINE('',#3246,#3247);
#3246 = CARTESIAN_POINT('',(11.,-9.9,60.5));
#3247 = VECTOR('',#3248,1.);
#3248 = DIRECTION('',(-5.942980392774E-16,-5.942980392774E-16,1.));
#3249 = PCURVE('',#3027,#3250);
#3250 = DEFINITIONAL_REPRESENTATION('',(#3251),#3255);
#3251 = LINE('',#3252,#3253);
#3252 = CARTESIAN_POINT('',(20.9,1.989));
#3253 = VECTOR('',#3254,1.);
#3254 = DIRECTION('',(5.942980392774E-16,-1.));
#3255 = ( GEOMETRIC_REPRESENTATION_CONTEXT(2) 
PARAMETRIC_REPRESENTATION_CONTEXT() REPRESENTATION_CONTEXT('2D SPACE',''
  ) );
#3256 = PCURVE('',#3257,#3262);
#3257 = PLANE('',#3258);
#3258 = AXIS2_PLACEMENT_3D('',#3259,#3260,#3261);
#3259 = CARTESIAN_POINT('',(-27.5,-9.9,54.5));
#3260 = DIRECTION('',(0.,1.,0.));
#3261 = DIRECTION('',(1.,0.,0.));
#3262 = DEFINITIONAL_REPRESENTATION('',(#3263),#3267);
#3263 = LINE('',#3264,#3265);
#3264 = CARTESIAN_POINT('',(38.5,-6.));
#3265 = VECTOR('',#3266,1.);
#3266 = DIRECTION('',(-5.942980392774E-16,-1.));
#3267 = ( GEOMETRIC_REPRESENTATION_CONTEXT(2) 
PARAMETRIC_REPRESENTATION_CONTEXT() REPRESENTATION_CONTEXT('2D SPACE',''
  ) );
#3268 = ORIENTED_EDGE('',*,*,#3269,.T.);
#3269 = EDGE_CURVE('',#3242,#3270,#3272,.T.);
#3270 = VERTEX_POINT('',#3271);
#3271 = CARTESIAN_POINT('',(11.,9.9,63.489));
#3272 = SURFACE_CURVE('',#3273,(#3277,#3284),.PCURVE_S1.);
#3273 = LINE('',#3274,#3275);
#3274 = CARTESIAN_POINT('',(11.,5.5,63.489));
#3275 = VECTOR('',#3276,1.);
#3276 = DIRECTION('',(-0.,1.,0.));
#3277 = PCURVE('',#3027,#3278);
#3278 = DEFINITIONAL_REPRESENTATION('',(#3279),#3283);
#3279 = LINE('',#3280,#3281);
#3280 = CARTESIAN_POINT('',(5.5,-1.));
#3281 = VECTOR('',#3282,1.);
#3282 = DIRECTION('',(-1.,-0.));
#3283 = ( GEOMETRIC_REPRESENTATION_CONTEXT(2) 
PARAMETRIC_REPRESENTATION_CONTEXT() REPRESENTATION_CONTEXT('2D SPACE',''
  ) );
#3284 = PCURVE('',#2148,#3285);
#3285 = DEFINITIONAL_REPRESENTATION('',(#3286),#3289);
#3286 = B_SPLINE_CURVE_WITH_KNOTS('',1,(#3287,#3288),.UNSPECIFIED.,.F.,
  .F.,(2,2),(-16.5,5.5),.PIECEWISE_BEZIER_KNOTS.);
#3287 = CARTESIAN_POINT('',(-1.5,-11.));
#3288 = CARTESIAN_POINT('',(-1.5,11.));
#3289 = ( GEOMETRIC_REPRESENTATION_CONTEXT(2) 
PARAMETRIC_REPRESENTATION_CONTEXT() REPRESENTATION_CONTEXT('2D SPACE',''
  ) );
#3290 = ORIENTED_EDGE('',*,*,#3291,.T.);
#3291 = EDGE_CURVE('',#3270,#3292,#3294,.T.);
#3292 = VERTEX_POINT('',#3293);
#3293 = CARTESIAN_POINT('',(11.,9.9,60.5));
#3294 = SURFACE_CURVE('',#3295,(#3299,#3306),.PCURVE_S1.);
#3295 = LINE('',#3296,#3297);
#3296 = CARTESIAN_POINT('',(11.,9.9,63.489));
#3297 = VECTOR('',#3298,1.);
#3298 = DIRECTION('',(0.,0.,-1.));
#3299 = PCURVE('',#3027,#3300);
#3300 = DEFINITIONAL_REPRESENTATION('',(#3301),#3305);
#3301 = LINE('',#3302,#3303);
#3302 = CARTESIAN_POINT('',(1.1,-1.));
#3303 = VECTOR('',#3304,1.);
#3304 = DIRECTION('',(0.,1.));
#3305 = ( GEOMETRIC_REPRESENTATION_CONTEXT(2) 
PARAMETRIC_REPRESENTATION_CONTEXT() REPRESENTATION_CONTEXT('2D SPACE',''
  ) );
#3306 = PCURVE('',#3307,#3312);
#3307 = PLANE('',#3308);
#3308 = AXIS2_PLACEMENT_3D('',#3309,#3310,#3311);
#3309 = CARTESIAN_POINT('',(52.5,9.9,54.5));
#3310 = DIRECTION('',(0.,-1.,0.));
#3311 = DIRECTION('',(-1.,0.,0.));
#3312 = DEFINITIONAL_REPRESENTATION('',(#3313),#3317);
#3313 = LINE('',#3314,#3315);
#3314 = CARTESIAN_POINT('',(41.5,-8.989));
#3315 = VECTOR('',#3316,1.);
#3316 = DIRECTION('',(0.,1.));
#3317 = ( GEOMETRIC_REPRESENTATION_CONTEXT(2) 
PARAMETRIC_REPRESENTATION_CONTEXT() REPRESENTATION_CONTEXT('2D SPACE',''
  ) );
#3318 = ORIENTED_EDGE('',*,*,#3319,.T.);
#3319 = EDGE_CURVE('',#3292,#3320,#3322,.T.);
#3320 = VERTEX_POINT('',#3321);
#3321 = CARTESIAN_POINT('',(11.,10.7,60.5));
#3322 = SURFACE_CURVE('',#3323,(#3327,#3334),.PCURVE_S1.);
#3323 = LINE('',#3324,#3325);
#3324 = CARTESIAN_POINT('',(11.,10.475,60.5));
#3325 = VECTOR('',#3326,1.);
#3326 = DIRECTION('',(-0.,1.,0.));
#3327 = PCURVE('',#3027,#3328);
#3328 = DEFINITIONAL_REPRESENTATION('',(#3329),#3333);
#3329 = LINE('',#3330,#3331);
#3330 = CARTESIAN_POINT('',(0.525,1.989));
#3331 = VECTOR('',#3332,1.);
#3332 = DIRECTION('',(-1.,-0.));
#3333 = ( GEOMETRIC_REPRESENTATION_CONTEXT(2) 
PARAMETRIC_REPRESENTATION_CONTEXT() REPRESENTATION_CONTEXT('2D SPACE',''
  ) );
#3334 = PCURVE('',#2097,#3335);
#3335 = DEFINITIONAL_REPRESENTATION('',(#3336),#3339);
#3336 = B_SPLINE_CURVE_WITH_KNOTS('',1,(#3337,#3338),.UNSPECIFIED.,.F.,
  .F.,(2,2),(-0.575,0.225),.PIECEWISE_BEZIER_KNOTS.);
#3337 = CARTESIAN_POINT('',(2.7,-0.35));
#3338 = CARTESIAN_POINT('',(2.7,0.45));
#3339 = ( GEOMETRIC_REPRESENTATION_CONTEXT(2) 
PARAMETRIC_REPRESENTATION_CONTEXT() REPRESENTATION_CONTEXT('2D SPACE',''
  ) );
#3340 = ORIENTED_EDGE('',*,*,#3341,.T.);
#3341 = EDGE_CURVE('',#3320,#3090,#3342,.T.);
#3342 = SURFACE_CURVE('',#3343,(#3347,#3354),.PCURVE_S1.);
#3343 = LINE('',#3344,#3345);
#3344 = CARTESIAN_POINT('',(11.,10.7,59.5));
#3345 = VECTOR('',#3346,1.);
#3346 = DIRECTION('',(0.,0.,1.));
#3347 = PCURVE('',#3027,#3348);
#3348 = DEFINITIONAL_REPRESENTATION('',(#3349),#3353);
#3349 = LINE('',#3350,#3351);
#3350 = CARTESIAN_POINT('',(0.3,2.989));
#3351 = VECTOR('',#3352,1.);
#3352 = DIRECTION('',(0.,-1.));
#3353 = ( GEOMETRIC_REPRESENTATION_CONTEXT(2) 
PARAMETRIC_REPRESENTATION_CONTEXT() REPRESENTATION_CONTEXT('2D SPACE',''
  ) );
#3354 = PCURVE('',#3355,#3360);
#3355 = PLANE('',#3356);
#3356 = AXIS2_PLACEMENT_3D('',#3357,#3358,#3359);
#3357 = CARTESIAN_POINT('',(17.3,10.7,59.5));
#3358 = DIRECTION('',(0.,-1.,0.));
#3359 = DIRECTION('',(-1.,0.,0.));
#3360 = DEFINITIONAL_REPRESENTATION('',(#3361),#3365);
#3361 = LINE('',#3362,#3363);
#3362 = CARTESIAN_POINT('',(6.3,0.));
#3363 = VECTOR('',#3364,1.);
#3364 = DIRECTION('',(0.,-1.));
#3365 = ( GEOMETRIC_REPRESENTATION_CONTEXT(2) 
PARAMETRIC_REPRESENTATION_CONTEXT() REPRESENTATION_CONTEXT('2D SPACE',''
  ) );
#3366 = ADVANCED_FACE('',(#3367),#3355,.T.);
#3367 = FACE_BOUND('',#3368,.T.);
#3368 = EDGE_LOOP('',(#3369,#3370,#3391,#3412));
#3369 = ORIENTED_EDGE('',*,*,#3341,.F.);
#3370 = ORIENTED_EDGE('',*,*,#3371,.T.);
#3371 = EDGE_CURVE('',#3320,#3372,#3374,.T.);
#3372 = VERTEX_POINT('',#3373);
#3373 = CARTESIAN_POINT('',(12.073261188945,10.7,60.5));
#3374 = SURFACE_CURVE('',#3375,(#3379,#3385),.PCURVE_S1.);
#3375 = LINE('',#3376,#3377);
#3376 = CARTESIAN_POINT('',(12.8,10.7,60.5));
#3377 = VECTOR('',#3378,1.);
#3378 = DIRECTION('',(1.,0.,-0.));
#3379 = PCURVE('',#3355,#3380);
#3380 = DEFINITIONAL_REPRESENTATION('',(#3381),#3384);
#3381 = B_SPLINE_CURVE_WITH_KNOTS('',1,(#3382,#3383),.UNSPECIFIED.,.F.,
  .F.,(2,2),(-1.8,-0.7),.PIECEWISE_BEZIER_KNOTS.);
#3382 = CARTESIAN_POINT('',(6.3,-1.));
#3383 = CARTESIAN_POINT('',(5.2,-1.));
#3384 = ( GEOMETRIC_REPRESENTATION_CONTEXT(2) 
PARAMETRIC_REPRESENTATION_CONTEXT() REPRESENTATION_CONTEXT('2D SPACE',''
  ) );
#3385 = PCURVE('',#2097,#3386);
#3386 = DEFINITIONAL_REPRESENTATION('',(#3387),#3390);
#3387 = B_SPLINE_CURVE_WITH_KNOTS('',1,(#3388,#3389),.UNSPECIFIED.,.F.,
  .F.,(2,2),(-1.8,-0.7),.PIECEWISE_BEZIER_KNOTS.);
#3388 = CARTESIAN_POINT('',(2.7,0.45));
#3389 = CARTESIAN_POINT('',(3.8,0.45));
#3390 = ( GEOMETRIC_REPRESENTATION_CONTEXT(2) 
PARAMETRIC_REPRESENTATION_CONTEXT() REPRESENTATION_CONTEXT('2D SPACE',''
  ) );
#3391 = ORIENTED_EDGE('',*,*,#3392,.F.);
#3392 = EDGE_CURVE('',#3393,#3372,#3395,.T.);
#3393 = VERTEX_POINT('',#3394);
#3394 = CARTESIAN_POINT('',(12.073261188945,10.7,62.489));
#3395 = SURFACE_CURVE('',#3396,(#3400,#3406),.PCURVE_S1.);
#3396 = LINE('',#3397,#3398);
#3397 = CARTESIAN_POINT('',(12.073261188945,10.7,60.5));
#3398 = VECTOR('',#3399,1.);
#3399 = DIRECTION('',(-0.,-0.,-1.));
#3400 = PCURVE('',#3355,#3401);
#3401 = DEFINITIONAL_REPRESENTATION('',(#3402),#3405);
#3402 = B_SPLINE_CURVE_WITH_KNOTS('',1,(#3403,#3404),.UNSPECIFIED.,.F.,
  .F.,(2,2),(-3.4890006,5.999999999062E-07),.PIECEWISE_BEZIER_KNOTS.);
#3403 = CARTESIAN_POINT('',(5.226738811055,-4.4890006));
#3404 = CARTESIAN_POINT('',(5.226738811055,-0.9999994));
#3405 = ( GEOMETRIC_REPRESENTATION_CONTEXT(2) 
PARAMETRIC_REPRESENTATION_CONTEXT() REPRESENTATION_CONTEXT('2D SPACE',''
  ) );
#3406 = PCURVE('',#2071,#3407);
#3407 = DEFINITIONAL_REPRESENTATION('',(#3408),#3411);
#3408 = B_SPLINE_CURVE_WITH_KNOTS('',1,(#3409,#3410),.UNSPECIFIED.,.F.,
  .F.,(2,2),(-3.4890006,5.999999999062E-07),.PIECEWISE_BEZIER_KNOTS.);
#3409 = CARTESIAN_POINT('',(-6.401884901689,-3.4890006));
#3410 = CARTESIAN_POINT('',(-6.401884901689,5.999999999062E-07));
#3411 = ( GEOMETRIC_REPRESENTATION_CONTEXT(2) 
PARAMETRIC_REPRESENTATION_CONTEXT() REPRESENTATION_CONTEXT('2D SPACE',''
  ) );
#3412 = ORIENTED_EDGE('',*,*,#3413,.T.);
#3413 = EDGE_CURVE('',#3393,#3090,#3414,.T.);
#3414 = SURFACE_CURVE('',#3415,(#3419,#3425),.PCURVE_S1.);
#3415 = LINE('',#3416,#3417);
#3416 = CARTESIAN_POINT('',(16.025,10.7,62.489));
#3417 = VECTOR('',#3418,1.);
#3418 = DIRECTION('',(-1.,0.,0.));
#3419 = PCURVE('',#3355,#3420);
#3420 = DEFINITIONAL_REPRESENTATION('',(#3421),#3424);
#3421 = B_SPLINE_CURVE_WITH_KNOTS('',1,(#3422,#3423),.UNSPECIFIED.,.F.,
  .F.,(2,2),(3.951738811055,5.025),.PIECEWISE_BEZIER_KNOTS.);
#3422 = CARTESIAN_POINT('',(5.226738811055,-2.989));
#3423 = CARTESIAN_POINT('',(6.3,-2.989));
#3424 = ( GEOMETRIC_REPRESENTATION_CONTEXT(2) 
PARAMETRIC_REPRESENTATION_CONTEXT() REPRESENTATION_CONTEXT('2D SPACE',''
  ) );
#3425 = PCURVE('',#3055,#3426);
#3426 = DEFINITIONAL_REPRESENTATION('',(#3427),#3430);
#3427 = B_SPLINE_CURVE_WITH_KNOTS('',1,(#3428,#3429),.UNSPECIFIED.,.F.,
  .F.,(2,2),(3.951738811055,5.025),.PIECEWISE_BEZIER_KNOTS.);
#3428 = CARTESIAN_POINT('',(-2.676738811055,10.7));
#3429 = CARTESIAN_POINT('',(-3.75,10.7));
#3430 = ( GEOMETRIC_REPRESENTATION_CONTEXT(2) 
PARAMETRIC_REPRESENTATION_CONTEXT() REPRESENTATION_CONTEXT('2D SPACE',''
  ) );
#3431 = ADVANCED_FACE('',(#3432),#3307,.T.);
#3432 = FACE_BOUND('',#3433,.T.);
#3433 = EDGE_LOOP('',(#3434,#3462,#3481,#3482));
#3434 = ORIENTED_EDGE('',*,*,#3435,.T.);
#3435 = EDGE_CURVE('',#3436,#3438,#3440,.T.);
#3436 = VERTEX_POINT('',#3437);
#3437 = CARTESIAN_POINT('',(9.963580475961,9.9,63.489));
#3438 = VERTEX_POINT('',#3439);
#3439 = CARTESIAN_POINT('',(9.963580475961,9.9,60.5));
#3440 = SURFACE_CURVE('',#3441,(#3445,#3451),.PCURVE_S1.);
#3441 = LINE('',#3442,#3443);
#3442 = CARTESIAN_POINT('',(9.963580475961,9.9,59.5));
#3443 = VECTOR('',#3444,1.);
#3444 = DIRECTION('',(-0.,-0.,-1.));
#3445 = PCURVE('',#3307,#3446);
#3446 = DEFINITIONAL_REPRESENTATION('',(#3447),#3450);
#3447 = B_SPLINE_CURVE_WITH_KNOTS('',1,(#3448,#3449),.UNSPECIFIED.,.F.,
  .F.,(2,2),(-4.2879,-0.7011),.PIECEWISE_BEZIER_KNOTS.);
#3448 = CARTESIAN_POINT('',(42.536419524039,-9.2879));
#3449 = CARTESIAN_POINT('',(42.536419524039,-5.7011));
#3450 = ( GEOMETRIC_REPRESENTATION_CONTEXT(2) 
PARAMETRIC_REPRESENTATION_CONTEXT() REPRESENTATION_CONTEXT('2D SPACE',''
  ) );
#3451 = PCURVE('',#3452,#3457);
#3452 = CYLINDRICAL_SURFACE('',#3453,1.7);
#3453 = AXIS2_PLACEMENT_3D('',#3454,#3455,#3456);
#3454 = CARTESIAN_POINT('',(8.3,10.25,59.5));
#3455 = DIRECTION('',(-0.,-0.,-1.));
#3456 = DIRECTION('',(1.,0.,0.));
#3457 = DEFINITIONAL_REPRESENTATION('',(#3458),#3461);
#3458 = B_SPLINE_CURVE_WITH_KNOTS('',1,(#3459,#3460),.UNSPECIFIED.,.F.,
  .F.,(2,2),(-4.2879,-0.7011),.PIECEWISE_BEZIER_KNOTS.);
#3459 = CARTESIAN_POINT('',(-6.07582001567,-4.2879));
#3460 = CARTESIAN_POINT('',(-6.07582001567,-0.7011));
#3461 = ( GEOMETRIC_REPRESENTATION_CONTEXT(2) 
PARAMETRIC_REPRESENTATION_CONTEXT() REPRESENTATION_CONTEXT('2D SPACE',''
  ) );
#3462 = ORIENTED_EDGE('',*,*,#3463,.T.);
#3463 = EDGE_CURVE('',#3438,#3292,#3464,.T.);
#3464 = SURFACE_CURVE('',#3465,(#3469,#3475),.PCURVE_S1.);
#3465 = LINE('',#3466,#3467);
#3466 = CARTESIAN_POINT('',(30.4,9.9,60.5));
#3467 = VECTOR('',#3468,1.);
#3468 = DIRECTION('',(1.,0.,-0.));
#3469 = PCURVE('',#3307,#3470);
#3470 = DEFINITIONAL_REPRESENTATION('',(#3471),#3474);
#3471 = B_SPLINE_CURVE_WITH_KNOTS('',1,(#3472,#3473),.UNSPECIFIED.,.F.,
  .F.,(2,2),(-25.9,-18.3),.PIECEWISE_BEZIER_KNOTS.);
#3472 = CARTESIAN_POINT('',(48.,-6.));
#3473 = CARTESIAN_POINT('',(40.4,-6.));
#3474 = ( GEOMETRIC_REPRESENTATION_CONTEXT(2) 
PARAMETRIC_REPRESENTATION_CONTEXT() REPRESENTATION_CONTEXT('2D SPACE',''
  ) );
#3475 = PCURVE('',#2097,#3476);
#3476 = DEFINITIONAL_REPRESENTATION('',(#3477),#3480);
#3477 = B_SPLINE_CURVE_WITH_KNOTS('',1,(#3478,#3479),.UNSPECIFIED.,.F.,
  .F.,(2,2),(-25.9,-18.3),.PIECEWISE_BEZIER_KNOTS.);
#3478 = CARTESIAN_POINT('',(-3.8,-0.35));
#3479 = CARTESIAN_POINT('',(3.8,-0.35));
#3480 = ( GEOMETRIC_REPRESENTATION_CONTEXT(2) 
PARAMETRIC_REPRESENTATION_CONTEXT() REPRESENTATION_CONTEXT('2D SPACE',''
  ) );
#3481 = ORIENTED_EDGE('',*,*,#3291,.F.);
#3482 = ORIENTED_EDGE('',*,*,#3483,.F.);
#3483 = EDGE_CURVE('',#3436,#3270,#3484,.T.);
#3484 = SURFACE_CURVE('',#3485,(#3489,#3495),.PCURVE_S1.);
#3485 = LINE('',#3486,#3487);
#3486 = CARTESIAN_POINT('',(32.5,9.9,63.489));
#3487 = VECTOR('',#3488,1.);
#3488 = DIRECTION('',(1.,0.,-0.));
#3489 = PCURVE('',#3307,#3490);
#3490 = DEFINITIONAL_REPRESENTATION('',(#3491),#3494);
#3491 = B_SPLINE_CURVE_WITH_KNOTS('',1,(#3492,#3493),.UNSPECIFIED.,.F.,
  .F.,(2,2),(-27.9838472485,-21.5),.PIECEWISE_BEZIER_KNOTS.);
#3492 = CARTESIAN_POINT('',(47.983847248503,-8.989));
#3493 = CARTESIAN_POINT('',(41.5,-8.989));
#3494 = ( GEOMETRIC_REPRESENTATION_CONTEXT(2) 
PARAMETRIC_REPRESENTATION_CONTEXT() REPRESENTATION_CONTEXT('2D SPACE',''
  ) );
#3495 = PCURVE('',#2148,#3496);
#3496 = DEFINITIONAL_REPRESENTATION('',(#3497),#3500);
#3497 = B_SPLINE_CURVE_WITH_KNOTS('',1,(#3498,#3499),.UNSPECIFIED.,.F.,
  .F.,(2,2),(-27.9838472485,-21.5),.PIECEWISE_BEZIER_KNOTS.);
#3498 = CARTESIAN_POINT('',(-7.983847248503,9.9));
#3499 = CARTESIAN_POINT('',(-1.5,9.9));
#3500 = ( GEOMETRIC_REPRESENTATION_CONTEXT(2) 
PARAMETRIC_REPRESENTATION_CONTEXT() REPRESENTATION_CONTEXT('2D SPACE',''
  ) );
#3501 = ADVANCED_FACE('',(#3502),#3452,.F.);
#3502 = FACE_BOUND('',#3503,.T.);
#3503 = EDGE_LOOP('',(#3504,#3534,#3557,#3583,#3584,#3610,#3611,#3639));
#3504 = ORIENTED_EDGE('',*,*,#3505,.T.);
#3505 = EDGE_CURVE('',#3506,#3508,#3510,.T.);
#3506 = VERTEX_POINT('',#3507);
#3507 = CARTESIAN_POINT('',(6.636419524039,9.9,60.5));
#3508 = VERTEX_POINT('',#3509);
#3509 = CARTESIAN_POINT('',(10.,10.25,60.5));
#3510 = SURFACE_CURVE('',#3511,(#3516,#3523),.PCURVE_S1.);
#3511 = CIRCLE('',#3512,1.7);
#3512 = AXIS2_PLACEMENT_3D('',#3513,#3514,#3515);
#3513 = CARTESIAN_POINT('',(8.3,10.25,60.5));
#3514 = DIRECTION('',(0.,0.,-1.));
#3515 = DIRECTION('',(1.,0.,0.));
#3516 = PCURVE('',#3452,#3517);
#3517 = DEFINITIONAL_REPRESENTATION('',(#3518),#3522);
#3518 = LINE('',#3519,#3520);
#3519 = CARTESIAN_POINT('',(-6.28318530718,-1.));
#3520 = VECTOR('',#3521,1.);
#3521 = DIRECTION('',(1.,-0.));
#3522 = ( GEOMETRIC_REPRESENTATION_CONTEXT(2) 
PARAMETRIC_REPRESENTATION_CONTEXT() REPRESENTATION_CONTEXT('2D SPACE',''
  ) );
#3523 = PCURVE('',#2097,#3524);
#3524 = DEFINITIONAL_REPRESENTATION('',(#3525),#3533);
#3525 = ( BOUNDED_CURVE() B_SPLINE_CURVE(2,(#3526,#3527,#3528,#3529,
#3530,#3531,#3532),.UNSPECIFIED.,.T.,.F.) B_SPLINE_CURVE_WITH_KNOTS((1,2
    ,2,2,2,1),(-2.094395102393,0.,2.094395102393,4.188790204786,
6.28318530718,8.377580409573),.UNSPECIFIED.) CURVE() 
GEOMETRIC_REPRESENTATION_ITEM() RATIONAL_B_SPLINE_CURVE((1.,0.5,1.,0.5,
1.,0.5,1.)) REPRESENTATION_ITEM('') );
#3526 = CARTESIAN_POINT('',(1.7,0.));
#3527 = CARTESIAN_POINT('',(1.7,-2.944486372867));
#3528 = CARTESIAN_POINT('',(-0.85,-1.472243186434));
#3529 = CARTESIAN_POINT('',(-3.4,-4.163799117101E-16));
#3530 = CARTESIAN_POINT('',(-0.85,1.472243186434));
#3531 = CARTESIAN_POINT('',(1.7,2.944486372867));
#3532 = CARTESIAN_POINT('',(1.7,0.));
#3533 = ( GEOMETRIC_REPRESENTATION_CONTEXT(2) 
PARAMETRIC_REPRESENTATION_CONTEXT() REPRESENTATION_CONTEXT('2D SPACE',''
  ) );
#3534 = ORIENTED_EDGE('',*,*,#3535,.T.);
#3535 = EDGE_CURVE('',#3508,#3536,#3538,.T.);
#3536 = VERTEX_POINT('',#3537);
#3537 = CARTESIAN_POINT('',(10.,10.25,65.889));
#3538 = SEAM_CURVE('',#3539,(#3543,#3550),.PCURVE_S1.);
#3539 = LINE('',#3540,#3541);
#3540 = CARTESIAN_POINT('',(10.,10.25,59.5));
#3541 = VECTOR('',#3542,1.);
#3542 = DIRECTION('',(0.,0.,1.));
#3543 = PCURVE('',#3452,#3544);
#3544 = DEFINITIONAL_REPRESENTATION('',(#3545),#3549);
#3545 = LINE('',#3546,#3547);
#3546 = CARTESIAN_POINT('',(-6.28318530718,0.));
#3547 = VECTOR('',#3548,1.);
#3548 = DIRECTION('',(-0.,-1.));
#3549 = ( GEOMETRIC_REPRESENTATION_CONTEXT(2) 
PARAMETRIC_REPRESENTATION_CONTEXT() REPRESENTATION_CONTEXT('2D SPACE',''
  ) );
#3550 = PCURVE('',#3452,#3551);
#3551 = DEFINITIONAL_REPRESENTATION('',(#3552),#3556);
#3552 = LINE('',#3553,#3554);
#3553 = CARTESIAN_POINT('',(-0.,0.));
#3554 = VECTOR('',#3555,1.);
#3555 = DIRECTION('',(-0.,-1.));
#3556 = ( GEOMETRIC_REPRESENTATION_CONTEXT(2) 
PARAMETRIC_REPRESENTATION_CONTEXT() REPRESENTATION_CONTEXT('2D SPACE',''
  ) );
#3557 = ORIENTED_EDGE('',*,*,#3558,.F.);
#3558 = EDGE_CURVE('',#3536,#3536,#3559,.T.);
#3559 = SURFACE_CURVE('',#3560,(#3565,#3572),.PCURVE_S1.);
#3560 = CIRCLE('',#3561,1.7);
#3561 = AXIS2_PLACEMENT_3D('',#3562,#3563,#3564);
#3562 = CARTESIAN_POINT('',(8.3,10.25,65.889));
#3563 = DIRECTION('',(0.,0.,-1.));
#3564 = DIRECTION('',(1.,0.,0.));
#3565 = PCURVE('',#3452,#3566);
#3566 = DEFINITIONAL_REPRESENTATION('',(#3567),#3571);
#3567 = LINE('',#3568,#3569);
#3568 = CARTESIAN_POINT('',(-6.28318530718,-6.389));
#3569 = VECTOR('',#3570,1.);
#3570 = DIRECTION('',(1.,-0.));
#3571 = ( GEOMETRIC_REPRESENTATION_CONTEXT(2) 
PARAMETRIC_REPRESENTATION_CONTEXT() REPRESENTATION_CONTEXT('2D SPACE',''
  ) );
#3572 = PCURVE('',#44,#3573);
#3573 = DEFINITIONAL_REPRESENTATION('',(#3574),#3582);
#3574 = ( BOUNDED_CURVE() B_SPLINE_CURVE(2,(#3575,#3576,#3577,#3578,
#3579,#3580,#3581),.UNSPECIFIED.,.T.,.F.) B_SPLINE_CURVE_WITH_KNOTS((1,2
    ,2,2,2,1),(-2.094395102393,0.,2.094395102393,4.188790204786,
6.28318530718,8.377580409573),.UNSPECIFIED.) CURVE() 
GEOMETRIC_REPRESENTATION_ITEM() RATIONAL_B_SPLINE_CURVE((1.,0.5,1.,0.5,
1.,0.5,1.)) REPRESENTATION_ITEM('') );
#3575 = CARTESIAN_POINT('',(-2.91,10.25));
#3576 = CARTESIAN_POINT('',(-2.91,7.305513627133));
#3577 = CARTESIAN_POINT('',(-5.46,8.777756813566));
#3578 = CARTESIAN_POINT('',(-8.01,10.25));
#3579 = CARTESIAN_POINT('',(-5.46,11.722243186434));
#3580 = CARTESIAN_POINT('',(-2.91,13.194486372867));
#3581 = CARTESIAN_POINT('',(-2.91,10.25));
#3582 = ( GEOMETRIC_REPRESENTATION_CONTEXT(2) 
PARAMETRIC_REPRESENTATION_CONTEXT() REPRESENTATION_CONTEXT('2D SPACE',''
  ) );
#3583 = ORIENTED_EDGE('',*,*,#3535,.F.);
#3584 = ORIENTED_EDGE('',*,*,#3585,.T.);
#3585 = EDGE_CURVE('',#3508,#3438,#3586,.T.);
#3586 = SURFACE_CURVE('',#3587,(#3592,#3599),.PCURVE_S1.);
#3587 = CIRCLE('',#3588,1.7);
#3588 = AXIS2_PLACEMENT_3D('',#3589,#3590,#3591);
#3589 = CARTESIAN_POINT('',(8.3,10.25,60.5));
#3590 = DIRECTION('',(0.,0.,-1.));
#3591 = DIRECTION('',(1.,0.,0.));
#3592 = PCURVE('',#3452,#3593);
#3593 = DEFINITIONAL_REPRESENTATION('',(#3594),#3598);
#3594 = LINE('',#3595,#3596);
#3595 = CARTESIAN_POINT('',(-6.28318530718,-1.));
#3596 = VECTOR('',#3597,1.);
#3597 = DIRECTION('',(1.,-0.));
#3598 = ( GEOMETRIC_REPRESENTATION_CONTEXT(2) 
PARAMETRIC_REPRESENTATION_CONTEXT() REPRESENTATION_CONTEXT('2D SPACE',''
  ) );
#3599 = PCURVE('',#2097,#3600);
#3600 = DEFINITIONAL_REPRESENTATION('',(#3601),#3609);
#3601 = ( BOUNDED_CURVE() B_SPLINE_CURVE(2,(#3602,#3603,#3604,#3605,
#3606,#3607,#3608),.UNSPECIFIED.,.T.,.F.) B_SPLINE_CURVE_WITH_KNOTS((1,2
    ,2,2,2,1),(-2.094395102393,0.,2.094395102393,4.188790204786,
6.28318530718,8.377580409573),.UNSPECIFIED.) CURVE() 
GEOMETRIC_REPRESENTATION_ITEM() RATIONAL_B_SPLINE_CURVE((1.,0.5,1.,0.5,
1.,0.5,1.)) REPRESENTATION_ITEM('') );
#3602 = CARTESIAN_POINT('',(1.7,0.));
#3603 = CARTESIAN_POINT('',(1.7,-2.944486372867));
#3604 = CARTESIAN_POINT('',(-0.85,-1.472243186434));
#3605 = CARTESIAN_POINT('',(-3.4,-4.163799117101E-16));
#3606 = CARTESIAN_POINT('',(-0.85,1.472243186434));
#3607 = CARTESIAN_POINT('',(1.7,2.944486372867));
#3608 = CARTESIAN_POINT('',(1.7,0.));
#3609 = ( GEOMETRIC_REPRESENTATION_CONTEXT(2) 
PARAMETRIC_REPRESENTATION_CONTEXT() REPRESENTATION_CONTEXT('2D SPACE',''
  ) );
#3610 = ORIENTED_EDGE('',*,*,#3435,.F.);
#3611 = ORIENTED_EDGE('',*,*,#3612,.T.);
#3612 = EDGE_CURVE('',#3436,#3613,#3615,.T.);
#3613 = VERTEX_POINT('',#3614);
#3614 = CARTESIAN_POINT('',(6.636419524039,9.9,63.489));
#3615 = SURFACE_CURVE('',#3616,(#3621,#3628),.PCURVE_S1.);
#3616 = CIRCLE('',#3617,1.7);
#3617 = AXIS2_PLACEMENT_3D('',#3618,#3619,#3620);
#3618 = CARTESIAN_POINT('',(8.3,10.25,63.489));
#3619 = DIRECTION('',(0.,0.,-1.));
#3620 = DIRECTION('',(1.,0.,0.));
#3621 = PCURVE('',#3452,#3622);
#3622 = DEFINITIONAL_REPRESENTATION('',(#3623),#3627);
#3623 = LINE('',#3624,#3625);
#3624 = CARTESIAN_POINT('',(-6.28318530718,-3.989));
#3625 = VECTOR('',#3626,1.);
#3626 = DIRECTION('',(1.,-0.));
#3627 = ( GEOMETRIC_REPRESENTATION_CONTEXT(2) 
PARAMETRIC_REPRESENTATION_CONTEXT() REPRESENTATION_CONTEXT('2D SPACE',''
  ) );
#3628 = PCURVE('',#2148,#3629);
#3629 = DEFINITIONAL_REPRESENTATION('',(#3630),#3638);
#3630 = ( BOUNDED_CURVE() B_SPLINE_CURVE(2,(#3631,#3632,#3633,#3634,
#3635,#3636,#3637),.UNSPECIFIED.,.T.,.F.) B_SPLINE_CURVE_WITH_KNOTS((1,2
    ,2,2,2,1),(-2.094395102393,0.,2.094395102393,4.188790204786,
6.28318530718,8.377580409573),.UNSPECIFIED.) CURVE() 
GEOMETRIC_REPRESENTATION_ITEM() RATIONAL_B_SPLINE_CURVE((1.,0.5,1.,0.5,
1.,0.5,1.)) REPRESENTATION_ITEM('') );
#3631 = CARTESIAN_POINT('',(-2.5,10.25));
#3632 = CARTESIAN_POINT('',(-2.5,7.305513627133));
#3633 = CARTESIAN_POINT('',(-5.05,8.777756813566));
#3634 = CARTESIAN_POINT('',(-7.6,10.25));
#3635 = CARTESIAN_POINT('',(-5.05,11.722243186434));
#3636 = CARTESIAN_POINT('',(-2.5,13.194486372867));
#3637 = CARTESIAN_POINT('',(-2.5,10.25));
#3638 = ( GEOMETRIC_REPRESENTATION_CONTEXT(2) 
PARAMETRIC_REPRESENTATION_CONTEXT() REPRESENTATION_CONTEXT('2D SPACE',''
  ) );
#3639 = ORIENTED_EDGE('',*,*,#3640,.T.);
#3640 = EDGE_CURVE('',#3613,#3506,#3641,.T.);
#3641 = SURFACE_CURVE('',#3642,(#3646,#3652),.PCURVE_S1.);
#3642 = LINE('',#3643,#3644);
#3643 = CARTESIAN_POINT('',(6.636419524039,9.9,59.5));
#3644 = VECTOR('',#3645,1.);
#3645 = DIRECTION('',(-0.,-0.,-1.));
#3646 = PCURVE('',#3452,#3647);
#3647 = DEFINITIONAL_REPRESENTATION('',(#3648),#3651);
#3648 = B_SPLINE_CURVE_WITH_KNOTS('',1,(#3649,#3650),.UNSPECIFIED.,.F.,
  .F.,(2,2),(-4.2879,-0.7011),.PIECEWISE_BEZIER_KNOTS.);
#3649 = CARTESIAN_POINT('',(-3.3489579451,-4.2879));
#3650 = CARTESIAN_POINT('',(-3.3489579451,-0.7011));
#3651 = ( GEOMETRIC_REPRESENTATION_CONTEXT(2) 
PARAMETRIC_REPRESENTATION_CONTEXT() REPRESENTATION_CONTEXT('2D SPACE',''
  ) );
#3652 = PCURVE('',#3653,#3658);
#3653 = PLANE('',#3654);
#3654 = AXIS2_PLACEMENT_3D('',#3655,#3656,#3657);
#3655 = CARTESIAN_POINT('',(52.5,9.9,54.5));
#3656 = DIRECTION('',(0.,-1.,0.));
#3657 = DIRECTION('',(-1.,0.,0.));
#3658 = DEFINITIONAL_REPRESENTATION('',(#3659),#3662);
#3659 = B_SPLINE_CURVE_WITH_KNOTS('',1,(#3660,#3661),.UNSPECIFIED.,.F.,
  .F.,(2,2),(-4.2879,-0.7011),.PIECEWISE_BEZIER_KNOTS.);
#3660 = CARTESIAN_POINT('',(45.863580475961,-9.2879));
#3661 = CARTESIAN_POINT('',(45.863580475961,-5.7011));
#3662 = ( GEOMETRIC_REPRESENTATION_CONTEXT(2) 
PARAMETRIC_REPRESENTATION_CONTEXT() REPRESENTATION_CONTEXT('2D SPACE',''
  ) );
#3663 = ADVANCED_FACE('',(#3664),#3653,.T.);
#3664 = FACE_BOUND('',#3665,.T.);
#3665 = EDGE_LOOP('',(#3666,#3689,#3708,#3709));
#3666 = ORIENTED_EDGE('',*,*,#3667,.T.);
#3667 = EDGE_CURVE('',#3668,#3670,#3672,.T.);
#3668 = VERTEX_POINT('',#3669);
#3669 = CARTESIAN_POINT('',(4.516152751497,9.9,63.489));
#3670 = VERTEX_POINT('',#3671);
#3671 = CARTESIAN_POINT('',(4.516152751497,9.9,60.5));
#3672 = SURFACE_CURVE('',#3673,(#3677,#3683),.PCURVE_S1.);
#3673 = LINE('',#3674,#3675);
#3674 = CARTESIAN_POINT('',(4.516152751497,9.9,60.5));
#3675 = VECTOR('',#3676,1.);
#3676 = DIRECTION('',(-0.,-0.,-1.));
#3677 = PCURVE('',#3653,#3678);
#3678 = DEFINITIONAL_REPRESENTATION('',(#3679),#3682);
#3679 = B_SPLINE_CURVE_WITH_KNOTS('',1,(#3680,#3681),.UNSPECIFIED.,.F.,
  .F.,(2,2),(-3.4890006,5.999999999062E-07),.PIECEWISE_BEZIER_KNOTS.);
#3680 = CARTESIAN_POINT('',(47.983847248503,-9.4890006));
#3681 = CARTESIAN_POINT('',(47.983847248503,-5.9999994));
#3682 = ( GEOMETRIC_REPRESENTATION_CONTEXT(2) 
PARAMETRIC_REPRESENTATION_CONTEXT() REPRESENTATION_CONTEXT('2D SPACE',''
  ) );
#3683 = PCURVE('',#2123,#3684);
#3684 = DEFINITIONAL_REPRESENTATION('',(#3685),#3688);
#3685 = B_SPLINE_CURVE_WITH_KNOTS('',1,(#3686,#3687),.UNSPECIFIED.,.F.,
  .F.,(2,2),(-3.489,-0.),.PIECEWISE_BEZIER_KNOTS.);
#3686 = CARTESIAN_POINT('',(-9.517013950915,-3.489));
#3687 = CARTESIAN_POINT('',(-9.517013950915,0.));
#3688 = ( GEOMETRIC_REPRESENTATION_CONTEXT(2) 
PARAMETRIC_REPRESENTATION_CONTEXT() REPRESENTATION_CONTEXT('2D SPACE',''
  ) );
#3689 = ORIENTED_EDGE('',*,*,#3690,.T.);
#3690 = EDGE_CURVE('',#3670,#3506,#3691,.T.);
#3691 = SURFACE_CURVE('',#3692,(#3696,#3702),.PCURVE_S1.);
#3692 = LINE('',#3693,#3694);
#3693 = CARTESIAN_POINT('',(30.4,9.9,60.5));
#3694 = VECTOR('',#3695,1.);
#3695 = DIRECTION('',(1.,0.,-0.));
#3696 = PCURVE('',#3653,#3697);
#3697 = DEFINITIONAL_REPRESENTATION('',(#3698),#3701);
#3698 = B_SPLINE_CURVE_WITH_KNOTS('',1,(#3699,#3700),.UNSPECIFIED.,.F.,
  .F.,(2,2),(-25.9,-18.3),.PIECEWISE_BEZIER_KNOTS.);
#3699 = CARTESIAN_POINT('',(48.,-6.));
#3700 = CARTESIAN_POINT('',(40.4,-6.));
#3701 = ( GEOMETRIC_REPRESENTATION_CONTEXT(2) 
PARAMETRIC_REPRESENTATION_CONTEXT() REPRESENTATION_CONTEXT('2D SPACE',''
  ) );
#3702 = PCURVE('',#2097,#3703);
#3703 = DEFINITIONAL_REPRESENTATION('',(#3704),#3707);
#3704 = B_SPLINE_CURVE_WITH_KNOTS('',1,(#3705,#3706),.UNSPECIFIED.,.F.,
  .F.,(2,2),(-25.9,-18.3),.PIECEWISE_BEZIER_KNOTS.);
#3705 = CARTESIAN_POINT('',(-3.8,-0.35));
#3706 = CARTESIAN_POINT('',(3.8,-0.35));
#3707 = ( GEOMETRIC_REPRESENTATION_CONTEXT(2) 
PARAMETRIC_REPRESENTATION_CONTEXT() REPRESENTATION_CONTEXT('2D SPACE',''
  ) );
#3708 = ORIENTED_EDGE('',*,*,#3640,.F.);
#3709 = ORIENTED_EDGE('',*,*,#3710,.F.);
#3710 = EDGE_CURVE('',#3668,#3613,#3711,.T.);
#3711 = SURFACE_CURVE('',#3712,(#3716,#3722),.PCURVE_S1.);
#3712 = LINE('',#3713,#3714);
#3713 = CARTESIAN_POINT('',(32.5,9.9,63.489));
#3714 = VECTOR('',#3715,1.);
#3715 = DIRECTION('',(1.,0.,-0.));
#3716 = PCURVE('',#3653,#3717);
#3717 = DEFINITIONAL_REPRESENTATION('',(#3718),#3721);
#3718 = B_SPLINE_CURVE_WITH_KNOTS('',1,(#3719,#3720),.UNSPECIFIED.,.F.,
  .F.,(2,2),(-27.9838472485,-21.5),.PIECEWISE_BEZIER_KNOTS.);
#3719 = CARTESIAN_POINT('',(47.983847248503,-8.989));
#3720 = CARTESIAN_POINT('',(41.5,-8.989));
#3721 = ( GEOMETRIC_REPRESENTATION_CONTEXT(2) 
PARAMETRIC_REPRESENTATION_CONTEXT() REPRESENTATION_CONTEXT('2D SPACE',''
  ) );
#3722 = PCURVE('',#2148,#3723);
#3723 = DEFINITIONAL_REPRESENTATION('',(#3724),#3727);
#3724 = B_SPLINE_CURVE_WITH_KNOTS('',1,(#3725,#3726),.UNSPECIFIED.,.F.,
  .F.,(2,2),(-27.9838472485,-21.5),.PIECEWISE_BEZIER_KNOTS.);
#3725 = CARTESIAN_POINT('',(-7.983847248503,9.9));
#3726 = CARTESIAN_POINT('',(-1.5,9.9));
#3727 = ( GEOMETRIC_REPRESENTATION_CONTEXT(2) 
PARAMETRIC_REPRESENTATION_CONTEXT() REPRESENTATION_CONTEXT('2D SPACE',''
  ) );
#3728 = ADVANCED_FACE('',(#3729),#3257,.T.);
#3729 = FACE_BOUND('',#3730,.T.);
#3730 = EDGE_LOOP('',(#3731,#3759,#3778,#3779));
#3731 = ORIENTED_EDGE('',*,*,#3732,.F.);
#3732 = EDGE_CURVE('',#3733,#3735,#3737,.T.);
#3733 = VERTEX_POINT('',#3734);
#3734 = CARTESIAN_POINT('',(9.963580475961,-9.9,63.489));
#3735 = VERTEX_POINT('',#3736);
#3736 = CARTESIAN_POINT('',(9.963580475961,-9.9,60.5));
#3737 = SURFACE_CURVE('',#3738,(#3742,#3748),.PCURVE_S1.);
#3738 = LINE('',#3739,#3740);
#3739 = CARTESIAN_POINT('',(9.963580475961,-9.9,59.5));
#3740 = VECTOR('',#3741,1.);
#3741 = DIRECTION('',(-0.,-0.,-1.));
#3742 = PCURVE('',#3257,#3743);
#3743 = DEFINITIONAL_REPRESENTATION('',(#3744),#3747);
#3744 = B_SPLINE_CURVE_WITH_KNOTS('',1,(#3745,#3746),.UNSPECIFIED.,.F.,
  .F.,(2,2),(-4.2879,-0.7011),.PIECEWISE_BEZIER_KNOTS.);
#3745 = CARTESIAN_POINT('',(37.463580475961,-9.2879));
#3746 = CARTESIAN_POINT('',(37.463580475961,-5.7011));
#3747 = ( GEOMETRIC_REPRESENTATION_CONTEXT(2) 
PARAMETRIC_REPRESENTATION_CONTEXT() REPRESENTATION_CONTEXT('2D SPACE',''
  ) );
#3748 = PCURVE('',#3749,#3754);
#3749 = CYLINDRICAL_SURFACE('',#3750,1.7);
#3750 = AXIS2_PLACEMENT_3D('',#3751,#3752,#3753);
#3751 = CARTESIAN_POINT('',(8.3,-10.25,59.5));
#3752 = DIRECTION('',(-0.,-0.,-1.));
#3753 = DIRECTION('',(1.,0.,0.));
#3754 = DEFINITIONAL_REPRESENTATION('',(#3755),#3758);
#3755 = B_SPLINE_CURVE_WITH_KNOTS('',1,(#3756,#3757),.UNSPECIFIED.,.F.,
  .F.,(2,2),(-4.2879,-0.7011),.PIECEWISE_BEZIER_KNOTS.);
#3756 = CARTESIAN_POINT('',(-0.20736529151,-4.2879));
#3757 = CARTESIAN_POINT('',(-0.20736529151,-0.7011));
#3758 = ( GEOMETRIC_REPRESENTATION_CONTEXT(2) 
PARAMETRIC_REPRESENTATION_CONTEXT() REPRESENTATION_CONTEXT('2D SPACE',''
  ) );
#3759 = ORIENTED_EDGE('',*,*,#3760,.F.);
#3760 = EDGE_CURVE('',#3242,#3733,#3761,.T.);
#3761 = SURFACE_CURVE('',#3762,(#3766,#3772),.PCURVE_S1.);
#3762 = LINE('',#3763,#3764);
#3763 = CARTESIAN_POINT('',(-7.5,-9.9,63.489));
#3764 = VECTOR('',#3765,1.);
#3765 = DIRECTION('',(-1.,0.,0.));
#3766 = PCURVE('',#3257,#3767);
#3767 = DEFINITIONAL_REPRESENTATION('',(#3768),#3771);
#3768 = B_SPLINE_CURVE_WITH_KNOTS('',1,(#3769,#3770),.UNSPECIFIED.,.F.,
  .F.,(2,2),(-18.5,-12.01615275149),.PIECEWISE_BEZIER_KNOTS.);
#3769 = CARTESIAN_POINT('',(38.5,-8.989));
#3770 = CARTESIAN_POINT('',(32.016152751497,-8.989));
#3771 = ( GEOMETRIC_REPRESENTATION_CONTEXT(2) 
PARAMETRIC_REPRESENTATION_CONTEXT() REPRESENTATION_CONTEXT('2D SPACE',''
  ) );
#3772 = PCURVE('',#2148,#3773);
#3773 = DEFINITIONAL_REPRESENTATION('',(#3774),#3777);
#3774 = B_SPLINE_CURVE_WITH_KNOTS('',1,(#3775,#3776),.UNSPECIFIED.,.F.,
  .F.,(2,2),(-18.5,-12.01615275149),.PIECEWISE_BEZIER_KNOTS.);
#3775 = CARTESIAN_POINT('',(-1.5,-9.9));
#3776 = CARTESIAN_POINT('',(-7.983847248503,-9.9));
#3777 = ( GEOMETRIC_REPRESENTATION_CONTEXT(2) 
PARAMETRIC_REPRESENTATION_CONTEXT() REPRESENTATION_CONTEXT('2D SPACE',''
  ) );
#3778 = ORIENTED_EDGE('',*,*,#3241,.F.);
#3779 = ORIENTED_EDGE('',*,*,#3780,.T.);
#3780 = EDGE_CURVE('',#3215,#3735,#3781,.T.);
#3781 = SURFACE_CURVE('',#3782,(#3786,#3792),.PCURVE_S1.);
#3782 = LINE('',#3783,#3784);
#3783 = CARTESIAN_POINT('',(-9.6,-9.9,60.5));
#3784 = VECTOR('',#3785,1.);
#3785 = DIRECTION('',(-1.,0.,0.));
#3786 = PCURVE('',#3257,#3787);
#3787 = DEFINITIONAL_REPRESENTATION('',(#3788),#3791);
#3788 = B_SPLINE_CURVE_WITH_KNOTS('',1,(#3789,#3790),.UNSPECIFIED.,.F.,
  .F.,(2,2),(-21.7,-14.1),.PIECEWISE_BEZIER_KNOTS.);
#3789 = CARTESIAN_POINT('',(39.6,-6.));
#3790 = CARTESIAN_POINT('',(32.,-6.));
#3791 = ( GEOMETRIC_REPRESENTATION_CONTEXT(2) 
PARAMETRIC_REPRESENTATION_CONTEXT() REPRESENTATION_CONTEXT('2D SPACE',''
  ) );
#3792 = PCURVE('',#3230,#3793);
#3793 = DEFINITIONAL_REPRESENTATION('',(#3794),#3797);
#3794 = B_SPLINE_CURVE_WITH_KNOTS('',1,(#3795,#3796),.UNSPECIFIED.,.F.,
  .F.,(2,2),(-21.7,-14.1),.PIECEWISE_BEZIER_KNOTS.);
#3795 = CARTESIAN_POINT('',(3.8,0.35));
#3796 = CARTESIAN_POINT('',(-3.8,0.35));
#3797 = ( GEOMETRIC_REPRESENTATION_CONTEXT(2) 
PARAMETRIC_REPRESENTATION_CONTEXT() REPRESENTATION_CONTEXT('2D SPACE',''
  ) );
#3798 = ADVANCED_FACE('',(#3799),#3749,.F.);
#3799 = FACE_BOUND('',#3800,.T.);
#3800 = EDGE_LOOP('',(#3801,#3829,#3852,#3878,#3879,#3907,#3933,#3959));
#3801 = ORIENTED_EDGE('',*,*,#3802,.T.);
#3802 = EDGE_CURVE('',#3735,#3803,#3805,.T.);
#3803 = VERTEX_POINT('',#3804);
#3804 = CARTESIAN_POINT('',(10.,-10.25,60.5));
#3805 = SURFACE_CURVE('',#3806,(#3811,#3818),.PCURVE_S1.);
#3806 = CIRCLE('',#3807,1.7);
#3807 = AXIS2_PLACEMENT_3D('',#3808,#3809,#3810);
#3808 = CARTESIAN_POINT('',(8.3,-10.25,60.5));
#3809 = DIRECTION('',(0.,0.,-1.));
#3810 = DIRECTION('',(1.,0.,0.));
#3811 = PCURVE('',#3749,#3812);
#3812 = DEFINITIONAL_REPRESENTATION('',(#3813),#3817);
#3813 = LINE('',#3814,#3815);
#3814 = CARTESIAN_POINT('',(-6.28318530718,-1.));
#3815 = VECTOR('',#3816,1.);
#3816 = DIRECTION('',(1.,-0.));
#3817 = ( GEOMETRIC_REPRESENTATION_CONTEXT(2) 
PARAMETRIC_REPRESENTATION_CONTEXT() REPRESENTATION_CONTEXT('2D SPACE',''
  ) );
#3818 = PCURVE('',#3230,#3819);
#3819 = DEFINITIONAL_REPRESENTATION('',(#3820),#3828);
#3820 = ( BOUNDED_CURVE() B_SPLINE_CURVE(2,(#3821,#3822,#3823,#3824,
#3825,#3826,#3827),.UNSPECIFIED.,.T.,.F.) B_SPLINE_CURVE_WITH_KNOTS((1,2
    ,2,2,2,1),(-2.094395102393,0.,2.094395102393,4.188790204786,
6.28318530718,8.377580409573),.UNSPECIFIED.) CURVE() 
GEOMETRIC_REPRESENTATION_ITEM() RATIONAL_B_SPLINE_CURVE((1.,0.5,1.,0.5,
1.,0.5,1.)) REPRESENTATION_ITEM('') );
#3821 = CARTESIAN_POINT('',(1.7,1.7763568394E-15));
#3822 = CARTESIAN_POINT('',(1.7,-2.944486372867));
#3823 = CARTESIAN_POINT('',(-0.85,-1.472243186434));
#3824 = CARTESIAN_POINT('',(-3.4,1.35997692769E-15));
#3825 = CARTESIAN_POINT('',(-0.85,1.472243186434));
#3826 = CARTESIAN_POINT('',(1.7,2.944486372867));
#3827 = CARTESIAN_POINT('',(1.7,1.7763568394E-15));
#3828 = ( GEOMETRIC_REPRESENTATION_CONTEXT(2) 
PARAMETRIC_REPRESENTATION_CONTEXT() REPRESENTATION_CONTEXT('2D SPACE',''
  ) );
#3829 = ORIENTED_EDGE('',*,*,#3830,.T.);
#3830 = EDGE_CURVE('',#3803,#3831,#3833,.T.);
#3831 = VERTEX_POINT('',#3832);
#3832 = CARTESIAN_POINT('',(10.,-10.25,65.889));
#3833 = SEAM_CURVE('',#3834,(#3838,#3845),.PCURVE_S1.);
#3834 = LINE('',#3835,#3836);
#3835 = CARTESIAN_POINT('',(10.,-10.25,59.5));
#3836 = VECTOR('',#3837,1.);
#3837 = DIRECTION('',(0.,0.,1.));
#3838 = PCURVE('',#3749,#3839);
#3839 = DEFINITIONAL_REPRESENTATION('',(#3840),#3844);
#3840 = LINE('',#3841,#3842);
#3841 = CARTESIAN_POINT('',(-6.28318530718,0.));
#3842 = VECTOR('',#3843,1.);
#3843 = DIRECTION('',(-0.,-1.));
#3844 = ( GEOMETRIC_REPRESENTATION_CONTEXT(2) 
PARAMETRIC_REPRESENTATION_CONTEXT() REPRESENTATION_CONTEXT('2D SPACE',''
  ) );
#3845 = PCURVE('',#3749,#3846);
#3846 = DEFINITIONAL_REPRESENTATION('',(#3847),#3851);
#3847 = LINE('',#3848,#3849);
#3848 = CARTESIAN_POINT('',(-0.,0.));
#3849 = VECTOR('',#3850,1.);
#3850 = DIRECTION('',(-0.,-1.));
#3851 = ( GEOMETRIC_REPRESENTATION_CONTEXT(2) 
PARAMETRIC_REPRESENTATION_CONTEXT() REPRESENTATION_CONTEXT('2D SPACE',''
  ) );
#3852 = ORIENTED_EDGE('',*,*,#3853,.F.);
#3853 = EDGE_CURVE('',#3831,#3831,#3854,.T.);
#3854 = SURFACE_CURVE('',#3855,(#3860,#3867),.PCURVE_S1.);
#3855 = CIRCLE('',#3856,1.7);
#3856 = AXIS2_PLACEMENT_3D('',#3857,#3858,#3859);
#3857 = CARTESIAN_POINT('',(8.3,-10.25,65.889));
#3858 = DIRECTION('',(0.,0.,-1.));
#3859 = DIRECTION('',(1.,0.,0.));
#3860 = PCURVE('',#3749,#3861);
#3861 = DEFINITIONAL_REPRESENTATION('',(#3862),#3866);
#3862 = LINE('',#3863,#3864);
#3863 = CARTESIAN_POINT('',(-6.28318530718,-6.389));
#3864 = VECTOR('',#3865,1.);
#3865 = DIRECTION('',(1.,-0.));
#3866 = ( GEOMETRIC_REPRESENTATION_CONTEXT(2) 
PARAMETRIC_REPRESENTATION_CONTEXT() REPRESENTATION_CONTEXT('2D SPACE',''
  ) );
#3867 = PCURVE('',#44,#3868);
#3868 = DEFINITIONAL_REPRESENTATION('',(#3869),#3877);
#3869 = ( BOUNDED_CURVE() B_SPLINE_CURVE(2,(#3870,#3871,#3872,#3873,
#3874,#3875,#3876),.UNSPECIFIED.,.T.,.F.) B_SPLINE_CURVE_WITH_KNOTS((1,2
    ,2,2,2,1),(-2.094395102393,0.,2.094395102393,4.188790204786,
6.28318530718,8.377580409573),.UNSPECIFIED.) CURVE() 
GEOMETRIC_REPRESENTATION_ITEM() RATIONAL_B_SPLINE_CURVE((1.,0.5,1.,0.5,
1.,0.5,1.)) REPRESENTATION_ITEM('') );
#3870 = CARTESIAN_POINT('',(-2.91,-10.25));
#3871 = CARTESIAN_POINT('',(-2.91,-13.19448637286));
#3872 = CARTESIAN_POINT('',(-5.46,-11.72224318643));
#3873 = CARTESIAN_POINT('',(-8.01,-10.25));
#3874 = CARTESIAN_POINT('',(-5.46,-8.777756813566));
#3875 = CARTESIAN_POINT('',(-2.91,-7.305513627133));
#3876 = CARTESIAN_POINT('',(-2.91,-10.25));
#3877 = ( GEOMETRIC_REPRESENTATION_CONTEXT(2) 
PARAMETRIC_REPRESENTATION_CONTEXT() REPRESENTATION_CONTEXT('2D SPACE',''
  ) );
#3878 = ORIENTED_EDGE('',*,*,#3830,.F.);
#3879 = ORIENTED_EDGE('',*,*,#3880,.T.);
#3880 = EDGE_CURVE('',#3803,#3881,#3883,.T.);
#3881 = VERTEX_POINT('',#3882);
#3882 = CARTESIAN_POINT('',(6.636419524039,-9.9,60.5));
#3883 = SURFACE_CURVE('',#3884,(#3889,#3896),.PCURVE_S1.);
#3884 = CIRCLE('',#3885,1.7);
#3885 = AXIS2_PLACEMENT_3D('',#3886,#3887,#3888);
#3886 = CARTESIAN_POINT('',(8.3,-10.25,60.5));
#3887 = DIRECTION('',(0.,0.,-1.));
#3888 = DIRECTION('',(1.,0.,0.));
#3889 = PCURVE('',#3749,#3890);
#3890 = DEFINITIONAL_REPRESENTATION('',(#3891),#3895);
#3891 = LINE('',#3892,#3893);
#3892 = CARTESIAN_POINT('',(-6.28318530718,-1.));
#3893 = VECTOR('',#3894,1.);
#3894 = DIRECTION('',(1.,-0.));
#3895 = ( GEOMETRIC_REPRESENTATION_CONTEXT(2) 
PARAMETRIC_REPRESENTATION_CONTEXT() REPRESENTATION_CONTEXT('2D SPACE',''
  ) );
#3896 = PCURVE('',#3230,#3897);
#3897 = DEFINITIONAL_REPRESENTATION('',(#3898),#3906);
#3898 = ( BOUNDED_CURVE() B_SPLINE_CURVE(2,(#3899,#3900,#3901,#3902,
#3903,#3904,#3905),.UNSPECIFIED.,.T.,.F.) B_SPLINE_CURVE_WITH_KNOTS((1,2
    ,2,2,2,1),(-2.094395102393,0.,2.094395102393,4.188790204786,
6.28318530718,8.377580409573),.UNSPECIFIED.) CURVE() 
GEOMETRIC_REPRESENTATION_ITEM() RATIONAL_B_SPLINE_CURVE((1.,0.5,1.,0.5,
1.,0.5,1.)) REPRESENTATION_ITEM('') );
#3899 = CARTESIAN_POINT('',(1.7,1.7763568394E-15));
#3900 = CARTESIAN_POINT('',(1.7,-2.944486372867));
#3901 = CARTESIAN_POINT('',(-0.85,-1.472243186434));
#3902 = CARTESIAN_POINT('',(-3.4,1.35997692769E-15));
#3903 = CARTESIAN_POINT('',(-0.85,1.472243186434));
#3904 = CARTESIAN_POINT('',(1.7,2.944486372867));
#3905 = CARTESIAN_POINT('',(1.7,1.7763568394E-15));
#3906 = ( GEOMETRIC_REPRESENTATION_CONTEXT(2) 
PARAMETRIC_REPRESENTATION_CONTEXT() REPRESENTATION_CONTEXT('2D SPACE',''
  ) );
#3907 = ORIENTED_EDGE('',*,*,#3908,.F.);
#3908 = EDGE_CURVE('',#3909,#3881,#3911,.T.);
#3909 = VERTEX_POINT('',#3910);
#3910 = CARTESIAN_POINT('',(6.636419524039,-9.9,63.489));
#3911 = SURFACE_CURVE('',#3912,(#3916,#3922),.PCURVE_S1.);
#3912 = LINE('',#3913,#3914);
#3913 = CARTESIAN_POINT('',(6.636419524039,-9.9,59.5));
#3914 = VECTOR('',#3915,1.);
#3915 = DIRECTION('',(-0.,-0.,-1.));
#3916 = PCURVE('',#3749,#3917);
#3917 = DEFINITIONAL_REPRESENTATION('',(#3918),#3921);
#3918 = B_SPLINE_CURVE_WITH_KNOTS('',1,(#3919,#3920),.UNSPECIFIED.,.F.,
  .F.,(2,2),(-4.2879,-0.7011),.PIECEWISE_BEZIER_KNOTS.);
#3919 = CARTESIAN_POINT('',(-2.93422736208,-4.2879));
#3920 = CARTESIAN_POINT('',(-2.93422736208,-0.7011));
#3921 = ( GEOMETRIC_REPRESENTATION_CONTEXT(2) 
PARAMETRIC_REPRESENTATION_CONTEXT() REPRESENTATION_CONTEXT('2D SPACE',''
  ) );
#3922 = PCURVE('',#3923,#3928);
#3923 = PLANE('',#3924);
#3924 = AXIS2_PLACEMENT_3D('',#3925,#3926,#3927);
#3925 = CARTESIAN_POINT('',(-27.5,-9.9,54.5));
#3926 = DIRECTION('',(0.,1.,0.));
#3927 = DIRECTION('',(1.,0.,0.));
#3928 = DEFINITIONAL_REPRESENTATION('',(#3929),#3932);
#3929 = B_SPLINE_CURVE_WITH_KNOTS('',1,(#3930,#3931),.UNSPECIFIED.,.F.,
  .F.,(2,2),(-4.2879,-0.7011),.PIECEWISE_BEZIER_KNOTS.);
#3930 = CARTESIAN_POINT('',(34.136419524039,-9.2879));
#3931 = CARTESIAN_POINT('',(34.136419524039,-5.7011));
#3932 = ( GEOMETRIC_REPRESENTATION_CONTEXT(2) 
PARAMETRIC_REPRESENTATION_CONTEXT() REPRESENTATION_CONTEXT('2D SPACE',''
  ) );
#3933 = ORIENTED_EDGE('',*,*,#3934,.T.);
#3934 = EDGE_CURVE('',#3909,#3733,#3935,.T.);
#3935 = SURFACE_CURVE('',#3936,(#3941,#3948),.PCURVE_S1.);
#3936 = CIRCLE('',#3937,1.7);
#3937 = AXIS2_PLACEMENT_3D('',#3938,#3939,#3940);
#3938 = CARTESIAN_POINT('',(8.3,-10.25,63.489));
#3939 = DIRECTION('',(0.,0.,-1.));
#3940 = DIRECTION('',(1.,0.,0.));
#3941 = PCURVE('',#3749,#3942);
#3942 = DEFINITIONAL_REPRESENTATION('',(#3943),#3947);
#3943 = LINE('',#3944,#3945);
#3944 = CARTESIAN_POINT('',(-6.28318530718,-3.989));
#3945 = VECTOR('',#3946,1.);
#3946 = DIRECTION('',(1.,-0.));
#3947 = ( GEOMETRIC_REPRESENTATION_CONTEXT(2) 
PARAMETRIC_REPRESENTATION_CONTEXT() REPRESENTATION_CONTEXT('2D SPACE',''
  ) );
#3948 = PCURVE('',#2148,#3949);
#3949 = DEFINITIONAL_REPRESENTATION('',(#3950),#3958);
#3950 = ( BOUNDED_CURVE() B_SPLINE_CURVE(2,(#3951,#3952,#3953,#3954,
#3955,#3956,#3957),.UNSPECIFIED.,.T.,.F.) B_SPLINE_CURVE_WITH_KNOTS((1,2
    ,2,2,2,1),(-2.094395102393,0.,2.094395102393,4.188790204786,
6.28318530718,8.377580409573),.UNSPECIFIED.) CURVE() 
GEOMETRIC_REPRESENTATION_ITEM() RATIONAL_B_SPLINE_CURVE((1.,0.5,1.,0.5,
1.,0.5,1.)) REPRESENTATION_ITEM('') );
#3951 = CARTESIAN_POINT('',(-2.5,-10.25));
#3952 = CARTESIAN_POINT('',(-2.5,-13.19448637286));
#3953 = CARTESIAN_POINT('',(-5.05,-11.72224318643));
#3954 = CARTESIAN_POINT('',(-7.6,-10.25));
#3955 = CARTESIAN_POINT('',(-5.05,-8.777756813566));
#3956 = CARTESIAN_POINT('',(-2.5,-7.305513627133));
#3957 = CARTESIAN_POINT('',(-2.5,-10.25));
#3958 = ( GEOMETRIC_REPRESENTATION_CONTEXT(2) 
PARAMETRIC_REPRESENTATION_CONTEXT() REPRESENTATION_CONTEXT('2D SPACE',''
  ) );
#3959 = ORIENTED_EDGE('',*,*,#3732,.T.);
#3960 = ADVANCED_FACE('',(#3961),#3923,.T.);
#3961 = FACE_BOUND('',#3962,.T.);
#3962 = EDGE_LOOP('',(#3963,#3991,#4010,#4011));
#3963 = ORIENTED_EDGE('',*,*,#3964,.F.);
#3964 = EDGE_CURVE('',#3965,#3967,#3969,.T.);
#3965 = VERTEX_POINT('',#3966);
#3966 = CARTESIAN_POINT('',(4.516152751497,-9.9,63.489));
#3967 = VERTEX_POINT('',#3968);
#3968 = CARTESIAN_POINT('',(4.516152751497,-9.9,60.5));
#3969 = SURFACE_CURVE('',#3970,(#3974,#3980),.PCURVE_S1.);
#3970 = LINE('',#3971,#3972);
#3971 = CARTESIAN_POINT('',(4.516152751497,-9.9,60.5));
#3972 = VECTOR('',#3973,1.);
#3973 = DIRECTION('',(-0.,-0.,-1.));
#3974 = PCURVE('',#3923,#3975);
#3975 = DEFINITIONAL_REPRESENTATION('',(#3976),#3979);
#3976 = B_SPLINE_CURVE_WITH_KNOTS('',1,(#3977,#3978),.UNSPECIFIED.,.F.,
  .F.,(2,2),(-3.4890006,5.999999999062E-07),.PIECEWISE_BEZIER_KNOTS.);
#3977 = CARTESIAN_POINT('',(32.016152751497,-9.4890006));
#3978 = CARTESIAN_POINT('',(32.016152751497,-5.9999994));
#3979 = ( GEOMETRIC_REPRESENTATION_CONTEXT(2) 
PARAMETRIC_REPRESENTATION_CONTEXT() REPRESENTATION_CONTEXT('2D SPACE',''
  ) );
#3980 = PCURVE('',#3981,#3986);
#3981 = CYLINDRICAL_SURFACE('',#3982,3.8);
#3982 = AXIS2_PLACEMENT_3D('',#3983,#3984,#3985);
#3983 = CARTESIAN_POINT('',(8.3,-10.25,60.5));
#3984 = DIRECTION('',(-0.,-0.,-1.));
#3985 = DIRECTION('',(1.,0.,0.));
#3986 = DEFINITIONAL_REPRESENTATION('',(#3987),#3990);
#3987 = B_SPLINE_CURVE_WITH_KNOTS('',1,(#3988,#3989),.UNSPECIFIED.,.F.,
  .F.,(2,2),(-3.489,-0.),.PIECEWISE_BEZIER_KNOTS.);
#3988 = CARTESIAN_POINT('',(-3.049356663445,-3.489));
#3989 = CARTESIAN_POINT('',(-3.049356663445,0.));
#3990 = ( GEOMETRIC_REPRESENTATION_CONTEXT(2) 
PARAMETRIC_REPRESENTATION_CONTEXT() REPRESENTATION_CONTEXT('2D SPACE',''
  ) );
#3991 = ORIENTED_EDGE('',*,*,#3992,.F.);
#3992 = EDGE_CURVE('',#3909,#3965,#3993,.T.);
#3993 = SURFACE_CURVE('',#3994,(#3998,#4004),.PCURVE_S1.);
#3994 = LINE('',#3995,#3996);
#3995 = CARTESIAN_POINT('',(-7.5,-9.9,63.489));
#3996 = VECTOR('',#3997,1.);
#3997 = DIRECTION('',(-1.,0.,0.));
#3998 = PCURVE('',#3923,#3999);
#3999 = DEFINITIONAL_REPRESENTATION('',(#4000),#4003);
#4000 = B_SPLINE_CURVE_WITH_KNOTS('',1,(#4001,#4002),.UNSPECIFIED.,.F.,
  .F.,(2,2),(-18.5,-12.01615275149),.PIECEWISE_BEZIER_KNOTS.);
#4001 = CARTESIAN_POINT('',(38.5,-8.989));
#4002 = CARTESIAN_POINT('',(32.016152751497,-8.989));
#4003 = ( GEOMETRIC_REPRESENTATION_CONTEXT(2) 
PARAMETRIC_REPRESENTATION_CONTEXT() REPRESENTATION_CONTEXT('2D SPACE',''
  ) );
#4004 = PCURVE('',#2148,#4005);
#4005 = DEFINITIONAL_REPRESENTATION('',(#4006),#4009);
#4006 = B_SPLINE_CURVE_WITH_KNOTS('',1,(#4007,#4008),.UNSPECIFIED.,.F.,
  .F.,(2,2),(-18.5,-12.01615275149),.PIECEWISE_BEZIER_KNOTS.);
#4007 = CARTESIAN_POINT('',(-1.5,-9.9));
#4008 = CARTESIAN_POINT('',(-7.983847248503,-9.9));
#4009 = ( GEOMETRIC_REPRESENTATION_CONTEXT(2) 
PARAMETRIC_REPRESENTATION_CONTEXT() REPRESENTATION_CONTEXT('2D SPACE',''
  ) );
#4010 = ORIENTED_EDGE('',*,*,#3908,.T.);
#4011 = ORIENTED_EDGE('',*,*,#4012,.T.);
#4012 = EDGE_CURVE('',#3881,#3967,#4013,.T.);
#4013 = SURFACE_CURVE('',#4014,(#4018,#4024),.PCURVE_S1.);
#4014 = LINE('',#4015,#4016);
#4015 = CARTESIAN_POINT('',(-9.6,-9.9,60.5));
#4016 = VECTOR('',#4017,1.);
#4017 = DIRECTION('',(-1.,0.,0.));
#4018 = PCURVE('',#3923,#4019);
#4019 = DEFINITIONAL_REPRESENTATION('',(#4020),#4023);
#4020 = B_SPLINE_CURVE_WITH_KNOTS('',1,(#4021,#4022),.UNSPECIFIED.,.F.,
  .F.,(2,2),(-21.7,-14.1),.PIECEWISE_BEZIER_KNOTS.);
#4021 = CARTESIAN_POINT('',(39.6,-6.));
#4022 = CARTESIAN_POINT('',(32.,-6.));
#4023 = ( GEOMETRIC_REPRESENTATION_CONTEXT(2) 
PARAMETRIC_REPRESENTATION_CONTEXT() REPRESENTATION_CONTEXT('2D SPACE',''
  ) );
#4024 = PCURVE('',#3230,#4025);
#4025 = DEFINITIONAL_REPRESENTATION('',(#4026),#4029);
#4026 = B_SPLINE_CURVE_WITH_KNOTS('',1,(#4027,#4028),.UNSPECIFIED.,.F.,
  .F.,(2,2),(-21.7,-14.1),.PIECEWISE_BEZIER_KNOTS.);
#4027 = CARTESIAN_POINT('',(3.8,0.35));
#4028 = CARTESIAN_POINT('',(-3.8,0.35));
#4029 = ( GEOMETRIC_REPRESENTATION_CONTEXT(2) 
PARAMETRIC_REPRESENTATION_CONTEXT() REPRESENTATION_CONTEXT('2D SPACE',''
  ) );
#4030 = ADVANCED_FACE('',(#4031),#3981,.T.);
#4031 = FACE_BOUND('',#4032,.F.);
#4032 = EDGE_LOOP('',(#4033,#4057,#4058,#4086));
#4033 = ORIENTED_EDGE('',*,*,#4034,.F.);
#4034 = EDGE_CURVE('',#3967,#4035,#4037,.T.);
#4035 = VERTEX_POINT('',#4036);
#4036 = CARTESIAN_POINT('',(5.068901115719,-12.25,60.5));
#4037 = SURFACE_CURVE('',#4038,(#4043,#4050),.PCURVE_S1.);
#4038 = CIRCLE('',#4039,3.8);
#4039 = AXIS2_PLACEMENT_3D('',#4040,#4041,#4042);
#4040 = CARTESIAN_POINT('',(8.3,-10.25,60.5));
#4041 = DIRECTION('',(0.,0.,1.));
#4042 = DIRECTION('',(-0.995749275922,9.210526315789E-02,0.));
#4043 = PCURVE('',#3981,#4044);
#4044 = DEFINITIONAL_REPRESENTATION('',(#4045),#4049);
#4045 = LINE('',#4046,#4047);
#4046 = CARTESIAN_POINT('',(-3.049356663445,0.));
#4047 = VECTOR('',#4048,1.);
#4048 = DIRECTION('',(-1.,0.));
#4049 = ( GEOMETRIC_REPRESENTATION_CONTEXT(2) 
PARAMETRIC_REPRESENTATION_CONTEXT() REPRESENTATION_CONTEXT('2D SPACE',''
  ) );
#4050 = PCURVE('',#3230,#4051);
#4051 = DEFINITIONAL_REPRESENTATION('',(#4052),#4056);
#4052 = CIRCLE('',#4053,3.8);
#4053 = AXIS2_PLACEMENT_2D('',#4054,#4055);
#4054 = CARTESIAN_POINT('',(0.,1.7763568394E-15));
#4055 = DIRECTION('',(-0.995749275922,9.210526315789E-02));
#4056 = ( GEOMETRIC_REPRESENTATION_CONTEXT(2) 
PARAMETRIC_REPRESENTATION_CONTEXT() REPRESENTATION_CONTEXT('2D SPACE',''
  ) );
#4057 = ORIENTED_EDGE('',*,*,#3964,.F.);
#4058 = ORIENTED_EDGE('',*,*,#4059,.F.);
#4059 = EDGE_CURVE('',#4060,#3965,#4062,.T.);
#4060 = VERTEX_POINT('',#4061);
#4061 = CARTESIAN_POINT('',(5.068901115719,-12.25,63.489));
#4062 = SURFACE_CURVE('',#4063,(#4068,#4075),.PCURVE_S1.);
#4063 = CIRCLE('',#4064,3.8);
#4064 = AXIS2_PLACEMENT_3D('',#4065,#4066,#4067);
#4065 = CARTESIAN_POINT('',(8.3,-10.25,63.489));
#4066 = DIRECTION('',(0.,0.,-1.));
#4067 = DIRECTION('',(1.,0.,0.));
#4068 = PCURVE('',#3981,#4069);
#4069 = DEFINITIONAL_REPRESENTATION('',(#4070),#4074);
#4070 = LINE('',#4071,#4072);
#4071 = CARTESIAN_POINT('',(-6.28318530718,-2.989));
#4072 = VECTOR('',#4073,1.);
#4073 = DIRECTION('',(1.,-0.));
#4074 = ( GEOMETRIC_REPRESENTATION_CONTEXT(2) 
PARAMETRIC_REPRESENTATION_CONTEXT() REPRESENTATION_CONTEXT('2D SPACE',''
  ) );
#4075 = PCURVE('',#2148,#4076);
#4076 = DEFINITIONAL_REPRESENTATION('',(#4077),#4085);
#4077 = ( BOUNDED_CURVE() B_SPLINE_CURVE(2,(#4078,#4079,#4080,#4081,
#4082,#4083,#4084),.UNSPECIFIED.,.T.,.F.) B_SPLINE_CURVE_WITH_KNOTS((1,2
    ,2,2,2,1),(-2.094395102393,0.,2.094395102393,4.188790204786,
6.28318530718,8.377580409573),.UNSPECIFIED.) CURVE() 
GEOMETRIC_REPRESENTATION_ITEM() RATIONAL_B_SPLINE_CURVE((1.,0.5,1.,0.5,
1.,0.5,1.)) REPRESENTATION_ITEM('') );
#4078 = CARTESIAN_POINT('',(-0.4,-10.25));
#4079 = CARTESIAN_POINT('',(-0.4,-16.83179306876));
#4080 = CARTESIAN_POINT('',(-6.1,-13.54089653438));
#4081 = CARTESIAN_POINT('',(-11.8,-10.25));
#4082 = CARTESIAN_POINT('',(-6.1,-6.959103465619));
#4083 = CARTESIAN_POINT('',(-0.4,-3.668206931238));
#4084 = CARTESIAN_POINT('',(-0.4,-10.25));
#4085 = ( GEOMETRIC_REPRESENTATION_CONTEXT(2) 
PARAMETRIC_REPRESENTATION_CONTEXT() REPRESENTATION_CONTEXT('2D SPACE',''
  ) );
#4086 = ORIENTED_EDGE('',*,*,#4087,.T.);
#4087 = EDGE_CURVE('',#4060,#4035,#4088,.T.);
#4088 = SURFACE_CURVE('',#4089,(#4093,#4099),.PCURVE_S1.);
#4089 = LINE('',#4090,#4091);
#4090 = CARTESIAN_POINT('',(5.068901115719,-12.25,60.5));
#4091 = VECTOR('',#4092,1.);
#4092 = DIRECTION('',(-0.,-0.,-1.));
#4093 = PCURVE('',#3981,#4094);
#4094 = DEFINITIONAL_REPRESENTATION('',(#4095),#4098);
#4095 = B_SPLINE_CURVE_WITH_KNOTS('',1,(#4096,#4097),.UNSPECIFIED.,.F.,
  .F.,(2,2),(-3.4890006,5.999999999062E-07),.PIECEWISE_BEZIER_KNOTS.);
#4096 = CARTESIAN_POINT('',(-3.695854488042,-3.4890006));
#4097 = CARTESIAN_POINT('',(-3.695854488042,5.999999999062E-07));
#4098 = ( GEOMETRIC_REPRESENTATION_CONTEXT(2) 
PARAMETRIC_REPRESENTATION_CONTEXT() REPRESENTATION_CONTEXT('2D SPACE',''
  ) );
#4099 = PCURVE('',#1544,#4100);
#4100 = DEFINITIONAL_REPRESENTATION('',(#4101),#4104);
#4101 = B_SPLINE_CURVE_WITH_KNOTS('',1,(#4102,#4103),.UNSPECIFIED.,.F.,
  .F.,(2,2),(-3.4890006,5.999999999062E-07),.PIECEWISE_BEZIER_KNOTS.);
#4102 = CARTESIAN_POINT('',(15.578901115719,-36.4890006));
#4103 = CARTESIAN_POINT('',(15.578901115719,-32.9999994));
#4104 = ( GEOMETRIC_REPRESENTATION_CONTEXT(2) 
PARAMETRIC_REPRESENTATION_CONTEXT() REPRESENTATION_CONTEXT('2D SPACE',''
  ) );
#4105 = ADVANCED_FACE('',(#4106),#3230,.F.);
#4106 = FACE_BOUND('',#4107,.F.);
#4107 = EDGE_LOOP('',(#4108,#4129,#4130,#4131,#4132,#4133,#4134,#4135,
    #4156));
#4108 = ORIENTED_EDGE('',*,*,#4109,.T.);
#4109 = EDGE_CURVE('',#4110,#3187,#4112,.T.);
#4110 = VERTEX_POINT('',#4111);
#4111 = CARTESIAN_POINT('',(12.073261188945,-10.7,60.5));
#4112 = SURFACE_CURVE('',#4113,(#4117,#4123),.PCURVE_S1.);
#4113 = LINE('',#4114,#4115);
#4114 = CARTESIAN_POINT('',(9.65,-10.7,60.5));
#4115 = VECTOR('',#4116,1.);
#4116 = DIRECTION('',(-1.,0.,0.));
#4117 = PCURVE('',#3230,#4118);
#4118 = DEFINITIONAL_REPRESENTATION('',(#4119),#4122);
#4119 = B_SPLINE_CURVE_WITH_KNOTS('',1,(#4120,#4121),.UNSPECIFIED.,.F.,
  .F.,(2,2),(-2.45,-1.35),.PIECEWISE_BEZIER_KNOTS.);
#4120 = CARTESIAN_POINT('',(3.8,-0.45));
#4121 = CARTESIAN_POINT('',(2.7,-0.45));
#4122 = ( GEOMETRIC_REPRESENTATION_CONTEXT(2) 
PARAMETRIC_REPRESENTATION_CONTEXT() REPRESENTATION_CONTEXT('2D SPACE',''
  ) );
#4123 = PCURVE('',#3202,#4124);
#4124 = DEFINITIONAL_REPRESENTATION('',(#4125),#4128);
#4125 = B_SPLINE_CURVE_WITH_KNOTS('',1,(#4126,#4127),.UNSPECIFIED.,.F.,
  .F.,(2,2),(-2.45,-1.35),.PIECEWISE_BEZIER_KNOTS.);
#4126 = CARTESIAN_POINT('',(1.1,-1.));
#4127 = CARTESIAN_POINT('',(0.,-1.));
#4128 = ( GEOMETRIC_REPRESENTATION_CONTEXT(2) 
PARAMETRIC_REPRESENTATION_CONTEXT() REPRESENTATION_CONTEXT('2D SPACE',''
  ) );
#4129 = ORIENTED_EDGE('',*,*,#3214,.T.);
#4130 = ORIENTED_EDGE('',*,*,#3780,.T.);
#4131 = ORIENTED_EDGE('',*,*,#3802,.T.);
#4132 = ORIENTED_EDGE('',*,*,#3880,.T.);
#4133 = ORIENTED_EDGE('',*,*,#4012,.T.);
#4134 = ORIENTED_EDGE('',*,*,#4034,.T.);
#4135 = ORIENTED_EDGE('',*,*,#4136,.T.);
#4136 = EDGE_CURVE('',#4035,#4137,#4139,.T.);
#4137 = VERTEX_POINT('',#4138);
#4138 = CARTESIAN_POINT('',(11.531098884281,-12.25,60.5));
#4139 = SURFACE_CURVE('',#4140,(#4144,#4150),.PCURVE_S1.);
#4140 = LINE('',#4141,#4142);
#4141 = CARTESIAN_POINT('',(-1.105,-12.25,60.5));
#4142 = VECTOR('',#4143,1.);
#4143 = DIRECTION('',(1.,0.,0.));
#4144 = PCURVE('',#3230,#4145);
#4145 = DEFINITIONAL_REPRESENTATION('',(#4146),#4149);
#4146 = B_SPLINE_CURVE_WITH_KNOTS('',1,(#4147,#4148),.UNSPECIFIED.,.F.,
  .F.,(2,2),(5.605,13.178261188945),.PIECEWISE_BEZIER_KNOTS.);
#4147 = CARTESIAN_POINT('',(-3.8,-2.));
#4148 = CARTESIAN_POINT('',(3.773261188945,-2.));
#4149 = ( GEOMETRIC_REPRESENTATION_CONTEXT(2) 
PARAMETRIC_REPRESENTATION_CONTEXT() REPRESENTATION_CONTEXT('2D SPACE',''
  ) );
#4150 = PCURVE('',#1544,#4151);
#4151 = DEFINITIONAL_REPRESENTATION('',(#4152),#4155);
#4152 = B_SPLINE_CURVE_WITH_KNOTS('',1,(#4153,#4154),.UNSPECIFIED.,.F.,
  .F.,(2,2),(5.605,13.178261188945),.PIECEWISE_BEZIER_KNOTS.);
#4153 = CARTESIAN_POINT('',(15.01,-33.));
#4154 = CARTESIAN_POINT('',(22.583261188945,-33.));
#4155 = ( GEOMETRIC_REPRESENTATION_CONTEXT(2) 
PARAMETRIC_REPRESENTATION_CONTEXT() REPRESENTATION_CONTEXT('2D SPACE',''
  ) );
#4156 = ORIENTED_EDGE('',*,*,#4157,.T.);
#4157 = EDGE_CURVE('',#4137,#4110,#4158,.T.);
#4158 = SURFACE_CURVE('',#4159,(#4164,#4171),.PCURVE_S1.);
#4159 = CIRCLE('',#4160,3.8);
#4160 = AXIS2_PLACEMENT_3D('',#4161,#4162,#4163);
#4161 = CARTESIAN_POINT('',(8.3,-10.25,60.5));
#4162 = DIRECTION('',(0.,0.,1.));
#4163 = DIRECTION('',(-0.995749275922,9.210526315789E-02,0.));
#4164 = PCURVE('',#3230,#4165);
#4165 = DEFINITIONAL_REPRESENTATION('',(#4166),#4170);
#4166 = CIRCLE('',#4167,3.8);
#4167 = AXIS2_PLACEMENT_2D('',#4168,#4169);
#4168 = CARTESIAN_POINT('',(0.,1.7763568394E-15));
#4169 = DIRECTION('',(-0.995749275922,9.210526315789E-02));
#4170 = ( GEOMETRIC_REPRESENTATION_CONTEXT(2) 
PARAMETRIC_REPRESENTATION_CONTEXT() REPRESENTATION_CONTEXT('2D SPACE',''
  ) );
#4171 = PCURVE('',#2695,#4172);
#4172 = DEFINITIONAL_REPRESENTATION('',(#4173),#4177);
#4173 = LINE('',#4174,#4175);
#4174 = CARTESIAN_POINT('',(-3.049356663445,0.));
#4175 = VECTOR('',#4176,1.);
#4176 = DIRECTION('',(-1.,0.));
#4177 = ( GEOMETRIC_REPRESENTATION_CONTEXT(2) 
PARAMETRIC_REPRESENTATION_CONTEXT() REPRESENTATION_CONTEXT('2D SPACE',''
  ) );
#4178 = ADVANCED_FACE('',(#4179),#3202,.T.);
#4179 = FACE_BOUND('',#4180,.T.);
#4180 = EDGE_LOOP('',(#4181,#4202,#4221,#4222));
#4181 = ORIENTED_EDGE('',*,*,#4182,.T.);
#4182 = EDGE_CURVE('',#3159,#4183,#4185,.T.);
#4183 = VERTEX_POINT('',#4184);
#4184 = CARTESIAN_POINT('',(12.073261188945,-10.7,62.489));
#4185 = SURFACE_CURVE('',#4186,(#4190,#4196),.PCURVE_S1.);
#4186 = LINE('',#4187,#4188);
#4187 = CARTESIAN_POINT('',(12.875,-10.7,62.489));
#4188 = VECTOR('',#4189,1.);
#4189 = DIRECTION('',(1.,0.,0.));
#4190 = PCURVE('',#3202,#4191);
#4191 = DEFINITIONAL_REPRESENTATION('',(#4192),#4195);
#4192 = B_SPLINE_CURVE_WITH_KNOTS('',1,(#4193,#4194),.UNSPECIFIED.,.F.,
  .F.,(2,2),(-1.875,-0.801738811055),.PIECEWISE_BEZIER_KNOTS.);
#4193 = CARTESIAN_POINT('',(0.,-2.989));
#4194 = CARTESIAN_POINT('',(1.073261188945,-2.989));
#4195 = ( GEOMETRIC_REPRESENTATION_CONTEXT(2) 
PARAMETRIC_REPRESENTATION_CONTEXT() REPRESENTATION_CONTEXT('2D SPACE',''
  ) );
#4196 = PCURVE('',#3174,#4197);
#4197 = DEFINITIONAL_REPRESENTATION('',(#4198),#4201);
#4198 = B_SPLINE_CURVE_WITH_KNOTS('',1,(#4199,#4200),.UNSPECIFIED.,.F.,
  .F.,(2,2),(-1.875,-0.801738811055),.PIECEWISE_BEZIER_KNOTS.);
#4199 = CARTESIAN_POINT('',(-3.75,-10.7));
#4200 = CARTESIAN_POINT('',(-2.676738811055,-10.7));
#4201 = ( GEOMETRIC_REPRESENTATION_CONTEXT(2) 
PARAMETRIC_REPRESENTATION_CONTEXT() REPRESENTATION_CONTEXT('2D SPACE',''
  ) );
#4202 = ORIENTED_EDGE('',*,*,#4203,.T.);
#4203 = EDGE_CURVE('',#4183,#4110,#4204,.T.);
#4204 = SURFACE_CURVE('',#4205,(#4209,#4215),.PCURVE_S1.);
#4205 = LINE('',#4206,#4207);
#4206 = CARTESIAN_POINT('',(12.073261188945,-10.7,60.5));
#4207 = VECTOR('',#4208,1.);
#4208 = DIRECTION('',(-0.,-0.,-1.));
#4209 = PCURVE('',#3202,#4210);
#4210 = DEFINITIONAL_REPRESENTATION('',(#4211),#4214);
#4211 = B_SPLINE_CURVE_WITH_KNOTS('',1,(#4212,#4213),.UNSPECIFIED.,.F.,
  .F.,(2,2),(-3.4890006,5.999999999062E-07),.PIECEWISE_BEZIER_KNOTS.);
#4212 = CARTESIAN_POINT('',(1.073261188945,-4.4890006));
#4213 = CARTESIAN_POINT('',(1.073261188945,-0.9999994));
#4214 = ( GEOMETRIC_REPRESENTATION_CONTEXT(2) 
PARAMETRIC_REPRESENTATION_CONTEXT() REPRESENTATION_CONTEXT('2D SPACE',''
  ) );
#4215 = PCURVE('',#2695,#4216);
#4216 = DEFINITIONAL_REPRESENTATION('',(#4217),#4220);
#4217 = B_SPLINE_CURVE_WITH_KNOTS('',1,(#4218,#4219),.UNSPECIFIED.,.F.,
  .F.,(2,2),(-3.4890006,5.999999999062E-07),.PIECEWISE_BEZIER_KNOTS.);
#4218 = CARTESIAN_POINT('',(-6.16448571267,-3.4890006));
#4219 = CARTESIAN_POINT('',(-6.16448571267,5.999999999062E-07));
#4220 = ( GEOMETRIC_REPRESENTATION_CONTEXT(2) 
PARAMETRIC_REPRESENTATION_CONTEXT() REPRESENTATION_CONTEXT('2D SPACE',''
  ) );
#4221 = ORIENTED_EDGE('',*,*,#4109,.T.);
#4222 = ORIENTED_EDGE('',*,*,#3186,.T.);
#4223 = ADVANCED_FACE('',(#4224),#3174,.T.);
#4224 = FACE_BOUND('',#4225,.T.);
#4225 = EDGE_LOOP('',(#4226,#4227,#4250,#4276));
#4226 = ORIENTED_EDGE('',*,*,#3158,.T.);
#4227 = ORIENTED_EDGE('',*,*,#4228,.T.);
#4228 = EDGE_CURVE('',#3136,#4229,#4231,.T.);
#4229 = VERTEX_POINT('',#4230);
#4230 = CARTESIAN_POINT('',(12.025251669351,-11.,62.489));
#4231 = SURFACE_CURVE('',#4232,(#4236,#4243),.PCURVE_S1.);
#4232 = LINE('',#4233,#4234);
#4233 = CARTESIAN_POINT('',(11.,-11.,62.489));
#4234 = VECTOR('',#4235,1.);
#4235 = DIRECTION('',(1.,0.,0.));
#4236 = PCURVE('',#3174,#4237);
#4237 = DEFINITIONAL_REPRESENTATION('',(#4238),#4242);
#4238 = LINE('',#4239,#4240);
#4239 = CARTESIAN_POINT('',(-3.75,-11.));
#4240 = VECTOR('',#4241,1.);
#4241 = DIRECTION('',(1.,0.));
#4242 = ( GEOMETRIC_REPRESENTATION_CONTEXT(2) 
PARAMETRIC_REPRESENTATION_CONTEXT() REPRESENTATION_CONTEXT('2D SPACE',''
  ) );
#4243 = PCURVE('',#2663,#4244);
#4244 = DEFINITIONAL_REPRESENTATION('',(#4245),#4249);
#4245 = LINE('',#4246,#4247);
#4246 = CARTESIAN_POINT('',(0.,0.));
#4247 = VECTOR('',#4248,1.);
#4248 = DIRECTION('',(1.,0.));
#4249 = ( GEOMETRIC_REPRESENTATION_CONTEXT(2) 
PARAMETRIC_REPRESENTATION_CONTEXT() REPRESENTATION_CONTEXT('2D SPACE',''
  ) );
#4250 = ORIENTED_EDGE('',*,*,#4251,.F.);
#4251 = EDGE_CURVE('',#4183,#4229,#4252,.T.);
#4252 = SURFACE_CURVE('',#4253,(#4258,#4269),.PCURVE_S1.);
#4253 = CIRCLE('',#4254,3.8);
#4254 = AXIS2_PLACEMENT_3D('',#4255,#4256,#4257);
#4255 = CARTESIAN_POINT('',(8.3,-10.25,62.489));
#4256 = DIRECTION('',(0.,0.,-1.));
#4257 = DIRECTION('',(1.,0.,0.));
#4258 = PCURVE('',#3174,#4259);
#4259 = DEFINITIONAL_REPRESENTATION('',(#4260),#4268);
#4260 = ( BOUNDED_CURVE() B_SPLINE_CURVE(2,(#4261,#4262,#4263,#4264,
#4265,#4266,#4267),.UNSPECIFIED.,.T.,.F.) B_SPLINE_CURVE_WITH_KNOTS((1,2
    ,2,2,2,1),(-2.094395102393,0.,2.094395102393,4.188790204786,
6.28318530718,8.377580409573),.UNSPECIFIED.) CURVE() 
GEOMETRIC_REPRESENTATION_ITEM() RATIONAL_B_SPLINE_CURVE((1.,0.5,1.,0.5,
1.,0.5,1.)) REPRESENTATION_ITEM('') );
#4261 = CARTESIAN_POINT('',(-2.65,-10.25));
#4262 = CARTESIAN_POINT('',(-2.65,-16.83179306876));
#4263 = CARTESIAN_POINT('',(-8.35,-13.54089653438));
#4264 = CARTESIAN_POINT('',(-14.05,-10.25));
#4265 = CARTESIAN_POINT('',(-8.35,-6.959103465619));
#4266 = CARTESIAN_POINT('',(-2.65,-3.668206931238));
#4267 = CARTESIAN_POINT('',(-2.65,-10.25));
#4268 = ( GEOMETRIC_REPRESENTATION_CONTEXT(2) 
PARAMETRIC_REPRESENTATION_CONTEXT() REPRESENTATION_CONTEXT('2D SPACE',''
  ) );
#4269 = PCURVE('',#2695,#4270);
#4270 = DEFINITIONAL_REPRESENTATION('',(#4271),#4275);
#4271 = LINE('',#4272,#4273);
#4272 = CARTESIAN_POINT('',(-6.28318530718,-1.989));
#4273 = VECTOR('',#4274,1.);
#4274 = DIRECTION('',(1.,-0.));
#4275 = ( GEOMETRIC_REPRESENTATION_CONTEXT(2) 
PARAMETRIC_REPRESENTATION_CONTEXT() REPRESENTATION_CONTEXT('2D SPACE',''
  ) );
#4276 = ORIENTED_EDGE('',*,*,#4182,.F.);
#4277 = ADVANCED_FACE('',(#4278),#3055,.T.);
#4278 = FACE_BOUND('',#4279,.T.);
#4279 = EDGE_LOOP('',(#4280,#4306,#4307,#4308));
#4280 = ORIENTED_EDGE('',*,*,#4281,.F.);
#4281 = EDGE_CURVE('',#3040,#3393,#4282,.T.);
#4282 = SURFACE_CURVE('',#4283,(#4288,#4299),.PCURVE_S1.);
#4283 = CIRCLE('',#4284,3.8);
#4284 = AXIS2_PLACEMENT_3D('',#4285,#4286,#4287);
#4285 = CARTESIAN_POINT('',(8.3,10.25,62.489));
#4286 = DIRECTION('',(0.,0.,-1.));
#4287 = DIRECTION('',(1.,0.,0.));
#4288 = PCURVE('',#3055,#4289);
#4289 = DEFINITIONAL_REPRESENTATION('',(#4290),#4298);
#4290 = ( BOUNDED_CURVE() B_SPLINE_CURVE(2,(#4291,#4292,#4293,#4294,
#4295,#4296,#4297),.UNSPECIFIED.,.T.,.F.) B_SPLINE_CURVE_WITH_KNOTS((1,2
    ,2,2,2,1),(-2.094395102393,0.,2.094395102393,4.188790204786,
6.28318530718,8.377580409573),.UNSPECIFIED.) CURVE() 
GEOMETRIC_REPRESENTATION_ITEM() RATIONAL_B_SPLINE_CURVE((1.,0.5,1.,0.5,
1.,0.5,1.)) REPRESENTATION_ITEM('') );
#4291 = CARTESIAN_POINT('',(-2.65,10.25));
#4292 = CARTESIAN_POINT('',(-2.65,3.668206931238));
#4293 = CARTESIAN_POINT('',(-8.35,6.959103465619));
#4294 = CARTESIAN_POINT('',(-14.05,10.25));
#4295 = CARTESIAN_POINT('',(-8.35,13.540896534381));
#4296 = CARTESIAN_POINT('',(-2.65,16.831793068762));
#4297 = CARTESIAN_POINT('',(-2.65,10.25));
#4298 = ( GEOMETRIC_REPRESENTATION_CONTEXT(2) 
PARAMETRIC_REPRESENTATION_CONTEXT() REPRESENTATION_CONTEXT('2D SPACE',''
  ) );
#4299 = PCURVE('',#2071,#4300);
#4300 = DEFINITIONAL_REPRESENTATION('',(#4301),#4305);
#4301 = LINE('',#4302,#4303);
#4302 = CARTESIAN_POINT('',(-12.56637061435,-1.989));
#4303 = VECTOR('',#4304,1.);
#4304 = DIRECTION('',(1.,-0.));
#4305 = ( GEOMETRIC_REPRESENTATION_CONTEXT(2) 
PARAMETRIC_REPRESENTATION_CONTEXT() REPRESENTATION_CONTEXT('2D SPACE',''
  ) );
#4306 = ORIENTED_EDGE('',*,*,#3039,.T.);
#4307 = ORIENTED_EDGE('',*,*,#3089,.T.);
#4308 = ORIENTED_EDGE('',*,*,#3413,.F.);
#4309 = ADVANCED_FACE('',(#4310),#2637,.T.);
#4310 = FACE_BOUND('',#4311,.T.);
#4311 = EDGE_LOOP('',(#4312,#4313,#4336,#4355));
#4312 = ORIENTED_EDGE('',*,*,#2622,.T.);
#4313 = ORIENTED_EDGE('',*,*,#4314,.T.);
#4314 = EDGE_CURVE('',#2623,#4315,#4317,.T.);
#4315 = VERTEX_POINT('',#4316);
#4316 = CARTESIAN_POINT('',(18.5,-11.,65.889));
#4317 = SURFACE_CURVE('',#4318,(#4322,#4329),.PCURVE_S1.);
#4318 = LINE('',#4319,#4320);
#4319 = CARTESIAN_POINT('',(18.5,-11.,62.489));
#4320 = VECTOR('',#4321,1.);
#4321 = DIRECTION('',(0.,0.,1.));
#4322 = PCURVE('',#2637,#4323);
#4323 = DEFINITIONAL_REPRESENTATION('',(#4324),#4328);
#4324 = LINE('',#4325,#4326);
#4325 = CARTESIAN_POINT('',(0.,0.));
#4326 = VECTOR('',#4327,1.);
#4327 = DIRECTION('',(0.,-1.));
#4328 = ( GEOMETRIC_REPRESENTATION_CONTEXT(2) 
PARAMETRIC_REPRESENTATION_CONTEXT() REPRESENTATION_CONTEXT('2D SPACE',''
  ) );
#4329 = PCURVE('',#2663,#4330);
#4330 = DEFINITIONAL_REPRESENTATION('',(#4331),#4335);
#4331 = LINE('',#4332,#4333);
#4332 = CARTESIAN_POINT('',(7.5,0.));
#4333 = VECTOR('',#4334,1.);
#4334 = DIRECTION('',(0.,-1.));
#4335 = ( GEOMETRIC_REPRESENTATION_CONTEXT(2) 
PARAMETRIC_REPRESENTATION_CONTEXT() REPRESENTATION_CONTEXT('2D SPACE',''
  ) );
#4336 = ORIENTED_EDGE('',*,*,#4337,.F.);
#4337 = EDGE_CURVE('',#2968,#4315,#4338,.T.);
#4338 = SURFACE_CURVE('',#4339,(#4343,#4349),.PCURVE_S1.);
#4339 = LINE('',#4340,#4341);
#4340 = CARTESIAN_POINT('',(18.5,-5.5,65.889));
#4341 = VECTOR('',#4342,1.);
#4342 = DIRECTION('',(0.,-1.,0.));
#4343 = PCURVE('',#2637,#4344);
#4344 = DEFINITIONAL_REPRESENTATION('',(#4345),#4348);
#4345 = B_SPLINE_CURVE_WITH_KNOTS('',1,(#4346,#4347),.UNSPECIFIED.,.F.,
  .F.,(2,2),(-16.5,5.5),.PIECEWISE_BEZIER_KNOTS.);
#4346 = CARTESIAN_POINT('',(22.,-3.4));
#4347 = CARTESIAN_POINT('',(0.,-3.4));
#4348 = ( GEOMETRIC_REPRESENTATION_CONTEXT(2) 
PARAMETRIC_REPRESENTATION_CONTEXT() REPRESENTATION_CONTEXT('2D SPACE',''
  ) );
#4349 = PCURVE('',#44,#4350);
#4350 = DEFINITIONAL_REPRESENTATION('',(#4351),#4354);
#4351 = B_SPLINE_CURVE_WITH_KNOTS('',1,(#4352,#4353),.UNSPECIFIED.,.F.,
  .F.,(2,2),(-16.5,5.5),.PIECEWISE_BEZIER_KNOTS.);
#4352 = CARTESIAN_POINT('',(5.59,11.));
#4353 = CARTESIAN_POINT('',(5.59,-11.));
#4354 = ( GEOMETRIC_REPRESENTATION_CONTEXT(2) 
PARAMETRIC_REPRESENTATION_CONTEXT() REPRESENTATION_CONTEXT('2D SPACE',''
  ) );
#4355 = ORIENTED_EDGE('',*,*,#2967,.F.);
#4356 = ADVANCED_FACE('',(#4357),#2663,.T.);
#4357 = FACE_BOUND('',#4358,.T.);
#4358 = EDGE_LOOP('',(#4359,#4360,#4361,#4380,#4381,#4382));
#4359 = ORIENTED_EDGE('',*,*,#4228,.F.);
#4360 = ORIENTED_EDGE('',*,*,#3135,.T.);
#4361 = ORIENTED_EDGE('',*,*,#4362,.F.);
#4362 = EDGE_CURVE('',#4315,#3114,#4363,.T.);
#4363 = SURFACE_CURVE('',#4364,(#4368,#4374),.PCURVE_S1.);
#4364 = LINE('',#4365,#4366);
#4365 = CARTESIAN_POINT('',(11.955,-11.,65.889));
#4366 = VECTOR('',#4367,1.);
#4367 = DIRECTION('',(-1.,0.,0.));
#4368 = PCURVE('',#2663,#4369);
#4369 = DEFINITIONAL_REPRESENTATION('',(#4370),#4373);
#4370 = B_SPLINE_CURVE_WITH_KNOTS('',1,(#4371,#4372),.UNSPECIFIED.,.F.,
  .F.,(2,2),(-6.545,0.955),.PIECEWISE_BEZIER_KNOTS.);
#4371 = CARTESIAN_POINT('',(7.5,-3.4));
#4372 = CARTESIAN_POINT('',(0.,-3.4));
#4373 = ( GEOMETRIC_REPRESENTATION_CONTEXT(2) 
PARAMETRIC_REPRESENTATION_CONTEXT() REPRESENTATION_CONTEXT('2D SPACE',''
  ) );
#4374 = PCURVE('',#44,#4375);
#4375 = DEFINITIONAL_REPRESENTATION('',(#4376),#4379);
#4376 = B_SPLINE_CURVE_WITH_KNOTS('',1,(#4377,#4378),.UNSPECIFIED.,.F.,
  .F.,(2,2),(-6.545,0.955),.PIECEWISE_BEZIER_KNOTS.);
#4377 = CARTESIAN_POINT('',(5.59,-11.));
#4378 = CARTESIAN_POINT('',(-1.91,-11.));
#4379 = ( GEOMETRIC_REPRESENTATION_CONTEXT(2) 
PARAMETRIC_REPRESENTATION_CONTEXT() REPRESENTATION_CONTEXT('2D SPACE',''
  ) );
#4380 = ORIENTED_EDGE('',*,*,#4314,.F.);
#4381 = ORIENTED_EDGE('',*,*,#2648,.T.);
#4382 = ORIENTED_EDGE('',*,*,#4383,.T.);
#4383 = EDGE_CURVE('',#2649,#4229,#4384,.T.);
#4384 = SURFACE_CURVE('',#4385,(#4389,#4395),.PCURVE_S1.);
#4385 = LINE('',#4386,#4387);
#4386 = CARTESIAN_POINT('',(12.025251669351,-11.,60.5));
#4387 = VECTOR('',#4388,1.);
#4388 = DIRECTION('',(-0.,-0.,-1.));
#4389 = PCURVE('',#2663,#4390);
#4390 = DEFINITIONAL_REPRESENTATION('',(#4391),#4394);
#4391 = B_SPLINE_CURVE_WITH_KNOTS('',1,(#4392,#4393),.UNSPECIFIED.,.F.,
  .F.,(2,2),(-2.9890006,-1.549),.PIECEWISE_BEZIER_KNOTS.);
#4392 = CARTESIAN_POINT('',(1.025251669351,-1.0000006));
#4393 = CARTESIAN_POINT('',(1.025251669351,0.44));
#4394 = ( GEOMETRIC_REPRESENTATION_CONTEXT(2) 
PARAMETRIC_REPRESENTATION_CONTEXT() REPRESENTATION_CONTEXT('2D SPACE',''
  ) );
#4395 = PCURVE('',#2695,#4396);
#4396 = DEFINITIONAL_REPRESENTATION('',(#4397),#4400);
#4397 = B_SPLINE_CURVE_WITH_KNOTS('',1,(#4398,#4399),.UNSPECIFIED.,.F.,
  .F.,(2,2),(-2.9890006,-1.549),.PIECEWISE_BEZIER_KNOTS.);
#4398 = CARTESIAN_POINT('',(-6.084512497783,-2.9890006));
#4399 = CARTESIAN_POINT('',(-6.084512497783,-1.549));
#4400 = ( GEOMETRIC_REPRESENTATION_CONTEXT(2) 
PARAMETRIC_REPRESENTATION_CONTEXT() REPRESENTATION_CONTEXT('2D SPACE',''
  ) );
#4401 = ADVANCED_FACE('',(#4402),#2695,.T.);
#4402 = FACE_BOUND('',#4403,.F.);
#4403 = EDGE_LOOP('',(#4404,#4405,#4424,#4425,#4426,#4427));
#4404 = ORIENTED_EDGE('',*,*,#4157,.F.);
#4405 = ORIENTED_EDGE('',*,*,#4406,.F.);
#4406 = EDGE_CURVE('',#2675,#4137,#4407,.T.);
#4407 = SURFACE_CURVE('',#4408,(#4412,#4418),.PCURVE_S1.);
#4408 = LINE('',#4409,#4410);
#4409 = CARTESIAN_POINT('',(11.531098884281,-12.25,60.5));
#4410 = VECTOR('',#4411,1.);
#4411 = DIRECTION('',(-0.,-0.,-1.));
#4412 = PCURVE('',#2695,#4413);
#4413 = DEFINITIONAL_REPRESENTATION('',(#4414),#4417);
#4414 = B_SPLINE_CURVE_WITH_KNOTS('',1,(#4415,#4416),.UNSPECIFIED.,.F.,
  .F.,(2,2),(-3.4890006,5.999999999062E-07),.PIECEWISE_BEZIER_KNOTS.);
#4415 = CARTESIAN_POINT('',(-5.728923472727,-3.4890006));
#4416 = CARTESIAN_POINT('',(-5.728923472727,5.999999999062E-07));
#4417 = ( GEOMETRIC_REPRESENTATION_CONTEXT(2) 
PARAMETRIC_REPRESENTATION_CONTEXT() REPRESENTATION_CONTEXT('2D SPACE',''
  ) );
#4418 = PCURVE('',#1544,#4419);
#4419 = DEFINITIONAL_REPRESENTATION('',(#4420),#4423);
#4420 = B_SPLINE_CURVE_WITH_KNOTS('',1,(#4421,#4422),.UNSPECIFIED.,.F.,
  .F.,(2,2),(-3.4890006,5.999999999062E-07),.PIECEWISE_BEZIER_KNOTS.);
#4421 = CARTESIAN_POINT('',(22.041098884281,-36.4890006));
#4422 = CARTESIAN_POINT('',(22.041098884281,-32.9999994));
#4423 = ( GEOMETRIC_REPRESENTATION_CONTEXT(2) 
PARAMETRIC_REPRESENTATION_CONTEXT() REPRESENTATION_CONTEXT('2D SPACE',''
  ) );
#4424 = ORIENTED_EDGE('',*,*,#2674,.F.);
#4425 = ORIENTED_EDGE('',*,*,#4383,.T.);
#4426 = ORIENTED_EDGE('',*,*,#4251,.F.);
#4427 = ORIENTED_EDGE('',*,*,#4203,.T.);
#4428 = ADVANCED_FACE('',(#4429),#2751,.T.);
#4429 = FACE_BOUND('',#4430,.F.);
#4430 = EDGE_LOOP('',(#4431,#4462,#4481,#4482));
#4431 = ORIENTED_EDGE('',*,*,#4432,.F.);
#4432 = EDGE_CURVE('',#4433,#4435,#4437,.T.);
#4433 = VERTEX_POINT('',#4434);
#4434 = CARTESIAN_POINT('',(28.966152751497,-9.9,60.5));
#4435 = VERTEX_POINT('',#4436);
#4436 = CARTESIAN_POINT('',(29.518901115719,-12.25,60.5));
#4437 = SURFACE_CURVE('',#4438,(#4443,#4450),.PCURVE_S1.);
#4438 = CIRCLE('',#4439,3.8);
#4439 = AXIS2_PLACEMENT_3D('',#4440,#4441,#4442);
#4440 = CARTESIAN_POINT('',(32.75,-10.25,60.5));
#4441 = DIRECTION('',(0.,0.,1.));
#4442 = DIRECTION('',(-0.995749275922,9.210526315789E-02,0.));
#4443 = PCURVE('',#2751,#4444);
#4444 = DEFINITIONAL_REPRESENTATION('',(#4445),#4449);
#4445 = LINE('',#4446,#4447);
#4446 = CARTESIAN_POINT('',(-3.049356663445,0.));
#4447 = VECTOR('',#4448,1.);
#4448 = DIRECTION('',(-1.,0.));
#4449 = ( GEOMETRIC_REPRESENTATION_CONTEXT(2) 
PARAMETRIC_REPRESENTATION_CONTEXT() REPRESENTATION_CONTEXT('2D SPACE',''
  ) );
#4450 = PCURVE('',#4451,#4456);
#4451 = PLANE('',#4452);
#4452 = AXIS2_PLACEMENT_3D('',#4453,#4454,#4455);
#4453 = CARTESIAN_POINT('',(32.75,-10.25,60.5));
#4454 = DIRECTION('',(0.,0.,1.));
#4455 = DIRECTION('',(1.,0.,-0.));
#4456 = DEFINITIONAL_REPRESENTATION('',(#4457),#4461);
#4457 = CIRCLE('',#4458,3.8);
#4458 = AXIS2_PLACEMENT_2D('',#4459,#4460);
#4459 = CARTESIAN_POINT('',(0.,0.));
#4460 = DIRECTION('',(-0.995749275922,9.210526315789E-02));
#4461 = ( GEOMETRIC_REPRESENTATION_CONTEXT(2) 
PARAMETRIC_REPRESENTATION_CONTEXT() REPRESENTATION_CONTEXT('2D SPACE',''
  ) );
#4462 = ORIENTED_EDGE('',*,*,#4463,.F.);
#4463 = EDGE_CURVE('',#2731,#4433,#4464,.T.);
#4464 = SURFACE_CURVE('',#4465,(#4469,#4475),.PCURVE_S1.);
#4465 = LINE('',#4466,#4467);
#4466 = CARTESIAN_POINT('',(28.966152751497,-9.9,60.5));
#4467 = VECTOR('',#4468,1.);
#4468 = DIRECTION('',(-0.,-0.,-1.));
#4469 = PCURVE('',#2751,#4470);
#4470 = DEFINITIONAL_REPRESENTATION('',(#4471),#4474);
#4471 = B_SPLINE_CURVE_WITH_KNOTS('',1,(#4472,#4473),.UNSPECIFIED.,.F.,
  .F.,(2,2),(-3.489,-0.),.PIECEWISE_BEZIER_KNOTS.);
#4472 = CARTESIAN_POINT('',(-3.049356663445,-3.489));
#4473 = CARTESIAN_POINT('',(-3.049356663445,0.));
#4474 = ( GEOMETRIC_REPRESENTATION_CONTEXT(2) 
PARAMETRIC_REPRESENTATION_CONTEXT() REPRESENTATION_CONTEXT('2D SPACE',''
  ) );
#4475 = PCURVE('',#2778,#4476);
#4476 = DEFINITIONAL_REPRESENTATION('',(#4477),#4480);
#4477 = B_SPLINE_CURVE_WITH_KNOTS('',1,(#4478,#4479),.UNSPECIFIED.,.F.,
  .F.,(2,2),(-3.4890006,5.999999999062E-07),.PIECEWISE_BEZIER_KNOTS.);
#4478 = CARTESIAN_POINT('',(56.466152751497,-9.4890006));
#4479 = CARTESIAN_POINT('',(56.466152751497,-5.9999994));
#4480 = ( GEOMETRIC_REPRESENTATION_CONTEXT(2) 
PARAMETRIC_REPRESENTATION_CONTEXT() REPRESENTATION_CONTEXT('2D SPACE',''
  ) );
#4481 = ORIENTED_EDGE('',*,*,#2730,.F.);
#4482 = ORIENTED_EDGE('',*,*,#4483,.T.);
#4483 = EDGE_CURVE('',#2708,#4435,#4484,.T.);
#4484 = SURFACE_CURVE('',#4485,(#4489,#4495),.PCURVE_S1.);
#4485 = LINE('',#4486,#4487);
#4486 = CARTESIAN_POINT('',(29.518901115719,-12.25,60.5));
#4487 = VECTOR('',#4488,1.);
#4488 = DIRECTION('',(-0.,-0.,-1.));
#4489 = PCURVE('',#2751,#4490);
#4490 = DEFINITIONAL_REPRESENTATION('',(#4491),#4494);
#4491 = B_SPLINE_CURVE_WITH_KNOTS('',1,(#4492,#4493),.UNSPECIFIED.,.F.,
  .F.,(2,2),(-3.4890006,5.999999999062E-07),.PIECEWISE_BEZIER_KNOTS.);
#4492 = CARTESIAN_POINT('',(-3.695854488042,-3.4890006));
#4493 = CARTESIAN_POINT('',(-3.695854488042,5.999999999062E-07));
#4494 = ( GEOMETRIC_REPRESENTATION_CONTEXT(2) 
PARAMETRIC_REPRESENTATION_CONTEXT() REPRESENTATION_CONTEXT('2D SPACE',''
  ) );
#4495 = PCURVE('',#1544,#4496);
#4496 = DEFINITIONAL_REPRESENTATION('',(#4497),#4500);
#4497 = B_SPLINE_CURVE_WITH_KNOTS('',1,(#4498,#4499),.UNSPECIFIED.,.F.,
  .F.,(2,2),(-3.4890006,5.999999999062E-07),.PIECEWISE_BEZIER_KNOTS.);
#4498 = CARTESIAN_POINT('',(40.028901115719,-36.4890006));
#4499 = CARTESIAN_POINT('',(40.028901115719,-32.9999994));
#4500 = ( GEOMETRIC_REPRESENTATION_CONTEXT(2) 
PARAMETRIC_REPRESENTATION_CONTEXT() REPRESENTATION_CONTEXT('2D SPACE',''
  ) );
#4501 = ADVANCED_FACE('',(#4502),#4451,.F.);
#4502 = FACE_BOUND('',#4503,.F.);
#4503 = EDGE_LOOP('',(#4504,#4527,#4548,#4576,#4604,#4623,#4624));
#4504 = ORIENTED_EDGE('',*,*,#4505,.T.);
#4505 = EDGE_CURVE('',#4506,#4508,#4510,.T.);
#4506 = VERTEX_POINT('',#4507);
#4507 = CARTESIAN_POINT('',(35.51,-12.25,60.5));
#4508 = VERTEX_POINT('',#4509);
#4509 = CARTESIAN_POINT('',(35.51,-9.9,60.5));
#4510 = SURFACE_CURVE('',#4511,(#4515,#4521),.PCURVE_S1.);
#4511 = LINE('',#4512,#4513);
#4512 = CARTESIAN_POINT('',(35.51,-11.25,60.5));
#4513 = VECTOR('',#4514,1.);
#4514 = DIRECTION('',(0.,1.,-0.));
#4515 = PCURVE('',#4451,#4516);
#4516 = DEFINITIONAL_REPRESENTATION('',(#4517),#4520);
#4517 = B_SPLINE_CURVE_WITH_KNOTS('',1,(#4518,#4519),.UNSPECIFIED.,.F.,
  .F.,(2,2),(-1.,1.35),.PIECEWISE_BEZIER_KNOTS.);
#4518 = CARTESIAN_POINT('',(2.76,-2.));
#4519 = CARTESIAN_POINT('',(2.76,0.35));
#4520 = ( GEOMETRIC_REPRESENTATION_CONTEXT(2) 
PARAMETRIC_REPRESENTATION_CONTEXT() REPRESENTATION_CONTEXT('2D SPACE',''
  ) );
#4521 = PCURVE('',#1518,#4522);
#4522 = DEFINITIONAL_REPRESENTATION('',(#4523),#4526);
#4523 = B_SPLINE_CURVE_WITH_KNOTS('',1,(#4524,#4525),.UNSPECIFIED.,.F.,
  .F.,(2,2),(-1.,1.35),.PIECEWISE_BEZIER_KNOTS.);
#4524 = CARTESIAN_POINT('',(0.,-33.));
#4525 = CARTESIAN_POINT('',(2.35,-33.));
#4526 = ( GEOMETRIC_REPRESENTATION_CONTEXT(2) 
PARAMETRIC_REPRESENTATION_CONTEXT() REPRESENTATION_CONTEXT('2D SPACE',''
  ) );
#4527 = ORIENTED_EDGE('',*,*,#4528,.T.);
#4528 = EDGE_CURVE('',#4508,#4529,#4531,.T.);
#4529 = VERTEX_POINT('',#4530);
#4530 = CARTESIAN_POINT('',(34.413580475961,-9.9,60.5));
#4531 = SURFACE_CURVE('',#4532,(#4536,#4542),.PCURVE_S1.);
#4532 = LINE('',#4533,#4534);
#4533 = CARTESIAN_POINT('',(2.625,-9.9,60.5));
#4534 = VECTOR('',#4535,1.);
#4535 = DIRECTION('',(-1.,0.,0.));
#4536 = PCURVE('',#4451,#4537);
#4537 = DEFINITIONAL_REPRESENTATION('',(#4538),#4541);
#4538 = B_SPLINE_CURVE_WITH_KNOTS('',1,(#4539,#4540),.UNSPECIFIED.,.F.,
  .F.,(2,2),(-33.925,-26.325),.PIECEWISE_BEZIER_KNOTS.);
#4539 = CARTESIAN_POINT('',(3.8,0.35));
#4540 = CARTESIAN_POINT('',(-3.8,0.35));
#4541 = ( GEOMETRIC_REPRESENTATION_CONTEXT(2) 
PARAMETRIC_REPRESENTATION_CONTEXT() REPRESENTATION_CONTEXT('2D SPACE',''
  ) );
#4542 = PCURVE('',#2837,#4543);
#4543 = DEFINITIONAL_REPRESENTATION('',(#4544),#4547);
#4544 = B_SPLINE_CURVE_WITH_KNOTS('',1,(#4545,#4546),.UNSPECIFIED.,.F.,
  .F.,(2,2),(-33.925,-26.325),.PIECEWISE_BEZIER_KNOTS.);
#4545 = CARTESIAN_POINT('',(64.05,-6.));
#4546 = CARTESIAN_POINT('',(56.45,-6.));
#4547 = ( GEOMETRIC_REPRESENTATION_CONTEXT(2) 
PARAMETRIC_REPRESENTATION_CONTEXT() REPRESENTATION_CONTEXT('2D SPACE',''
  ) );
#4548 = ORIENTED_EDGE('',*,*,#4549,.T.);
#4549 = EDGE_CURVE('',#4529,#4550,#4552,.T.);
#4550 = VERTEX_POINT('',#4551);
#4551 = CARTESIAN_POINT('',(34.45,-10.25,60.5));
#4552 = SURFACE_CURVE('',#4553,(#4558,#4569),.PCURVE_S1.);
#4553 = CIRCLE('',#4554,1.7);
#4554 = AXIS2_PLACEMENT_3D('',#4555,#4556,#4557);
#4555 = CARTESIAN_POINT('',(32.75,-10.25,60.5));
#4556 = DIRECTION('',(0.,0.,-1.));
#4557 = DIRECTION('',(1.,0.,0.));
#4558 = PCURVE('',#4451,#4559);
#4559 = DEFINITIONAL_REPRESENTATION('',(#4560),#4568);
#4560 = ( BOUNDED_CURVE() B_SPLINE_CURVE(2,(#4561,#4562,#4563,#4564,
#4565,#4566,#4567),.UNSPECIFIED.,.T.,.F.) B_SPLINE_CURVE_WITH_KNOTS((1,2
    ,2,2,2,1),(-2.094395102393,0.,2.094395102393,4.188790204786,
6.28318530718,8.377580409573),.UNSPECIFIED.) CURVE() 
GEOMETRIC_REPRESENTATION_ITEM() RATIONAL_B_SPLINE_CURVE((1.,0.5,1.,0.5,
1.,0.5,1.)) REPRESENTATION_ITEM('') );
#4561 = CARTESIAN_POINT('',(1.7,0.));
#4562 = CARTESIAN_POINT('',(1.7,-2.944486372867));
#4563 = CARTESIAN_POINT('',(-0.85,-1.472243186434));
#4564 = CARTESIAN_POINT('',(-3.4,-4.163799117101E-16));
#4565 = CARTESIAN_POINT('',(-0.85,1.472243186434));
#4566 = CARTESIAN_POINT('',(1.7,2.944486372867));
#4567 = CARTESIAN_POINT('',(1.7,0.));
#4568 = ( GEOMETRIC_REPRESENTATION_CONTEXT(2) 
PARAMETRIC_REPRESENTATION_CONTEXT() REPRESENTATION_CONTEXT('2D SPACE',''
  ) );
#4569 = PCURVE('',#2810,#4570);
#4570 = DEFINITIONAL_REPRESENTATION('',(#4571),#4575);
#4571 = LINE('',#4572,#4573);
#4572 = CARTESIAN_POINT('',(-6.28318530718,-1.));
#4573 = VECTOR('',#4574,1.);
#4574 = DIRECTION('',(1.,-0.));
#4575 = ( GEOMETRIC_REPRESENTATION_CONTEXT(2) 
PARAMETRIC_REPRESENTATION_CONTEXT() REPRESENTATION_CONTEXT('2D SPACE',''
  ) );
#4576 = ORIENTED_EDGE('',*,*,#4577,.T.);
#4577 = EDGE_CURVE('',#4550,#4578,#4580,.T.);
#4578 = VERTEX_POINT('',#4579);
#4579 = CARTESIAN_POINT('',(31.086419524039,-9.9,60.5));
#4580 = SURFACE_CURVE('',#4581,(#4586,#4597),.PCURVE_S1.);
#4581 = CIRCLE('',#4582,1.7);
#4582 = AXIS2_PLACEMENT_3D('',#4583,#4584,#4585);
#4583 = CARTESIAN_POINT('',(32.75,-10.25,60.5));
#4584 = DIRECTION('',(0.,0.,-1.));
#4585 = DIRECTION('',(1.,0.,0.));
#4586 = PCURVE('',#4451,#4587);
#4587 = DEFINITIONAL_REPRESENTATION('',(#4588),#4596);
#4588 = ( BOUNDED_CURVE() B_SPLINE_CURVE(2,(#4589,#4590,#4591,#4592,
#4593,#4594,#4595),.UNSPECIFIED.,.T.,.F.) B_SPLINE_CURVE_WITH_KNOTS((1,2
    ,2,2,2,1),(-2.094395102393,0.,2.094395102393,4.188790204786,
6.28318530718,8.377580409573),.UNSPECIFIED.) CURVE() 
GEOMETRIC_REPRESENTATION_ITEM() RATIONAL_B_SPLINE_CURVE((1.,0.5,1.,0.5,
1.,0.5,1.)) REPRESENTATION_ITEM('') );
#4589 = CARTESIAN_POINT('',(1.7,0.));
#4590 = CARTESIAN_POINT('',(1.7,-2.944486372867));
#4591 = CARTESIAN_POINT('',(-0.85,-1.472243186434));
#4592 = CARTESIAN_POINT('',(-3.4,-4.163799117101E-16));
#4593 = CARTESIAN_POINT('',(-0.85,1.472243186434));
#4594 = CARTESIAN_POINT('',(1.7,2.944486372867));
#4595 = CARTESIAN_POINT('',(1.7,0.));
#4596 = ( GEOMETRIC_REPRESENTATION_CONTEXT(2) 
PARAMETRIC_REPRESENTATION_CONTEXT() REPRESENTATION_CONTEXT('2D SPACE',''
  ) );
#4597 = PCURVE('',#2810,#4598);
#4598 = DEFINITIONAL_REPRESENTATION('',(#4599),#4603);
#4599 = LINE('',#4600,#4601);
#4600 = CARTESIAN_POINT('',(-6.28318530718,-1.));
#4601 = VECTOR('',#4602,1.);
#4602 = DIRECTION('',(1.,-0.));
#4603 = ( GEOMETRIC_REPRESENTATION_CONTEXT(2) 
PARAMETRIC_REPRESENTATION_CONTEXT() REPRESENTATION_CONTEXT('2D SPACE',''
  ) );
#4604 = ORIENTED_EDGE('',*,*,#4605,.T.);
#4605 = EDGE_CURVE('',#4578,#4433,#4606,.T.);
#4606 = SURFACE_CURVE('',#4607,(#4611,#4617),.PCURVE_S1.);
#4607 = LINE('',#4608,#4609);
#4608 = CARTESIAN_POINT('',(2.625,-9.9,60.5));
#4609 = VECTOR('',#4610,1.);
#4610 = DIRECTION('',(-1.,0.,0.));
#4611 = PCURVE('',#4451,#4612);
#4612 = DEFINITIONAL_REPRESENTATION('',(#4613),#4616);
#4613 = B_SPLINE_CURVE_WITH_KNOTS('',1,(#4614,#4615),.UNSPECIFIED.,.F.,
  .F.,(2,2),(-33.925,-26.325),.PIECEWISE_BEZIER_KNOTS.);
#4614 = CARTESIAN_POINT('',(3.8,0.35));
#4615 = CARTESIAN_POINT('',(-3.8,0.35));
#4616 = ( GEOMETRIC_REPRESENTATION_CONTEXT(2) 
PARAMETRIC_REPRESENTATION_CONTEXT() REPRESENTATION_CONTEXT('2D SPACE',''
  ) );
#4617 = PCURVE('',#2778,#4618);
#4618 = DEFINITIONAL_REPRESENTATION('',(#4619),#4622);
#4619 = B_SPLINE_CURVE_WITH_KNOTS('',1,(#4620,#4621),.UNSPECIFIED.,.F.,
  .F.,(2,2),(-33.925,-26.325),.PIECEWISE_BEZIER_KNOTS.);
#4620 = CARTESIAN_POINT('',(64.05,-6.));
#4621 = CARTESIAN_POINT('',(56.45,-6.));
#4622 = ( GEOMETRIC_REPRESENTATION_CONTEXT(2) 
PARAMETRIC_REPRESENTATION_CONTEXT() REPRESENTATION_CONTEXT('2D SPACE',''
  ) );
#4623 = ORIENTED_EDGE('',*,*,#4432,.T.);
#4624 = ORIENTED_EDGE('',*,*,#4625,.T.);
#4625 = EDGE_CURVE('',#4435,#4506,#4626,.T.);
#4626 = SURFACE_CURVE('',#4627,(#4631,#4637),.PCURVE_S1.);
#4627 = LINE('',#4628,#4629);
#4628 = CARTESIAN_POINT('',(11.12,-12.25,60.5));
#4629 = VECTOR('',#4630,1.);
#4630 = DIRECTION('',(1.,0.,0.));
#4631 = PCURVE('',#4451,#4632);
#4632 = DEFINITIONAL_REPRESENTATION('',(#4633),#4636);
#4633 = B_SPLINE_CURVE_WITH_KNOTS('',1,(#4634,#4635),.UNSPECIFIED.,.F.,
  .F.,(2,2),(17.83,24.39),.PIECEWISE_BEZIER_KNOTS.);
#4634 = CARTESIAN_POINT('',(-3.8,-2.));
#4635 = CARTESIAN_POINT('',(2.76,-2.));
#4636 = ( GEOMETRIC_REPRESENTATION_CONTEXT(2) 
PARAMETRIC_REPRESENTATION_CONTEXT() REPRESENTATION_CONTEXT('2D SPACE',''
  ) );
#4637 = PCURVE('',#1544,#4638);
#4638 = DEFINITIONAL_REPRESENTATION('',(#4639),#4642);
#4639 = B_SPLINE_CURVE_WITH_KNOTS('',1,(#4640,#4641),.UNSPECIFIED.,.F.,
  .F.,(2,2),(17.83,24.39),.PIECEWISE_BEZIER_KNOTS.);
#4640 = CARTESIAN_POINT('',(39.46,-33.));
#4641 = CARTESIAN_POINT('',(46.02,-33.));
#4642 = ( GEOMETRIC_REPRESENTATION_CONTEXT(2) 
PARAMETRIC_REPRESENTATION_CONTEXT() REPRESENTATION_CONTEXT('2D SPACE',''
  ) );
#4643 = ADVANCED_FACE('',(#4644),#2778,.T.);
#4644 = FACE_BOUND('',#4645,.T.);
#4645 = EDGE_LOOP('',(#4646,#4647,#4648,#4667));
#4646 = ORIENTED_EDGE('',*,*,#4463,.F.);
#4647 = ORIENTED_EDGE('',*,*,#2763,.F.);
#4648 = ORIENTED_EDGE('',*,*,#4649,.T.);
#4649 = EDGE_CURVE('',#2764,#4578,#4650,.T.);
#4650 = SURFACE_CURVE('',#4651,(#4655,#4661),.PCURVE_S1.);
#4651 = LINE('',#4652,#4653);
#4652 = CARTESIAN_POINT('',(31.086419524039,-9.9,59.5));
#4653 = VECTOR('',#4654,1.);
#4654 = DIRECTION('',(-0.,-0.,-1.));
#4655 = PCURVE('',#2778,#4656);
#4656 = DEFINITIONAL_REPRESENTATION('',(#4657),#4660);
#4657 = B_SPLINE_CURVE_WITH_KNOTS('',1,(#4658,#4659),.UNSPECIFIED.,.F.,
  .F.,(2,2),(-4.2879,-0.7011),.PIECEWISE_BEZIER_KNOTS.);
#4658 = CARTESIAN_POINT('',(58.586419524039,-9.2879));
#4659 = CARTESIAN_POINT('',(58.586419524039,-5.7011));
#4660 = ( GEOMETRIC_REPRESENTATION_CONTEXT(2) 
PARAMETRIC_REPRESENTATION_CONTEXT() REPRESENTATION_CONTEXT('2D SPACE',''
  ) );
#4661 = PCURVE('',#2810,#4662);
#4662 = DEFINITIONAL_REPRESENTATION('',(#4663),#4666);
#4663 = B_SPLINE_CURVE_WITH_KNOTS('',1,(#4664,#4665),.UNSPECIFIED.,.F.,
  .F.,(2,2),(-4.2879,-0.7011),.PIECEWISE_BEZIER_KNOTS.);
#4664 = CARTESIAN_POINT('',(-2.93422736208,-4.2879));
#4665 = CARTESIAN_POINT('',(-2.93422736208,-0.7011));
#4666 = ( GEOMETRIC_REPRESENTATION_CONTEXT(2) 
PARAMETRIC_REPRESENTATION_CONTEXT() REPRESENTATION_CONTEXT('2D SPACE',''
  ) );
#4667 = ORIENTED_EDGE('',*,*,#4605,.T.);
#4668 = ADVANCED_FACE('',(#4669),#2810,.F.);
#4669 = FACE_BOUND('',#4670,.T.);
#4670 = EDGE_LOOP('',(#4671,#4672,#4695,#4721,#4722,#4723,#4724,#4725));
#4671 = ORIENTED_EDGE('',*,*,#4549,.T.);
#4672 = ORIENTED_EDGE('',*,*,#4673,.T.);
#4673 = EDGE_CURVE('',#4550,#4674,#4676,.T.);
#4674 = VERTEX_POINT('',#4675);
#4675 = CARTESIAN_POINT('',(34.45,-10.25,65.889));
#4676 = SEAM_CURVE('',#4677,(#4681,#4688),.PCURVE_S1.);
#4677 = LINE('',#4678,#4679);
#4678 = CARTESIAN_POINT('',(34.45,-10.25,59.5));
#4679 = VECTOR('',#4680,1.);
#4680 = DIRECTION('',(0.,0.,1.));
#4681 = PCURVE('',#2810,#4682);
#4682 = DEFINITIONAL_REPRESENTATION('',(#4683),#4687);
#4683 = LINE('',#4684,#4685);
#4684 = CARTESIAN_POINT('',(-6.28318530718,0.));
#4685 = VECTOR('',#4686,1.);
#4686 = DIRECTION('',(-0.,-1.));
#4687 = ( GEOMETRIC_REPRESENTATION_CONTEXT(2) 
PARAMETRIC_REPRESENTATION_CONTEXT() REPRESENTATION_CONTEXT('2D SPACE',''
  ) );
#4688 = PCURVE('',#2810,#4689);
#4689 = DEFINITIONAL_REPRESENTATION('',(#4690),#4694);
#4690 = LINE('',#4691,#4692);
#4691 = CARTESIAN_POINT('',(-0.,0.));
#4692 = VECTOR('',#4693,1.);
#4693 = DIRECTION('',(-0.,-1.));
#4694 = ( GEOMETRIC_REPRESENTATION_CONTEXT(2) 
PARAMETRIC_REPRESENTATION_CONTEXT() REPRESENTATION_CONTEXT('2D SPACE',''
  ) );
#4695 = ORIENTED_EDGE('',*,*,#4696,.F.);
#4696 = EDGE_CURVE('',#4674,#4674,#4697,.T.);
#4697 = SURFACE_CURVE('',#4698,(#4703,#4710),.PCURVE_S1.);
#4698 = CIRCLE('',#4699,1.7);
#4699 = AXIS2_PLACEMENT_3D('',#4700,#4701,#4702);
#4700 = CARTESIAN_POINT('',(32.75,-10.25,65.889));
#4701 = DIRECTION('',(0.,0.,-1.));
#4702 = DIRECTION('',(1.,0.,0.));
#4703 = PCURVE('',#2810,#4704);
#4704 = DEFINITIONAL_REPRESENTATION('',(#4705),#4709);
#4705 = LINE('',#4706,#4707);
#4706 = CARTESIAN_POINT('',(-6.28318530718,-6.389));
#4707 = VECTOR('',#4708,1.);
#4708 = DIRECTION('',(1.,-0.));
#4709 = ( GEOMETRIC_REPRESENTATION_CONTEXT(2) 
PARAMETRIC_REPRESENTATION_CONTEXT() REPRESENTATION_CONTEXT('2D SPACE',''
  ) );
#4710 = PCURVE('',#44,#4711);
#4711 = DEFINITIONAL_REPRESENTATION('',(#4712),#4720);
#4712 = ( BOUNDED_CURVE() B_SPLINE_CURVE(2,(#4713,#4714,#4715,#4716,
#4717,#4718,#4719),.UNSPECIFIED.,.T.,.F.) B_SPLINE_CURVE_WITH_KNOTS((1,2
    ,2,2,2,1),(-2.094395102393,0.,2.094395102393,4.188790204786,
6.28318530718,8.377580409573),.UNSPECIFIED.) CURVE() 
GEOMETRIC_REPRESENTATION_ITEM() RATIONAL_B_SPLINE_CURVE((1.,0.5,1.,0.5,
1.,0.5,1.)) REPRESENTATION_ITEM('') );
#4713 = CARTESIAN_POINT('',(21.54,-10.25));
#4714 = CARTESIAN_POINT('',(21.54,-13.19448637286));
#4715 = CARTESIAN_POINT('',(18.99,-11.72224318643));
#4716 = CARTESIAN_POINT('',(16.44,-10.25));
#4717 = CARTESIAN_POINT('',(18.99,-8.777756813566));
#4718 = CARTESIAN_POINT('',(21.54,-7.305513627133));
#4719 = CARTESIAN_POINT('',(21.54,-10.25));
#4720 = ( GEOMETRIC_REPRESENTATION_CONTEXT(2) 
PARAMETRIC_REPRESENTATION_CONTEXT() REPRESENTATION_CONTEXT('2D SPACE',''
  ) );
#4721 = ORIENTED_EDGE('',*,*,#4673,.F.);
#4722 = ORIENTED_EDGE('',*,*,#4577,.T.);
#4723 = ORIENTED_EDGE('',*,*,#4649,.F.);
#4724 = ORIENTED_EDGE('',*,*,#2789,.T.);
#4725 = ORIENTED_EDGE('',*,*,#4726,.T.);
#4726 = EDGE_CURVE('',#2790,#4529,#4727,.T.);
#4727 = SURFACE_CURVE('',#4728,(#4732,#4738),.PCURVE_S1.);
#4728 = LINE('',#4729,#4730);
#4729 = CARTESIAN_POINT('',(34.413580475961,-9.9,59.5));
#4730 = VECTOR('',#4731,1.);
#4731 = DIRECTION('',(-0.,-0.,-1.));
#4732 = PCURVE('',#2810,#4733);
#4733 = DEFINITIONAL_REPRESENTATION('',(#4734),#4737);
#4734 = B_SPLINE_CURVE_WITH_KNOTS('',1,(#4735,#4736),.UNSPECIFIED.,.F.,
  .F.,(2,2),(-4.2879,-0.7011),.PIECEWISE_BEZIER_KNOTS.);
#4735 = CARTESIAN_POINT('',(-0.20736529151,-4.2879));
#4736 = CARTESIAN_POINT('',(-0.20736529151,-0.7011));
#4737 = ( GEOMETRIC_REPRESENTATION_CONTEXT(2) 
PARAMETRIC_REPRESENTATION_CONTEXT() REPRESENTATION_CONTEXT('2D SPACE',''
  ) );
#4738 = PCURVE('',#2837,#4739);
#4739 = DEFINITIONAL_REPRESENTATION('',(#4740),#4743);
#4740 = B_SPLINE_CURVE_WITH_KNOTS('',1,(#4741,#4742),.UNSPECIFIED.,.F.,
  .F.,(2,2),(-4.2879,-0.7011),.PIECEWISE_BEZIER_KNOTS.);
#4741 = CARTESIAN_POINT('',(61.913580475961,-9.2879));
#4742 = CARTESIAN_POINT('',(61.913580475961,-5.7011));
#4743 = ( GEOMETRIC_REPRESENTATION_CONTEXT(2) 
PARAMETRIC_REPRESENTATION_CONTEXT() REPRESENTATION_CONTEXT('2D SPACE',''
  ) );
#4744 = ADVANCED_FACE('',(#4745),#2837,.T.);
#4745 = FACE_BOUND('',#4746,.T.);
#4746 = EDGE_LOOP('',(#4747,#4748,#4749,#4768));
#4747 = ORIENTED_EDGE('',*,*,#4726,.F.);
#4748 = ORIENTED_EDGE('',*,*,#2822,.F.);
#4749 = ORIENTED_EDGE('',*,*,#4750,.T.);
#4750 = EDGE_CURVE('',#2823,#4508,#4751,.T.);
#4751 = SURFACE_CURVE('',#4752,(#4756,#4762),.PCURVE_S1.);
#4752 = LINE('',#4753,#4754);
#4753 = CARTESIAN_POINT('',(35.51,-9.9,41.));
#4754 = VECTOR('',#4755,1.);
#4755 = DIRECTION('',(0.,0.,-1.));
#4756 = PCURVE('',#2837,#4757);
#4757 = DEFINITIONAL_REPRESENTATION('',(#4758),#4761);
#4758 = B_SPLINE_CURVE_WITH_KNOTS('',1,(#4759,#4760),.UNSPECIFIED.,.F.,
  .F.,(2,2),(-22.489,-19.5),.PIECEWISE_BEZIER_KNOTS.);
#4759 = CARTESIAN_POINT('',(63.01,-8.989));
#4760 = CARTESIAN_POINT('',(63.01,-6.));
#4761 = ( GEOMETRIC_REPRESENTATION_CONTEXT(2) 
PARAMETRIC_REPRESENTATION_CONTEXT() REPRESENTATION_CONTEXT('2D SPACE',''
  ) );
#4762 = PCURVE('',#1518,#4763);
#4763 = DEFINITIONAL_REPRESENTATION('',(#4764),#4767);
#4764 = B_SPLINE_CURVE_WITH_KNOTS('',1,(#4765,#4766),.UNSPECIFIED.,.F.,
  .F.,(2,2),(-22.489,-19.5),.PIECEWISE_BEZIER_KNOTS.);
#4765 = CARTESIAN_POINT('',(2.35,-35.989));
#4766 = CARTESIAN_POINT('',(2.35,-33.));
#4767 = ( GEOMETRIC_REPRESENTATION_CONTEXT(2) 
PARAMETRIC_REPRESENTATION_CONTEXT() REPRESENTATION_CONTEXT('2D SPACE',''
  ) );
#4768 = ORIENTED_EDGE('',*,*,#4528,.T.);
#4769 = ADVANCED_FACE('',(#4770),#2071,.T.);
#4770 = FACE_BOUND('',#4771,.F.);
#4771 = EDGE_LOOP('',(#4772,#4794,#4795,#4796,#4797,#4798));
#4772 = ORIENTED_EDGE('',*,*,#4773,.F.);
#4773 = EDGE_CURVE('',#3372,#2057,#4774,.T.);
#4774 = SURFACE_CURVE('',#4775,(#4780,#4787),.PCURVE_S1.);
#4775 = CIRCLE('',#4776,3.8);
#4776 = AXIS2_PLACEMENT_3D('',#4777,#4778,#4779);
#4777 = CARTESIAN_POINT('',(8.3,10.25,60.5));
#4778 = DIRECTION('',(0.,0.,1.));
#4779 = DIRECTION('',(0.995749275922,-9.21052631579E-02,0.));
#4780 = PCURVE('',#2071,#4781);
#4781 = DEFINITIONAL_REPRESENTATION('',(#4782),#4786);
#4782 = LINE('',#4783,#4784);
#4783 = CARTESIAN_POINT('',(-6.190949317034,0.));
#4784 = VECTOR('',#4785,1.);
#4785 = DIRECTION('',(-1.,0.));
#4786 = ( GEOMETRIC_REPRESENTATION_CONTEXT(2) 
PARAMETRIC_REPRESENTATION_CONTEXT() REPRESENTATION_CONTEXT('2D SPACE',''
  ) );
#4787 = PCURVE('',#2097,#4788);
#4788 = DEFINITIONAL_REPRESENTATION('',(#4789),#4793);
#4789 = CIRCLE('',#4790,3.8);
#4790 = AXIS2_PLACEMENT_2D('',#4791,#4792);
#4791 = CARTESIAN_POINT('',(0.,0.));
#4792 = DIRECTION('',(0.995749275922,-9.21052631579E-02));
#4793 = ( GEOMETRIC_REPRESENTATION_CONTEXT(2) 
PARAMETRIC_REPRESENTATION_CONTEXT() REPRESENTATION_CONTEXT('2D SPACE',''
  ) );
#4794 = ORIENTED_EDGE('',*,*,#3392,.F.);
#4795 = ORIENTED_EDGE('',*,*,#4281,.F.);
#4796 = ORIENTED_EDGE('',*,*,#3067,.F.);
#4797 = ORIENTED_EDGE('',*,*,#2568,.F.);
#4798 = ORIENTED_EDGE('',*,*,#2056,.T.);
#4799 = ADVANCED_FACE('',(#4800),#2097,.F.);
#4800 = FACE_BOUND('',#4801,.F.);
#4801 = EDGE_LOOP('',(#4802,#4803,#4804,#4805,#4806,#4807,#4829,#4830,
    #4831));
#4802 = ORIENTED_EDGE('',*,*,#3463,.T.);
#4803 = ORIENTED_EDGE('',*,*,#3319,.T.);
#4804 = ORIENTED_EDGE('',*,*,#3371,.T.);
#4805 = ORIENTED_EDGE('',*,*,#4773,.T.);
#4806 = ORIENTED_EDGE('',*,*,#2082,.T.);
#4807 = ORIENTED_EDGE('',*,*,#4808,.T.);
#4808 = EDGE_CURVE('',#2083,#3670,#4809,.T.);
#4809 = SURFACE_CURVE('',#4810,(#4815,#4822),.PCURVE_S1.);
#4810 = CIRCLE('',#4811,3.8);
#4811 = AXIS2_PLACEMENT_3D('',#4812,#4813,#4814);
#4812 = CARTESIAN_POINT('',(8.3,10.25,60.5));
#4813 = DIRECTION('',(0.,0.,1.));
#4814 = DIRECTION('',(0.995749275922,-9.21052631579E-02,0.));
#4815 = PCURVE('',#2097,#4816);
#4816 = DEFINITIONAL_REPRESENTATION('',(#4817),#4821);
#4817 = CIRCLE('',#4818,3.8);
#4818 = AXIS2_PLACEMENT_2D('',#4819,#4820);
#4819 = CARTESIAN_POINT('',(0.,0.));
#4820 = DIRECTION('',(0.995749275922,-9.21052631579E-02));
#4821 = ( GEOMETRIC_REPRESENTATION_CONTEXT(2) 
PARAMETRIC_REPRESENTATION_CONTEXT() REPRESENTATION_CONTEXT('2D SPACE',''
  ) );
#4822 = PCURVE('',#2123,#4823);
#4823 = DEFINITIONAL_REPRESENTATION('',(#4824),#4828);
#4824 = LINE('',#4825,#4826);
#4825 = CARTESIAN_POINT('',(-6.190949317034,0.));
#4826 = VECTOR('',#4827,1.);
#4827 = DIRECTION('',(-1.,0.));
#4828 = ( GEOMETRIC_REPRESENTATION_CONTEXT(2) 
PARAMETRIC_REPRESENTATION_CONTEXT() REPRESENTATION_CONTEXT('2D SPACE',''
  ) );
#4829 = ORIENTED_EDGE('',*,*,#3690,.T.);
#4830 = ORIENTED_EDGE('',*,*,#3505,.T.);
#4831 = ORIENTED_EDGE('',*,*,#3585,.T.);
#4832 = ADVANCED_FACE('',(#4833),#2123,.T.);
#4833 = FACE_BOUND('',#4834,.F.);
#4834 = EDGE_LOOP('',(#4835,#4836,#4837,#4863));
#4835 = ORIENTED_EDGE('',*,*,#4808,.F.);
#4836 = ORIENTED_EDGE('',*,*,#2108,.F.);
#4837 = ORIENTED_EDGE('',*,*,#4838,.F.);
#4838 = EDGE_CURVE('',#3668,#2109,#4839,.T.);
#4839 = SURFACE_CURVE('',#4840,(#4845,#4852),.PCURVE_S1.);
#4840 = CIRCLE('',#4841,3.8);
#4841 = AXIS2_PLACEMENT_3D('',#4842,#4843,#4844);
#4842 = CARTESIAN_POINT('',(8.3,10.25,63.489));
#4843 = DIRECTION('',(0.,0.,-1.));
#4844 = DIRECTION('',(1.,0.,0.));
#4845 = PCURVE('',#2123,#4846);
#4846 = DEFINITIONAL_REPRESENTATION('',(#4847),#4851);
#4847 = LINE('',#4848,#4849);
#4848 = CARTESIAN_POINT('',(-12.56637061435,-2.989));
#4849 = VECTOR('',#4850,1.);
#4850 = DIRECTION('',(1.,-0.));
#4851 = ( GEOMETRIC_REPRESENTATION_CONTEXT(2) 
PARAMETRIC_REPRESENTATION_CONTEXT() REPRESENTATION_CONTEXT('2D SPACE',''
  ) );
#4852 = PCURVE('',#2148,#4853);
#4853 = DEFINITIONAL_REPRESENTATION('',(#4854),#4862);
#4854 = ( BOUNDED_CURVE() B_SPLINE_CURVE(2,(#4855,#4856,#4857,#4858,
#4859,#4860,#4861),.UNSPECIFIED.,.T.,.F.) B_SPLINE_CURVE_WITH_KNOTS((1,2
    ,2,2,2,1),(-2.094395102393,0.,2.094395102393,4.188790204786,
6.28318530718,8.377580409573),.UNSPECIFIED.) CURVE() 
GEOMETRIC_REPRESENTATION_ITEM() RATIONAL_B_SPLINE_CURVE((1.,0.5,1.,0.5,
1.,0.5,1.)) REPRESENTATION_ITEM('') );
#4855 = CARTESIAN_POINT('',(-0.4,10.25));
#4856 = CARTESIAN_POINT('',(-0.4,3.668206931238));
#4857 = CARTESIAN_POINT('',(-6.1,6.959103465619));
#4858 = CARTESIAN_POINT('',(-11.8,10.25));
#4859 = CARTESIAN_POINT('',(-6.1,13.540896534381));
#4860 = CARTESIAN_POINT('',(-0.4,16.831793068762));
#4861 = CARTESIAN_POINT('',(-0.4,10.25));
#4862 = ( GEOMETRIC_REPRESENTATION_CONTEXT(2) 
PARAMETRIC_REPRESENTATION_CONTEXT() REPRESENTATION_CONTEXT('2D SPACE',''
  ) );
#4863 = ORIENTED_EDGE('',*,*,#3667,.T.);
#4864 = ADVANCED_FACE('',(#4865),#2148,.F.);
#4865 = FACE_BOUND('',#4866,.F.);
#4866 = EDGE_LOOP('',(#4867,#4868,#4869,#4870,#4893,#4914,#4915,#4916,
    #4917,#4918,#4919,#4920));
#4867 = ORIENTED_EDGE('',*,*,#3710,.F.);
#4868 = ORIENTED_EDGE('',*,*,#4838,.T.);
#4869 = ORIENTED_EDGE('',*,*,#2134,.T.);
#4870 = ORIENTED_EDGE('',*,*,#4871,.T.);
#4871 = EDGE_CURVE('',#1930,#4872,#4874,.T.);
#4872 = VERTEX_POINT('',#4873);
#4873 = CARTESIAN_POINT('',(-10.51,-12.25,63.489));
#4874 = SURFACE_CURVE('',#4875,(#4879,#4886),.PCURVE_S1.);
#4875 = LINE('',#4876,#4877);
#4876 = CARTESIAN_POINT('',(-10.51,12.25,63.489));
#4877 = VECTOR('',#4878,1.);
#4878 = DIRECTION('',(0.,-1.,0.));
#4879 = PCURVE('',#2148,#4880);
#4880 = DEFINITIONAL_REPRESENTATION('',(#4881),#4885);
#4881 = LINE('',#4882,#4883);
#4882 = CARTESIAN_POINT('',(-23.01,12.25));
#4883 = VECTOR('',#4884,1.);
#4884 = DIRECTION('',(0.,-1.));
#4885 = ( GEOMETRIC_REPRESENTATION_CONTEXT(2) 
PARAMETRIC_REPRESENTATION_CONTEXT() REPRESENTATION_CONTEXT('2D SPACE',''
  ) );
#4886 = PCURVE('',#1570,#4887);
#4887 = DEFINITIONAL_REPRESENTATION('',(#4888),#4892);
#4888 = LINE('',#4889,#4890);
#4889 = CARTESIAN_POINT('',(0.,-35.989));
#4890 = VECTOR('',#4891,1.);
#4891 = DIRECTION('',(1.,0.));
#4892 = ( GEOMETRIC_REPRESENTATION_CONTEXT(2) 
PARAMETRIC_REPRESENTATION_CONTEXT() REPRESENTATION_CONTEXT('2D SPACE',''
  ) );
#4893 = ORIENTED_EDGE('',*,*,#4894,.T.);
#4894 = EDGE_CURVE('',#4872,#4060,#4895,.T.);
#4895 = SURFACE_CURVE('',#4896,(#4900,#4907),.PCURVE_S1.);
#4896 = LINE('',#4897,#4898);
#4897 = CARTESIAN_POINT('',(-10.51,-12.25,63.489));
#4898 = VECTOR('',#4899,1.);
#4899 = DIRECTION('',(1.,0.,0.));
#4900 = PCURVE('',#2148,#4901);
#4901 = DEFINITIONAL_REPRESENTATION('',(#4902),#4906);
#4902 = LINE('',#4903,#4904);
#4903 = CARTESIAN_POINT('',(-23.01,-12.25));
#4904 = VECTOR('',#4905,1.);
#4905 = DIRECTION('',(1.,0.));
#4906 = ( GEOMETRIC_REPRESENTATION_CONTEXT(2) 
PARAMETRIC_REPRESENTATION_CONTEXT() REPRESENTATION_CONTEXT('2D SPACE',''
  ) );
#4907 = PCURVE('',#1544,#4908);
#4908 = DEFINITIONAL_REPRESENTATION('',(#4909),#4913);
#4909 = LINE('',#4910,#4911);
#4910 = CARTESIAN_POINT('',(0.,-35.989));
#4911 = VECTOR('',#4912,1.);
#4912 = DIRECTION('',(1.,0.));
#4913 = ( GEOMETRIC_REPRESENTATION_CONTEXT(2) 
PARAMETRIC_REPRESENTATION_CONTEXT() REPRESENTATION_CONTEXT('2D SPACE',''
  ) );
#4914 = ORIENTED_EDGE('',*,*,#4059,.T.);
#4915 = ORIENTED_EDGE('',*,*,#3992,.F.);
#4916 = ORIENTED_EDGE('',*,*,#3934,.T.);
#4917 = ORIENTED_EDGE('',*,*,#3760,.F.);
#4918 = ORIENTED_EDGE('',*,*,#3269,.T.);
#4919 = ORIENTED_EDGE('',*,*,#3483,.F.);
#4920 = ORIENTED_EDGE('',*,*,#3612,.T.);
#4921 = ADVANCED_FACE('',(#4922),#1570,.T.);
#4922 = FACE_BOUND('',#4923,.T.);
#4923 = EDGE_LOOP('',(#4924,#4925,#4926,#4927));
#4924 = ORIENTED_EDGE('',*,*,#1555,.T.);
#4925 = ORIENTED_EDGE('',*,*,#1929,.T.);
#4926 = ORIENTED_EDGE('',*,*,#4871,.T.);
#4927 = ORIENTED_EDGE('',*,*,#4928,.F.);
#4928 = EDGE_CURVE('',#1530,#4872,#4929,.T.);
#4929 = SURFACE_CURVE('',#4930,(#4934,#4941),.PCURVE_S1.);
#4930 = LINE('',#4931,#4932);
#4931 = CARTESIAN_POINT('',(-10.51,-12.25,27.5));
#4932 = VECTOR('',#4933,1.);
#4933 = DIRECTION('',(0.,0.,1.));
#4934 = PCURVE('',#1570,#4935);
#4935 = DEFINITIONAL_REPRESENTATION('',(#4936),#4940);
#4936 = LINE('',#4937,#4938);
#4937 = CARTESIAN_POINT('',(24.5,0.));
#4938 = VECTOR('',#4939,1.);
#4939 = DIRECTION('',(0.,-1.));
#4940 = ( GEOMETRIC_REPRESENTATION_CONTEXT(2) 
PARAMETRIC_REPRESENTATION_CONTEXT() REPRESENTATION_CONTEXT('2D SPACE',''
  ) );
#4941 = PCURVE('',#1544,#4942);
#4942 = DEFINITIONAL_REPRESENTATION('',(#4943),#4947);
#4943 = LINE('',#4944,#4945);
#4944 = CARTESIAN_POINT('',(0.,0.));
#4945 = VECTOR('',#4946,1.);
#4946 = DIRECTION('',(0.,-1.));
#4947 = ( GEOMETRIC_REPRESENTATION_CONTEXT(2) 
PARAMETRIC_REPRESENTATION_CONTEXT() REPRESENTATION_CONTEXT('2D SPACE',''
  ) );
#4948 = ADVANCED_FACE('',(#4949),#1544,.T.);
#4949 = FACE_BOUND('',#4950,.T.);
#4950 = EDGE_LOOP('',(#4951,#4972,#4973,#4974,#4975,#4976,#4977,#4978,
    #4979,#4980));
#4951 = ORIENTED_EDGE('',*,*,#4952,.F.);
#4952 = EDGE_CURVE('',#1504,#4506,#4953,.T.);
#4953 = SURFACE_CURVE('',#4954,(#4958,#4965),.PCURVE_S1.);
#4954 = LINE('',#4955,#4956);
#4955 = CARTESIAN_POINT('',(35.51,-12.25,27.5));
#4956 = VECTOR('',#4957,1.);
#4957 = DIRECTION('',(0.,0.,1.));
#4958 = PCURVE('',#1544,#4959);
#4959 = DEFINITIONAL_REPRESENTATION('',(#4960),#4964);
#4960 = LINE('',#4961,#4962);
#4961 = CARTESIAN_POINT('',(46.02,0.));
#4962 = VECTOR('',#4963,1.);
#4963 = DIRECTION('',(0.,-1.));
#4964 = ( GEOMETRIC_REPRESENTATION_CONTEXT(2) 
PARAMETRIC_REPRESENTATION_CONTEXT() REPRESENTATION_CONTEXT('2D SPACE',''
  ) );
#4965 = PCURVE('',#1518,#4966);
#4966 = DEFINITIONAL_REPRESENTATION('',(#4967),#4971);
#4967 = LINE('',#4968,#4969);
#4968 = CARTESIAN_POINT('',(0.,0.));
#4969 = VECTOR('',#4970,1.);
#4970 = DIRECTION('',(0.,-1.));
#4971 = ( GEOMETRIC_REPRESENTATION_CONTEXT(2) 
PARAMETRIC_REPRESENTATION_CONTEXT() REPRESENTATION_CONTEXT('2D SPACE',''
  ) );
#4972 = ORIENTED_EDGE('',*,*,#1529,.T.);
#4973 = ORIENTED_EDGE('',*,*,#4928,.T.);
#4974 = ORIENTED_EDGE('',*,*,#4894,.T.);
#4975 = ORIENTED_EDGE('',*,*,#4087,.T.);
#4976 = ORIENTED_EDGE('',*,*,#4136,.T.);
#4977 = ORIENTED_EDGE('',*,*,#4406,.F.);
#4978 = ORIENTED_EDGE('',*,*,#2707,.T.);
#4979 = ORIENTED_EDGE('',*,*,#4483,.T.);
#4980 = ORIENTED_EDGE('',*,*,#4625,.T.);
#4981 = ADVANCED_FACE('',(#4982),#1518,.T.);
#4982 = FACE_BOUND('',#4983,.T.);
#4983 = EDGE_LOOP('',(#4984,#4985,#4986,#4987,#4988,#4989,#4990,#4991));
#4984 = ORIENTED_EDGE('',*,*,#1953,.F.);
#4985 = ORIENTED_EDGE('',*,*,#1501,.T.);
#4986 = ORIENTED_EDGE('',*,*,#4952,.T.);
#4987 = ORIENTED_EDGE('',*,*,#4505,.T.);
#4988 = ORIENTED_EDGE('',*,*,#4750,.F.);
#4989 = ORIENTED_EDGE('',*,*,#2848,.T.);
#4990 = ORIENTED_EDGE('',*,*,#2493,.F.);
#4991 = ORIENTED_EDGE('',*,*,#2163,.T.);
#4992 = ADVANCED_FACE('',(#4993),#1487,.F.);
#4993 = FACE_BOUND('',#4994,.T.);
#4994 = EDGE_LOOP('',(#4995,#4996,#5019,#5045));
#4995 = ORIENTED_EDGE('',*,*,#1466,.T.);
#4996 = ORIENTED_EDGE('',*,*,#4997,.T.);
#4997 = EDGE_CURVE('',#1467,#4998,#5000,.T.);
#4998 = VERTEX_POINT('',#4999);
#4999 = CARTESIAN_POINT('',(-18.3,16.,65.889));
#5000 = SEAM_CURVE('',#5001,(#5005,#5012),.PCURVE_S1.);
#5001 = LINE('',#5002,#5003);
#5002 = CARTESIAN_POINT('',(-18.3,16.,27.5));
#5003 = VECTOR('',#5004,1.);
#5004 = DIRECTION('',(0.,0.,1.));
#5005 = PCURVE('',#1487,#5006);
#5006 = DEFINITIONAL_REPRESENTATION('',(#5007),#5011);
#5007 = LINE('',#5008,#5009);
#5008 = CARTESIAN_POINT('',(-6.28318530718,0.));
#5009 = VECTOR('',#5010,1.);
#5010 = DIRECTION('',(-0.,-1.));
#5011 = ( GEOMETRIC_REPRESENTATION_CONTEXT(2) 
PARAMETRIC_REPRESENTATION_CONTEXT() REPRESENTATION_CONTEXT('2D SPACE',''
  ) );
#5012 = PCURVE('',#1487,#5013);
#5013 = DEFINITIONAL_REPRESENTATION('',(#5014),#5018);
#5014 = LINE('',#5015,#5016);
#5015 = CARTESIAN_POINT('',(-0.,0.));
#5016 = VECTOR('',#5017,1.);
#5017 = DIRECTION('',(-0.,-1.));
#5018 = ( GEOMETRIC_REPRESENTATION_CONTEXT(2) 
PARAMETRIC_REPRESENTATION_CONTEXT() REPRESENTATION_CONTEXT('2D SPACE',''
  ) );
#5019 = ORIENTED_EDGE('',*,*,#5020,.F.);
#5020 = EDGE_CURVE('',#4998,#4998,#5021,.T.);
#5021 = SURFACE_CURVE('',#5022,(#5027,#5034),.PCURVE_S1.);
#5022 = CIRCLE('',#5023,1.7);
#5023 = AXIS2_PLACEMENT_3D('',#5024,#5025,#5026);
#5024 = CARTESIAN_POINT('',(-20.,16.,65.889));
#5025 = DIRECTION('',(0.,0.,-1.));
#5026 = DIRECTION('',(1.,0.,0.));
#5027 = PCURVE('',#1487,#5028);
#5028 = DEFINITIONAL_REPRESENTATION('',(#5029),#5033);
#5029 = LINE('',#5030,#5031);
#5030 = CARTESIAN_POINT('',(-6.28318530718,-38.389));
#5031 = VECTOR('',#5032,1.);
#5032 = DIRECTION('',(1.,-0.));
#5033 = ( GEOMETRIC_REPRESENTATION_CONTEXT(2) 
PARAMETRIC_REPRESENTATION_CONTEXT() REPRESENTATION_CONTEXT('2D SPACE',''
  ) );
#5034 = PCURVE('',#44,#5035);
#5035 = DEFINITIONAL_REPRESENTATION('',(#5036),#5044);
#5036 = ( BOUNDED_CURVE() B_SPLINE_CURVE(2,(#5037,#5038,#5039,#5040,
#5041,#5042,#5043),.UNSPECIFIED.,.T.,.F.) B_SPLINE_CURVE_WITH_KNOTS((1,2
    ,2,2,2,1),(-2.094395102393,0.,2.094395102393,4.188790204786,
6.28318530718,8.377580409573),.UNSPECIFIED.) CURVE() 
GEOMETRIC_REPRESENTATION_ITEM() RATIONAL_B_SPLINE_CURVE((1.,0.5,1.,0.5,
1.,0.5,1.)) REPRESENTATION_ITEM('') );
#5037 = CARTESIAN_POINT('',(-31.21,16.));
#5038 = CARTESIAN_POINT('',(-31.21,13.055513627133));
#5039 = CARTESIAN_POINT('',(-33.76,14.527756813566));
#5040 = CARTESIAN_POINT('',(-36.31,16.));
#5041 = CARTESIAN_POINT('',(-33.76,17.472243186434));
#5042 = CARTESIAN_POINT('',(-31.21,18.944486372867));
#5043 = CARTESIAN_POINT('',(-31.21,16.));
#5044 = ( GEOMETRIC_REPRESENTATION_CONTEXT(2) 
PARAMETRIC_REPRESENTATION_CONTEXT() REPRESENTATION_CONTEXT('2D SPACE',''
  ) );
#5045 = ORIENTED_EDGE('',*,*,#4997,.F.);
#5046 = ADVANCED_FACE('',(#5047),#1452,.F.);
#5047 = FACE_BOUND('',#5048,.T.);
#5048 = EDGE_LOOP('',(#5049,#5079,#5100,#5101));
#5049 = ORIENTED_EDGE('',*,*,#5050,.F.);
#5050 = EDGE_CURVE('',#5051,#5053,#5055,.T.);
#5051 = VERTEX_POINT('',#5052);
#5052 = CARTESIAN_POINT('',(12.91,22.6,65.889));
#5053 = VERTEX_POINT('',#5054);
#5054 = CARTESIAN_POINT('',(24.731135899415,19.261898817291,65.889));
#5055 = SURFACE_CURVE('',#5056,(#5061,#5068),.PCURVE_S1.);
#5056 = CIRCLE('',#5057,22.6);
#5057 = AXIS2_PLACEMENT_3D('',#5058,#5059,#5060);
#5058 = CARTESIAN_POINT('',(12.91,0.,65.889));
#5059 = DIRECTION('',(0.,0.,-1.));
#5060 = DIRECTION('',(0.,1.,0.));
#5061 = PCURVE('',#1452,#5062);
#5062 = DEFINITIONAL_REPRESENTATION('',(#5063),#5067);
#5063 = LINE('',#5064,#5065);
#5064 = CARTESIAN_POINT('',(-7.853981633974,-37.389));
#5065 = VECTOR('',#5066,1.);
#5066 = DIRECTION('',(1.,-0.));
#5067 = ( GEOMETRIC_REPRESENTATION_CONTEXT(2) 
PARAMETRIC_REPRESENTATION_CONTEXT() REPRESENTATION_CONTEXT('2D SPACE',''
  ) );
#5068 = PCURVE('',#44,#5069);
#5069 = DEFINITIONAL_REPRESENTATION('',(#5070),#5078);
#5070 = ( BOUNDED_CURVE() B_SPLINE_CURVE(2,(#5071,#5072,#5073,#5074,
#5075,#5076,#5077),.UNSPECIFIED.,.T.,.F.) B_SPLINE_CURVE_WITH_KNOTS((1,2
    ,2,2,2,1),(-2.094395102393,0.,2.094395102393,4.188790204786,
6.28318530718,8.377580409573),.UNSPECIFIED.) CURVE() 
GEOMETRIC_REPRESENTATION_ITEM() RATIONAL_B_SPLINE_CURVE((1.,0.5,1.,0.5,
1.,0.5,1.)) REPRESENTATION_ITEM('') );
#5071 = CARTESIAN_POINT('',(1.7763568394E-15,22.6));
#5072 = CARTESIAN_POINT('',(39.144348251057,22.6));
#5073 = CARTESIAN_POINT('',(19.572174125528,-11.3));
#5074 = CARTESIAN_POINT('',(7.311760371546E-15,-45.2));
#5075 = CARTESIAN_POINT('',(-19.57217412552,-11.3));
#5076 = CARTESIAN_POINT('',(-39.14434825105,22.6));
#5077 = CARTESIAN_POINT('',(1.7763568394E-15,22.6));
#5078 = ( GEOMETRIC_REPRESENTATION_CONTEXT(2) 
PARAMETRIC_REPRESENTATION_CONTEXT() REPRESENTATION_CONTEXT('2D SPACE',''
  ) );
#5079 = ORIENTED_EDGE('',*,*,#5080,.F.);
#5080 = EDGE_CURVE('',#1406,#5051,#5081,.T.);
#5081 = SURFACE_CURVE('',#5082,(#5086,#5093),.PCURVE_S1.);
#5082 = LINE('',#5083,#5084);
#5083 = CARTESIAN_POINT('',(12.91,22.6,28.5));
#5084 = VECTOR('',#5085,1.);
#5085 = DIRECTION('',(0.,0.,1.));
#5086 = PCURVE('',#1452,#5087);
#5087 = DEFINITIONAL_REPRESENTATION('',(#5088),#5092);
#5088 = LINE('',#5089,#5090);
#5089 = CARTESIAN_POINT('',(-7.853981633974,0.));
#5090 = VECTOR('',#5091,1.);
#5091 = DIRECTION('',(-0.,-1.));
#5092 = ( GEOMETRIC_REPRESENTATION_CONTEXT(2) 
PARAMETRIC_REPRESENTATION_CONTEXT() REPRESENTATION_CONTEXT('2D SPACE',''
  ) );
#5093 = PCURVE('',#1421,#5094);
#5094 = DEFINITIONAL_REPRESENTATION('',(#5095),#5099);
#5095 = LINE('',#5096,#5097);
#5096 = CARTESIAN_POINT('',(0.,-0.));
#5097 = VECTOR('',#5098,1.);
#5098 = DIRECTION('',(0.,-1.));
#5099 = ( GEOMETRIC_REPRESENTATION_CONTEXT(2) 
PARAMETRIC_REPRESENTATION_CONTEXT() REPRESENTATION_CONTEXT('2D SPACE',''
  ) );
#5100 = ORIENTED_EDGE('',*,*,#1433,.T.);
#5101 = ORIENTED_EDGE('',*,*,#5102,.F.);
#5102 = EDGE_CURVE('',#5053,#950,#5103,.T.);
#5103 = SURFACE_CURVE('',#5104,(#5108,#5114),.PCURVE_S1.);
#5104 = LINE('',#5105,#5106);
#5105 = CARTESIAN_POINT('',(24.731135899415,19.261898817291,28.5));
#5106 = VECTOR('',#5107,1.);
#5107 = DIRECTION('',(-0.,-0.,-1.));
#5108 = PCURVE('',#1452,#5109);
#5109 = DEFINITIONAL_REPRESENTATION('',(#5110),#5113);
#5110 = B_SPLINE_CURVE_WITH_KNOTS('',1,(#5111,#5112),.UNSPECIFIED.,.F.,
  .F.,(2,2),(-37.3890006,5.999999999062E-07),.PIECEWISE_BEZIER_KNOTS.);
#5111 = CARTESIAN_POINT('',(-7.303545363337,-37.3890006));
#5112 = CARTESIAN_POINT('',(-7.303545363337,5.999999999062E-07));
#5113 = ( GEOMETRIC_REPRESENTATION_CONTEXT(2) 
PARAMETRIC_REPRESENTATION_CONTEXT() REPRESENTATION_CONTEXT('2D SPACE',''
  ) );
#5114 = PCURVE('',#968,#5115);
#5115 = DEFINITIONAL_REPRESENTATION('',(#5116),#5119);
#5116 = B_SPLINE_CURVE_WITH_KNOTS('',1,(#5117,#5118),.UNSPECIFIED.,.F.,
  .F.,(2,2),(-37.3890006,5.999999999062E-07),.PIECEWISE_BEZIER_KNOTS.);
#5117 = CARTESIAN_POINT('',(-1.941780255237,-37.3890006));
#5118 = CARTESIAN_POINT('',(-1.941780255237,5.999999999062E-07));
#5119 = ( GEOMETRIC_REPRESENTATION_CONTEXT(2) 
PARAMETRIC_REPRESENTATION_CONTEXT() REPRESENTATION_CONTEXT('2D SPACE',''
  ) );
#5120 = ADVANCED_FACE('',(#5121),#1421,.T.);
#5121 = FACE_BOUND('',#5122,.T.);
#5122 = EDGE_LOOP('',(#5123,#5124,#5147,#5168));
#5123 = ORIENTED_EDGE('',*,*,#5080,.T.);
#5124 = ORIENTED_EDGE('',*,*,#5125,.F.);
#5125 = EDGE_CURVE('',#5126,#5051,#5128,.T.);
#5126 = VERTEX_POINT('',#5127);
#5127 = CARTESIAN_POINT('',(-31.6,22.6,65.889));
#5128 = SURFACE_CURVE('',#5129,(#5133,#5140),.PCURVE_S1.);
#5129 = LINE('',#5130,#5131);
#5130 = CARTESIAN_POINT('',(-31.6,22.6,65.889));
#5131 = VECTOR('',#5132,1.);
#5132 = DIRECTION('',(1.,0.,0.));
#5133 = PCURVE('',#1421,#5134);
#5134 = DEFINITIONAL_REPRESENTATION('',(#5135),#5139);
#5135 = LINE('',#5136,#5137);
#5136 = CARTESIAN_POINT('',(44.51,-37.389));
#5137 = VECTOR('',#5138,1.);
#5138 = DIRECTION('',(-1.,-0.));
#5139 = ( GEOMETRIC_REPRESENTATION_CONTEXT(2) 
PARAMETRIC_REPRESENTATION_CONTEXT() REPRESENTATION_CONTEXT('2D SPACE',''
  ) );
#5140 = PCURVE('',#44,#5141);
#5141 = DEFINITIONAL_REPRESENTATION('',(#5142),#5146);
#5142 = LINE('',#5143,#5144);
#5143 = CARTESIAN_POINT('',(-44.51,22.6));
#5144 = VECTOR('',#5145,1.);
#5145 = DIRECTION('',(1.,0.));
#5146 = ( GEOMETRIC_REPRESENTATION_CONTEXT(2) 
PARAMETRIC_REPRESENTATION_CONTEXT() REPRESENTATION_CONTEXT('2D SPACE',''
  ) );
#5147 = ORIENTED_EDGE('',*,*,#5148,.F.);
#5148 = EDGE_CURVE('',#1378,#5126,#5149,.T.);
#5149 = SURFACE_CURVE('',#5150,(#5154,#5161),.PCURVE_S1.);
#5150 = LINE('',#5151,#5152);
#5151 = CARTESIAN_POINT('',(-31.6,22.6,28.5));
#5152 = VECTOR('',#5153,1.);
#5153 = DIRECTION('',(0.,0.,1.));
#5154 = PCURVE('',#1421,#5155);
#5155 = DEFINITIONAL_REPRESENTATION('',(#5156),#5160);
#5156 = LINE('',#5157,#5158);
#5157 = CARTESIAN_POINT('',(44.51,0.));
#5158 = VECTOR('',#5159,1.);
#5159 = DIRECTION('',(0.,-1.));
#5160 = ( GEOMETRIC_REPRESENTATION_CONTEXT(2) 
PARAMETRIC_REPRESENTATION_CONTEXT() REPRESENTATION_CONTEXT('2D SPACE',''
  ) );
#5161 = PCURVE('',#1393,#5162);
#5162 = DEFINITIONAL_REPRESENTATION('',(#5163),#5167);
#5163 = LINE('',#5164,#5165);
#5164 = CARTESIAN_POINT('',(0.,0.));
#5165 = VECTOR('',#5166,1.);
#5166 = DIRECTION('',(0.,-1.));
#5167 = ( GEOMETRIC_REPRESENTATION_CONTEXT(2) 
PARAMETRIC_REPRESENTATION_CONTEXT() REPRESENTATION_CONTEXT('2D SPACE',''
  ) );
#5168 = ORIENTED_EDGE('',*,*,#1405,.T.);
#5169 = ADVANCED_FACE('',(#5170),#1393,.T.);
#5170 = FACE_BOUND('',#5171,.T.);
#5171 = EDGE_LOOP('',(#5172,#5173,#5196,#5217));
#5172 = ORIENTED_EDGE('',*,*,#5148,.T.);
#5173 = ORIENTED_EDGE('',*,*,#5174,.T.);
#5174 = EDGE_CURVE('',#5126,#5175,#5177,.T.);
#5175 = VERTEX_POINT('',#5176);
#5176 = CARTESIAN_POINT('',(-31.6,-22.6,65.889));
#5177 = SURFACE_CURVE('',#5178,(#5182,#5189),.PCURVE_S1.);
#5178 = LINE('',#5179,#5180);
#5179 = CARTESIAN_POINT('',(-31.6,22.6,65.889));
#5180 = VECTOR('',#5181,1.);
#5181 = DIRECTION('',(0.,-1.,0.));
#5182 = PCURVE('',#1393,#5183);
#5183 = DEFINITIONAL_REPRESENTATION('',(#5184),#5188);
#5184 = LINE('',#5185,#5186);
#5185 = CARTESIAN_POINT('',(0.,-37.389));
#5186 = VECTOR('',#5187,1.);
#5187 = DIRECTION('',(1.,0.));
#5188 = ( GEOMETRIC_REPRESENTATION_CONTEXT(2) 
PARAMETRIC_REPRESENTATION_CONTEXT() REPRESENTATION_CONTEXT('2D SPACE',''
  ) );
#5189 = PCURVE('',#44,#5190);
#5190 = DEFINITIONAL_REPRESENTATION('',(#5191),#5195);
#5191 = LINE('',#5192,#5193);
#5192 = CARTESIAN_POINT('',(-44.51,22.6));
#5193 = VECTOR('',#5194,1.);
#5194 = DIRECTION('',(0.,-1.));
#5195 = ( GEOMETRIC_REPRESENTATION_CONTEXT(2) 
PARAMETRIC_REPRESENTATION_CONTEXT() REPRESENTATION_CONTEXT('2D SPACE',''
  ) );
#5196 = ORIENTED_EDGE('',*,*,#5197,.F.);
#5197 = EDGE_CURVE('',#1350,#5175,#5198,.T.);
#5198 = SURFACE_CURVE('',#5199,(#5203,#5210),.PCURVE_S1.);
#5199 = LINE('',#5200,#5201);
#5200 = CARTESIAN_POINT('',(-31.6,-22.6,28.5));
#5201 = VECTOR('',#5202,1.);
#5202 = DIRECTION('',(0.,0.,1.));
#5203 = PCURVE('',#1393,#5204);
#5204 = DEFINITIONAL_REPRESENTATION('',(#5205),#5209);
#5205 = LINE('',#5206,#5207);
#5206 = CARTESIAN_POINT('',(45.2,0.));
#5207 = VECTOR('',#5208,1.);
#5208 = DIRECTION('',(0.,-1.));
#5209 = ( GEOMETRIC_REPRESENTATION_CONTEXT(2) 
PARAMETRIC_REPRESENTATION_CONTEXT() REPRESENTATION_CONTEXT('2D SPACE',''
  ) );
#5210 = PCURVE('',#1365,#5211);
#5211 = DEFINITIONAL_REPRESENTATION('',(#5212),#5216);
#5212 = LINE('',#5213,#5214);
#5213 = CARTESIAN_POINT('',(-31.6,0.));
#5214 = VECTOR('',#5215,1.);
#5215 = DIRECTION('',(0.,-1.));
#5216 = ( GEOMETRIC_REPRESENTATION_CONTEXT(2) 
PARAMETRIC_REPRESENTATION_CONTEXT() REPRESENTATION_CONTEXT('2D SPACE',''
  ) );
#5217 = ORIENTED_EDGE('',*,*,#1377,.F.);
#5218 = ADVANCED_FACE('',(#5219),#1365,.T.);
#5219 = FACE_BOUND('',#5220,.T.);
#5220 = EDGE_LOOP('',(#5221,#5244,#5245,#5246));
#5221 = ORIENTED_EDGE('',*,*,#5222,.F.);
#5222 = EDGE_CURVE('',#1317,#5223,#5225,.T.);
#5223 = VERTEX_POINT('',#5224);
#5224 = CARTESIAN_POINT('',(12.91,-22.6,65.889));
#5225 = SURFACE_CURVE('',#5226,(#5230,#5237),.PCURVE_S1.);
#5226 = LINE('',#5227,#5228);
#5227 = CARTESIAN_POINT('',(12.91,-22.6,28.5));
#5228 = VECTOR('',#5229,1.);
#5229 = DIRECTION('',(0.,0.,1.));
#5230 = PCURVE('',#1365,#5231);
#5231 = DEFINITIONAL_REPRESENTATION('',(#5232),#5236);
#5232 = LINE('',#5233,#5234);
#5233 = CARTESIAN_POINT('',(12.91,0.));
#5234 = VECTOR('',#5235,1.);
#5235 = DIRECTION('',(0.,-1.));
#5236 = ( GEOMETRIC_REPRESENTATION_CONTEXT(2) 
PARAMETRIC_REPRESENTATION_CONTEXT() REPRESENTATION_CONTEXT('2D SPACE',''
  ) );
#5237 = PCURVE('',#1337,#5238);
#5238 = DEFINITIONAL_REPRESENTATION('',(#5239),#5243);
#5239 = LINE('',#5240,#5241);
#5240 = CARTESIAN_POINT('',(-4.712388980385,0.));
#5241 = VECTOR('',#5242,1.);
#5242 = DIRECTION('',(-0.,-1.));
#5243 = ( GEOMETRIC_REPRESENTATION_CONTEXT(2) 
PARAMETRIC_REPRESENTATION_CONTEXT() REPRESENTATION_CONTEXT('2D SPACE',''
  ) );
#5244 = ORIENTED_EDGE('',*,*,#1349,.T.);
#5245 = ORIENTED_EDGE('',*,*,#5197,.T.);
#5246 = ORIENTED_EDGE('',*,*,#5247,.F.);
#5247 = EDGE_CURVE('',#5223,#5175,#5248,.T.);
#5248 = SURFACE_CURVE('',#5249,(#5253,#5260),.PCURVE_S1.);
#5249 = LINE('',#5250,#5251);
#5250 = CARTESIAN_POINT('',(12.91,-22.6,65.889));
#5251 = VECTOR('',#5252,1.);
#5252 = DIRECTION('',(-1.,0.,0.));
#5253 = PCURVE('',#1365,#5254);
#5254 = DEFINITIONAL_REPRESENTATION('',(#5255),#5259);
#5255 = LINE('',#5256,#5257);
#5256 = CARTESIAN_POINT('',(12.91,-37.389));
#5257 = VECTOR('',#5258,1.);
#5258 = DIRECTION('',(-1.,0.));
#5259 = ( GEOMETRIC_REPRESENTATION_CONTEXT(2) 
PARAMETRIC_REPRESENTATION_CONTEXT() REPRESENTATION_CONTEXT('2D SPACE',''
  ) );
#5260 = PCURVE('',#44,#5261);
#5261 = DEFINITIONAL_REPRESENTATION('',(#5262),#5266);
#5262 = LINE('',#5263,#5264);
#5263 = CARTESIAN_POINT('',(1.7763568394E-15,-22.6));
#5264 = VECTOR('',#5265,1.);
#5265 = DIRECTION('',(-1.,0.));
#5266 = ( GEOMETRIC_REPRESENTATION_CONTEXT(2) 
PARAMETRIC_REPRESENTATION_CONTEXT() REPRESENTATION_CONTEXT('2D SPACE',''
  ) );
#5267 = ADVANCED_FACE('',(#5268),#1337,.F.);
#5268 = FACE_BOUND('',#5269,.T.);
#5269 = EDGE_LOOP('',(#5270,#5298,#5317,#5318));
#5270 = ORIENTED_EDGE('',*,*,#5271,.F.);
#5271 = EDGE_CURVE('',#5272,#5223,#5274,.T.);
#5272 = VERTEX_POINT('',#5273);
#5273 = CARTESIAN_POINT('',(24.731135899415,-19.26189881729,65.889));
#5274 = SURFACE_CURVE('',#5275,(#5280,#5287),.PCURVE_S1.);
#5275 = CIRCLE('',#5276,22.6);
#5276 = AXIS2_PLACEMENT_3D('',#5277,#5278,#5279);
#5277 = CARTESIAN_POINT('',(12.91,0.,65.889));
#5278 = DIRECTION('',(0.,0.,-1.));
#5279 = DIRECTION('',(0.,1.,0.));
#5280 = PCURVE('',#1337,#5281);
#5281 = DEFINITIONAL_REPRESENTATION('',(#5282),#5286);
#5282 = LINE('',#5283,#5284);
#5283 = CARTESIAN_POINT('',(-7.853981633974,-37.389));
#5284 = VECTOR('',#5285,1.);
#5285 = DIRECTION('',(1.,-0.));
#5286 = ( GEOMETRIC_REPRESENTATION_CONTEXT(2) 
PARAMETRIC_REPRESENTATION_CONTEXT() REPRESENTATION_CONTEXT('2D SPACE',''
  ) );
#5287 = PCURVE('',#44,#5288);
#5288 = DEFINITIONAL_REPRESENTATION('',(#5289),#5297);
#5289 = ( BOUNDED_CURVE() B_SPLINE_CURVE(2,(#5290,#5291,#5292,#5293,
#5294,#5295,#5296),.UNSPECIFIED.,.T.,.F.) B_SPLINE_CURVE_WITH_KNOTS((1,2
    ,2,2,2,1),(-2.094395102393,0.,2.094395102393,4.188790204786,
6.28318530718,8.377580409573),.UNSPECIFIED.) CURVE() 
GEOMETRIC_REPRESENTATION_ITEM() RATIONAL_B_SPLINE_CURVE((1.,0.5,1.,0.5,
1.,0.5,1.)) REPRESENTATION_ITEM('') );
#5290 = CARTESIAN_POINT('',(1.7763568394E-15,22.6));
#5291 = CARTESIAN_POINT('',(39.144348251057,22.6));
#5292 = CARTESIAN_POINT('',(19.572174125528,-11.3));
#5293 = CARTESIAN_POINT('',(7.311760371546E-15,-45.2));
#5294 = CARTESIAN_POINT('',(-19.57217412552,-11.3));
#5295 = CARTESIAN_POINT('',(-39.14434825105,22.6));
#5296 = CARTESIAN_POINT('',(1.7763568394E-15,22.6));
#5297 = ( GEOMETRIC_REPRESENTATION_CONTEXT(2) 
PARAMETRIC_REPRESENTATION_CONTEXT() REPRESENTATION_CONTEXT('2D SPACE',''
  ) );
#5298 = ORIENTED_EDGE('',*,*,#5299,.T.);
#5299 = EDGE_CURVE('',#5272,#1288,#5300,.T.);
#5300 = SURFACE_CURVE('',#5301,(#5305,#5311),.PCURVE_S1.);
#5301 = LINE('',#5302,#5303);
#5302 = CARTESIAN_POINT('',(24.731135899415,-19.26189881729,28.5));
#5303 = VECTOR('',#5304,1.);
#5304 = DIRECTION('',(-0.,-0.,-1.));
#5305 = PCURVE('',#1337,#5306);
#5306 = DEFINITIONAL_REPRESENTATION('',(#5307),#5310);
#5307 = B_SPLINE_CURVE_WITH_KNOTS('',1,(#5308,#5309),.UNSPECIFIED.,.F.,
  .F.,(2,2),(-37.3890006,5.999999999062E-07),.PIECEWISE_BEZIER_KNOTS.);
#5308 = CARTESIAN_POINT('',(-5.262825251022,-37.3890006));
#5309 = CARTESIAN_POINT('',(-5.262825251022,5.999999999062E-07));
#5310 = ( GEOMETRIC_REPRESENTATION_CONTEXT(2) 
PARAMETRIC_REPRESENTATION_CONTEXT() REPRESENTATION_CONTEXT('2D SPACE',''
  ) );
#5311 = PCURVE('',#1304,#5312);
#5312 = DEFINITIONAL_REPRESENTATION('',(#5313),#5316);
#5313 = B_SPLINE_CURVE_WITH_KNOTS('',1,(#5314,#5315),.UNSPECIFIED.,.F.,
  .F.,(2,2),(-37.3890006,5.999999999062E-07),.PIECEWISE_BEZIER_KNOTS.);
#5314 = CARTESIAN_POINT('',(-4.341405051942,-37.3890006));
#5315 = CARTESIAN_POINT('',(-4.341405051942,5.999999999062E-07));
#5316 = ( GEOMETRIC_REPRESENTATION_CONTEXT(2) 
PARAMETRIC_REPRESENTATION_CONTEXT() REPRESENTATION_CONTEXT('2D SPACE',''
  ) );
#5317 = ORIENTED_EDGE('',*,*,#1316,.T.);
#5318 = ORIENTED_EDGE('',*,*,#5222,.T.);
#5319 = ADVANCED_FACE('',(#5320),#1304,.T.);
#5320 = FACE_BOUND('',#5321,.F.);
#5321 = EDGE_LOOP('',(#5322,#5323,#5324,#5345));
#5322 = ORIENTED_EDGE('',*,*,#5299,.T.);
#5323 = ORIENTED_EDGE('',*,*,#1287,.F.);
#5324 = ORIENTED_EDGE('',*,*,#5325,.F.);
#5325 = EDGE_CURVE('',#5326,#1261,#5328,.T.);
#5326 = VERTEX_POINT('',#5327);
#5327 = CARTESIAN_POINT('',(22.770836021506,-14.65,65.889));
#5328 = SURFACE_CURVE('',#5329,(#5333,#5339),.PCURVE_S1.);
#5329 = LINE('',#5330,#5331);
#5330 = CARTESIAN_POINT('',(22.770836021506,-14.65,28.5));
#5331 = VECTOR('',#5332,1.);
#5332 = DIRECTION('',(-0.,-0.,-1.));
#5333 = PCURVE('',#1304,#5334);
#5334 = DEFINITIONAL_REPRESENTATION('',(#5335),#5338);
#5335 = B_SPLINE_CURVE_WITH_KNOTS('',1,(#5336,#5337),.UNSPECIFIED.,.F.,
  .F.,(2,2),(-37.3890006,5.999999999062E-07),.PIECEWISE_BEZIER_KNOTS.);
#5336 = CARTESIAN_POINT('',(-2.745610762015,-37.3890006));
#5337 = CARTESIAN_POINT('',(-2.745610762015,5.999999999062E-07));
#5338 = ( GEOMETRIC_REPRESENTATION_CONTEXT(2) 
PARAMETRIC_REPRESENTATION_CONTEXT() REPRESENTATION_CONTEXT('2D SPACE',''
  ) );
#5339 = PCURVE('',#1276,#5340);
#5340 = DEFINITIONAL_REPRESENTATION('',(#5341),#5344);
#5341 = B_SPLINE_CURVE_WITH_KNOTS('',1,(#5342,#5343),.UNSPECIFIED.,.F.,
  .F.,(2,2),(-37.3890006,5.999999999062E-07),.PIECEWISE_BEZIER_KNOTS.);
#5342 = CARTESIAN_POINT('',(35.680836021506,-38.3890006));
#5343 = CARTESIAN_POINT('',(35.680836021506,-0.9999994));
#5344 = ( GEOMETRIC_REPRESENTATION_CONTEXT(2) 
PARAMETRIC_REPRESENTATION_CONTEXT() REPRESENTATION_CONTEXT('2D SPACE',''
  ) );
#5345 = ORIENTED_EDGE('',*,*,#5346,.T.);
#5346 = EDGE_CURVE('',#5326,#5272,#5347,.T.);
#5347 = SURFACE_CURVE('',#5348,(#5353,#5360),.PCURVE_S1.);
#5348 = CIRCLE('',#5349,3.5);
#5349 = AXIS2_PLACEMENT_3D('',#5350,#5351,#5352);
#5350 = CARTESIAN_POINT('',(26.,-16.,65.889));
#5351 = DIRECTION('',(0.,0.,1.));
#5352 = DIRECTION('',(1.,0.,0.));
#5353 = PCURVE('',#1304,#5354);
#5354 = DEFINITIONAL_REPRESENTATION('',(#5355),#5359);
#5355 = LINE('',#5356,#5357);
#5356 = CARTESIAN_POINT('',(-0.,-37.389));
#5357 = VECTOR('',#5358,1.);
#5358 = DIRECTION('',(-1.,0.));
#5359 = ( GEOMETRIC_REPRESENTATION_CONTEXT(2) 
PARAMETRIC_REPRESENTATION_CONTEXT() REPRESENTATION_CONTEXT('2D SPACE',''
  ) );
#5360 = PCURVE('',#44,#5361);
#5361 = DEFINITIONAL_REPRESENTATION('',(#5362),#5366);
#5362 = CIRCLE('',#5363,3.5);
#5363 = AXIS2_PLACEMENT_2D('',#5364,#5365);
#5364 = CARTESIAN_POINT('',(13.09,-16.));
#5365 = DIRECTION('',(1.,0.));
#5366 = ( GEOMETRIC_REPRESENTATION_CONTEXT(2) 
PARAMETRIC_REPRESENTATION_CONTEXT() REPRESENTATION_CONTEXT('2D SPACE',''
  ) );
#5367 = ADVANCED_FACE('',(#5368),#1276,.F.);
#5368 = FACE_BOUND('',#5369,.F.);
#5369 = EDGE_LOOP('',(#5370,#5392,#5393,#5394));
#5370 = ORIENTED_EDGE('',*,*,#5371,.F.);
#5371 = EDGE_CURVE('',#5326,#5372,#5374,.T.);
#5372 = VERTEX_POINT('',#5373);
#5373 = CARTESIAN_POINT('',(-11.5,-14.65,65.889));
#5374 = SURFACE_CURVE('',#5375,(#5379,#5385),.PCURVE_S1.);
#5375 = LINE('',#5376,#5377);
#5376 = CARTESIAN_POINT('',(-8.881784197001E-16,-14.65,65.889));
#5377 = VECTOR('',#5378,1.);
#5378 = DIRECTION('',(-1.,0.,0.));
#5379 = PCURVE('',#1276,#5380);
#5380 = DEFINITIONAL_REPRESENTATION('',(#5381),#5384);
#5381 = B_SPLINE_CURVE_WITH_KNOTS('',1,(#5382,#5383),.UNSPECIFIED.,.F.,
  .F.,(2,2),(-35.51,12.91),.PIECEWISE_BEZIER_KNOTS.);
#5382 = CARTESIAN_POINT('',(48.42,-38.389));
#5383 = CARTESIAN_POINT('',(0.,-38.389));
#5384 = ( GEOMETRIC_REPRESENTATION_CONTEXT(2) 
PARAMETRIC_REPRESENTATION_CONTEXT() REPRESENTATION_CONTEXT('2D SPACE',''
  ) );
#5385 = PCURVE('',#44,#5386);
#5386 = DEFINITIONAL_REPRESENTATION('',(#5387),#5391);
#5387 = LINE('',#5388,#5389);
#5388 = CARTESIAN_POINT('',(-12.91,-14.65));
#5389 = VECTOR('',#5390,1.);
#5390 = DIRECTION('',(-1.,0.));
#5391 = ( GEOMETRIC_REPRESENTATION_CONTEXT(2) 
PARAMETRIC_REPRESENTATION_CONTEXT() REPRESENTATION_CONTEXT('2D SPACE',''
  ) );
#5392 = ORIENTED_EDGE('',*,*,#5325,.T.);
#5393 = ORIENTED_EDGE('',*,*,#1260,.T.);
#5394 = ORIENTED_EDGE('',*,*,#5395,.T.);
#5395 = EDGE_CURVE('',#1233,#5372,#5396,.T.);
#5396 = SURFACE_CURVE('',#5397,(#5401,#5407),.PCURVE_S1.);
#5397 = LINE('',#5398,#5399);
#5398 = CARTESIAN_POINT('',(-11.5,-14.65,28.));
#5399 = VECTOR('',#5400,1.);
#5400 = DIRECTION('',(0.,-0.,1.));
#5401 = PCURVE('',#1276,#5402);
#5402 = DEFINITIONAL_REPRESENTATION('',(#5403),#5406);
#5403 = B_SPLINE_CURVE_WITH_KNOTS('',1,(#5404,#5405),.UNSPECIFIED.,.F.,
  .F.,(2,2),(0.5,37.889),.PIECEWISE_BEZIER_KNOTS.);
#5404 = CARTESIAN_POINT('',(1.41,-1.));
#5405 = CARTESIAN_POINT('',(1.41,-38.389));
#5406 = ( GEOMETRIC_REPRESENTATION_CONTEXT(2) 
PARAMETRIC_REPRESENTATION_CONTEXT() REPRESENTATION_CONTEXT('2D SPACE',''
  ) );
#5407 = PCURVE('',#1248,#5408);
#5408 = DEFINITIONAL_REPRESENTATION('',(#5409),#5412);
#5409 = B_SPLINE_CURVE_WITH_KNOTS('',1,(#5410,#5411),.UNSPECIFIED.,.F.,
  .F.,(2,2),(0.5,37.889),.PIECEWISE_BEZIER_KNOTS.);
#5410 = CARTESIAN_POINT('',(3.35,0.));
#5411 = CARTESIAN_POINT('',(3.35,-37.389));
#5412 = ( GEOMETRIC_REPRESENTATION_CONTEXT(2) 
PARAMETRIC_REPRESENTATION_CONTEXT() REPRESENTATION_CONTEXT('2D SPACE',''
  ) );
#5413 = ADVANCED_FACE('',(#5414),#1248,.F.);
#5414 = FACE_BOUND('',#5415,.F.);
#5415 = EDGE_LOOP('',(#5416,#5417,#5440,#5461));
#5416 = ORIENTED_EDGE('',*,*,#1232,.F.);
#5417 = ORIENTED_EDGE('',*,*,#5418,.T.);
#5418 = EDGE_CURVE('',#1205,#5419,#5421,.T.);
#5419 = VERTEX_POINT('',#5420);
#5420 = CARTESIAN_POINT('',(-11.5,-18.,65.889));
#5421 = SURFACE_CURVE('',#5422,(#5426,#5433),.PCURVE_S1.);
#5422 = LINE('',#5423,#5424);
#5423 = CARTESIAN_POINT('',(-11.5,-18.,28.5));
#5424 = VECTOR('',#5425,1.);
#5425 = DIRECTION('',(0.,0.,1.));
#5426 = PCURVE('',#1248,#5427);
#5427 = DEFINITIONAL_REPRESENTATION('',(#5428),#5432);
#5428 = LINE('',#5429,#5430);
#5429 = CARTESIAN_POINT('',(0.,0.));
#5430 = VECTOR('',#5431,1.);
#5431 = DIRECTION('',(0.,-1.));
#5432 = ( GEOMETRIC_REPRESENTATION_CONTEXT(2) 
PARAMETRIC_REPRESENTATION_CONTEXT() REPRESENTATION_CONTEXT('2D SPACE',''
  ) );
#5433 = PCURVE('',#1220,#5434);
#5434 = DEFINITIONAL_REPRESENTATION('',(#5435),#5439);
#5435 = LINE('',#5436,#5437);
#5436 = CARTESIAN_POINT('',(8.5,0.));
#5437 = VECTOR('',#5438,1.);
#5438 = DIRECTION('',(0.,-1.));
#5439 = ( GEOMETRIC_REPRESENTATION_CONTEXT(2) 
PARAMETRIC_REPRESENTATION_CONTEXT() REPRESENTATION_CONTEXT('2D SPACE',''
  ) );
#5440 = ORIENTED_EDGE('',*,*,#5441,.T.);
#5441 = EDGE_CURVE('',#5419,#5372,#5442,.T.);
#5442 = SURFACE_CURVE('',#5443,(#5447,#5454),.PCURVE_S1.);
#5443 = LINE('',#5444,#5445);
#5444 = CARTESIAN_POINT('',(-11.5,-18.,65.889));
#5445 = VECTOR('',#5446,1.);
#5446 = DIRECTION('',(0.,1.,0.));
#5447 = PCURVE('',#1248,#5448);
#5448 = DEFINITIONAL_REPRESENTATION('',(#5449),#5453);
#5449 = LINE('',#5450,#5451);
#5450 = CARTESIAN_POINT('',(0.,-37.389));
#5451 = VECTOR('',#5452,1.);
#5452 = DIRECTION('',(1.,0.));
#5453 = ( GEOMETRIC_REPRESENTATION_CONTEXT(2) 
PARAMETRIC_REPRESENTATION_CONTEXT() REPRESENTATION_CONTEXT('2D SPACE',''
  ) );
#5454 = PCURVE('',#44,#5455);
#5455 = DEFINITIONAL_REPRESENTATION('',(#5456),#5460);
#5456 = LINE('',#5457,#5458);
#5457 = CARTESIAN_POINT('',(-24.41,-18.));
#5458 = VECTOR('',#5459,1.);
#5459 = DIRECTION('',(0.,1.));
#5460 = ( GEOMETRIC_REPRESENTATION_CONTEXT(2) 
PARAMETRIC_REPRESENTATION_CONTEXT() REPRESENTATION_CONTEXT('2D SPACE',''
  ) );
#5461 = ORIENTED_EDGE('',*,*,#5395,.F.);
#5462 = ADVANCED_FACE('',(#5463),#1220,.F.);
#5463 = FACE_BOUND('',#5464,.F.);
#5464 = EDGE_LOOP('',(#5465,#5466,#5487,#5508));
#5465 = ORIENTED_EDGE('',*,*,#1204,.F.);
#5466 = ORIENTED_EDGE('',*,*,#5467,.F.);
#5467 = EDGE_CURVE('',#5468,#1176,#5470,.T.);
#5468 = VERTEX_POINT('',#5469);
#5469 = CARTESIAN_POINT('',(-17.12771867673,-18.,65.889));
#5470 = SURFACE_CURVE('',#5471,(#5475,#5481),.PCURVE_S1.);
#5471 = LINE('',#5472,#5473);
#5472 = CARTESIAN_POINT('',(-17.12771867673,-18.,28.5));
#5473 = VECTOR('',#5474,1.);
#5474 = DIRECTION('',(-0.,-0.,-1.));
#5475 = PCURVE('',#1220,#5476);
#5476 = DEFINITIONAL_REPRESENTATION('',(#5477),#5480);
#5477 = B_SPLINE_CURVE_WITH_KNOTS('',1,(#5478,#5479),.UNSPECIFIED.,.F.,
  .F.,(2,2),(-37.3890006,5.999999999062E-07),.PIECEWISE_BEZIER_KNOTS.);
#5478 = CARTESIAN_POINT('',(2.872281323269,-37.3890006));
#5479 = CARTESIAN_POINT('',(2.872281323269,5.999999999062E-07));
#5480 = ( GEOMETRIC_REPRESENTATION_CONTEXT(2) 
PARAMETRIC_REPRESENTATION_CONTEXT() REPRESENTATION_CONTEXT('2D SPACE',''
  ) );
#5481 = PCURVE('',#1192,#5482);
#5482 = DEFINITIONAL_REPRESENTATION('',(#5483),#5486);
#5483 = B_SPLINE_CURVE_WITH_KNOTS('',1,(#5484,#5485),.UNSPECIFIED.,.F.,
  .F.,(2,2),(-37.3890006,5.999999999062E-07),.PIECEWISE_BEZIER_KNOTS.);
#5484 = CARTESIAN_POINT('',(-5.674939728269,-37.3890006));
#5485 = CARTESIAN_POINT('',(-5.674939728269,5.999999999062E-07));
#5486 = ( GEOMETRIC_REPRESENTATION_CONTEXT(2) 
PARAMETRIC_REPRESENTATION_CONTEXT() REPRESENTATION_CONTEXT('2D SPACE',''
  ) );
#5487 = ORIENTED_EDGE('',*,*,#5488,.T.);
#5488 = EDGE_CURVE('',#5468,#5419,#5489,.T.);
#5489 = SURFACE_CURVE('',#5490,(#5494,#5501),.PCURVE_S1.);
#5490 = LINE('',#5491,#5492);
#5491 = CARTESIAN_POINT('',(-20.,-18.,65.889));
#5492 = VECTOR('',#5493,1.);
#5493 = DIRECTION('',(1.,0.,0.));
#5494 = PCURVE('',#1220,#5495);
#5495 = DEFINITIONAL_REPRESENTATION('',(#5496),#5500);
#5496 = LINE('',#5497,#5498);
#5497 = CARTESIAN_POINT('',(0.,-37.389));
#5498 = VECTOR('',#5499,1.);
#5499 = DIRECTION('',(1.,0.));
#5500 = ( GEOMETRIC_REPRESENTATION_CONTEXT(2) 
PARAMETRIC_REPRESENTATION_CONTEXT() REPRESENTATION_CONTEXT('2D SPACE',''
  ) );
#5501 = PCURVE('',#44,#5502);
#5502 = DEFINITIONAL_REPRESENTATION('',(#5503),#5507);
#5503 = LINE('',#5504,#5505);
#5504 = CARTESIAN_POINT('',(-32.91,-18.));
#5505 = VECTOR('',#5506,1.);
#5506 = DIRECTION('',(1.,0.));
#5507 = ( GEOMETRIC_REPRESENTATION_CONTEXT(2) 
PARAMETRIC_REPRESENTATION_CONTEXT() REPRESENTATION_CONTEXT('2D SPACE',''
  ) );
#5508 = ORIENTED_EDGE('',*,*,#5418,.F.);
#5509 = ADVANCED_FACE('',(#5510),#1192,.T.);
#5510 = FACE_BOUND('',#5511,.F.);
#5511 = EDGE_LOOP('',(#5512,#5513,#5534,#5556));
#5512 = ORIENTED_EDGE('',*,*,#1175,.F.);
#5513 = ORIENTED_EDGE('',*,*,#5514,.F.);
#5514 = EDGE_CURVE('',#5515,#1148,#5517,.T.);
#5515 = VERTEX_POINT('',#5516);
#5516 = CARTESIAN_POINT('',(-17.12771867673,-14.,65.889));
#5517 = SURFACE_CURVE('',#5518,(#5522,#5528),.PCURVE_S1.);
#5518 = LINE('',#5519,#5520);
#5519 = CARTESIAN_POINT('',(-17.12771867673,-14.,28.5));
#5520 = VECTOR('',#5521,1.);
#5521 = DIRECTION('',(-0.,-0.,-1.));
#5522 = PCURVE('',#1192,#5523);
#5523 = DEFINITIONAL_REPRESENTATION('',(#5524),#5527);
#5524 = B_SPLINE_CURVE_WITH_KNOTS('',1,(#5525,#5526),.UNSPECIFIED.,.F.,
  .F.,(2,2),(-37.3890006,5.999999999062E-07),.PIECEWISE_BEZIER_KNOTS.);
#5525 = CARTESIAN_POINT('',(-0.60824557891,-37.3890006));
#5526 = CARTESIAN_POINT('',(-0.60824557891,5.999999999062E-07));
#5527 = ( GEOMETRIC_REPRESENTATION_CONTEXT(2) 
PARAMETRIC_REPRESENTATION_CONTEXT() REPRESENTATION_CONTEXT('2D SPACE',''
  ) );
#5528 = PCURVE('',#1163,#5529);
#5529 = DEFINITIONAL_REPRESENTATION('',(#5530),#5533);
#5530 = B_SPLINE_CURVE_WITH_KNOTS('',1,(#5531,#5532),.UNSPECIFIED.,.F.,
  .F.,(2,2),(-37.3890006,5.999999999062E-07),.PIECEWISE_BEZIER_KNOTS.);
#5531 = CARTESIAN_POINT('',(5.627718676731,-37.3890006));
#5532 = CARTESIAN_POINT('',(5.627718676731,5.999999999062E-07));
#5533 = ( GEOMETRIC_REPRESENTATION_CONTEXT(2) 
PARAMETRIC_REPRESENTATION_CONTEXT() REPRESENTATION_CONTEXT('2D SPACE',''
  ) );
#5534 = ORIENTED_EDGE('',*,*,#5535,.T.);
#5535 = EDGE_CURVE('',#5515,#5468,#5536,.T.);
#5536 = SURFACE_CURVE('',#5537,(#5542,#5549),.PCURVE_S1.);
#5537 = CIRCLE('',#5538,3.5);
#5538 = AXIS2_PLACEMENT_3D('',#5539,#5540,#5541);
#5539 = CARTESIAN_POINT('',(-20.,-16.,65.889));
#5540 = DIRECTION('',(0.,0.,1.));
#5541 = DIRECTION('',(1.,0.,0.));
#5542 = PCURVE('',#1192,#5543);
#5543 = DEFINITIONAL_REPRESENTATION('',(#5544),#5548);
#5544 = LINE('',#5545,#5546);
#5545 = CARTESIAN_POINT('',(-0.,-37.389));
#5546 = VECTOR('',#5547,1.);
#5547 = DIRECTION('',(-1.,0.));
#5548 = ( GEOMETRIC_REPRESENTATION_CONTEXT(2) 
PARAMETRIC_REPRESENTATION_CONTEXT() REPRESENTATION_CONTEXT('2D SPACE',''
  ) );
#5549 = PCURVE('',#44,#5550);
#5550 = DEFINITIONAL_REPRESENTATION('',(#5551),#5555);
#5551 = CIRCLE('',#5552,3.5);
#5552 = AXIS2_PLACEMENT_2D('',#5553,#5554);
#5553 = CARTESIAN_POINT('',(-32.91,-16.));
#5554 = DIRECTION('',(1.,0.));
#5555 = ( GEOMETRIC_REPRESENTATION_CONTEXT(2) 
PARAMETRIC_REPRESENTATION_CONTEXT() REPRESENTATION_CONTEXT('2D SPACE',''
  ) );
#5556 = ORIENTED_EDGE('',*,*,#5467,.T.);
#5557 = ADVANCED_FACE('',(#5558),#1163,.F.);
#5558 = FACE_BOUND('',#5559,.F.);
#5559 = EDGE_LOOP('',(#5560,#5561,#5582,#5603));
#5560 = ORIENTED_EDGE('',*,*,#1147,.F.);
#5561 = ORIENTED_EDGE('',*,*,#5562,.F.);
#5562 = EDGE_CURVE('',#5563,#1121,#5565,.T.);
#5563 = VERTEX_POINT('',#5564);
#5564 = CARTESIAN_POINT('',(-12.91,-14.,65.889));
#5565 = SURFACE_CURVE('',#5566,(#5570,#5576),.PCURVE_S1.);
#5566 = LINE('',#5567,#5568);
#5567 = CARTESIAN_POINT('',(-12.91,-14.,28.));
#5568 = VECTOR('',#5569,1.);
#5569 = DIRECTION('',(0.,-0.,-1.));
#5570 = PCURVE('',#1163,#5571);
#5571 = DEFINITIONAL_REPRESENTATION('',(#5572),#5575);
#5572 = B_SPLINE_CURVE_WITH_KNOTS('',1,(#5573,#5574),.UNSPECIFIED.,.F.,
  .F.,(2,2),(-37.889,-0.5),.PIECEWISE_BEZIER_KNOTS.);
#5573 = CARTESIAN_POINT('',(1.41,-37.389));
#5574 = CARTESIAN_POINT('',(1.41,0.));
#5575 = ( GEOMETRIC_REPRESENTATION_CONTEXT(2) 
PARAMETRIC_REPRESENTATION_CONTEXT() REPRESENTATION_CONTEXT('2D SPACE',''
  ) );
#5576 = PCURVE('',#1136,#5577);
#5577 = DEFINITIONAL_REPRESENTATION('',(#5578),#5581);
#5578 = B_SPLINE_CURVE_WITH_KNOTS('',1,(#5579,#5580),.UNSPECIFIED.,.F.,
  .F.,(2,2),(-37.889,-0.5),.PIECEWISE_BEZIER_KNOTS.);
#5579 = CARTESIAN_POINT('',(28.65,-38.389));
#5580 = CARTESIAN_POINT('',(28.65,-1.));
#5581 = ( GEOMETRIC_REPRESENTATION_CONTEXT(2) 
PARAMETRIC_REPRESENTATION_CONTEXT() REPRESENTATION_CONTEXT('2D SPACE',''
  ) );
#5582 = ORIENTED_EDGE('',*,*,#5583,.T.);
#5583 = EDGE_CURVE('',#5563,#5515,#5584,.T.);
#5584 = SURFACE_CURVE('',#5585,(#5589,#5596),.PCURVE_S1.);
#5585 = LINE('',#5586,#5587);
#5586 = CARTESIAN_POINT('',(-11.5,-14.,65.889));
#5587 = VECTOR('',#5588,1.);
#5588 = DIRECTION('',(-1.,0.,0.));
#5589 = PCURVE('',#1163,#5590);
#5590 = DEFINITIONAL_REPRESENTATION('',(#5591),#5595);
#5591 = LINE('',#5592,#5593);
#5592 = CARTESIAN_POINT('',(0.,-37.389));
#5593 = VECTOR('',#5594,1.);
#5594 = DIRECTION('',(1.,0.));
#5595 = ( GEOMETRIC_REPRESENTATION_CONTEXT(2) 
PARAMETRIC_REPRESENTATION_CONTEXT() REPRESENTATION_CONTEXT('2D SPACE',''
  ) );
#5596 = PCURVE('',#44,#5597);
#5597 = DEFINITIONAL_REPRESENTATION('',(#5598),#5602);
#5598 = LINE('',#5599,#5600);
#5599 = CARTESIAN_POINT('',(-24.41,-14.));
#5600 = VECTOR('',#5601,1.);
#5601 = DIRECTION('',(-1.,0.));
#5602 = ( GEOMETRIC_REPRESENTATION_CONTEXT(2) 
PARAMETRIC_REPRESENTATION_CONTEXT() REPRESENTATION_CONTEXT('2D SPACE',''
  ) );
#5603 = ORIENTED_EDGE('',*,*,#5514,.T.);
#5604 = ADVANCED_FACE('',(#5605),#1136,.F.);
#5605 = FACE_BOUND('',#5606,.F.);
#5606 = EDGE_LOOP('',(#5607,#5608,#5609,#5630));
#5607 = ORIENTED_EDGE('',*,*,#5562,.T.);
#5608 = ORIENTED_EDGE('',*,*,#1120,.T.);
#5609 = ORIENTED_EDGE('',*,*,#5610,.T.);
#5610 = EDGE_CURVE('',#1093,#5611,#5613,.T.);
#5611 = VERTEX_POINT('',#5612);
#5612 = CARTESIAN_POINT('',(-12.91,14.,65.889));
#5613 = SURFACE_CURVE('',#5614,(#5618,#5624),.PCURVE_S1.);
#5614 = LINE('',#5615,#5616);
#5615 = CARTESIAN_POINT('',(-12.91,14.,28.));
#5616 = VECTOR('',#5617,1.);
#5617 = DIRECTION('',(0.,-0.,1.));
#5618 = PCURVE('',#1136,#5619);
#5619 = DEFINITIONAL_REPRESENTATION('',(#5620),#5623);
#5620 = B_SPLINE_CURVE_WITH_KNOTS('',1,(#5621,#5622),.UNSPECIFIED.,.F.,
  .F.,(2,2),(0.5,37.889),.PIECEWISE_BEZIER_KNOTS.);
#5621 = CARTESIAN_POINT('',(0.65,-1.));
#5622 = CARTESIAN_POINT('',(0.65,-38.389));
#5623 = ( GEOMETRIC_REPRESENTATION_CONTEXT(2) 
PARAMETRIC_REPRESENTATION_CONTEXT() REPRESENTATION_CONTEXT('2D SPACE',''
  ) );
#5624 = PCURVE('',#1108,#5625);
#5625 = DEFINITIONAL_REPRESENTATION('',(#5626),#5629);
#5626 = B_SPLINE_CURVE_WITH_KNOTS('',1,(#5627,#5628),.UNSPECIFIED.,.F.,
  .F.,(2,2),(0.5,37.889),.PIECEWISE_BEZIER_KNOTS.);
#5627 = CARTESIAN_POINT('',(7.09,0.));
#5628 = CARTESIAN_POINT('',(7.09,-37.389));
#5629 = ( GEOMETRIC_REPRESENTATION_CONTEXT(2) 
PARAMETRIC_REPRESENTATION_CONTEXT() REPRESENTATION_CONTEXT('2D SPACE',''
  ) );
#5630 = ORIENTED_EDGE('',*,*,#5631,.F.);
#5631 = EDGE_CURVE('',#5563,#5611,#5632,.T.);
#5632 = SURFACE_CURVE('',#5633,(#5637,#5643),.PCURVE_S1.);
#5633 = LINE('',#5634,#5635);
#5634 = CARTESIAN_POINT('',(-12.91,7.325,65.889));
#5635 = VECTOR('',#5636,1.);
#5636 = DIRECTION('',(-0.,1.,0.));
#5637 = PCURVE('',#1136,#5638);
#5638 = DEFINITIONAL_REPRESENTATION('',(#5639),#5642);
#5639 = B_SPLINE_CURVE_WITH_KNOTS('',1,(#5640,#5641),.UNSPECIFIED.,.F.,
  .F.,(2,2),(-21.975,7.325),.PIECEWISE_BEZIER_KNOTS.);
#5640 = CARTESIAN_POINT('',(29.3,-38.389));
#5641 = CARTESIAN_POINT('',(0.,-38.389));
#5642 = ( GEOMETRIC_REPRESENTATION_CONTEXT(2) 
PARAMETRIC_REPRESENTATION_CONTEXT() REPRESENTATION_CONTEXT('2D SPACE',''
  ) );
#5643 = PCURVE('',#44,#5644);
#5644 = DEFINITIONAL_REPRESENTATION('',(#5645),#5649);
#5645 = LINE('',#5646,#5647);
#5646 = CARTESIAN_POINT('',(-25.82,7.325));
#5647 = VECTOR('',#5648,1.);
#5648 = DIRECTION('',(0.,1.));
#5649 = ( GEOMETRIC_REPRESENTATION_CONTEXT(2) 
PARAMETRIC_REPRESENTATION_CONTEXT() REPRESENTATION_CONTEXT('2D SPACE',''
  ) );
#5650 = ADVANCED_FACE('',(#5651),#1108,.F.);
#5651 = FACE_BOUND('',#5652,.F.);
#5652 = EDGE_LOOP('',(#5653,#5654,#5675,#5696));
#5653 = ORIENTED_EDGE('',*,*,#1092,.F.);
#5654 = ORIENTED_EDGE('',*,*,#5655,.F.);
#5655 = EDGE_CURVE('',#5656,#1064,#5658,.T.);
#5656 = VERTEX_POINT('',#5657);
#5657 = CARTESIAN_POINT('',(-17.12771867673,14.,65.889));
#5658 = SURFACE_CURVE('',#5659,(#5663,#5669),.PCURVE_S1.);
#5659 = LINE('',#5660,#5661);
#5660 = CARTESIAN_POINT('',(-17.12771867673,14.,28.5));
#5661 = VECTOR('',#5662,1.);
#5662 = DIRECTION('',(-0.,-0.,-1.));
#5663 = PCURVE('',#1108,#5664);
#5664 = DEFINITIONAL_REPRESENTATION('',(#5665),#5668);
#5665 = B_SPLINE_CURVE_WITH_KNOTS('',1,(#5666,#5667),.UNSPECIFIED.,.F.,
  .F.,(2,2),(-37.3890006,5.999999999062E-07),.PIECEWISE_BEZIER_KNOTS.);
#5666 = CARTESIAN_POINT('',(2.872281323269,-37.3890006));
#5667 = CARTESIAN_POINT('',(2.872281323269,5.999999999062E-07));
#5668 = ( GEOMETRIC_REPRESENTATION_CONTEXT(2) 
PARAMETRIC_REPRESENTATION_CONTEXT() REPRESENTATION_CONTEXT('2D SPACE',''
  ) );
#5669 = PCURVE('',#1080,#5670);
#5670 = DEFINITIONAL_REPRESENTATION('',(#5671),#5674);
#5671 = B_SPLINE_CURVE_WITH_KNOTS('',1,(#5672,#5673),.UNSPECIFIED.,.F.,
  .F.,(2,2),(-37.3890006,5.999999999062E-07),.PIECEWISE_BEZIER_KNOTS.);
#5672 = CARTESIAN_POINT('',(-5.674939728269,-37.3890006));
#5673 = CARTESIAN_POINT('',(-5.674939728269,5.999999999062E-07));
#5674 = ( GEOMETRIC_REPRESENTATION_CONTEXT(2) 
PARAMETRIC_REPRESENTATION_CONTEXT() REPRESENTATION_CONTEXT('2D SPACE',''
  ) );
#5675 = ORIENTED_EDGE('',*,*,#5676,.T.);
#5676 = EDGE_CURVE('',#5656,#5611,#5677,.T.);
#5677 = SURFACE_CURVE('',#5678,(#5682,#5689),.PCURVE_S1.);
#5678 = LINE('',#5679,#5680);
#5679 = CARTESIAN_POINT('',(-20.,14.,65.889));
#5680 = VECTOR('',#5681,1.);
#5681 = DIRECTION('',(1.,0.,0.));
#5682 = PCURVE('',#1108,#5683);
#5683 = DEFINITIONAL_REPRESENTATION('',(#5684),#5688);
#5684 = LINE('',#5685,#5686);
#5685 = CARTESIAN_POINT('',(0.,-37.389));
#5686 = VECTOR('',#5687,1.);
#5687 = DIRECTION('',(1.,0.));
#5688 = ( GEOMETRIC_REPRESENTATION_CONTEXT(2) 
PARAMETRIC_REPRESENTATION_CONTEXT() REPRESENTATION_CONTEXT('2D SPACE',''
  ) );
#5689 = PCURVE('',#44,#5690);
#5690 = DEFINITIONAL_REPRESENTATION('',(#5691),#5695);
#5691 = LINE('',#5692,#5693);
#5692 = CARTESIAN_POINT('',(-32.91,14.));
#5693 = VECTOR('',#5694,1.);
#5694 = DIRECTION('',(1.,0.));
#5695 = ( GEOMETRIC_REPRESENTATION_CONTEXT(2) 
PARAMETRIC_REPRESENTATION_CONTEXT() REPRESENTATION_CONTEXT('2D SPACE',''
  ) );
#5696 = ORIENTED_EDGE('',*,*,#5610,.F.);
#5697 = ADVANCED_FACE('',(#5698),#1080,.T.);
#5698 = FACE_BOUND('',#5699,.F.);
#5699 = EDGE_LOOP('',(#5700,#5701,#5722,#5744));
#5700 = ORIENTED_EDGE('',*,*,#1063,.F.);
#5701 = ORIENTED_EDGE('',*,*,#5702,.F.);
#5702 = EDGE_CURVE('',#5703,#1036,#5705,.T.);
#5703 = VERTEX_POINT('',#5704);
#5704 = CARTESIAN_POINT('',(-17.12771867673,18.,65.889));
#5705 = SURFACE_CURVE('',#5706,(#5710,#5716),.PCURVE_S1.);
#5706 = LINE('',#5707,#5708);
#5707 = CARTESIAN_POINT('',(-17.12771867673,18.,28.5));
#5708 = VECTOR('',#5709,1.);
#5709 = DIRECTION('',(-0.,-0.,-1.));
#5710 = PCURVE('',#1080,#5711);
#5711 = DEFINITIONAL_REPRESENTATION('',(#5712),#5715);
#5712 = B_SPLINE_CURVE_WITH_KNOTS('',1,(#5713,#5714),.UNSPECIFIED.,.F.,
  .F.,(2,2),(-37.3890006,5.999999999062E-07),.PIECEWISE_BEZIER_KNOTS.);
#5713 = CARTESIAN_POINT('',(-0.60824557891,-37.3890006));
#5714 = CARTESIAN_POINT('',(-0.60824557891,5.999999999062E-07));
#5715 = ( GEOMETRIC_REPRESENTATION_CONTEXT(2) 
PARAMETRIC_REPRESENTATION_CONTEXT() REPRESENTATION_CONTEXT('2D SPACE',''
  ) );
#5716 = PCURVE('',#1051,#5717);
#5717 = DEFINITIONAL_REPRESENTATION('',(#5718),#5721);
#5718 = B_SPLINE_CURVE_WITH_KNOTS('',1,(#5719,#5720),.UNSPECIFIED.,.F.,
  .F.,(2,2),(-37.3890006,5.999999999062E-07),.PIECEWISE_BEZIER_KNOTS.);
#5719 = CARTESIAN_POINT('',(5.627718676731,-37.3890006));
#5720 = CARTESIAN_POINT('',(5.627718676731,5.999999999062E-07));
#5721 = ( GEOMETRIC_REPRESENTATION_CONTEXT(2) 
PARAMETRIC_REPRESENTATION_CONTEXT() REPRESENTATION_CONTEXT('2D SPACE',''
  ) );
#5722 = ORIENTED_EDGE('',*,*,#5723,.T.);
#5723 = EDGE_CURVE('',#5703,#5656,#5724,.T.);
#5724 = SURFACE_CURVE('',#5725,(#5730,#5737),.PCURVE_S1.);
#5725 = CIRCLE('',#5726,3.5);
#5726 = AXIS2_PLACEMENT_3D('',#5727,#5728,#5729);
#5727 = CARTESIAN_POINT('',(-20.,16.,65.889));
#5728 = DIRECTION('',(0.,0.,1.));
#5729 = DIRECTION('',(1.,0.,0.));
#5730 = PCURVE('',#1080,#5731);
#5731 = DEFINITIONAL_REPRESENTATION('',(#5732),#5736);
#5732 = LINE('',#5733,#5734);
#5733 = CARTESIAN_POINT('',(-0.,-37.389));
#5734 = VECTOR('',#5735,1.);
#5735 = DIRECTION('',(-1.,0.));
#5736 = ( GEOMETRIC_REPRESENTATION_CONTEXT(2) 
PARAMETRIC_REPRESENTATION_CONTEXT() REPRESENTATION_CONTEXT('2D SPACE',''
  ) );
#5737 = PCURVE('',#44,#5738);
#5738 = DEFINITIONAL_REPRESENTATION('',(#5739),#5743);
#5739 = CIRCLE('',#5740,3.5);
#5740 = AXIS2_PLACEMENT_2D('',#5741,#5742);
#5741 = CARTESIAN_POINT('',(-32.91,16.));
#5742 = DIRECTION('',(1.,0.));
#5743 = ( GEOMETRIC_REPRESENTATION_CONTEXT(2) 
PARAMETRIC_REPRESENTATION_CONTEXT() REPRESENTATION_CONTEXT('2D SPACE',''
  ) );
#5744 = ORIENTED_EDGE('',*,*,#5655,.T.);
#5745 = ADVANCED_FACE('',(#5746),#1051,.F.);
#5746 = FACE_BOUND('',#5747,.F.);
#5747 = EDGE_LOOP('',(#5748,#5749,#5772,#5793));
#5748 = ORIENTED_EDGE('',*,*,#1035,.F.);
#5749 = ORIENTED_EDGE('',*,*,#5750,.T.);
#5750 = EDGE_CURVE('',#1008,#5751,#5753,.T.);
#5751 = VERTEX_POINT('',#5752);
#5752 = CARTESIAN_POINT('',(-11.5,18.,65.889));
#5753 = SURFACE_CURVE('',#5754,(#5758,#5765),.PCURVE_S1.);
#5754 = LINE('',#5755,#5756);
#5755 = CARTESIAN_POINT('',(-11.5,18.,28.5));
#5756 = VECTOR('',#5757,1.);
#5757 = DIRECTION('',(0.,0.,1.));
#5758 = PCURVE('',#1051,#5759);
#5759 = DEFINITIONAL_REPRESENTATION('',(#5760),#5764);
#5760 = LINE('',#5761,#5762);
#5761 = CARTESIAN_POINT('',(0.,-0.));
#5762 = VECTOR('',#5763,1.);
#5763 = DIRECTION('',(0.,-1.));
#5764 = ( GEOMETRIC_REPRESENTATION_CONTEXT(2) 
PARAMETRIC_REPRESENTATION_CONTEXT() REPRESENTATION_CONTEXT('2D SPACE',''
  ) );
#5765 = PCURVE('',#1023,#5766);
#5766 = DEFINITIONAL_REPRESENTATION('',(#5767),#5771);
#5767 = LINE('',#5768,#5769);
#5768 = CARTESIAN_POINT('',(4.,0.));
#5769 = VECTOR('',#5770,1.);
#5770 = DIRECTION('',(0.,-1.));
#5771 = ( GEOMETRIC_REPRESENTATION_CONTEXT(2) 
PARAMETRIC_REPRESENTATION_CONTEXT() REPRESENTATION_CONTEXT('2D SPACE',''
  ) );
#5772 = ORIENTED_EDGE('',*,*,#5773,.T.);
#5773 = EDGE_CURVE('',#5751,#5703,#5774,.T.);
#5774 = SURFACE_CURVE('',#5775,(#5779,#5786),.PCURVE_S1.);
#5775 = LINE('',#5776,#5777);
#5776 = CARTESIAN_POINT('',(-11.5,18.,65.889));
#5777 = VECTOR('',#5778,1.);
#5778 = DIRECTION('',(-1.,0.,0.));
#5779 = PCURVE('',#1051,#5780);
#5780 = DEFINITIONAL_REPRESENTATION('',(#5781),#5785);
#5781 = LINE('',#5782,#5783);
#5782 = CARTESIAN_POINT('',(0.,-37.389));
#5783 = VECTOR('',#5784,1.);
#5784 = DIRECTION('',(1.,0.));
#5785 = ( GEOMETRIC_REPRESENTATION_CONTEXT(2) 
PARAMETRIC_REPRESENTATION_CONTEXT() REPRESENTATION_CONTEXT('2D SPACE',''
  ) );
#5786 = PCURVE('',#44,#5787);
#5787 = DEFINITIONAL_REPRESENTATION('',(#5788),#5792);
#5788 = LINE('',#5789,#5790);
#5789 = CARTESIAN_POINT('',(-24.41,18.));
#5790 = VECTOR('',#5791,1.);
#5791 = DIRECTION('',(-1.,0.));
#5792 = ( GEOMETRIC_REPRESENTATION_CONTEXT(2) 
PARAMETRIC_REPRESENTATION_CONTEXT() REPRESENTATION_CONTEXT('2D SPACE',''
  ) );
#5793 = ORIENTED_EDGE('',*,*,#5702,.T.);
#5794 = ADVANCED_FACE('',(#5795),#1023,.F.);
#5795 = FACE_BOUND('',#5796,.F.);
#5796 = EDGE_LOOP('',(#5797,#5798,#5819,#5840));
#5797 = ORIENTED_EDGE('',*,*,#1007,.F.);
#5798 = ORIENTED_EDGE('',*,*,#5799,.F.);
#5799 = EDGE_CURVE('',#5800,#981,#5802,.T.);
#5800 = VERTEX_POINT('',#5801);
#5801 = CARTESIAN_POINT('',(-11.5,14.65,65.889));
#5802 = SURFACE_CURVE('',#5803,(#5807,#5813),.PCURVE_S1.);
#5803 = LINE('',#5804,#5805);
#5804 = CARTESIAN_POINT('',(-11.5,14.65,28.));
#5805 = VECTOR('',#5806,1.);
#5806 = DIRECTION('',(-0.,-0.,-1.));
#5807 = PCURVE('',#1023,#5808);
#5808 = DEFINITIONAL_REPRESENTATION('',(#5809),#5812);
#5809 = B_SPLINE_CURVE_WITH_KNOTS('',1,(#5810,#5811),.UNSPECIFIED.,.F.,
  .F.,(2,2),(-37.889,-0.5),.PIECEWISE_BEZIER_KNOTS.);
#5810 = CARTESIAN_POINT('',(0.65,-37.389));
#5811 = CARTESIAN_POINT('',(0.65,0.));
#5812 = ( GEOMETRIC_REPRESENTATION_CONTEXT(2) 
PARAMETRIC_REPRESENTATION_CONTEXT() REPRESENTATION_CONTEXT('2D SPACE',''
  ) );
#5813 = PCURVE('',#996,#5814);
#5814 = DEFINITIONAL_REPRESENTATION('',(#5815),#5818);
#5815 = B_SPLINE_CURVE_WITH_KNOTS('',1,(#5816,#5817),.UNSPECIFIED.,.F.,
  .F.,(2,2),(-37.889,-0.5),.PIECEWISE_BEZIER_KNOTS.);
#5816 = CARTESIAN_POINT('',(49.41,-38.389));
#5817 = CARTESIAN_POINT('',(49.41,-1.));
#5818 = ( GEOMETRIC_REPRESENTATION_CONTEXT(2) 
PARAMETRIC_REPRESENTATION_CONTEXT() REPRESENTATION_CONTEXT('2D SPACE',''
  ) );
#5819 = ORIENTED_EDGE('',*,*,#5820,.T.);
#5820 = EDGE_CURVE('',#5800,#5751,#5821,.T.);
#5821 = SURFACE_CURVE('',#5822,(#5826,#5833),.PCURVE_S1.);
#5822 = LINE('',#5823,#5824);
#5823 = CARTESIAN_POINT('',(-11.5,14.,65.889));
#5824 = VECTOR('',#5825,1.);
#5825 = DIRECTION('',(0.,1.,0.));
#5826 = PCURVE('',#1023,#5827);
#5827 = DEFINITIONAL_REPRESENTATION('',(#5828),#5832);
#5828 = LINE('',#5829,#5830);
#5829 = CARTESIAN_POINT('',(0.,-37.389));
#5830 = VECTOR('',#5831,1.);
#5831 = DIRECTION('',(1.,0.));
#5832 = ( GEOMETRIC_REPRESENTATION_CONTEXT(2) 
PARAMETRIC_REPRESENTATION_CONTEXT() REPRESENTATION_CONTEXT('2D SPACE',''
  ) );
#5833 = PCURVE('',#44,#5834);
#5834 = DEFINITIONAL_REPRESENTATION('',(#5835),#5839);
#5835 = LINE('',#5836,#5837);
#5836 = CARTESIAN_POINT('',(-24.41,14.));
#5837 = VECTOR('',#5838,1.);
#5838 = DIRECTION('',(0.,1.));
#5839 = ( GEOMETRIC_REPRESENTATION_CONTEXT(2) 
PARAMETRIC_REPRESENTATION_CONTEXT() REPRESENTATION_CONTEXT('2D SPACE',''
  ) );
#5840 = ORIENTED_EDGE('',*,*,#5750,.F.);
#5841 = ADVANCED_FACE('',(#5842),#996,.F.);
#5842 = FACE_BOUND('',#5843,.F.);
#5843 = EDGE_LOOP('',(#5844,#5866,#5867,#5868));
#5844 = ORIENTED_EDGE('',*,*,#5845,.F.);
#5845 = EDGE_CURVE('',#5800,#5846,#5848,.T.);
#5846 = VERTEX_POINT('',#5847);
#5847 = CARTESIAN_POINT('',(22.770836021506,14.65,65.889));
#5848 = SURFACE_CURVE('',#5849,(#5853,#5859),.PCURVE_S1.);
#5849 = LINE('',#5850,#5851);
#5850 = CARTESIAN_POINT('',(25.41,14.65,65.889));
#5851 = VECTOR('',#5852,1.);
#5852 = DIRECTION('',(1.,0.,-0.));
#5853 = PCURVE('',#996,#5854);
#5854 = DEFINITIONAL_REPRESENTATION('',(#5855),#5858);
#5855 = B_SPLINE_CURVE_WITH_KNOTS('',1,(#5856,#5857),.UNSPECIFIED.,.F.,
  .F.,(2,2),(-38.32,10.1),.PIECEWISE_BEZIER_KNOTS.);
#5856 = CARTESIAN_POINT('',(50.82,-38.389));
#5857 = CARTESIAN_POINT('',(2.4,-38.389));
#5858 = ( GEOMETRIC_REPRESENTATION_CONTEXT(2) 
PARAMETRIC_REPRESENTATION_CONTEXT() REPRESENTATION_CONTEXT('2D SPACE',''
  ) );
#5859 = PCURVE('',#44,#5860);
#5860 = DEFINITIONAL_REPRESENTATION('',(#5861),#5865);
#5861 = LINE('',#5862,#5863);
#5862 = CARTESIAN_POINT('',(12.5,14.65));
#5863 = VECTOR('',#5864,1.);
#5864 = DIRECTION('',(1.,0.));
#5865 = ( GEOMETRIC_REPRESENTATION_CONTEXT(2) 
PARAMETRIC_REPRESENTATION_CONTEXT() REPRESENTATION_CONTEXT('2D SPACE',''
  ) );
#5866 = ORIENTED_EDGE('',*,*,#5799,.T.);
#5867 = ORIENTED_EDGE('',*,*,#980,.T.);
#5868 = ORIENTED_EDGE('',*,*,#5869,.F.);
#5869 = EDGE_CURVE('',#5846,#952,#5870,.T.);
#5870 = SURFACE_CURVE('',#5871,(#5875,#5881),.PCURVE_S1.);
#5871 = LINE('',#5872,#5873);
#5872 = CARTESIAN_POINT('',(22.770836021506,14.65,28.5));
#5873 = VECTOR('',#5874,1.);
#5874 = DIRECTION('',(-0.,-0.,-1.));
#5875 = PCURVE('',#996,#5876);
#5876 = DEFINITIONAL_REPRESENTATION('',(#5877),#5880);
#5877 = B_SPLINE_CURVE_WITH_KNOTS('',1,(#5878,#5879),.UNSPECIFIED.,.F.,
  .F.,(2,2),(-37.3890006,5.999999999062E-07),.PIECEWISE_BEZIER_KNOTS.);
#5878 = CARTESIAN_POINT('',(15.139163978493,-38.3890006));
#5879 = CARTESIAN_POINT('',(15.139163978493,-0.9999994));
#5880 = ( GEOMETRIC_REPRESENTATION_CONTEXT(2) 
PARAMETRIC_REPRESENTATION_CONTEXT() REPRESENTATION_CONTEXT('2D SPACE',''
  ) );
#5881 = PCURVE('',#968,#5882);
#5882 = DEFINITIONAL_REPRESENTATION('',(#5883),#5886);
#5883 = B_SPLINE_CURVE_WITH_KNOTS('',1,(#5884,#5885),.UNSPECIFIED.,.F.,
  .F.,(2,2),(-37.3890006,5.999999999062E-07),.PIECEWISE_BEZIER_KNOTS.);
#5884 = CARTESIAN_POINT('',(-3.537574545165,-37.3890006));
#5885 = CARTESIAN_POINT('',(-3.537574545165,5.999999999062E-07));
#5886 = ( GEOMETRIC_REPRESENTATION_CONTEXT(2) 
PARAMETRIC_REPRESENTATION_CONTEXT() REPRESENTATION_CONTEXT('2D SPACE',''
  ) );
#5887 = ADVANCED_FACE('',(#5888),#968,.T.);
#5888 = FACE_BOUND('',#5889,.F.);
#5889 = EDGE_LOOP('',(#5890,#5891,#5892,#5914));
#5890 = ORIENTED_EDGE('',*,*,#949,.F.);
#5891 = ORIENTED_EDGE('',*,*,#5102,.F.);
#5892 = ORIENTED_EDGE('',*,*,#5893,.T.);
#5893 = EDGE_CURVE('',#5053,#5846,#5894,.T.);
#5894 = SURFACE_CURVE('',#5895,(#5900,#5907),.PCURVE_S1.);
#5895 = CIRCLE('',#5896,3.5);
#5896 = AXIS2_PLACEMENT_3D('',#5897,#5898,#5899);
#5897 = CARTESIAN_POINT('',(26.,16.,65.889));
#5898 = DIRECTION('',(0.,0.,1.));
#5899 = DIRECTION('',(1.,0.,0.));
#5900 = PCURVE('',#968,#5901);
#5901 = DEFINITIONAL_REPRESENTATION('',(#5902),#5906);
#5902 = LINE('',#5903,#5904);
#5903 = CARTESIAN_POINT('',(-0.,-37.389));
#5904 = VECTOR('',#5905,1.);
#5905 = DIRECTION('',(-1.,0.));
#5906 = ( GEOMETRIC_REPRESENTATION_CONTEXT(2) 
PARAMETRIC_REPRESENTATION_CONTEXT() REPRESENTATION_CONTEXT('2D SPACE',''
  ) );
#5907 = PCURVE('',#44,#5908);
#5908 = DEFINITIONAL_REPRESENTATION('',(#5909),#5913);
#5909 = CIRCLE('',#5910,3.5);
#5910 = AXIS2_PLACEMENT_2D('',#5911,#5912);
#5911 = CARTESIAN_POINT('',(13.09,16.));
#5912 = DIRECTION('',(1.,0.));
#5913 = ( GEOMETRIC_REPRESENTATION_CONTEXT(2) 
PARAMETRIC_REPRESENTATION_CONTEXT() REPRESENTATION_CONTEXT('2D SPACE',''
  ) );
#5914 = ORIENTED_EDGE('',*,*,#5869,.T.);
#5915 = ADVANCED_FACE('',(#5916),#935,.F.);
#5916 = FACE_BOUND('',#5917,.T.);
#5917 = EDGE_LOOP('',(#5918,#5948,#5967,#5968));
#5918 = ORIENTED_EDGE('',*,*,#5919,.F.);
#5919 = EDGE_CURVE('',#5920,#5922,#5924,.T.);
#5920 = VERTEX_POINT('',#5921);
#5921 = CARTESIAN_POINT('',(30.118646082711,-14.65,65.889));
#5922 = VERTEX_POINT('',#5923);
#5923 = CARTESIAN_POINT('',(29.448607665609,-15.40241722857,65.889));
#5924 = SURFACE_CURVE('',#5925,(#5930,#5937),.PCURVE_S1.);
#5925 = CIRCLE('',#5926,22.6);
#5926 = AXIS2_PLACEMENT_3D('',#5927,#5928,#5929);
#5927 = CARTESIAN_POINT('',(12.91,0.,65.889));
#5928 = DIRECTION('',(0.,0.,-1.));
#5929 = DIRECTION('',(0.,1.,0.));
#5930 = PCURVE('',#935,#5931);
#5931 = DEFINITIONAL_REPRESENTATION('',(#5932),#5936);
#5932 = LINE('',#5933,#5934);
#5933 = CARTESIAN_POINT('',(-7.853981633974,-37.389));
#5934 = VECTOR('',#5935,1.);
#5935 = DIRECTION('',(1.,-0.));
#5936 = ( GEOMETRIC_REPRESENTATION_CONTEXT(2) 
PARAMETRIC_REPRESENTATION_CONTEXT() REPRESENTATION_CONTEXT('2D SPACE',''
  ) );
#5937 = PCURVE('',#44,#5938);
#5938 = DEFINITIONAL_REPRESENTATION('',(#5939),#5947);
#5939 = ( BOUNDED_CURVE() B_SPLINE_CURVE(2,(#5940,#5941,#5942,#5943,
#5944,#5945,#5946),.UNSPECIFIED.,.T.,.F.) B_SPLINE_CURVE_WITH_KNOTS((1,2
    ,2,2,2,1),(-2.094395102393,0.,2.094395102393,4.188790204786,
6.28318530718,8.377580409573),.UNSPECIFIED.) CURVE() 
GEOMETRIC_REPRESENTATION_ITEM() RATIONAL_B_SPLINE_CURVE((1.,0.5,1.,0.5,
1.,0.5,1.)) REPRESENTATION_ITEM('') );
#5940 = CARTESIAN_POINT('',(1.7763568394E-15,22.6));
#5941 = CARTESIAN_POINT('',(39.144348251057,22.6));
#5942 = CARTESIAN_POINT('',(19.572174125528,-11.3));
#5943 = CARTESIAN_POINT('',(7.311760371546E-15,-45.2));
#5944 = CARTESIAN_POINT('',(-19.57217412552,-11.3));
#5945 = CARTESIAN_POINT('',(-39.14434825105,22.6));
#5946 = CARTESIAN_POINT('',(1.7763568394E-15,22.6));
#5947 = ( GEOMETRIC_REPRESENTATION_CONTEXT(2) 
PARAMETRIC_REPRESENTATION_CONTEXT() REPRESENTATION_CONTEXT('2D SPACE',''
  ) );
#5948 = ORIENTED_EDGE('',*,*,#5949,.T.);
#5949 = EDGE_CURVE('',#5920,#890,#5950,.T.);
#5950 = SURFACE_CURVE('',#5951,(#5955,#5961),.PCURVE_S1.);
#5951 = LINE('',#5952,#5953);
#5952 = CARTESIAN_POINT('',(30.118646082711,-14.65,28.5));
#5953 = VECTOR('',#5954,1.);
#5954 = DIRECTION('',(-0.,-0.,-1.));
#5955 = PCURVE('',#935,#5956);
#5956 = DEFINITIONAL_REPRESENTATION('',(#5957),#5960);
#5957 = B_SPLINE_CURVE_WITH_KNOTS('',1,(#5958,#5959),.UNSPECIFIED.,.F.,
  .F.,(2,2),(-37.3890006,5.999999999062E-07),.PIECEWISE_BEZIER_KNOTS.);
#5958 = CARTESIAN_POINT('',(-5.577927589866,-37.3890006));
#5959 = CARTESIAN_POINT('',(-5.577927589866,5.999999999062E-07));
#5960 = ( GEOMETRIC_REPRESENTATION_CONTEXT(2) 
PARAMETRIC_REPRESENTATION_CONTEXT() REPRESENTATION_CONTEXT('2D SPACE',''
  ) );
#5961 = PCURVE('',#905,#5962);
#5962 = DEFINITIONAL_REPRESENTATION('',(#5963),#5966);
#5963 = B_SPLINE_CURVE_WITH_KNOTS('',1,(#5964,#5965),.UNSPECIFIED.,.F.,
  .F.,(2,2),(-37.3890006,5.999999999062E-07),.PIECEWISE_BEZIER_KNOTS.);
#5964 = CARTESIAN_POINT('',(43.028646082711,-38.3890006));
#5965 = CARTESIAN_POINT('',(43.028646082711,-0.9999994));
#5966 = ( GEOMETRIC_REPRESENTATION_CONTEXT(2) 
PARAMETRIC_REPRESENTATION_CONTEXT() REPRESENTATION_CONTEXT('2D SPACE',''
  ) );
#5967 = ORIENTED_EDGE('',*,*,#916,.T.);
#5968 = ORIENTED_EDGE('',*,*,#5969,.F.);
#5969 = EDGE_CURVE('',#5922,#859,#5970,.T.);
#5970 = SURFACE_CURVE('',#5971,(#5975,#5981),.PCURVE_S1.);
#5971 = LINE('',#5972,#5973);
#5972 = CARTESIAN_POINT('',(29.448607665609,-15.40241722857,28.5));
#5973 = VECTOR('',#5974,1.);
#5974 = DIRECTION('',(-0.,-0.,-1.));
#5975 = PCURVE('',#935,#5976);
#5976 = DEFINITIONAL_REPRESENTATION('',(#5977),#5980);
#5977 = B_SPLINE_CURVE_WITH_KNOTS('',1,(#5978,#5979),.UNSPECIFIED.,.F.,
  .F.,(2,2),(-37.3890006,5.999999999062E-07),.PIECEWISE_BEZIER_KNOTS.);
#5978 = CARTESIAN_POINT('',(-5.533343660357,-37.3890006));
#5979 = CARTESIAN_POINT('',(-5.533343660357,5.999999999062E-07));
#5980 = ( GEOMETRIC_REPRESENTATION_CONTEXT(2) 
PARAMETRIC_REPRESENTATION_CONTEXT() REPRESENTATION_CONTEXT('2D SPACE',''
  ) );
#5981 = PCURVE('',#877,#5982);
#5982 = DEFINITIONAL_REPRESENTATION('',(#5983),#5986);
#5983 = B_SPLINE_CURVE_WITH_KNOTS('',1,(#5984,#5985),.UNSPECIFIED.,.F.,
  .F.,(2,2),(-37.3890006,5.999999999062E-07),.PIECEWISE_BEZIER_KNOTS.);
#5984 = CARTESIAN_POINT('',(-0.171578552258,-37.3890006));
#5985 = CARTESIAN_POINT('',(-0.171578552258,5.999999999062E-07));
#5986 = ( GEOMETRIC_REPRESENTATION_CONTEXT(2) 
PARAMETRIC_REPRESENTATION_CONTEXT() REPRESENTATION_CONTEXT('2D SPACE',''
  ) );
#5987 = ADVANCED_FACE('',(#5988),#905,.F.);
#5988 = FACE_BOUND('',#5989,.F.);
#5989 = EDGE_LOOP('',(#5990,#6012,#6013,#6014));
#5990 = ORIENTED_EDGE('',*,*,#5991,.F.);
#5991 = EDGE_CURVE('',#5920,#5992,#5994,.T.);
#5992 = VERTEX_POINT('',#5993);
#5993 = CARTESIAN_POINT('',(29.229163978493,-14.65,65.889));
#5994 = SURFACE_CURVE('',#5995,(#5999,#6005),.PCURVE_S1.);
#5995 = LINE('',#5996,#5997);
#5996 = CARTESIAN_POINT('',(-8.881784197001E-16,-14.65,65.889));
#5997 = VECTOR('',#5998,1.);
#5998 = DIRECTION('',(-1.,0.,0.));
#5999 = PCURVE('',#905,#6000);
#6000 = DEFINITIONAL_REPRESENTATION('',(#6001),#6004);
#6001 = B_SPLINE_CURVE_WITH_KNOTS('',1,(#6002,#6003),.UNSPECIFIED.,.F.,
  .F.,(2,2),(-35.51,12.91),.PIECEWISE_BEZIER_KNOTS.);
#6002 = CARTESIAN_POINT('',(48.42,-38.389));
#6003 = CARTESIAN_POINT('',(0.,-38.389));
#6004 = ( GEOMETRIC_REPRESENTATION_CONTEXT(2) 
PARAMETRIC_REPRESENTATION_CONTEXT() REPRESENTATION_CONTEXT('2D SPACE',''
  ) );
#6005 = PCURVE('',#44,#6006);
#6006 = DEFINITIONAL_REPRESENTATION('',(#6007),#6011);
#6007 = LINE('',#6008,#6009);
#6008 = CARTESIAN_POINT('',(-12.91,-14.65));
#6009 = VECTOR('',#6010,1.);
#6010 = DIRECTION('',(-1.,0.));
#6011 = ( GEOMETRIC_REPRESENTATION_CONTEXT(2) 
PARAMETRIC_REPRESENTATION_CONTEXT() REPRESENTATION_CONTEXT('2D SPACE',''
  ) );
#6012 = ORIENTED_EDGE('',*,*,#5949,.T.);
#6013 = ORIENTED_EDGE('',*,*,#889,.T.);
#6014 = ORIENTED_EDGE('',*,*,#6015,.F.);
#6015 = EDGE_CURVE('',#5992,#861,#6016,.T.);
#6016 = SURFACE_CURVE('',#6017,(#6021,#6027),.PCURVE_S1.);
#6017 = LINE('',#6018,#6019);
#6018 = CARTESIAN_POINT('',(29.229163978494,-14.65,28.5));
#6019 = VECTOR('',#6020,1.);
#6020 = DIRECTION('',(-0.,-0.,-1.));
#6021 = PCURVE('',#905,#6022);
#6022 = DEFINITIONAL_REPRESENTATION('',(#6023),#6026);
#6023 = B_SPLINE_CURVE_WITH_KNOTS('',1,(#6024,#6025),.UNSPECIFIED.,.F.,
  .F.,(2,2),(-37.3890006,5.999999999062E-07),.PIECEWISE_BEZIER_KNOTS.);
#6024 = CARTESIAN_POINT('',(42.139163978493,-38.3890006));
#6025 = CARTESIAN_POINT('',(42.139163978493,-0.9999994));
#6026 = ( GEOMETRIC_REPRESENTATION_CONTEXT(2) 
PARAMETRIC_REPRESENTATION_CONTEXT() REPRESENTATION_CONTEXT('2D SPACE',''
  ) );
#6027 = PCURVE('',#877,#6028);
#6028 = DEFINITIONAL_REPRESENTATION('',(#6029),#6032);
#6029 = B_SPLINE_CURVE_WITH_KNOTS('',1,(#6030,#6031),.UNSPECIFIED.,.F.,
  .F.,(2,2),(-37.3890006,5.999999999062E-07),.PIECEWISE_BEZIER_KNOTS.);
#6030 = CARTESIAN_POINT('',(-0.395981891575,-37.3890006));
#6031 = CARTESIAN_POINT('',(-0.395981891575,5.999999999062E-07));
#6032 = ( GEOMETRIC_REPRESENTATION_CONTEXT(2) 
PARAMETRIC_REPRESENTATION_CONTEXT() REPRESENTATION_CONTEXT('2D SPACE',''
  ) );
#6033 = ADVANCED_FACE('',(#6034),#877,.T.);
#6034 = FACE_BOUND('',#6035,.F.);
#6035 = EDGE_LOOP('',(#6036,#6037,#6038,#6060));
#6036 = ORIENTED_EDGE('',*,*,#858,.F.);
#6037 = ORIENTED_EDGE('',*,*,#5969,.F.);
#6038 = ORIENTED_EDGE('',*,*,#6039,.T.);
#6039 = EDGE_CURVE('',#5922,#5992,#6040,.T.);
#6040 = SURFACE_CURVE('',#6041,(#6046,#6053),.PCURVE_S1.);
#6041 = CIRCLE('',#6042,3.5);
#6042 = AXIS2_PLACEMENT_3D('',#6043,#6044,#6045);
#6043 = CARTESIAN_POINT('',(26.,-16.,65.889));
#6044 = DIRECTION('',(0.,0.,1.));
#6045 = DIRECTION('',(1.,0.,0.));
#6046 = PCURVE('',#877,#6047);
#6047 = DEFINITIONAL_REPRESENTATION('',(#6048),#6052);
#6048 = LINE('',#6049,#6050);
#6049 = CARTESIAN_POINT('',(-0.,-37.389));
#6050 = VECTOR('',#6051,1.);
#6051 = DIRECTION('',(-1.,0.));
#6052 = ( GEOMETRIC_REPRESENTATION_CONTEXT(2) 
PARAMETRIC_REPRESENTATION_CONTEXT() REPRESENTATION_CONTEXT('2D SPACE',''
  ) );
#6053 = PCURVE('',#44,#6054);
#6054 = DEFINITIONAL_REPRESENTATION('',(#6055),#6059);
#6055 = CIRCLE('',#6056,3.5);
#6056 = AXIS2_PLACEMENT_2D('',#6057,#6058);
#6057 = CARTESIAN_POINT('',(13.09,-16.));
#6058 = DIRECTION('',(1.,0.));
#6059 = ( GEOMETRIC_REPRESENTATION_CONTEXT(2) 
PARAMETRIC_REPRESENTATION_CONTEXT() REPRESENTATION_CONTEXT('2D SPACE',''
  ) );
#6060 = ORIENTED_EDGE('',*,*,#6015,.T.);
#6061 = ADVANCED_FACE('',(#6062),#844,.F.);
#6062 = FACE_BOUND('',#6063,.T.);
#6063 = EDGE_LOOP('',(#6064,#6092,#6112,#6113));
#6064 = ORIENTED_EDGE('',*,*,#6065,.F.);
#6065 = EDGE_CURVE('',#6066,#6066,#6068,.T.);
#6066 = VERTEX_POINT('',#6067);
#6067 = CARTESIAN_POINT('',(27.033198915988,-14.65,65.889));
#6068 = SURFACE_CURVE('',#6069,(#6074,#6081),.PCURVE_S1.);
#6069 = CIRCLE('',#6070,1.7);
#6070 = AXIS2_PLACEMENT_3D('',#6071,#6072,#6073);
#6071 = CARTESIAN_POINT('',(26.,-16.,65.889));
#6072 = DIRECTION('',(0.,0.,-1.));
#6073 = DIRECTION('',(0.607764068229,0.794117647059,0.));
#6074 = PCURVE('',#844,#6075);
#6075 = DEFINITIONAL_REPRESENTATION('',(#6076),#6080);
#6076 = LINE('',#6077,#6078);
#6077 = CARTESIAN_POINT('',(-7.200739704794,-38.389));
#6078 = VECTOR('',#6079,1.);
#6079 = DIRECTION('',(1.,-0.));
#6080 = ( GEOMETRIC_REPRESENTATION_CONTEXT(2) 
PARAMETRIC_REPRESENTATION_CONTEXT() REPRESENTATION_CONTEXT('2D SPACE',''
  ) );
#6081 = PCURVE('',#44,#6082);
#6082 = DEFINITIONAL_REPRESENTATION('',(#6083),#6091);
#6083 = ( BOUNDED_CURVE() B_SPLINE_CURVE(2,(#6084,#6085,#6086,#6087,
#6088,#6089,#6090),.UNSPECIFIED.,.T.,.F.) B_SPLINE_CURVE_WITH_KNOTS((1,2
    ,2,2,2,1),(-2.094395102393,0.,2.094395102393,4.188790204786,
6.28318530718,8.377580409573),.UNSPECIFIED.) CURVE() 
GEOMETRIC_REPRESENTATION_ITEM() RATIONAL_B_SPLINE_CURVE((1.,0.5,1.,0.5,
1.,0.5,1.)) REPRESENTATION_ITEM('') );
#6084 = CARTESIAN_POINT('',(14.123198915989,-14.65));
#6085 = CARTESIAN_POINT('',(16.461467506207,-16.43955301681));
#6086 = CARTESIAN_POINT('',(13.742534837115,-17.5697765084));
#6087 = CARTESIAN_POINT('',(11.023602168023,-18.7));
#6088 = CARTESIAN_POINT('',(11.404266246897,-15.78022349159));
#6089 = CARTESIAN_POINT('',(11.78493032577,-12.86044698318));
#6090 = CARTESIAN_POINT('',(14.123198915989,-14.65));
#6091 = ( GEOMETRIC_REPRESENTATION_CONTEXT(2) 
PARAMETRIC_REPRESENTATION_CONTEXT() REPRESENTATION_CONTEXT('2D SPACE',''
  ) );
#6092 = ORIENTED_EDGE('',*,*,#6093,.T.);
#6093 = EDGE_CURVE('',#6066,#828,#6094,.T.);
#6094 = SEAM_CURVE('',#6095,(#6099,#6105),.PCURVE_S1.);
#6095 = LINE('',#6096,#6097);
#6096 = CARTESIAN_POINT('',(27.033198915989,-14.65,27.5));
#6097 = VECTOR('',#6098,1.);
#6098 = DIRECTION('',(-0.,-0.,-1.));
#6099 = PCURVE('',#844,#6100);
#6100 = DEFINITIONAL_REPRESENTATION('',(#6101),#6104);
#6101 = B_SPLINE_CURVE_WITH_KNOTS('',1,(#6102,#6103),.UNSPECIFIED.,.F.,
  .F.,(2,2),(-38.389,-1.),.PIECEWISE_BEZIER_KNOTS.);
#6102 = CARTESIAN_POINT('',(-7.200739704794,-38.389));
#6103 = CARTESIAN_POINT('',(-7.200739704794,-1.));
#6104 = ( GEOMETRIC_REPRESENTATION_CONTEXT(2) 
PARAMETRIC_REPRESENTATION_CONTEXT() REPRESENTATION_CONTEXT('2D SPACE',''
  ) );
#6105 = PCURVE('',#844,#6106);
#6106 = DEFINITIONAL_REPRESENTATION('',(#6107),#6111);
#6107 = LINE('',#6108,#6109);
#6108 = CARTESIAN_POINT('',(-0.917554397614,0.));
#6109 = VECTOR('',#6110,1.);
#6110 = DIRECTION('',(-0.,1.));
#6111 = ( GEOMETRIC_REPRESENTATION_CONTEXT(2) 
PARAMETRIC_REPRESENTATION_CONTEXT() REPRESENTATION_CONTEXT('2D SPACE',''
  ) );
#6112 = ORIENTED_EDGE('',*,*,#827,.F.);
#6113 = ORIENTED_EDGE('',*,*,#6093,.F.);
#6114 = ADVANCED_FACE('',(#6115),#813,.F.);
#6115 = FACE_BOUND('',#6116,.T.);
#6116 = EDGE_LOOP('',(#6117,#6118,#6141,#6167));
#6117 = ORIENTED_EDGE('',*,*,#792,.T.);
#6118 = ORIENTED_EDGE('',*,*,#6119,.T.);
#6119 = EDGE_CURVE('',#793,#6120,#6122,.T.);
#6120 = VERTEX_POINT('',#6121);
#6121 = CARTESIAN_POINT('',(-18.3,-16.,65.889));
#6122 = SEAM_CURVE('',#6123,(#6127,#6134),.PCURVE_S1.);
#6123 = LINE('',#6124,#6125);
#6124 = CARTESIAN_POINT('',(-18.3,-16.,27.5));
#6125 = VECTOR('',#6126,1.);
#6126 = DIRECTION('',(0.,0.,1.));
#6127 = PCURVE('',#813,#6128);
#6128 = DEFINITIONAL_REPRESENTATION('',(#6129),#6133);
#6129 = LINE('',#6130,#6131);
#6130 = CARTESIAN_POINT('',(-6.28318530718,0.));
#6131 = VECTOR('',#6132,1.);
#6132 = DIRECTION('',(-0.,-1.));
#6133 = ( GEOMETRIC_REPRESENTATION_CONTEXT(2) 
PARAMETRIC_REPRESENTATION_CONTEXT() REPRESENTATION_CONTEXT('2D SPACE',''
  ) );
#6134 = PCURVE('',#813,#6135);
#6135 = DEFINITIONAL_REPRESENTATION('',(#6136),#6140);
#6136 = LINE('',#6137,#6138);
#6137 = CARTESIAN_POINT('',(-0.,0.));
#6138 = VECTOR('',#6139,1.);
#6139 = DIRECTION('',(-0.,-1.));
#6140 = ( GEOMETRIC_REPRESENTATION_CONTEXT(2) 
PARAMETRIC_REPRESENTATION_CONTEXT() REPRESENTATION_CONTEXT('2D SPACE',''
  ) );
#6141 = ORIENTED_EDGE('',*,*,#6142,.F.);
#6142 = EDGE_CURVE('',#6120,#6120,#6143,.T.);
#6143 = SURFACE_CURVE('',#6144,(#6149,#6156),.PCURVE_S1.);
#6144 = CIRCLE('',#6145,1.7);
#6145 = AXIS2_PLACEMENT_3D('',#6146,#6147,#6148);
#6146 = CARTESIAN_POINT('',(-20.,-16.,65.889));
#6147 = DIRECTION('',(0.,0.,-1.));
#6148 = DIRECTION('',(1.,0.,0.));
#6149 = PCURVE('',#813,#6150);
#6150 = DEFINITIONAL_REPRESENTATION('',(#6151),#6155);
#6151 = LINE('',#6152,#6153);
#6152 = CARTESIAN_POINT('',(-6.28318530718,-38.389));
#6153 = VECTOR('',#6154,1.);
#6154 = DIRECTION('',(1.,-0.));
#6155 = ( GEOMETRIC_REPRESENTATION_CONTEXT(2) 
PARAMETRIC_REPRESENTATION_CONTEXT() REPRESENTATION_CONTEXT('2D SPACE',''
  ) );
#6156 = PCURVE('',#44,#6157);
#6157 = DEFINITIONAL_REPRESENTATION('',(#6158),#6166);
#6158 = ( BOUNDED_CURVE() B_SPLINE_CURVE(2,(#6159,#6160,#6161,#6162,
#6163,#6164,#6165),.UNSPECIFIED.,.T.,.F.) B_SPLINE_CURVE_WITH_KNOTS((1,2
    ,2,2,2,1),(-2.094395102393,0.,2.094395102393,4.188790204786,
6.28318530718,8.377580409573),.UNSPECIFIED.) CURVE() 
GEOMETRIC_REPRESENTATION_ITEM() RATIONAL_B_SPLINE_CURVE((1.,0.5,1.,0.5,
1.,0.5,1.)) REPRESENTATION_ITEM('') );
#6159 = CARTESIAN_POINT('',(-31.21,-16.));
#6160 = CARTESIAN_POINT('',(-31.21,-18.94448637286));
#6161 = CARTESIAN_POINT('',(-33.76,-17.47224318643));
#6162 = CARTESIAN_POINT('',(-36.31,-16.));
#6163 = CARTESIAN_POINT('',(-33.76,-14.52775681356));
#6164 = CARTESIAN_POINT('',(-31.21,-13.05551362713));
#6165 = CARTESIAN_POINT('',(-31.21,-16.));
#6166 = ( GEOMETRIC_REPRESENTATION_CONTEXT(2) 
PARAMETRIC_REPRESENTATION_CONTEXT() REPRESENTATION_CONTEXT('2D SPACE',''
  ) );
#6167 = ORIENTED_EDGE('',*,*,#6119,.F.);
#6168 = ADVANCED_FACE('',(#6169),#125,.T.);
#6169 = FACE_BOUND('',#6170,.F.);
#6170 = EDGE_LOOP('',(#6171,#6197,#6198,#6199));
#6171 = ORIENTED_EDGE('',*,*,#6172,.F.);
#6172 = EDGE_CURVE('',#24,#711,#6173,.T.);
#6173 = SURFACE_CURVE('',#6174,(#6179,#6186),.PCURVE_S1.);
#6174 = CIRCLE('',#6175,25.);
#6175 = AXIS2_PLACEMENT_3D('',#6176,#6177,#6178);
#6176 = CARTESIAN_POINT('',(12.91,0.,65.889));
#6177 = DIRECTION('',(0.,0.,-1.));
#6178 = DIRECTION('',(0.,1.,0.));
#6179 = PCURVE('',#125,#6180);
#6180 = DEFINITIONAL_REPRESENTATION('',(#6181),#6185);
#6181 = LINE('',#6182,#6183);
#6182 = CARTESIAN_POINT('',(-7.853981633974,-50.389));
#6183 = VECTOR('',#6184,1.);
#6184 = DIRECTION('',(1.,-0.));
#6185 = ( GEOMETRIC_REPRESENTATION_CONTEXT(2) 
PARAMETRIC_REPRESENTATION_CONTEXT() REPRESENTATION_CONTEXT('2D SPACE',''
  ) );
#6186 = PCURVE('',#44,#6187);
#6187 = DEFINITIONAL_REPRESENTATION('',(#6188),#6196);
#6188 = ( BOUNDED_CURVE() B_SPLINE_CURVE(2,(#6189,#6190,#6191,#6192,
#6193,#6194,#6195),.UNSPECIFIED.,.T.,.F.) B_SPLINE_CURVE_WITH_KNOTS((1,2
    ,2,2,2,1),(-2.094395102393,0.,2.094395102393,4.188790204786,
6.28318530718,8.377580409573),.UNSPECIFIED.) CURVE() 
GEOMETRIC_REPRESENTATION_ITEM() RATIONAL_B_SPLINE_CURVE((1.,0.5,1.,0.5,
1.,0.5,1.)) REPRESENTATION_ITEM('') );
#6189 = CARTESIAN_POINT('',(1.7763568394E-15,25.));
#6190 = CARTESIAN_POINT('',(43.301270189222,25.));
#6191 = CARTESIAN_POINT('',(21.650635094611,-12.5));
#6192 = CARTESIAN_POINT('',(7.899590835137E-15,-50.));
#6193 = CARTESIAN_POINT('',(-21.65063509461,-12.5));
#6194 = CARTESIAN_POINT('',(-43.30127018922,25.));
#6195 = CARTESIAN_POINT('',(1.7763568394E-15,25.));
#6196 = ( GEOMETRIC_REPRESENTATION_CONTEXT(2) 
PARAMETRIC_REPRESENTATION_CONTEXT() REPRESENTATION_CONTEXT('2D SPACE',''
  ) );
#6197 = ORIENTED_EDGE('',*,*,#111,.F.);
#6198 = ORIENTED_EDGE('',*,*,#759,.T.);
#6199 = ORIENTED_EDGE('',*,*,#733,.F.);
#6200 = ADVANCED_FACE('',(#6201,#6213,#6216,#6219,#6224,#6227,#6230,
    #6250,#6253,#6259,#6262,#6265,#6268,#6271),#44,.T.);
#6201 = FACE_BOUND('',#6202,.T.);
#6202 = EDGE_LOOP('',(#6203,#6204,#6205,#6206,#6207,#6208,#6209,#6210,
    #6211,#6212));
#6203 = ORIENTED_EDGE('',*,*,#21,.F.);
#6204 = ORIENTED_EDGE('',*,*,#193,.T.);
#6205 = ORIENTED_EDGE('',*,*,#219,.T.);
#6206 = ORIENTED_EDGE('',*,*,#294,.T.);
#6207 = ORIENTED_EDGE('',*,*,#398,.F.);
#6208 = ORIENTED_EDGE('',*,*,#450,.F.);
#6209 = ORIENTED_EDGE('',*,*,#558,.T.);
#6210 = ORIENTED_EDGE('',*,*,#634,.T.);
#6211 = ORIENTED_EDGE('',*,*,#710,.T.);
#6212 = ORIENTED_EDGE('',*,*,#6172,.F.);
#6213 = FACE_BOUND('',#6214,.T.);
#6214 = EDGE_LOOP('',(#6215));
#6215 = ORIENTED_EDGE('',*,*,#6142,.T.);
#6216 = FACE_BOUND('',#6217,.T.);
#6217 = EDGE_LOOP('',(#6218));
#6218 = ORIENTED_EDGE('',*,*,#6065,.T.);
#6219 = FACE_BOUND('',#6220,.T.);
#6220 = EDGE_LOOP('',(#6221,#6222,#6223));
#6221 = ORIENTED_EDGE('',*,*,#6039,.T.);
#6222 = ORIENTED_EDGE('',*,*,#5991,.F.);
#6223 = ORIENTED_EDGE('',*,*,#5919,.T.);
#6224 = FACE_BOUND('',#6225,.T.);
#6225 = EDGE_LOOP('',(#6226));
#6226 = ORIENTED_EDGE('',*,*,#3853,.T.);
#6227 = FACE_BOUND('',#6228,.T.);
#6228 = EDGE_LOOP('',(#6229));
#6229 = ORIENTED_EDGE('',*,*,#4696,.T.);
#6230 = FACE_BOUND('',#6231,.T.);
#6231 = EDGE_LOOP('',(#6232,#6233,#6234,#6235,#6236,#6237,#6238,#6239,
    #6240,#6241,#6242,#6243,#6244,#6245,#6246,#6247,#6248,#6249));
#6232 = ORIENTED_EDGE('',*,*,#5893,.T.);
#6233 = ORIENTED_EDGE('',*,*,#5845,.F.);
#6234 = ORIENTED_EDGE('',*,*,#5820,.T.);
#6235 = ORIENTED_EDGE('',*,*,#5773,.T.);
#6236 = ORIENTED_EDGE('',*,*,#5723,.T.);
#6237 = ORIENTED_EDGE('',*,*,#5676,.T.);
#6238 = ORIENTED_EDGE('',*,*,#5631,.F.);
#6239 = ORIENTED_EDGE('',*,*,#5583,.T.);
#6240 = ORIENTED_EDGE('',*,*,#5535,.T.);
#6241 = ORIENTED_EDGE('',*,*,#5488,.T.);
#6242 = ORIENTED_EDGE('',*,*,#5441,.T.);
#6243 = ORIENTED_EDGE('',*,*,#5371,.F.);
#6244 = ORIENTED_EDGE('',*,*,#5346,.T.);
#6245 = ORIENTED_EDGE('',*,*,#5271,.T.);
#6246 = ORIENTED_EDGE('',*,*,#5247,.T.);
#6247 = ORIENTED_EDGE('',*,*,#5174,.F.);
#6248 = ORIENTED_EDGE('',*,*,#5125,.T.);
#6249 = ORIENTED_EDGE('',*,*,#5050,.T.);
#6250 = FACE_BOUND('',#6251,.T.);
#6251 = EDGE_LOOP('',(#6252));
#6252 = ORIENTED_EDGE('',*,*,#5020,.T.);
#6253 = FACE_BOUND('',#6254,.T.);
#6254 = EDGE_LOOP('',(#6255,#6256,#6257,#6258));
#6255 = ORIENTED_EDGE('',*,*,#4337,.T.);
#6256 = ORIENTED_EDGE('',*,*,#4362,.T.);
#6257 = ORIENTED_EDGE('',*,*,#3113,.T.);
#6258 = ORIENTED_EDGE('',*,*,#2990,.T.);
#6259 = FACE_BOUND('',#6260,.T.);
#6260 = EDGE_LOOP('',(#6261));
#6261 = ORIENTED_EDGE('',*,*,#3558,.T.);
#6262 = FACE_BOUND('',#6263,.T.);
#6263 = EDGE_LOOP('',(#6264));
#6264 = ORIENTED_EDGE('',*,*,#2936,.T.);
#6265 = FACE_BOUND('',#6266,.T.);
#6266 = EDGE_LOOP('',(#6267));
#6267 = ORIENTED_EDGE('',*,*,#2412,.T.);
#6268 = FACE_BOUND('',#6269,.T.);
#6269 = EDGE_LOOP('',(#6270));
#6270 = ORIENTED_EDGE('',*,*,#1876,.T.);
#6271 = FACE_BOUND('',#6272,.T.);
#6272 = EDGE_LOOP('',(#6273,#6274,#6275));
#6273 = ORIENTED_EDGE('',*,*,#1844,.T.);
#6274 = ORIENTED_EDGE('',*,*,#1798,.F.);
#6275 = ORIENTED_EDGE('',*,*,#1773,.T.);
#6276 = ( GEOMETRIC_REPRESENTATION_CONTEXT(3) 
GLOBAL_UNCERTAINTY_ASSIGNED_CONTEXT((#6280)) 
GLOBAL_UNIT_ASSIGNED_CONTEXT((#6277,#6278,#6279)) REPRESENTATION_CONTEXT
('Context #1','3D Context with UNIT and UNCERTAINTY') );
#6277 = ( LENGTH_UNIT() NAMED_UNIT(*) SI_UNIT(.MILLI.,.METRE.) );
#6278 = ( NAMED_UNIT(*) PLANE_ANGLE_UNIT() SI_UNIT($,.RADIAN.) );
#6279 = ( NAMED_UNIT(*) SI_UNIT($,.STERADIAN.) SOLID_ANGLE_UNIT() );
#6280 = UNCERTAINTY_MEASURE_WITH_UNIT(LENGTH_MEASURE(1.E-07),#6277,
  'distance_accuracy_value','confusion accuracy');
#6281 = PRODUCT_RELATED_PRODUCT_CATEGORY('part',$,(#7));
ENDSEC;
END-ISO-10303-21;
