ISO-10303-21;
HEADER;
FILE_DESCRIPTION(('Open CASCADE Model'),'2;1');
FILE_NAME('Open CASCADE Shape Model','2026-09-27T15:49:33',('Author'),(
    'Open CASCADE'),'Open CASCADE STEP processor 7.9','Open CASCADE 7.9'
  ,'Unknown');
FILE_SCHEMA(('AUTOMOTIVE_DESIGN { 1 0 10303 214 1 1 1 1 }'));
ENDSEC;
DATA;
#1 = APPLICATION_PROTOCOL_DEFINITION('international standard',
  'automotive_design',2000,#2);
#2 = APPLICATION_CONTEXT(
  'core data for automotive mechanical design processes');
#3 = SHAPE_DEFINITION_REPRESENTATION(#4,#10);
#4 = PRODUCT_DEFINITION_SHAPE('','',#5);
#5 = PRODUCT_DEFINITION('design','',#6,#9);
#6 = PRODUCT_DEFINITION_FORMATION('','',#7);
#7 = PRODUCT('BODY_blade','BODY_blade','',(#8));
#8 = PRODUCT_CONTEXT('',#2,'mechanical');
#9 = PRODUCT_DEFINITION_CONTEXT('part definition',#2,'design');
#10 = SHAPE_REPRESENTATION('',(#11,#15,#19,#23,#27,#31,#35,#39,#43,#47,
    #51,#55,#59,#63,#67,#71,#75,#79,#83,#87,#91,#95,#99),#103);
#11 = AXIS2_PLACEMENT_3D('',#12,#13,#14);
#12 = CARTESIAN_POINT('',(0.,0.,0.));
#13 = DIRECTION('',(0.,0.,1.));
#14 = DIRECTION('',(1.,0.,-0.));
#15 = AXIS2_PLACEMENT_3D('',#16,#17,#18);
#16 = CARTESIAN_POINT('',(0.,0.,430.369));
#17 = DIRECTION('',(0.,1.,0.));
#18 = DIRECTION('',(0.,0.,1.));
#19 = AXIS2_PLACEMENT_3D('',#20,#21,#22);
#20 = CARTESIAN_POINT('',(0.,0.,430.369));
#21 = DIRECTION('',(0.,1.,0.));
#22 = DIRECTION('',(0.,0.,1.));
#23 = AXIS2_PLACEMENT_3D('',#24,#25,#26);
#24 = CARTESIAN_POINT('',(0.,0.,430.369));
#25 = DIRECTION('',(0.,1.,0.));
#26 = DIRECTION('',(0.,0.,1.));
#27 = AXIS2_PLACEMENT_3D('',#28,#29,#30);
#28 = CARTESIAN_POINT('',(0.,0.,430.369));
#29 = DIRECTION('',(0.,1.,0.));
#30 = DIRECTION('',(0.,0.,1.));
#31 = AXIS2_PLACEMENT_3D('',#32,#33,#34);
#32 = CARTESIAN_POINT('',(0.,-33.,430.369));
#33 = DIRECTION('',(0.,1.,0.));
#34 = DIRECTION('',(0.,0.,1.));
#35 = AXIS2_PLACEMENT_3D('',#36,#37,#38);
#36 = CARTESIAN_POINT('',(0.,2.151245848125E-14,494.958));
#37 = DIRECTION('',(3.330669073875E-16,-1.224646799147E-16,-1.));
#38 = DIRECTION('',(1.,-8.514874372906E-33,3.330669073875E-16));
#39 = AXIS2_PLACEMENT_3D('',#40,#41,#42);
#40 = CARTESIAN_POINT('',(32.75,-10.25,457.569));
#41 = DIRECTION('',(3.330669073875E-16,-1.224646799147E-16,-1.));
#42 = DIRECTION('',(1.,-8.514874372906E-33,3.330669073875E-16));
#43 = AXIS2_PLACEMENT_3D('',#44,#45,#46);
#44 = CARTESIAN_POINT('',(32.75,10.25,457.569));
#45 = DIRECTION('',(3.330669073875E-16,-1.224646799147E-16,-1.));
#46 = DIRECTION('',(1.,-8.514874372906E-33,3.330669073875E-16));
#47 = AXIS2_PLACEMENT_3D('',#48,#49,#50);
#48 = CARTESIAN_POINT('',(0.,2.28447261108E-14,498.958));
#49 = DIRECTION('',(-3.330669073875E-16,9.860761315263E-32,1.));
#50 = DIRECTION('',(1.,3.284293275761E-47,3.330669073875E-16));
#51 = AXIS2_PLACEMENT_3D('',#52,#53,#54);
#52 = CARTESIAN_POINT('',(0.,19.489,437.369));
#53 = DIRECTION('',(-1.224646799147E-16,-1.,0.));
#54 = DIRECTION('',(0.,0.,1.));
#55 = AXIS2_PLACEMENT_3D('',#56,#57,#58);
#56 = CARTESIAN_POINT('',(7.,19.489,430.369));
#57 = DIRECTION('',(-1.224646799147E-16,-1.,0.));
#58 = DIRECTION('',(0.,0.,1.));
#59 = AXIS2_PLACEMENT_3D('',#60,#61,#62);
#60 = CARTESIAN_POINT('',(8.572527594031E-16,19.489,423.369));
#61 = DIRECTION('',(-1.224646799147E-16,-1.,0.));
#62 = DIRECTION('',(0.,0.,1.));
#63 = AXIS2_PLACEMENT_3D('',#64,#65,#66);
#64 = CARTESIAN_POINT('',(-7.,19.489,430.369));
#65 = DIRECTION('',(-1.224646799147E-16,-1.,0.));
#66 = DIRECTION('',(0.,0.,1.));
#67 = AXIS2_PLACEMENT_3D('',#68,#69,#70);
#68 = CARTESIAN_POINT('',(14.5,-17.5,505.158));
#69 = DIRECTION('',(-3.330669073875E-16,9.860761315263E-32,1.));
#70 = DIRECTION('',(1.,3.284293275761E-47,3.330669073875E-16));
#71 = AXIS2_PLACEMENT_3D('',#72,#73,#74);
#72 = CARTESIAN_POINT('',(14.5,-17.5,498.958));
#73 = DIRECTION('',(-3.330669073875E-16,9.860761315263E-32,1.));
#74 = DIRECTION('',(1.,3.284293275761E-47,3.330669073875E-16));
#75 = AXIS2_PLACEMENT_3D('',#76,#77,#78);
#76 = CARTESIAN_POINT('',(14.5,17.5,505.158));
#77 = DIRECTION('',(-3.330669073875E-16,9.860761315263E-32,1.));
#78 = DIRECTION('',(1.,3.284293275761E-47,3.330669073875E-16));
#79 = AXIS2_PLACEMENT_3D('',#80,#81,#82);
#80 = CARTESIAN_POINT('',(14.5,17.5,498.958));
#81 = DIRECTION('',(-3.330669073875E-16,9.860761315263E-32,1.));
#82 = DIRECTION('',(1.,3.284293275761E-47,3.330669073875E-16));
#83 = AXIS2_PLACEMENT_3D('',#84,#85,#86);
#84 = CARTESIAN_POINT('',(31.,-17.5,505.158));
#85 = DIRECTION('',(-3.330669073875E-16,9.860761315263E-32,1.));
#86 = DIRECTION('',(1.,3.284293275761E-47,3.330669073875E-16));
#87 = AXIS2_PLACEMENT_3D('',#88,#89,#90);
#88 = CARTESIAN_POINT('',(31.,-17.5,498.958));
#89 = DIRECTION('',(-3.330669073875E-16,9.860761315263E-32,1.));
#90 = DIRECTION('',(1.,3.284293275761E-47,3.330669073875E-16));
#91 = AXIS2_PLACEMENT_3D('',#92,#93,#94);
#92 = CARTESIAN_POINT('',(31.,17.5,505.158));
#93 = DIRECTION('',(-3.330669073875E-16,9.860761315263E-32,1.));
#94 = DIRECTION('',(1.,3.284293275761E-47,3.330669073875E-16));
#95 = AXIS2_PLACEMENT_3D('',#96,#97,#98);
#96 = CARTESIAN_POINT('',(31.,17.5,498.958));
#97 = DIRECTION('',(-3.330669073875E-16,9.860761315263E-32,1.));
#98 = DIRECTION('',(1.,3.284293275761E-47,3.330669073875E-16));
#99 = AXIS2_PLACEMENT_3D('',#100,#101,#102);
#100 = CARTESIAN_POINT('',(-18.2,0.,430.369));
#101 = DIRECTION('',(-1.,3.330669073875E-16,-1.109335647967E-31));
#102 = DIRECTION('',(3.330669073875E-16,1.,3.694829935231E-47));
#103 = ( GEOMETRIC_REPRESENTATION_CONTEXT(3) 
GLOBAL_UNCERTAINTY_ASSIGNED_CONTEXT((#107)) GLOBAL_UNIT_ASSIGNED_CONTEXT
((#104,#105,#106)) REPRESENTATION_CONTEXT('Context #1',
  '3D Context with UNIT and UNCERTAINTY') );
#104 = ( LENGTH_UNIT() NAMED_UNIT(*) SI_UNIT(.MILLI.,.METRE.) );
#105 = ( NAMED_UNIT(*) PLANE_ANGLE_UNIT() SI_UNIT($,.RADIAN.) );
#106 = ( NAMED_UNIT(*) SI_UNIT($,.STERADIAN.) SOLID_ANGLE_UNIT() );
#107 = UNCERTAINTY_MEASURE_WITH_UNIT(LENGTH_MEASURE(1.E-07),#104,
  'distance_accuracy_value','confusion accuracy');
#108 = PRODUCT_RELATED_PRODUCT_CATEGORY('part',$,(#7));
#109 = SHAPE_DEFINITION_REPRESENTATION(#110,#116);
#110 = PRODUCT_DEFINITION_SHAPE('','',#111);
#111 = PRODUCT_DEFINITION('design','',#112,#115);
#112 = PRODUCT_DEFINITION_FORMATION('','',#113);
#113 = PRODUCT('J5_shaft','J5_shaft','',(#114));
#114 = PRODUCT_CONTEXT('',#2,'mechanical');
#115 = PRODUCT_DEFINITION_CONTEXT('part definition',#2,'design');
#116 = ADVANCED_BREP_SHAPE_REPRESENTATION('',(#11,#117),#1118);
#117 = MANIFOLD_SOLID_BREP('',#118);
#118 = CLOSED_SHELL('',(#119,#318,#424,#472,#477,#530,#558,#595,#774,
    #829,#883,#937,#991,#1045,#1099));
#119 = ADVANCED_FACE('',(#120),#135,.T.);
#120 = FACE_BOUND('',#121,.T.);
#121 = EDGE_LOOP('',(#122,#162,#189,#218,#241,#268,#269,#298));
#122 = ORIENTED_EDGE('',*,*,#123,.F.);
#123 = EDGE_CURVE('',#124,#126,#128,.T.);
#124 = VERTEX_POINT('',#125);
#125 = CARTESIAN_POINT('',(4.755063091064,-14.2,15.5));
#126 = VERTEX_POINT('',#127);
#127 = CARTESIAN_POINT('',(-4.755063091064,-14.2,15.5));
#128 = SURFACE_CURVE('',#129,(#134,#146),.PCURVE_S1.);
#129 = CIRCLE('',#130,14.975);
#130 = AXIS2_PLACEMENT_3D('',#131,#132,#133);
#131 = CARTESIAN_POINT('',(0.,0.,15.5));
#132 = DIRECTION('',(0.,0.,-1.));
#133 = DIRECTION('',(1.,0.,0.));
#134 = PCURVE('',#135,#140);
#135 = CYLINDRICAL_SURFACE('',#136,14.975);
#136 = AXIS2_PLACEMENT_3D('',#137,#138,#139);
#137 = CARTESIAN_POINT('',(0.,0.,-22.5));
#138 = DIRECTION('',(-0.,-0.,-1.));
#139 = DIRECTION('',(1.,0.,0.));
#140 = DEFINITIONAL_REPRESENTATION('',(#141),#145);
#141 = LINE('',#142,#143);
#142 = CARTESIAN_POINT('',(-4.138911435803E-13,-38.));
#143 = VECTOR('',#144,1.);
#144 = DIRECTION('',(1.,-0.));
#145 = ( GEOMETRIC_REPRESENTATION_CONTEXT(2) 
PARAMETRIC_REPRESENTATION_CONTEXT() REPRESENTATION_CONTEXT('2D SPACE',''
  ) );
#146 = PCURVE('',#147,#152);
#147 = PLANE('',#148);
#148 = AXIS2_PLACEMENT_3D('',#149,#150,#151);
#149 = CARTESIAN_POINT('',(0.,-19.2,15.5));
#150 = DIRECTION('',(0.,0.,1.));
#151 = DIRECTION('',(1.,0.,-0.));
#152 = DEFINITIONAL_REPRESENTATION('',(#153),#161);
#153 = ( BOUNDED_CURVE() B_SPLINE_CURVE(2,(#154,#155,#156,#157,#158,#159
,#160),.UNSPECIFIED.,.T.,.F.) B_SPLINE_CURVE_WITH_KNOTS((1,2,2,2,2,1),(
    -2.094395102393,0.,2.094395102393,4.188790204786,6.28318530718,
8.377580409573),.UNSPECIFIED.) CURVE() GEOMETRIC_REPRESENTATION_ITEM() 
RATIONAL_B_SPLINE_CURVE((1.,0.5,1.,0.5,1.,0.5,1.)) REPRESENTATION_ITEM(
  '') );
#154 = CARTESIAN_POINT('',(14.975,19.2));
#155 = CARTESIAN_POINT('',(14.975,-6.737460843344));
#156 = CARTESIAN_POINT('',(-7.4875,6.231269578328));
#157 = CARTESIAN_POINT('',(-29.95,19.2));
#158 = CARTESIAN_POINT('',(-7.4875,32.168730421672));
#159 = CARTESIAN_POINT('',(14.975,45.137460843344));
#160 = CARTESIAN_POINT('',(14.975,19.2));
#161 = ( GEOMETRIC_REPRESENTATION_CONTEXT(2) 
PARAMETRIC_REPRESENTATION_CONTEXT() REPRESENTATION_CONTEXT('2D SPACE',''
  ) );
#162 = ORIENTED_EDGE('',*,*,#163,.T.);
#163 = EDGE_CURVE('',#124,#164,#166,.T.);
#164 = VERTEX_POINT('',#165);
#165 = CARTESIAN_POINT('',(4.755063091064,-14.2,-22.));
#166 = SURFACE_CURVE('',#167,(#171,#177),.PCURVE_S1.);
#167 = LINE('',#168,#169);
#168 = CARTESIAN_POINT('',(4.755063091064,-14.2,-22.5));
#169 = VECTOR('',#170,1.);
#170 = DIRECTION('',(-0.,-0.,-1.));
#171 = PCURVE('',#135,#172);
#172 = DEFINITIONAL_REPRESENTATION('',(#173),#176);
#173 = B_SPLINE_CURVE_WITH_KNOTS('',1,(#174,#175),.UNSPECIFIED.,.F.,.F.,
  (2,2),(-41.9,5.999999999062E-07),.PIECEWISE_BEZIER_KNOTS.);
#174 = CARTESIAN_POINT('',(1.247669167074,-41.9));
#175 = CARTESIAN_POINT('',(1.247669167074,5.999999999062E-07));
#176 = ( GEOMETRIC_REPRESENTATION_CONTEXT(2) 
PARAMETRIC_REPRESENTATION_CONTEXT() REPRESENTATION_CONTEXT('2D SPACE',''
  ) );
#177 = PCURVE('',#178,#183);
#178 = PLANE('',#179);
#179 = AXIS2_PLACEMENT_3D('',#180,#181,#182);
#180 = CARTESIAN_POINT('',(20.,-14.2,-23.5));
#181 = DIRECTION('',(0.,-1.,0.));
#182 = DIRECTION('',(-1.,0.,0.));
#183 = DEFINITIONAL_REPRESENTATION('',(#184),#188);
#184 = LINE('',#185,#186);
#185 = CARTESIAN_POINT('',(15.244936908936,-1.));
#186 = VECTOR('',#187,1.);
#187 = DIRECTION('',(0.,1.));
#188 = ( GEOMETRIC_REPRESENTATION_CONTEXT(2) 
PARAMETRIC_REPRESENTATION_CONTEXT() REPRESENTATION_CONTEXT('2D SPACE',''
  ) );
#189 = ORIENTED_EDGE('',*,*,#190,.T.);
#190 = EDGE_CURVE('',#164,#191,#193,.T.);
#191 = VERTEX_POINT('',#192);
#192 = CARTESIAN_POINT('',(14.975,-5.329070518201E-15,-22.));
#193 = SURFACE_CURVE('',#194,(#199,#206),.PCURVE_S1.);
#194 = CIRCLE('',#195,14.975);
#195 = AXIS2_PLACEMENT_3D('',#196,#197,#198);
#196 = CARTESIAN_POINT('',(0.,0.,-22.));
#197 = DIRECTION('',(0.,0.,1.));
#198 = DIRECTION('',(0.317533428452,-0.948247078464,0.));
#199 = PCURVE('',#135,#200);
#200 = DEFINITIONAL_REPRESENTATION('',(#201),#205);
#201 = LINE('',#202,#203);
#202 = CARTESIAN_POINT('',(1.247669167074,-0.5));
#203 = VECTOR('',#204,1.);
#204 = DIRECTION('',(-1.,0.));
#205 = ( GEOMETRIC_REPRESENTATION_CONTEXT(2) 
PARAMETRIC_REPRESENTATION_CONTEXT() REPRESENTATION_CONTEXT('2D SPACE',''
  ) );
#206 = PCURVE('',#207,#212);
#207 = CONICAL_SURFACE('',#208,14.975,0.785398163397);
#208 = AXIS2_PLACEMENT_3D('',#209,#210,#211);
#209 = CARTESIAN_POINT('',(0.,0.,-22.));
#210 = DIRECTION('',(0.,0.,1.));
#211 = DIRECTION('',(0.317533428452,-0.948247078464,0.));
#212 = DEFINITIONAL_REPRESENTATION('',(#213),#217);
#213 = LINE('',#214,#215);
#214 = CARTESIAN_POINT('',(0.,-0.));
#215 = VECTOR('',#216,1.);
#216 = DIRECTION('',(1.,-0.));
#217 = ( GEOMETRIC_REPRESENTATION_CONTEXT(2) 
PARAMETRIC_REPRESENTATION_CONTEXT() REPRESENTATION_CONTEXT('2D SPACE',''
  ) );
#218 = ORIENTED_EDGE('',*,*,#219,.T.);
#219 = EDGE_CURVE('',#191,#220,#222,.T.);
#220 = VERTEX_POINT('',#221);
#221 = CARTESIAN_POINT('',(14.975,0.,22.489));
#222 = SEAM_CURVE('',#223,(#227,#234),.PCURVE_S1.);
#223 = LINE('',#224,#225);
#224 = CARTESIAN_POINT('',(14.975,0.,-22.5));
#225 = VECTOR('',#226,1.);
#226 = DIRECTION('',(0.,0.,1.));
#227 = PCURVE('',#135,#228);
#228 = DEFINITIONAL_REPRESENTATION('',(#229),#233);
#229 = LINE('',#230,#231);
#230 = CARTESIAN_POINT('',(-4.138911435803E-13,0.));
#231 = VECTOR('',#232,1.);
#232 = DIRECTION('',(-0.,-1.));
#233 = ( GEOMETRIC_REPRESENTATION_CONTEXT(2) 
PARAMETRIC_REPRESENTATION_CONTEXT() REPRESENTATION_CONTEXT('2D SPACE',''
  ) );
#234 = PCURVE('',#135,#235);
#235 = DEFINITIONAL_REPRESENTATION('',(#236),#240);
#236 = LINE('',#237,#238);
#237 = CARTESIAN_POINT('',(6.28318530718,0.));
#238 = VECTOR('',#239,1.);
#239 = DIRECTION('',(-0.,-1.));
#240 = ( GEOMETRIC_REPRESENTATION_CONTEXT(2) 
PARAMETRIC_REPRESENTATION_CONTEXT() REPRESENTATION_CONTEXT('2D SPACE',''
  ) );
#241 = ORIENTED_EDGE('',*,*,#242,.F.);
#242 = EDGE_CURVE('',#220,#220,#243,.T.);
#243 = SURFACE_CURVE('',#244,(#249,#256),.PCURVE_S1.);
#244 = CIRCLE('',#245,14.975);
#245 = AXIS2_PLACEMENT_3D('',#246,#247,#248);
#246 = CARTESIAN_POINT('',(0.,0.,22.489));
#247 = DIRECTION('',(0.,0.,1.));
#248 = DIRECTION('',(1.,0.,-0.));
#249 = PCURVE('',#135,#250);
#250 = DEFINITIONAL_REPRESENTATION('',(#251),#255);
#251 = LINE('',#252,#253);
#252 = CARTESIAN_POINT('',(6.28318530718,-44.989));
#253 = VECTOR('',#254,1.);
#254 = DIRECTION('',(-1.,0.));
#255 = ( GEOMETRIC_REPRESENTATION_CONTEXT(2) 
PARAMETRIC_REPRESENTATION_CONTEXT() REPRESENTATION_CONTEXT('2D SPACE',''
  ) );
#256 = PCURVE('',#257,#262);
#257 = CONICAL_SURFACE('',#258,14.975,0.785398163397);
#258 = AXIS2_PLACEMENT_3D('',#259,#260,#261);
#259 = CARTESIAN_POINT('',(0.,0.,22.489));
#260 = DIRECTION('',(-0.,-0.,-1.));
#261 = DIRECTION('',(1.,0.,0.));
#262 = DEFINITIONAL_REPRESENTATION('',(#263),#267);
#263 = LINE('',#264,#265);
#264 = CARTESIAN_POINT('',(6.28318530718,0.));
#265 = VECTOR('',#266,1.);
#266 = DIRECTION('',(-1.,0.));
#267 = ( GEOMETRIC_REPRESENTATION_CONTEXT(2) 
PARAMETRIC_REPRESENTATION_CONTEXT() REPRESENTATION_CONTEXT('2D SPACE',''
  ) );
#268 = ORIENTED_EDGE('',*,*,#219,.F.);
#269 = ORIENTED_EDGE('',*,*,#270,.T.);
#270 = EDGE_CURVE('',#191,#271,#273,.T.);
#271 = VERTEX_POINT('',#272);
#272 = CARTESIAN_POINT('',(-4.755063091064,-14.2,-22.));
#273 = SURFACE_CURVE('',#274,(#279,#286),.PCURVE_S1.);
#274 = CIRCLE('',#275,14.975);
#275 = AXIS2_PLACEMENT_3D('',#276,#277,#278);
#276 = CARTESIAN_POINT('',(0.,0.,-22.));
#277 = DIRECTION('',(0.,0.,1.));
#278 = DIRECTION('',(1.,0.,-0.));
#279 = PCURVE('',#135,#280);
#280 = DEFINITIONAL_REPRESENTATION('',(#281),#285);
#281 = LINE('',#282,#283);
#282 = CARTESIAN_POINT('',(6.28318530718,-0.5));
#283 = VECTOR('',#284,1.);
#284 = DIRECTION('',(-1.,0.));
#285 = ( GEOMETRIC_REPRESENTATION_CONTEXT(2) 
PARAMETRIC_REPRESENTATION_CONTEXT() REPRESENTATION_CONTEXT('2D SPACE',''
  ) );
#286 = PCURVE('',#287,#292);
#287 = CONICAL_SURFACE('',#288,14.975,0.785398163397);
#288 = AXIS2_PLACEMENT_3D('',#289,#290,#291);
#289 = CARTESIAN_POINT('',(0.,0.,-22.));
#290 = DIRECTION('',(0.,0.,1.));
#291 = DIRECTION('',(1.,0.,-0.));
#292 = DEFINITIONAL_REPRESENTATION('',(#293),#297);
#293 = LINE('',#294,#295);
#294 = CARTESIAN_POINT('',(0.,-0.));
#295 = VECTOR('',#296,1.);
#296 = DIRECTION('',(1.,-0.));
#297 = ( GEOMETRIC_REPRESENTATION_CONTEXT(2) 
PARAMETRIC_REPRESENTATION_CONTEXT() REPRESENTATION_CONTEXT('2D SPACE',''
  ) );
#298 = ORIENTED_EDGE('',*,*,#299,.F.);
#299 = EDGE_CURVE('',#126,#271,#300,.T.);
#300 = SURFACE_CURVE('',#301,(#305,#311),.PCURVE_S1.);
#301 = LINE('',#302,#303);
#302 = CARTESIAN_POINT('',(-4.755063091064,-14.2,-22.5));
#303 = VECTOR('',#304,1.);
#304 = DIRECTION('',(-0.,-0.,-1.));
#305 = PCURVE('',#135,#306);
#306 = DEFINITIONAL_REPRESENTATION('',(#307),#310);
#307 = B_SPLINE_CURVE_WITH_KNOTS('',1,(#308,#309),.UNSPECIFIED.,.F.,.F.,
  (2,2),(-41.9,5.999999999062E-07),.PIECEWISE_BEZIER_KNOTS.);
#308 = CARTESIAN_POINT('',(1.893923486517,-41.9));
#309 = CARTESIAN_POINT('',(1.893923486517,5.999999999062E-07));
#310 = ( GEOMETRIC_REPRESENTATION_CONTEXT(2) 
PARAMETRIC_REPRESENTATION_CONTEXT() REPRESENTATION_CONTEXT('2D SPACE',''
  ) );
#311 = PCURVE('',#178,#312);
#312 = DEFINITIONAL_REPRESENTATION('',(#313),#317);
#313 = LINE('',#314,#315);
#314 = CARTESIAN_POINT('',(24.755063091064,-1.));
#315 = VECTOR('',#316,1.);
#316 = DIRECTION('',(0.,1.));
#317 = ( GEOMETRIC_REPRESENTATION_CONTEXT(2) 
PARAMETRIC_REPRESENTATION_CONTEXT() REPRESENTATION_CONTEXT('2D SPACE',''
  ) );
#318 = ADVANCED_FACE('',(#319),#178,.T.);
#319 = FACE_BOUND('',#320,.T.);
#320 = EDGE_LOOP('',(#321,#322,#343,#344,#371,#399));
#321 = ORIENTED_EDGE('',*,*,#163,.F.);
#322 = ORIENTED_EDGE('',*,*,#323,.T.);
#323 = EDGE_CURVE('',#124,#126,#324,.T.);
#324 = SURFACE_CURVE('',#325,(#329,#336),.PCURVE_S1.);
#325 = LINE('',#326,#327);
#326 = CARTESIAN_POINT('',(20.,-14.2,15.5));
#327 = VECTOR('',#328,1.);
#328 = DIRECTION('',(-1.,0.,0.));
#329 = PCURVE('',#178,#330);
#330 = DEFINITIONAL_REPRESENTATION('',(#331),#335);
#331 = LINE('',#332,#333);
#332 = CARTESIAN_POINT('',(0.,-39.));
#333 = VECTOR('',#334,1.);
#334 = DIRECTION('',(1.,0.));
#335 = ( GEOMETRIC_REPRESENTATION_CONTEXT(2) 
PARAMETRIC_REPRESENTATION_CONTEXT() REPRESENTATION_CONTEXT('2D SPACE',''
  ) );
#336 = PCURVE('',#147,#337);
#337 = DEFINITIONAL_REPRESENTATION('',(#338),#342);
#338 = LINE('',#339,#340);
#339 = CARTESIAN_POINT('',(20.,5.));
#340 = VECTOR('',#341,1.);
#341 = DIRECTION('',(-1.,0.));
#342 = ( GEOMETRIC_REPRESENTATION_CONTEXT(2) 
PARAMETRIC_REPRESENTATION_CONTEXT() REPRESENTATION_CONTEXT('2D SPACE',''
  ) );
#343 = ORIENTED_EDGE('',*,*,#299,.T.);
#344 = ORIENTED_EDGE('',*,*,#345,.T.);
#345 = EDGE_CURVE('',#271,#346,#348,.T.);
#346 = VERTEX_POINT('',#347);
#347 = CARTESIAN_POINT('',(-2.808135502429,-14.2,-22.5));
#348 = SURFACE_CURVE('',#349,(#354,#361),.PCURVE_S1.);
#349 = HYPERBOLA('',#350,14.2,14.2);
#350 = AXIS2_PLACEMENT_3D('',#351,#352,#353);
#351 = CARTESIAN_POINT('',(0.,-14.2,-36.975));
#352 = DIRECTION('',(-0.,1.,0.));
#353 = DIRECTION('',(0.,0.,1.));
#354 = PCURVE('',#178,#355);
#355 = DEFINITIONAL_REPRESENTATION('',(#356),#360);
#356 = HYPERBOLA('',#357,14.2,14.2);
#357 = AXIS2_PLACEMENT_2D('',#358,#359);
#358 = CARTESIAN_POINT('',(20.,13.475));
#359 = DIRECTION('',(0.,-1.));
#360 = ( GEOMETRIC_REPRESENTATION_CONTEXT(2) 
PARAMETRIC_REPRESENTATION_CONTEXT() REPRESENTATION_CONTEXT('2D SPACE',''
  ) );
#361 = PCURVE('',#287,#362);
#362 = DEFINITIONAL_REPRESENTATION('',(#363),#370);
#363 = B_SPLINE_CURVE_WITH_KNOTS('',5,(#364,#365,#366,#367,#368,#369),
  .UNSPECIFIED.,.F.,.F.,(6,6),(-0.328901553145,-0.196489234995),
  .PIECEWISE_BEZIER_KNOTS.);
#364 = CARTESIAN_POINT('',(4.389261820663,5.329070518201E-15));
#365 = CARTESIAN_POINT('',(4.414373739431,-0.125925785367));
#366 = CARTESIAN_POINT('',(4.439749615935,-0.238723722926));
#367 = CARTESIAN_POINT('',(4.465360171831,-0.338577785111));
#368 = CARTESIAN_POINT('',(4.491172677963,-0.425633653689));
#369 = CARTESIAN_POINT('',(4.517152020523,-0.5));
#370 = ( GEOMETRIC_REPRESENTATION_CONTEXT(2) 
PARAMETRIC_REPRESENTATION_CONTEXT() REPRESENTATION_CONTEXT('2D SPACE',''
  ) );
#371 = ORIENTED_EDGE('',*,*,#372,.T.);
#372 = EDGE_CURVE('',#346,#373,#375,.T.);
#373 = VERTEX_POINT('',#374);
#374 = CARTESIAN_POINT('',(2.808135502429,-14.2,-22.5));
#375 = SURFACE_CURVE('',#376,(#380,#387),.PCURVE_S1.);
#376 = LINE('',#377,#378);
#377 = CARTESIAN_POINT('',(10.,-14.2,-22.5));
#378 = VECTOR('',#379,1.);
#379 = DIRECTION('',(1.,0.,-0.));
#380 = PCURVE('',#178,#381);
#381 = DEFINITIONAL_REPRESENTATION('',(#382),#386);
#382 = LINE('',#383,#384);
#383 = CARTESIAN_POINT('',(10.,-1.));
#384 = VECTOR('',#385,1.);
#385 = DIRECTION('',(-1.,0.));
#386 = ( GEOMETRIC_REPRESENTATION_CONTEXT(2) 
PARAMETRIC_REPRESENTATION_CONTEXT() REPRESENTATION_CONTEXT('2D SPACE',''
  ) );
#387 = PCURVE('',#388,#393);
#388 = PLANE('',#389);
#389 = AXIS2_PLACEMENT_3D('',#390,#391,#392);
#390 = CARTESIAN_POINT('',(0.,8.497350105863E-16,-22.5));
#391 = DIRECTION('',(0.,0.,1.));
#392 = DIRECTION('',(1.,0.,-0.));
#393 = DEFINITIONAL_REPRESENTATION('',(#394),#398);
#394 = LINE('',#395,#396);
#395 = CARTESIAN_POINT('',(10.,-14.2));
#396 = VECTOR('',#397,1.);
#397 = DIRECTION('',(1.,0.));
#398 = ( GEOMETRIC_REPRESENTATION_CONTEXT(2) 
PARAMETRIC_REPRESENTATION_CONTEXT() REPRESENTATION_CONTEXT('2D SPACE',''
  ) );
#399 = ORIENTED_EDGE('',*,*,#400,.F.);
#400 = EDGE_CURVE('',#164,#373,#401,.T.);
#401 = SURFACE_CURVE('',#402,(#407,#414),.PCURVE_S1.);
#402 = HYPERBOLA('',#403,14.2,14.2);
#403 = AXIS2_PLACEMENT_3D('',#404,#405,#406);
#404 = CARTESIAN_POINT('',(0.,-14.2,-36.975));
#405 = DIRECTION('',(0.,-1.,0.));
#406 = DIRECTION('',(-0.,0.,1.));
#407 = PCURVE('',#178,#408);
#408 = DEFINITIONAL_REPRESENTATION('',(#409),#413);
#409 = HYPERBOLA('',#410,14.2,14.2);
#410 = AXIS2_PLACEMENT_2D('',#411,#412);
#411 = CARTESIAN_POINT('',(20.,13.475));
#412 = DIRECTION('',(0.,-1.));
#413 = ( GEOMETRIC_REPRESENTATION_CONTEXT(2) 
PARAMETRIC_REPRESENTATION_CONTEXT() REPRESENTATION_CONTEXT('2D SPACE',''
  ) );
#414 = PCURVE('',#207,#415);
#415 = DEFINITIONAL_REPRESENTATION('',(#416),#423);
#416 = B_SPLINE_CURVE_WITH_KNOTS('',5,(#417,#418,#419,#420,#421,#422),
  .UNSPECIFIED.,.F.,.F.,(6,6),(-0.328901553145,-0.196489234995),
  .PIECEWISE_BEZIER_KNOTS.);
#417 = CARTESIAN_POINT('',(0.,0.));
#418 = CARTESIAN_POINT('',(-2.511191876762E-02,-0.125925785367));
#419 = CARTESIAN_POINT('',(-5.048779527224E-02,-0.238723722926));
#420 = CARTESIAN_POINT('',(-7.609835116775E-02,-0.338577785111));
#421 = CARTESIAN_POINT('',(-0.1019108573,-0.425633653689));
#422 = CARTESIAN_POINT('',(-0.12789019986,-0.5));
#423 = ( GEOMETRIC_REPRESENTATION_CONTEXT(2) 
PARAMETRIC_REPRESENTATION_CONTEXT() REPRESENTATION_CONTEXT('2D SPACE',''
  ) );
#424 = ADVANCED_FACE('',(#425),#287,.T.);
#425 = FACE_BOUND('',#426,.F.);
#426 = EDGE_LOOP('',(#427,#448,#449,#450));
#427 = ORIENTED_EDGE('',*,*,#428,.F.);
#428 = EDGE_CURVE('',#191,#429,#431,.T.);
#429 = VERTEX_POINT('',#430);
#430 = CARTESIAN_POINT('',(14.475,-4.440892098501E-15,-22.5));
#431 = SURFACE_CURVE('',#432,(#436,#442),.PCURVE_S1.);
#432 = LINE('',#433,#434);
#433 = CARTESIAN_POINT('',(14.975,-5.329070518201E-15,-22.));
#434 = VECTOR('',#435,1.);
#435 = DIRECTION('',(-0.707106781187,1.942890293093E-16,-0.707106781187)
  );
#436 = PCURVE('',#287,#437);
#437 = DEFINITIONAL_REPRESENTATION('',(#438),#441);
#438 = B_SPLINE_CURVE_WITH_KNOTS('',1,(#439,#440),.UNSPECIFIED.,.F.,.F.,
  (2,2),(0.,0.707106781187),.PIECEWISE_BEZIER_KNOTS.);
#439 = CARTESIAN_POINT('',(0.,0.));
#440 = CARTESIAN_POINT('',(0.,-0.5));
#441 = ( GEOMETRIC_REPRESENTATION_CONTEXT(2) 
PARAMETRIC_REPRESENTATION_CONTEXT() REPRESENTATION_CONTEXT('2D SPACE',''
  ) );
#442 = PCURVE('',#207,#443);
#443 = DEFINITIONAL_REPRESENTATION('',(#444),#447);
#444 = B_SPLINE_CURVE_WITH_KNOTS('',1,(#445,#446),.UNSPECIFIED.,.F.,.F.,
  (2,2),(0.,0.707106781187),.PIECEWISE_BEZIER_KNOTS.);
#445 = CARTESIAN_POINT('',(1.247669167073,0.));
#446 = CARTESIAN_POINT('',(1.247669167073,-0.5));
#447 = ( GEOMETRIC_REPRESENTATION_CONTEXT(2) 
PARAMETRIC_REPRESENTATION_CONTEXT() REPRESENTATION_CONTEXT('2D SPACE',''
  ) );
#448 = ORIENTED_EDGE('',*,*,#270,.T.);
#449 = ORIENTED_EDGE('',*,*,#345,.T.);
#450 = ORIENTED_EDGE('',*,*,#451,.F.);
#451 = EDGE_CURVE('',#429,#346,#452,.T.);
#452 = SURFACE_CURVE('',#453,(#458,#465),.PCURVE_S1.);
#453 = CIRCLE('',#454,14.475);
#454 = AXIS2_PLACEMENT_3D('',#455,#456,#457);
#455 = CARTESIAN_POINT('',(0.,0.,-22.5));
#456 = DIRECTION('',(0.,0.,1.));
#457 = DIRECTION('',(1.,0.,-0.));
#458 = PCURVE('',#287,#459);
#459 = DEFINITIONAL_REPRESENTATION('',(#460),#464);
#460 = LINE('',#461,#462);
#461 = CARTESIAN_POINT('',(0.,-0.5));
#462 = VECTOR('',#463,1.);
#463 = DIRECTION('',(1.,-0.));
#464 = ( GEOMETRIC_REPRESENTATION_CONTEXT(2) 
PARAMETRIC_REPRESENTATION_CONTEXT() REPRESENTATION_CONTEXT('2D SPACE',''
  ) );
#465 = PCURVE('',#388,#466);
#466 = DEFINITIONAL_REPRESENTATION('',(#467),#471);
#467 = CIRCLE('',#468,14.475);
#468 = AXIS2_PLACEMENT_2D('',#469,#470);
#469 = CARTESIAN_POINT('',(0.,-8.497350105863E-16));
#470 = DIRECTION('',(1.,0.));
#471 = ( GEOMETRIC_REPRESENTATION_CONTEXT(2) 
PARAMETRIC_REPRESENTATION_CONTEXT() REPRESENTATION_CONTEXT('2D SPACE',''
  ) );
#472 = ADVANCED_FACE('',(#473),#147,.F.);
#473 = FACE_BOUND('',#474,.F.);
#474 = EDGE_LOOP('',(#475,#476));
#475 = ORIENTED_EDGE('',*,*,#323,.T.);
#476 = ORIENTED_EDGE('',*,*,#123,.F.);
#477 = ADVANCED_FACE('',(#478),#257,.T.);
#478 = FACE_BOUND('',#479,.T.);
#479 = EDGE_LOOP('',(#480,#501,#502,#503));
#480 = ORIENTED_EDGE('',*,*,#481,.F.);
#481 = EDGE_CURVE('',#220,#482,#484,.T.);
#482 = VERTEX_POINT('',#483);
#483 = CARTESIAN_POINT('',(14.475,0.,22.989));
#484 = SEAM_CURVE('',#485,(#489,#495),.PCURVE_S1.);
#485 = LINE('',#486,#487);
#486 = CARTESIAN_POINT('',(14.975,0.,22.489));
#487 = VECTOR('',#488,1.);
#488 = DIRECTION('',(-0.707106781187,0.,0.707106781187));
#489 = PCURVE('',#257,#490);
#490 = DEFINITIONAL_REPRESENTATION('',(#491),#494);
#491 = B_SPLINE_CURVE_WITH_KNOTS('',1,(#492,#493),.UNSPECIFIED.,.F.,.F.,
  (2,2),(0.,0.707106781187),.PIECEWISE_BEZIER_KNOTS.);
#492 = CARTESIAN_POINT('',(6.28318530718,0.));
#493 = CARTESIAN_POINT('',(6.28318530718,-0.5));
#494 = ( GEOMETRIC_REPRESENTATION_CONTEXT(2) 
PARAMETRIC_REPRESENTATION_CONTEXT() REPRESENTATION_CONTEXT('2D SPACE',''
  ) );
#495 = PCURVE('',#257,#496);
#496 = DEFINITIONAL_REPRESENTATION('',(#497),#500);
#497 = B_SPLINE_CURVE_WITH_KNOTS('',1,(#498,#499),.UNSPECIFIED.,.F.,.F.,
  (2,2),(0.,0.707106781187),.PIECEWISE_BEZIER_KNOTS.);
#498 = CARTESIAN_POINT('',(-4.138911435803E-13,0.));
#499 = CARTESIAN_POINT('',(-4.138911435803E-13,-0.5));
#500 = ( GEOMETRIC_REPRESENTATION_CONTEXT(2) 
PARAMETRIC_REPRESENTATION_CONTEXT() REPRESENTATION_CONTEXT('2D SPACE',''
  ) );
#501 = ORIENTED_EDGE('',*,*,#242,.T.);
#502 = ORIENTED_EDGE('',*,*,#481,.T.);
#503 = ORIENTED_EDGE('',*,*,#504,.F.);
#504 = EDGE_CURVE('',#482,#482,#505,.T.);
#505 = SURFACE_CURVE('',#506,(#511,#518),.PCURVE_S1.);
#506 = CIRCLE('',#507,14.475);
#507 = AXIS2_PLACEMENT_3D('',#508,#509,#510);
#508 = CARTESIAN_POINT('',(0.,0.,22.989));
#509 = DIRECTION('',(0.,0.,1.));
#510 = DIRECTION('',(1.,0.,-0.));
#511 = PCURVE('',#257,#512);
#512 = DEFINITIONAL_REPRESENTATION('',(#513),#517);
#513 = LINE('',#514,#515);
#514 = CARTESIAN_POINT('',(6.28318530718,-0.5));
#515 = VECTOR('',#516,1.);
#516 = DIRECTION('',(-1.,0.));
#517 = ( GEOMETRIC_REPRESENTATION_CONTEXT(2) 
PARAMETRIC_REPRESENTATION_CONTEXT() REPRESENTATION_CONTEXT('2D SPACE',''
  ) );
#518 = PCURVE('',#519,#524);
#519 = PLANE('',#520);
#520 = AXIS2_PLACEMENT_3D('',#521,#522,#523);
#521 = CARTESIAN_POINT('',(0.,8.497350105863E-16,22.989));
#522 = DIRECTION('',(0.,0.,1.));
#523 = DIRECTION('',(1.,0.,-0.));
#524 = DEFINITIONAL_REPRESENTATION('',(#525),#529);
#525 = CIRCLE('',#526,14.475);
#526 = AXIS2_PLACEMENT_2D('',#527,#528);
#527 = CARTESIAN_POINT('',(0.,-8.497350105863E-16));
#528 = DIRECTION('',(1.,0.));
#529 = ( GEOMETRIC_REPRESENTATION_CONTEXT(2) 
PARAMETRIC_REPRESENTATION_CONTEXT() REPRESENTATION_CONTEXT('2D SPACE',''
  ) );
#530 = ADVANCED_FACE('',(#531),#207,.T.);
#531 = FACE_BOUND('',#532,.F.);
#532 = EDGE_LOOP('',(#533,#534,#535,#536));
#533 = ORIENTED_EDGE('',*,*,#400,.F.);
#534 = ORIENTED_EDGE('',*,*,#190,.T.);
#535 = ORIENTED_EDGE('',*,*,#428,.T.);
#536 = ORIENTED_EDGE('',*,*,#537,.F.);
#537 = EDGE_CURVE('',#373,#429,#538,.T.);
#538 = SURFACE_CURVE('',#539,(#544,#551),.PCURVE_S1.);
#539 = CIRCLE('',#540,14.475);
#540 = AXIS2_PLACEMENT_3D('',#541,#542,#543);
#541 = CARTESIAN_POINT('',(0.,0.,-22.5));
#542 = DIRECTION('',(0.,0.,1.));
#543 = DIRECTION('',(0.317533428452,-0.948247078464,0.));
#544 = PCURVE('',#207,#545);
#545 = DEFINITIONAL_REPRESENTATION('',(#546),#550);
#546 = LINE('',#547,#548);
#547 = CARTESIAN_POINT('',(-6.28318530718,-0.5));
#548 = VECTOR('',#549,1.);
#549 = DIRECTION('',(1.,-0.));
#550 = ( GEOMETRIC_REPRESENTATION_CONTEXT(2) 
PARAMETRIC_REPRESENTATION_CONTEXT() REPRESENTATION_CONTEXT('2D SPACE',''
  ) );
#551 = PCURVE('',#388,#552);
#552 = DEFINITIONAL_REPRESENTATION('',(#553),#557);
#553 = CIRCLE('',#554,14.475);
#554 = AXIS2_PLACEMENT_2D('',#555,#556);
#555 = CARTESIAN_POINT('',(0.,-8.497350105863E-16));
#556 = DIRECTION('',(0.317533428452,-0.948247078464));
#557 = ( GEOMETRIC_REPRESENTATION_CONTEXT(2) 
PARAMETRIC_REPRESENTATION_CONTEXT() REPRESENTATION_CONTEXT('2D SPACE',''
  ) );
#558 = ADVANCED_FACE('',(#559,#564),#388,.F.);
#559 = FACE_BOUND('',#560,.F.);
#560 = EDGE_LOOP('',(#561,#562,#563));
#561 = ORIENTED_EDGE('',*,*,#372,.T.);
#562 = ORIENTED_EDGE('',*,*,#537,.T.);
#563 = ORIENTED_EDGE('',*,*,#451,.T.);
#564 = FACE_BOUND('',#565,.F.);
#565 = EDGE_LOOP('',(#566));
#566 = ORIENTED_EDGE('',*,*,#567,.F.);
#567 = EDGE_CURVE('',#568,#568,#570,.T.);
#568 = VERTEX_POINT('',#569);
#569 = CARTESIAN_POINT('',(11.,0.,-22.5));
#570 = SURFACE_CURVE('',#571,(#576,#583),.PCURVE_S1.);
#571 = CIRCLE('',#572,11.);
#572 = AXIS2_PLACEMENT_3D('',#573,#574,#575);
#573 = CARTESIAN_POINT('',(0.,0.,-22.5));
#574 = DIRECTION('',(0.,0.,1.));
#575 = DIRECTION('',(1.,0.,-0.));
#576 = PCURVE('',#388,#577);
#577 = DEFINITIONAL_REPRESENTATION('',(#578),#582);
#578 = CIRCLE('',#579,11.);
#579 = AXIS2_PLACEMENT_2D('',#580,#581);
#580 = CARTESIAN_POINT('',(0.,-8.497350105863E-16));
#581 = DIRECTION('',(1.,0.));
#582 = ( GEOMETRIC_REPRESENTATION_CONTEXT(2) 
PARAMETRIC_REPRESENTATION_CONTEXT() REPRESENTATION_CONTEXT('2D SPACE',''
  ) );
#583 = PCURVE('',#584,#589);
#584 = CYLINDRICAL_SURFACE('',#585,11.);
#585 = AXIS2_PLACEMENT_3D('',#586,#587,#588);
#586 = CARTESIAN_POINT('',(0.,0.,-22.5));
#587 = DIRECTION('',(-0.,-0.,-1.));
#588 = DIRECTION('',(1.,0.,0.));
#589 = DEFINITIONAL_REPRESENTATION('',(#590),#594);
#590 = LINE('',#591,#592);
#591 = CARTESIAN_POINT('',(6.28318530718,0.));
#592 = VECTOR('',#593,1.);
#593 = DIRECTION('',(-1.,0.));
#594 = ( GEOMETRIC_REPRESENTATION_CONTEXT(2) 
PARAMETRIC_REPRESENTATION_CONTEXT() REPRESENTATION_CONTEXT('2D SPACE',''
  ) );
#595 = ADVANCED_FACE('',(#596,#599,#634,#669,#704,#739),#519,.T.);
#596 = FACE_BOUND('',#597,.T.);
#597 = EDGE_LOOP('',(#598));
#598 = ORIENTED_EDGE('',*,*,#504,.T.);
#599 = FACE_BOUND('',#600,.T.);
#600 = EDGE_LOOP('',(#601));
#601 = ORIENTED_EDGE('',*,*,#602,.T.);
#602 = EDGE_CURVE('',#603,#603,#605,.T.);
#603 = VERTEX_POINT('',#604);
#604 = CARTESIAN_POINT('',(1.26,-7.,22.989));
#605 = SURFACE_CURVE('',#606,(#611,#622),.PCURVE_S1.);
#606 = CIRCLE('',#607,1.26);
#607 = AXIS2_PLACEMENT_3D('',#608,#609,#610);
#608 = CARTESIAN_POINT('',(-1.285879139105E-15,-7.,22.989));
#609 = DIRECTION('',(0.,0.,-1.));
#610 = DIRECTION('',(1.,0.,0.));
#611 = PCURVE('',#519,#612);
#612 = DEFINITIONAL_REPRESENTATION('',(#613),#621);
#613 = ( BOUNDED_CURVE() B_SPLINE_CURVE(2,(#614,#615,#616,#617,#618,#619
,#620),.UNSPECIFIED.,.T.,.F.) B_SPLINE_CURVE_WITH_KNOTS((1,2,2,2,2,1),(
    -2.094395102393,0.,2.094395102393,4.188790204786,6.28318530718,
8.377580409573),.UNSPECIFIED.) CURVE() GEOMETRIC_REPRESENTATION_ITEM() 
RATIONAL_B_SPLINE_CURVE((1.,0.5,1.,0.5,1.,0.5,1.)) REPRESENTATION_ITEM(
  '') );
#614 = CARTESIAN_POINT('',(1.26,-7.));
#615 = CARTESIAN_POINT('',(1.26,-9.182384017537));
#616 = CARTESIAN_POINT('',(-0.63,-8.091192008768));
#617 = CARTESIAN_POINT('',(-2.52,-7.));
#618 = CARTESIAN_POINT('',(-0.63,-5.908807991232));
#619 = CARTESIAN_POINT('',(1.26,-4.817615982463));
#620 = CARTESIAN_POINT('',(1.26,-7.));
#621 = ( GEOMETRIC_REPRESENTATION_CONTEXT(2) 
PARAMETRIC_REPRESENTATION_CONTEXT() REPRESENTATION_CONTEXT('2D SPACE',''
  ) );
#622 = PCURVE('',#623,#628);
#623 = CYLINDRICAL_SURFACE('',#624,1.26);
#624 = AXIS2_PLACEMENT_3D('',#625,#626,#627);
#625 = CARTESIAN_POINT('',(-1.285879139105E-15,-7.,18.489));
#626 = DIRECTION('',(-0.,-0.,-1.));
#627 = DIRECTION('',(1.,0.,0.));
#628 = DEFINITIONAL_REPRESENTATION('',(#629),#633);
#629 = LINE('',#630,#631);
#630 = CARTESIAN_POINT('',(-4.138911435803E-13,-4.5));
#631 = VECTOR('',#632,1.);
#632 = DIRECTION('',(1.,-0.));
#633 = ( GEOMETRIC_REPRESENTATION_CONTEXT(2) 
PARAMETRIC_REPRESENTATION_CONTEXT() REPRESENTATION_CONTEXT('2D SPACE',''
  ) );
#634 = FACE_BOUND('',#635,.T.);
#635 = EDGE_LOOP('',(#636));
#636 = ORIENTED_EDGE('',*,*,#637,.T.);
#637 = EDGE_CURVE('',#638,#638,#640,.T.);
#638 = VERTEX_POINT('',#639);
#639 = CARTESIAN_POINT('',(-5.74,8.572527594031E-16,22.989));
#640 = SURFACE_CURVE('',#641,(#646,#657),.PCURVE_S1.);
#641 = CIRCLE('',#642,1.26);
#642 = AXIS2_PLACEMENT_3D('',#643,#644,#645);
#643 = CARTESIAN_POINT('',(-7.,8.572527594031E-16,22.989));
#644 = DIRECTION('',(0.,0.,-1.));
#645 = DIRECTION('',(1.,0.,0.));
#646 = PCURVE('',#519,#647);
#647 = DEFINITIONAL_REPRESENTATION('',(#648),#656);
#648 = ( BOUNDED_CURVE() B_SPLINE_CURVE(2,(#649,#650,#651,#652,#653,#654
,#655),.UNSPECIFIED.,.T.,.F.) B_SPLINE_CURVE_WITH_KNOTS((1,2,2,2,2,1),(
    -2.094395102393,0.,2.094395102393,4.188790204786,6.28318530718,
8.377580409573),.UNSPECIFIED.) CURVE() GEOMETRIC_REPRESENTATION_ITEM() 
RATIONAL_B_SPLINE_CURVE((1.,0.5,1.,0.5,1.,0.5,1.)) REPRESENTATION_ITEM(
  '') );
#649 = CARTESIAN_POINT('',(-5.74,7.5177488168E-18));
#650 = CARTESIAN_POINT('',(-5.74,-2.182384017537));
#651 = CARTESIAN_POINT('',(-7.63,-1.091192008768));
#652 = CARTESIAN_POINT('',(-9.52,-3.010932445683E-16));
#653 = CARTESIAN_POINT('',(-7.63,1.091192008768));
#654 = CARTESIAN_POINT('',(-5.74,2.182384017537));
#655 = CARTESIAN_POINT('',(-5.74,7.5177488168E-18));
#656 = ( GEOMETRIC_REPRESENTATION_CONTEXT(2) 
PARAMETRIC_REPRESENTATION_CONTEXT() REPRESENTATION_CONTEXT('2D SPACE',''
  ) );
#657 = PCURVE('',#658,#663);
#658 = CYLINDRICAL_SURFACE('',#659,1.26);
#659 = AXIS2_PLACEMENT_3D('',#660,#661,#662);
#660 = CARTESIAN_POINT('',(-7.,8.572527594031E-16,18.489));
#661 = DIRECTION('',(-0.,-0.,-1.));
#662 = DIRECTION('',(1.,0.,0.));
#663 = DEFINITIONAL_REPRESENTATION('',(#664),#668);
#664 = LINE('',#665,#666);
#665 = CARTESIAN_POINT('',(-4.138911435803E-13,-4.5));
#666 = VECTOR('',#667,1.);
#667 = DIRECTION('',(1.,-0.));
#668 = ( GEOMETRIC_REPRESENTATION_CONTEXT(2) 
PARAMETRIC_REPRESENTATION_CONTEXT() REPRESENTATION_CONTEXT('2D SPACE',''
  ) );
#669 = FACE_BOUND('',#670,.T.);
#670 = EDGE_LOOP('',(#671));
#671 = ORIENTED_EDGE('',*,*,#672,.T.);
#672 = EDGE_CURVE('',#673,#673,#675,.T.);
#673 = VERTEX_POINT('',#674);
#674 = CARTESIAN_POINT('',(1.26,0.,22.989));
#675 = SURFACE_CURVE('',#676,(#681,#692),.PCURVE_S1.);
#676 = CIRCLE('',#677,1.26);
#677 = AXIS2_PLACEMENT_3D('',#678,#679,#680);
#678 = CARTESIAN_POINT('',(0.,0.,22.989));
#679 = DIRECTION('',(0.,0.,-1.));
#680 = DIRECTION('',(1.,0.,0.));
#681 = PCURVE('',#519,#682);
#682 = DEFINITIONAL_REPRESENTATION('',(#683),#691);
#683 = ( BOUNDED_CURVE() B_SPLINE_CURVE(2,(#684,#685,#686,#687,#688,#689
,#690),.UNSPECIFIED.,.T.,.F.) B_SPLINE_CURVE_WITH_KNOTS((1,2,2,2,2,1),(
    -2.094395102393,0.,2.094395102393,4.188790204786,6.28318530718,
8.377580409573),.UNSPECIFIED.) CURVE() GEOMETRIC_REPRESENTATION_ITEM() 
RATIONAL_B_SPLINE_CURVE((1.,0.5,1.,0.5,1.,0.5,1.)) REPRESENTATION_ITEM(
  '') );
#684 = CARTESIAN_POINT('',(1.26,-8.497350105863E-16));
#685 = CARTESIAN_POINT('',(1.26,-2.182384017537));
#686 = CARTESIAN_POINT('',(-0.63,-1.091192008768));
#687 = CARTESIAN_POINT('',(-2.52,-1.158346003971E-15));
#688 = CARTESIAN_POINT('',(-0.63,1.091192008768));
#689 = CARTESIAN_POINT('',(1.26,2.182384017537));
#690 = CARTESIAN_POINT('',(1.26,-8.497350105863E-16));
#691 = ( GEOMETRIC_REPRESENTATION_CONTEXT(2) 
PARAMETRIC_REPRESENTATION_CONTEXT() REPRESENTATION_CONTEXT('2D SPACE',''
  ) );
#692 = PCURVE('',#693,#698);
#693 = CYLINDRICAL_SURFACE('',#694,1.26);
#694 = AXIS2_PLACEMENT_3D('',#695,#696,#697);
#695 = CARTESIAN_POINT('',(0.,0.,18.489));
#696 = DIRECTION('',(-0.,-0.,-1.));
#697 = DIRECTION('',(1.,0.,0.));
#698 = DEFINITIONAL_REPRESENTATION('',(#699),#703);
#699 = LINE('',#700,#701);
#700 = CARTESIAN_POINT('',(-4.138911435803E-13,-4.5));
#701 = VECTOR('',#702,1.);
#702 = DIRECTION('',(1.,-0.));
#703 = ( GEOMETRIC_REPRESENTATION_CONTEXT(2) 
PARAMETRIC_REPRESENTATION_CONTEXT() REPRESENTATION_CONTEXT('2D SPACE',''
  ) );
#704 = FACE_BOUND('',#705,.T.);
#705 = EDGE_LOOP('',(#706));
#706 = ORIENTED_EDGE('',*,*,#707,.T.);
#707 = EDGE_CURVE('',#708,#708,#710,.T.);
#708 = VERTEX_POINT('',#709);
#709 = CARTESIAN_POINT('',(8.26,0.,22.989));
#710 = SURFACE_CURVE('',#711,(#716,#727),.PCURVE_S1.);
#711 = CIRCLE('',#712,1.26);
#712 = AXIS2_PLACEMENT_3D('',#713,#714,#715);
#713 = CARTESIAN_POINT('',(7.,0.,22.989));
#714 = DIRECTION('',(0.,0.,-1.));
#715 = DIRECTION('',(1.,0.,0.));
#716 = PCURVE('',#519,#717);
#717 = DEFINITIONAL_REPRESENTATION('',(#718),#726);
#718 = ( BOUNDED_CURVE() B_SPLINE_CURVE(2,(#719,#720,#721,#722,#723,#724
,#725),.UNSPECIFIED.,.T.,.F.) B_SPLINE_CURVE_WITH_KNOTS((1,2,2,2,2,1),(
    -2.094395102393,0.,2.094395102393,4.188790204786,6.28318530718,
8.377580409573),.UNSPECIFIED.) CURVE() GEOMETRIC_REPRESENTATION_ITEM() 
RATIONAL_B_SPLINE_CURVE((1.,0.5,1.,0.5,1.,0.5,1.)) REPRESENTATION_ITEM(
  '') );
#719 = CARTESIAN_POINT('',(8.26,-8.497350105863E-16));
#720 = CARTESIAN_POINT('',(8.26,-2.182384017537));
#721 = CARTESIAN_POINT('',(6.37,-1.091192008768));
#722 = CARTESIAN_POINT('',(4.48,-1.158346003971E-15));
#723 = CARTESIAN_POINT('',(6.37,1.091192008768));
#724 = CARTESIAN_POINT('',(8.26,2.182384017537));
#725 = CARTESIAN_POINT('',(8.26,-8.497350105863E-16));
#726 = ( GEOMETRIC_REPRESENTATION_CONTEXT(2) 
PARAMETRIC_REPRESENTATION_CONTEXT() REPRESENTATION_CONTEXT('2D SPACE',''
  ) );
#727 = PCURVE('',#728,#733);
#728 = CYLINDRICAL_SURFACE('',#729,1.26);
#729 = AXIS2_PLACEMENT_3D('',#730,#731,#732);
#730 = CARTESIAN_POINT('',(7.,0.,18.489));
#731 = DIRECTION('',(-0.,-0.,-1.));
#732 = DIRECTION('',(1.,0.,0.));
#733 = DEFINITIONAL_REPRESENTATION('',(#734),#738);
#734 = LINE('',#735,#736);
#735 = CARTESIAN_POINT('',(-4.138911435803E-13,-4.5));
#736 = VECTOR('',#737,1.);
#737 = DIRECTION('',(1.,-0.));
#738 = ( GEOMETRIC_REPRESENTATION_CONTEXT(2) 
PARAMETRIC_REPRESENTATION_CONTEXT() REPRESENTATION_CONTEXT('2D SPACE',''
  ) );
#739 = FACE_BOUND('',#740,.T.);
#740 = EDGE_LOOP('',(#741));
#741 = ORIENTED_EDGE('',*,*,#742,.T.);
#742 = EDGE_CURVE('',#743,#743,#745,.T.);
#743 = VERTEX_POINT('',#744);
#744 = CARTESIAN_POINT('',(1.26,7.,22.989));
#745 = SURFACE_CURVE('',#746,(#751,#762),.PCURVE_S1.);
#746 = CIRCLE('',#747,1.26);
#747 = AXIS2_PLACEMENT_3D('',#748,#749,#750);
#748 = CARTESIAN_POINT('',(4.286263797016E-16,7.,22.989));
#749 = DIRECTION('',(0.,0.,-1.));
#750 = DIRECTION('',(1.,0.,0.));
#751 = PCURVE('',#519,#752);
#752 = DEFINITIONAL_REPRESENTATION('',(#753),#761);
#753 = ( BOUNDED_CURVE() B_SPLINE_CURVE(2,(#754,#755,#756,#757,#758,#759
,#760),.UNSPECIFIED.,.T.,.F.) B_SPLINE_CURVE_WITH_KNOTS((1,2,2,2,2,1),(
    -2.094395102393,0.,2.094395102393,4.188790204786,6.28318530718,
8.377580409573),.UNSPECIFIED.) CURVE() GEOMETRIC_REPRESENTATION_ITEM() 
RATIONAL_B_SPLINE_CURVE((1.,0.5,1.,0.5,1.,0.5,1.)) REPRESENTATION_ITEM(
  '') );
#754 = CARTESIAN_POINT('',(1.26,7.));
#755 = CARTESIAN_POINT('',(1.26,4.817615982463));
#756 = CARTESIAN_POINT('',(-0.63,5.908807991232));
#757 = CARTESIAN_POINT('',(-2.52,7.));
#758 = CARTESIAN_POINT('',(-0.63,8.091192008768));
#759 = CARTESIAN_POINT('',(1.26,9.182384017537));
#760 = CARTESIAN_POINT('',(1.26,7.));
#761 = ( GEOMETRIC_REPRESENTATION_CONTEXT(2) 
PARAMETRIC_REPRESENTATION_CONTEXT() REPRESENTATION_CONTEXT('2D SPACE',''
  ) );
#762 = PCURVE('',#763,#768);
#763 = CYLINDRICAL_SURFACE('',#764,1.26);
#764 = AXIS2_PLACEMENT_3D('',#765,#766,#767);
#765 = CARTESIAN_POINT('',(4.286263797016E-16,7.,18.489));
#766 = DIRECTION('',(-0.,-0.,-1.));
#767 = DIRECTION('',(1.,0.,0.));
#768 = DEFINITIONAL_REPRESENTATION('',(#769),#773);
#769 = LINE('',#770,#771);
#770 = CARTESIAN_POINT('',(-4.138911435803E-13,-4.5));
#771 = VECTOR('',#772,1.);
#772 = DIRECTION('',(1.,-0.));
#773 = ( GEOMETRIC_REPRESENTATION_CONTEXT(2) 
PARAMETRIC_REPRESENTATION_CONTEXT() REPRESENTATION_CONTEXT('2D SPACE',''
  ) );
#774 = ADVANCED_FACE('',(#775),#584,.F.);
#775 = FACE_BOUND('',#776,.F.);
#776 = EDGE_LOOP('',(#777,#778,#801,#828));
#777 = ORIENTED_EDGE('',*,*,#567,.T.);
#778 = ORIENTED_EDGE('',*,*,#779,.T.);
#779 = EDGE_CURVE('',#568,#780,#782,.T.);
#780 = VERTEX_POINT('',#781);
#781 = CARTESIAN_POINT('',(11.,0.,19.489));
#782 = SEAM_CURVE('',#783,(#787,#794),.PCURVE_S1.);
#783 = LINE('',#784,#785);
#784 = CARTESIAN_POINT('',(11.,0.,-22.5));
#785 = VECTOR('',#786,1.);
#786 = DIRECTION('',(0.,0.,1.));
#787 = PCURVE('',#584,#788);
#788 = DEFINITIONAL_REPRESENTATION('',(#789),#793);
#789 = LINE('',#790,#791);
#790 = CARTESIAN_POINT('',(-4.138911435803E-13,0.));
#791 = VECTOR('',#792,1.);
#792 = DIRECTION('',(-0.,-1.));
#793 = ( GEOMETRIC_REPRESENTATION_CONTEXT(2) 
PARAMETRIC_REPRESENTATION_CONTEXT() REPRESENTATION_CONTEXT('2D SPACE',''
  ) );
#794 = PCURVE('',#584,#795);
#795 = DEFINITIONAL_REPRESENTATION('',(#796),#800);
#796 = LINE('',#797,#798);
#797 = CARTESIAN_POINT('',(6.28318530718,0.));
#798 = VECTOR('',#799,1.);
#799 = DIRECTION('',(-0.,-1.));
#800 = ( GEOMETRIC_REPRESENTATION_CONTEXT(2) 
PARAMETRIC_REPRESENTATION_CONTEXT() REPRESENTATION_CONTEXT('2D SPACE',''
  ) );
#801 = ORIENTED_EDGE('',*,*,#802,.F.);
#802 = EDGE_CURVE('',#780,#780,#803,.T.);
#803 = SURFACE_CURVE('',#804,(#809,#816),.PCURVE_S1.);
#804 = CIRCLE('',#805,11.);
#805 = AXIS2_PLACEMENT_3D('',#806,#807,#808);
#806 = CARTESIAN_POINT('',(0.,0.,19.489));
#807 = DIRECTION('',(0.,0.,1.));
#808 = DIRECTION('',(1.,0.,-0.));
#809 = PCURVE('',#584,#810);
#810 = DEFINITIONAL_REPRESENTATION('',(#811),#815);
#811 = LINE('',#812,#813);
#812 = CARTESIAN_POINT('',(6.28318530718,-41.989));
#813 = VECTOR('',#814,1.);
#814 = DIRECTION('',(-1.,0.));
#815 = ( GEOMETRIC_REPRESENTATION_CONTEXT(2) 
PARAMETRIC_REPRESENTATION_CONTEXT() REPRESENTATION_CONTEXT('2D SPACE',''
  ) );
#816 = PCURVE('',#817,#822);
#817 = PLANE('',#818);
#818 = AXIS2_PLACEMENT_3D('',#819,#820,#821);
#819 = CARTESIAN_POINT('',(-7.458764359306E-16,-4.490371596874E-16,
    19.489));
#820 = DIRECTION('',(0.,0.,1.));
#821 = DIRECTION('',(1.,0.,-0.));
#822 = DEFINITIONAL_REPRESENTATION('',(#823),#827);
#823 = CIRCLE('',#824,11.);
#824 = AXIS2_PLACEMENT_2D('',#825,#826);
#825 = CARTESIAN_POINT('',(7.458764359306E-16,4.490371596874E-16));
#826 = DIRECTION('',(1.,0.));
#827 = ( GEOMETRIC_REPRESENTATION_CONTEXT(2) 
PARAMETRIC_REPRESENTATION_CONTEXT() REPRESENTATION_CONTEXT('2D SPACE',''
  ) );
#828 = ORIENTED_EDGE('',*,*,#779,.F.);
#829 = ADVANCED_FACE('',(#830),#623,.F.);
#830 = FACE_BOUND('',#831,.F.);
#831 = EDGE_LOOP('',(#832,#855,#856,#857));
#832 = ORIENTED_EDGE('',*,*,#833,.T.);
#833 = EDGE_CURVE('',#834,#603,#836,.T.);
#834 = VERTEX_POINT('',#835);
#835 = CARTESIAN_POINT('',(1.26,-7.,19.489));
#836 = SEAM_CURVE('',#837,(#841,#848),.PCURVE_S1.);
#837 = LINE('',#838,#839);
#838 = CARTESIAN_POINT('',(1.26,-7.,18.489));
#839 = VECTOR('',#840,1.);
#840 = DIRECTION('',(0.,0.,1.));
#841 = PCURVE('',#623,#842);
#842 = DEFINITIONAL_REPRESENTATION('',(#843),#847);
#843 = LINE('',#844,#845);
#844 = CARTESIAN_POINT('',(-4.138911435803E-13,0.));
#845 = VECTOR('',#846,1.);
#846 = DIRECTION('',(-0.,-1.));
#847 = ( GEOMETRIC_REPRESENTATION_CONTEXT(2) 
PARAMETRIC_REPRESENTATION_CONTEXT() REPRESENTATION_CONTEXT('2D SPACE',''
  ) );
#848 = PCURVE('',#623,#849);
#849 = DEFINITIONAL_REPRESENTATION('',(#850),#854);
#850 = LINE('',#851,#852);
#851 = CARTESIAN_POINT('',(6.28318530718,0.));
#852 = VECTOR('',#853,1.);
#853 = DIRECTION('',(-0.,-1.));
#854 = ( GEOMETRIC_REPRESENTATION_CONTEXT(2) 
PARAMETRIC_REPRESENTATION_CONTEXT() REPRESENTATION_CONTEXT('2D SPACE',''
  ) );
#855 = ORIENTED_EDGE('',*,*,#602,.T.);
#856 = ORIENTED_EDGE('',*,*,#833,.F.);
#857 = ORIENTED_EDGE('',*,*,#858,.F.);
#858 = EDGE_CURVE('',#834,#834,#859,.T.);
#859 = SURFACE_CURVE('',#860,(#865,#872),.PCURVE_S1.);
#860 = CIRCLE('',#861,1.26);
#861 = AXIS2_PLACEMENT_3D('',#862,#863,#864);
#862 = CARTESIAN_POINT('',(-1.285879139105E-15,-7.,19.489));
#863 = DIRECTION('',(0.,0.,-1.));
#864 = DIRECTION('',(1.,0.,0.));
#865 = PCURVE('',#623,#866);
#866 = DEFINITIONAL_REPRESENTATION('',(#867),#871);
#867 = LINE('',#868,#869);
#868 = CARTESIAN_POINT('',(-4.138911435803E-13,-1.));
#869 = VECTOR('',#870,1.);
#870 = DIRECTION('',(1.,-0.));
#871 = ( GEOMETRIC_REPRESENTATION_CONTEXT(2) 
PARAMETRIC_REPRESENTATION_CONTEXT() REPRESENTATION_CONTEXT('2D SPACE',''
  ) );
#872 = PCURVE('',#817,#873);
#873 = DEFINITIONAL_REPRESENTATION('',(#874),#882);
#874 = ( BOUNDED_CURVE() B_SPLINE_CURVE(2,(#875,#876,#877,#878,#879,#880
,#881),.UNSPECIFIED.,.T.,.F.) B_SPLINE_CURVE_WITH_KNOTS((1,2,2,2,2,1),(
    -2.094395102393,0.,2.094395102393,4.188790204786,6.28318530718,
8.377580409573),.UNSPECIFIED.) CURVE() GEOMETRIC_REPRESENTATION_ITEM() 
RATIONAL_B_SPLINE_CURVE((1.,0.5,1.,0.5,1.,0.5,1.)) REPRESENTATION_ITEM(
  '') );
#875 = CARTESIAN_POINT('',(1.26,-7.));
#876 = CARTESIAN_POINT('',(1.26,-9.182384017537));
#877 = CARTESIAN_POINT('',(-0.63,-8.091192008768));
#878 = CARTESIAN_POINT('',(-2.52,-7.));
#879 = CARTESIAN_POINT('',(-0.63,-5.908807991232));
#880 = CARTESIAN_POINT('',(1.26,-4.817615982463));
#881 = CARTESIAN_POINT('',(1.26,-7.));
#882 = ( GEOMETRIC_REPRESENTATION_CONTEXT(2) 
PARAMETRIC_REPRESENTATION_CONTEXT() REPRESENTATION_CONTEXT('2D SPACE',''
  ) );
#883 = ADVANCED_FACE('',(#884),#658,.F.);
#884 = FACE_BOUND('',#885,.F.);
#885 = EDGE_LOOP('',(#886,#909,#910,#911));
#886 = ORIENTED_EDGE('',*,*,#887,.T.);
#887 = EDGE_CURVE('',#888,#638,#890,.T.);
#888 = VERTEX_POINT('',#889);
#889 = CARTESIAN_POINT('',(-5.74,8.572527594031E-16,19.489));
#890 = SEAM_CURVE('',#891,(#895,#902),.PCURVE_S1.);
#891 = LINE('',#892,#893);
#892 = CARTESIAN_POINT('',(-5.74,8.572527594031E-16,18.489));
#893 = VECTOR('',#894,1.);
#894 = DIRECTION('',(0.,0.,1.));
#895 = PCURVE('',#658,#896);
#896 = DEFINITIONAL_REPRESENTATION('',(#897),#901);
#897 = LINE('',#898,#899);
#898 = CARTESIAN_POINT('',(-4.138911435803E-13,0.));
#899 = VECTOR('',#900,1.);
#900 = DIRECTION('',(-0.,-1.));
#901 = ( GEOMETRIC_REPRESENTATION_CONTEXT(2) 
PARAMETRIC_REPRESENTATION_CONTEXT() REPRESENTATION_CONTEXT('2D SPACE',''
  ) );
#902 = PCURVE('',#658,#903);
#903 = DEFINITIONAL_REPRESENTATION('',(#904),#908);
#904 = LINE('',#905,#906);
#905 = CARTESIAN_POINT('',(6.28318530718,0.));
#906 = VECTOR('',#907,1.);
#907 = DIRECTION('',(-0.,-1.));
#908 = ( GEOMETRIC_REPRESENTATION_CONTEXT(2) 
PARAMETRIC_REPRESENTATION_CONTEXT() REPRESENTATION_CONTEXT('2D SPACE',''
  ) );
#909 = ORIENTED_EDGE('',*,*,#637,.T.);
#910 = ORIENTED_EDGE('',*,*,#887,.F.);
#911 = ORIENTED_EDGE('',*,*,#912,.F.);
#912 = EDGE_CURVE('',#888,#888,#913,.T.);
#913 = SURFACE_CURVE('',#914,(#919,#926),.PCURVE_S1.);
#914 = CIRCLE('',#915,1.26);
#915 = AXIS2_PLACEMENT_3D('',#916,#917,#918);
#916 = CARTESIAN_POINT('',(-7.,8.572527594031E-16,19.489));
#917 = DIRECTION('',(0.,0.,-1.));
#918 = DIRECTION('',(1.,0.,0.));
#919 = PCURVE('',#658,#920);
#920 = DEFINITIONAL_REPRESENTATION('',(#921),#925);
#921 = LINE('',#922,#923);
#922 = CARTESIAN_POINT('',(-4.138911435803E-13,-1.));
#923 = VECTOR('',#924,1.);
#924 = DIRECTION('',(1.,-0.));
#925 = ( GEOMETRIC_REPRESENTATION_CONTEXT(2) 
PARAMETRIC_REPRESENTATION_CONTEXT() REPRESENTATION_CONTEXT('2D SPACE',''
  ) );
#926 = PCURVE('',#817,#927);
#927 = DEFINITIONAL_REPRESENTATION('',(#928),#936);
#928 = ( BOUNDED_CURVE() B_SPLINE_CURVE(2,(#929,#930,#931,#932,#933,#934
,#935),.UNSPECIFIED.,.T.,.F.) B_SPLINE_CURVE_WITH_KNOTS((1,2,2,2,2,1),(
    -2.094395102393,0.,2.094395102393,4.188790204786,6.28318530718,
8.377580409573),.UNSPECIFIED.) CURVE() GEOMETRIC_REPRESENTATION_ITEM() 
RATIONAL_B_SPLINE_CURVE((1.,0.5,1.,0.5,1.,0.5,1.)) REPRESENTATION_ITEM(
  '') );
#929 = CARTESIAN_POINT('',(-5.74,1.30628991909E-15));
#930 = CARTESIAN_POINT('',(-5.74,-2.182384017537));
#931 = CARTESIAN_POINT('',(-7.63,-1.091192008768));
#932 = CARTESIAN_POINT('',(-9.52,9.976789257054E-16));
#933 = CARTESIAN_POINT('',(-7.63,1.091192008768));
#934 = CARTESIAN_POINT('',(-5.74,2.182384017537));
#935 = CARTESIAN_POINT('',(-5.74,1.30628991909E-15));
#936 = ( GEOMETRIC_REPRESENTATION_CONTEXT(2) 
PARAMETRIC_REPRESENTATION_CONTEXT() REPRESENTATION_CONTEXT('2D SPACE',''
  ) );
#937 = ADVANCED_FACE('',(#938),#693,.F.);
#938 = FACE_BOUND('',#939,.F.);
#939 = EDGE_LOOP('',(#940,#963,#964,#965));
#940 = ORIENTED_EDGE('',*,*,#941,.T.);
#941 = EDGE_CURVE('',#942,#673,#944,.T.);
#942 = VERTEX_POINT('',#943);
#943 = CARTESIAN_POINT('',(1.26,0.,19.489));
#944 = SEAM_CURVE('',#945,(#949,#956),.PCURVE_S1.);
#945 = LINE('',#946,#947);
#946 = CARTESIAN_POINT('',(1.26,0.,18.489));
#947 = VECTOR('',#948,1.);
#948 = DIRECTION('',(0.,0.,1.));
#949 = PCURVE('',#693,#950);
#950 = DEFINITIONAL_REPRESENTATION('',(#951),#955);
#951 = LINE('',#952,#953);
#952 = CARTESIAN_POINT('',(-4.138911435803E-13,0.));
#953 = VECTOR('',#954,1.);
#954 = DIRECTION('',(-0.,-1.));
#955 = ( GEOMETRIC_REPRESENTATION_CONTEXT(2) 
PARAMETRIC_REPRESENTATION_CONTEXT() REPRESENTATION_CONTEXT('2D SPACE',''
  ) );
#956 = PCURVE('',#693,#957);
#957 = DEFINITIONAL_REPRESENTATION('',(#958),#962);
#958 = LINE('',#959,#960);
#959 = CARTESIAN_POINT('',(6.28318530718,0.));
#960 = VECTOR('',#961,1.);
#961 = DIRECTION('',(-0.,-1.));
#962 = ( GEOMETRIC_REPRESENTATION_CONTEXT(2) 
PARAMETRIC_REPRESENTATION_CONTEXT() REPRESENTATION_CONTEXT('2D SPACE',''
  ) );
#963 = ORIENTED_EDGE('',*,*,#672,.T.);
#964 = ORIENTED_EDGE('',*,*,#941,.F.);
#965 = ORIENTED_EDGE('',*,*,#966,.F.);
#966 = EDGE_CURVE('',#942,#942,#967,.T.);
#967 = SURFACE_CURVE('',#968,(#973,#980),.PCURVE_S1.);
#968 = CIRCLE('',#969,1.26);
#969 = AXIS2_PLACEMENT_3D('',#970,#971,#972);
#970 = CARTESIAN_POINT('',(0.,0.,19.489));
#971 = DIRECTION('',(0.,0.,-1.));
#972 = DIRECTION('',(1.,0.,0.));
#973 = PCURVE('',#693,#974);
#974 = DEFINITIONAL_REPRESENTATION('',(#975),#979);
#975 = LINE('',#976,#977);
#976 = CARTESIAN_POINT('',(-4.138911435803E-13,-1.));
#977 = VECTOR('',#978,1.);
#978 = DIRECTION('',(1.,-0.));
#979 = ( GEOMETRIC_REPRESENTATION_CONTEXT(2) 
PARAMETRIC_REPRESENTATION_CONTEXT() REPRESENTATION_CONTEXT('2D SPACE',''
  ) );
#980 = PCURVE('',#817,#981);
#981 = DEFINITIONAL_REPRESENTATION('',(#982),#990);
#982 = ( BOUNDED_CURVE() B_SPLINE_CURVE(2,(#983,#984,#985,#986,#987,#988
,#989),.UNSPECIFIED.,.T.,.F.) B_SPLINE_CURVE_WITH_KNOTS((1,2,2,2,2,1),(
    -2.094395102393,0.,2.094395102393,4.188790204786,6.28318530718,
8.377580409573),.UNSPECIFIED.) CURVE() GEOMETRIC_REPRESENTATION_ITEM() 
RATIONAL_B_SPLINE_CURVE((1.,0.5,1.,0.5,1.,0.5,1.)) REPRESENTATION_ITEM(
  '') );
#983 = CARTESIAN_POINT('',(1.26,4.490371596874E-16));
#984 = CARTESIAN_POINT('',(1.26,-2.182384017537));
#985 = CARTESIAN_POINT('',(-0.63,-1.091192008768));
#986 = CARTESIAN_POINT('',(-2.52,1.404261663023E-16));
#987 = CARTESIAN_POINT('',(-0.63,1.091192008768));
#988 = CARTESIAN_POINT('',(1.26,2.182384017537));
#989 = CARTESIAN_POINT('',(1.26,4.490371596874E-16));
#990 = ( GEOMETRIC_REPRESENTATION_CONTEXT(2) 
PARAMETRIC_REPRESENTATION_CONTEXT() REPRESENTATION_CONTEXT('2D SPACE',''
  ) );
#991 = ADVANCED_FACE('',(#992),#728,.F.);
#992 = FACE_BOUND('',#993,.F.);
#993 = EDGE_LOOP('',(#994,#1017,#1018,#1019));
#994 = ORIENTED_EDGE('',*,*,#995,.T.);
#995 = EDGE_CURVE('',#996,#708,#998,.T.);
#996 = VERTEX_POINT('',#997);
#997 = CARTESIAN_POINT('',(8.26,0.,19.489));
#998 = SEAM_CURVE('',#999,(#1003,#1010),.PCURVE_S1.);
#999 = LINE('',#1000,#1001);
#1000 = CARTESIAN_POINT('',(8.26,0.,18.489));
#1001 = VECTOR('',#1002,1.);
#1002 = DIRECTION('',(0.,0.,1.));
#1003 = PCURVE('',#728,#1004);
#1004 = DEFINITIONAL_REPRESENTATION('',(#1005),#1009);
#1005 = LINE('',#1006,#1007);
#1006 = CARTESIAN_POINT('',(-4.138911435803E-13,0.));
#1007 = VECTOR('',#1008,1.);
#1008 = DIRECTION('',(-0.,-1.));
#1009 = ( GEOMETRIC_REPRESENTATION_CONTEXT(2) 
PARAMETRIC_REPRESENTATION_CONTEXT() REPRESENTATION_CONTEXT('2D SPACE',''
  ) );
#1010 = PCURVE('',#728,#1011);
#1011 = DEFINITIONAL_REPRESENTATION('',(#1012),#1016);
#1012 = LINE('',#1013,#1014);
#1013 = CARTESIAN_POINT('',(6.28318530718,0.));
#1014 = VECTOR('',#1015,1.);
#1015 = DIRECTION('',(-0.,-1.));
#1016 = ( GEOMETRIC_REPRESENTATION_CONTEXT(2) 
PARAMETRIC_REPRESENTATION_CONTEXT() REPRESENTATION_CONTEXT('2D SPACE',''
  ) );
#1017 = ORIENTED_EDGE('',*,*,#707,.T.);
#1018 = ORIENTED_EDGE('',*,*,#995,.F.);
#1019 = ORIENTED_EDGE('',*,*,#1020,.F.);
#1020 = EDGE_CURVE('',#996,#996,#1021,.T.);
#1021 = SURFACE_CURVE('',#1022,(#1027,#1034),.PCURVE_S1.);
#1022 = CIRCLE('',#1023,1.26);
#1023 = AXIS2_PLACEMENT_3D('',#1024,#1025,#1026);
#1024 = CARTESIAN_POINT('',(7.,0.,19.489));
#1025 = DIRECTION('',(0.,0.,-1.));
#1026 = DIRECTION('',(1.,0.,0.));
#1027 = PCURVE('',#728,#1028);
#1028 = DEFINITIONAL_REPRESENTATION('',(#1029),#1033);
#1029 = LINE('',#1030,#1031);
#1030 = CARTESIAN_POINT('',(-4.138911435803E-13,-1.));
#1031 = VECTOR('',#1032,1.);
#1032 = DIRECTION('',(1.,-0.));
#1033 = ( GEOMETRIC_REPRESENTATION_CONTEXT(2) 
PARAMETRIC_REPRESENTATION_CONTEXT() REPRESENTATION_CONTEXT('2D SPACE',''
  ) );
#1034 = PCURVE('',#817,#1035);
#1035 = DEFINITIONAL_REPRESENTATION('',(#1036),#1044);
#1036 = ( BOUNDED_CURVE() B_SPLINE_CURVE(2,(#1037,#1038,#1039,#1040,
#1041,#1042,#1043),.UNSPECIFIED.,.T.,.F.) B_SPLINE_CURVE_WITH_KNOTS((1,2
    ,2,2,2,1),(-2.094395102393,0.,2.094395102393,4.188790204786,
6.28318530718,8.377580409573),.UNSPECIFIED.) CURVE() 
GEOMETRIC_REPRESENTATION_ITEM() RATIONAL_B_SPLINE_CURVE((1.,0.5,1.,0.5,
1.,0.5,1.)) REPRESENTATION_ITEM('') );
#1037 = CARTESIAN_POINT('',(8.26,4.490371596874E-16));
#1038 = CARTESIAN_POINT('',(8.26,-2.182384017537));
#1039 = CARTESIAN_POINT('',(6.37,-1.091192008768));
#1040 = CARTESIAN_POINT('',(4.48,1.404261663023E-16));
#1041 = CARTESIAN_POINT('',(6.37,1.091192008768));
#1042 = CARTESIAN_POINT('',(8.26,2.182384017537));
#1043 = CARTESIAN_POINT('',(8.26,4.490371596874E-16));
#1044 = ( GEOMETRIC_REPRESENTATION_CONTEXT(2) 
PARAMETRIC_REPRESENTATION_CONTEXT() REPRESENTATION_CONTEXT('2D SPACE',''
  ) );
#1045 = ADVANCED_FACE('',(#1046),#763,.F.);
#1046 = FACE_BOUND('',#1047,.F.);
#1047 = EDGE_LOOP('',(#1048,#1071,#1072,#1073));
#1048 = ORIENTED_EDGE('',*,*,#1049,.T.);
#1049 = EDGE_CURVE('',#1050,#743,#1052,.T.);
#1050 = VERTEX_POINT('',#1051);
#1051 = CARTESIAN_POINT('',(1.26,7.,19.489));
#1052 = SEAM_CURVE('',#1053,(#1057,#1064),.PCURVE_S1.);
#1053 = LINE('',#1054,#1055);
#1054 = CARTESIAN_POINT('',(1.26,7.,18.489));
#1055 = VECTOR('',#1056,1.);
#1056 = DIRECTION('',(0.,0.,1.));
#1057 = PCURVE('',#763,#1058);
#1058 = DEFINITIONAL_REPRESENTATION('',(#1059),#1063);
#1059 = LINE('',#1060,#1061);
#1060 = CARTESIAN_POINT('',(-4.138911435803E-13,0.));
#1061 = VECTOR('',#1062,1.);
#1062 = DIRECTION('',(-0.,-1.));
#1063 = ( GEOMETRIC_REPRESENTATION_CONTEXT(2) 
PARAMETRIC_REPRESENTATION_CONTEXT() REPRESENTATION_CONTEXT('2D SPACE',''
  ) );
#1064 = PCURVE('',#763,#1065);
#1065 = DEFINITIONAL_REPRESENTATION('',(#1066),#1070);
#1066 = LINE('',#1067,#1068);
#1067 = CARTESIAN_POINT('',(6.28318530718,0.));
#1068 = VECTOR('',#1069,1.);
#1069 = DIRECTION('',(-0.,-1.));
#1070 = ( GEOMETRIC_REPRESENTATION_CONTEXT(2) 
PARAMETRIC_REPRESENTATION_CONTEXT() REPRESENTATION_CONTEXT('2D SPACE',''
  ) );
#1071 = ORIENTED_EDGE('',*,*,#742,.T.);
#1072 = ORIENTED_EDGE('',*,*,#1049,.F.);
#1073 = ORIENTED_EDGE('',*,*,#1074,.F.);
#1074 = EDGE_CURVE('',#1050,#1050,#1075,.T.);
#1075 = SURFACE_CURVE('',#1076,(#1081,#1088),.PCURVE_S1.);
#1076 = CIRCLE('',#1077,1.26);
#1077 = AXIS2_PLACEMENT_3D('',#1078,#1079,#1080);
#1078 = CARTESIAN_POINT('',(4.286263797016E-16,7.,19.489));
#1079 = DIRECTION('',(0.,0.,-1.));
#1080 = DIRECTION('',(1.,0.,0.));
#1081 = PCURVE('',#763,#1082);
#1082 = DEFINITIONAL_REPRESENTATION('',(#1083),#1087);
#1083 = LINE('',#1084,#1085);
#1084 = CARTESIAN_POINT('',(-4.138911435803E-13,-1.));
#1085 = VECTOR('',#1086,1.);
#1086 = DIRECTION('',(1.,-0.));
#1087 = ( GEOMETRIC_REPRESENTATION_CONTEXT(2) 
PARAMETRIC_REPRESENTATION_CONTEXT() REPRESENTATION_CONTEXT('2D SPACE',''
  ) );
#1088 = PCURVE('',#817,#1089);
#1089 = DEFINITIONAL_REPRESENTATION('',(#1090),#1098);
#1090 = ( BOUNDED_CURVE() B_SPLINE_CURVE(2,(#1091,#1092,#1093,#1094,
#1095,#1096,#1097),.UNSPECIFIED.,.T.,.F.) B_SPLINE_CURVE_WITH_KNOTS((1,2
    ,2,2,2,1),(-2.094395102393,0.,2.094395102393,4.188790204786,
6.28318530718,8.377580409573),.UNSPECIFIED.) CURVE() 
GEOMETRIC_REPRESENTATION_ITEM() RATIONAL_B_SPLINE_CURVE((1.,0.5,1.,0.5,
1.,0.5,1.)) REPRESENTATION_ITEM('') );
#1091 = CARTESIAN_POINT('',(1.26,7.));
#1092 = CARTESIAN_POINT('',(1.26,4.817615982463));
#1093 = CARTESIAN_POINT('',(-0.63,5.908807991232));
#1094 = CARTESIAN_POINT('',(-2.52,7.));
#1095 = CARTESIAN_POINT('',(-0.63,8.091192008768));
#1096 = CARTESIAN_POINT('',(1.26,9.182384017537));
#1097 = CARTESIAN_POINT('',(1.26,7.));
#1098 = ( GEOMETRIC_REPRESENTATION_CONTEXT(2) 
PARAMETRIC_REPRESENTATION_CONTEXT() REPRESENTATION_CONTEXT('2D SPACE',''
  ) );
#1099 = ADVANCED_FACE('',(#1100,#1103,#1106,#1109,#1112,#1115),#817,.F.
  );
#1100 = FACE_BOUND('',#1101,.F.);
#1101 = EDGE_LOOP('',(#1102));
#1102 = ORIENTED_EDGE('',*,*,#802,.T.);
#1103 = FACE_BOUND('',#1104,.F.);
#1104 = EDGE_LOOP('',(#1105));
#1105 = ORIENTED_EDGE('',*,*,#858,.T.);
#1106 = FACE_BOUND('',#1107,.F.);
#1107 = EDGE_LOOP('',(#1108));
#1108 = ORIENTED_EDGE('',*,*,#966,.T.);
#1109 = FACE_BOUND('',#1110,.F.);
#1110 = EDGE_LOOP('',(#1111));
#1111 = ORIENTED_EDGE('',*,*,#1020,.T.);
#1112 = FACE_BOUND('',#1113,.F.);
#1113 = EDGE_LOOP('',(#1114));
#1114 = ORIENTED_EDGE('',*,*,#912,.T.);
#1115 = FACE_BOUND('',#1116,.F.);
#1116 = EDGE_LOOP('',(#1117));
#1117 = ORIENTED_EDGE('',*,*,#1074,.T.);
#1118 = ( GEOMETRIC_REPRESENTATION_CONTEXT(3) 
GLOBAL_UNCERTAINTY_ASSIGNED_CONTEXT((#1122)) 
GLOBAL_UNIT_ASSIGNED_CONTEXT((#1119,#1120,#1121)) REPRESENTATION_CONTEXT
('Context #1','3D Context with UNIT and UNCERTAINTY') );
#1119 = ( LENGTH_UNIT() NAMED_UNIT(*) SI_UNIT(.MILLI.,.METRE.) );
#1120 = ( NAMED_UNIT(*) PLANE_ANGLE_UNIT() SI_UNIT($,.RADIAN.) );
#1121 = ( NAMED_UNIT(*) SI_UNIT($,.STERADIAN.) SOLID_ANGLE_UNIT() );
#1122 = UNCERTAINTY_MEASURE_WITH_UNIT(LENGTH_MEASURE(1.E-07),#1119,
  'distance_accuracy_value','confusion accuracy');
#1123 = CONTEXT_DEPENDENT_SHAPE_REPRESENTATION(#1124,#1126);
#1124 = ( REPRESENTATION_RELATIONSHIP('','',#116,#10) 
REPRESENTATION_RELATIONSHIP_WITH_TRANSFORMATION(#1125) 
SHAPE_REPRESENTATION_RELATIONSHIP() );
#1125 = ITEM_DEFINED_TRANSFORMATION('','',#11,#15);
#1126 = PRODUCT_DEFINITION_SHAPE('Placement','Placement of an item',
  #1127);
#1127 = NEXT_ASSEMBLY_USAGE_OCCURRENCE('202','J5_shaft','',#5,#111,$);
#1128 = PRODUCT_RELATED_PRODUCT_CATEGORY('part',$,(#113));
#1129 = SHAPE_DEFINITION_REPRESENTATION(#1130,#1136);
#1130 = PRODUCT_DEFINITION_SHAPE('','',#1131);
#1131 = PRODUCT_DEFINITION('design','',#1132,#1135);
#1132 = PRODUCT_DEFINITION_FORMATION('','',#1133);
#1133 = PRODUCT('j6_body','j6_body','',(#1134));
#1134 = PRODUCT_CONTEXT('',#2,'mechanical');
#1135 = PRODUCT_DEFINITION_CONTEXT('part definition',#2,'design');
#1136 = ADVANCED_BREP_SHAPE_REPRESENTATION('',(#11,#1137),#10198);
#1137 = MANIFOLD_SOLID_BREP('',#1138);
#1138 = CLOSED_SHELL('',(#1139,#1413,#1496,#1556,#1698,#1804,#1998,#2054
    ,#2109,#2253,#2334,#2416,#2609,#2639,#2677,#2758,#2829,#2884,#2913,
    #3024,#3208,#3257,#3588,#3938,#3992,#4041,#4075,#4130,#4207,#4550,
    #4626,#4653,#4998,#5030,#5108,#5113,#5120,#5125,#5156,#5290,#5318,
    #5456,#5462,#5701,#5844,#5981,#6030,#6035,#6169,#6275,#6348,#6375,
    #6479,#6511,#6538,#6592,#6673,#6754,#6921,#6948,#6998,#7184,#7233,
    #7309,#7336,#7474,#7606,#7611,#7660,#7794,#7844,#7917,#8000,#8051,
    #8102,#8233,#8282,#8331,#8482,#8509,#8563,#8702,#8753,#8760,#8787,
    #8814,#8861,#8937,#9008,#9015,#9042,#9048,#9099,#9106,#9178,#9256,
    #9305,#9426,#9432,#9439,#9465,#9630,#9657,#9684,#9711,#9738,#9769,
    #9796,#9823,#9830,#9857,#9908,#9935,#9941,#9948,#9955,#9962,#10017,
    #10072,#10127,#10182,#10186,#10190,#10194));
#1139 = ADVANCED_FACE('',(#1140),#1154,.T.);
#1140 = FACE_BOUND('',#1141,.T.);
#1141 = EDGE_LOOP('',(#1142,#1177,#1206,#1234,#1263,#1363,#1387));
#1142 = ORIENTED_EDGE('',*,*,#1143,.T.);
#1143 = EDGE_CURVE('',#1144,#1146,#1148,.T.);
#1144 = VERTEX_POINT('',#1145);
#1145 = CARTESIAN_POINT('',(-4.019007349143E-15,18.1,-12.25));
#1146 = VERTEX_POINT('',#1147);
#1147 = CARTESIAN_POINT('',(-4.019007349143E-15,18.1,-15.));
#1148 = SURFACE_CURVE('',#1149,(#1153,#1165),.PCURVE_S1.);
#1149 = LINE('',#1150,#1151);
#1150 = CARTESIAN_POINT('',(-4.019007349143E-15,18.1,0.));
#1151 = VECTOR('',#1152,1.);
#1152 = DIRECTION('',(0.,2.22044604925E-16,-1.));
#1153 = PCURVE('',#1154,#1159);
#1154 = CYLINDRICAL_SURFACE('',#1155,18.1);
#1155 = AXIS2_PLACEMENT_3D('',#1156,#1157,#1158);
#1156 = CARTESIAN_POINT('',(0.,0.,0.));
#1157 = DIRECTION('',(0.,-2.22044604925E-16,1.));
#1158 = DIRECTION('',(-2.22044604925E-16,1.,2.22044604925E-16));
#1159 = DEFINITIONAL_REPRESENTATION('',(#1160),#1164);
#1160 = LINE('',#1161,#1162);
#1161 = CARTESIAN_POINT('',(-4.138911435803E-13,0.));
#1162 = VECTOR('',#1163,1.);
#1163 = DIRECTION('',(-0.,-1.));
#1164 = ( GEOMETRIC_REPRESENTATION_CONTEXT(2) 
PARAMETRIC_REPRESENTATION_CONTEXT() REPRESENTATION_CONTEXT('2D SPACE',''
  ) );
#1165 = PCURVE('',#1166,#1171);
#1166 = CYLINDRICAL_SURFACE('',#1167,18.1);
#1167 = AXIS2_PLACEMENT_3D('',#1168,#1169,#1170);
#1168 = CARTESIAN_POINT('',(0.,-3.330669073875E-15,15.));
#1169 = DIRECTION('',(0.,-2.22044604925E-16,1.));
#1170 = DIRECTION('',(-2.22044604925E-16,1.,2.22044604925E-16));
#1171 = DEFINITIONAL_REPRESENTATION('',(#1172),#1176);
#1172 = LINE('',#1173,#1174);
#1173 = CARTESIAN_POINT('',(6.283185307179,-15.));
#1174 = VECTOR('',#1175,1.);
#1175 = DIRECTION('',(-0.,-1.));
#1176 = ( GEOMETRIC_REPRESENTATION_CONTEXT(2) 
PARAMETRIC_REPRESENTATION_CONTEXT() REPRESENTATION_CONTEXT('2D SPACE',''
  ) );
#1177 = ORIENTED_EDGE('',*,*,#1178,.F.);
#1178 = EDGE_CURVE('',#1179,#1146,#1181,.T.);
#1179 = VERTEX_POINT('',#1180);
#1180 = CARTESIAN_POINT('',(11.578698372442,-13.912,-15.));
#1181 = SURFACE_CURVE('',#1182,(#1187,#1194),.PCURVE_S1.);
#1182 = CIRCLE('',#1183,18.1);
#1183 = AXIS2_PLACEMENT_3D('',#1184,#1185,#1186);
#1184 = CARTESIAN_POINT('',(0.,3.330669073875E-15,-15.));
#1185 = DIRECTION('',(-2.22044604925E-16,-4.930380657631E-32,-1.));
#1186 = DIRECTION('',(-2.22044604925E-16,1.,-1.066300550197E-44));
#1187 = PCURVE('',#1154,#1188);
#1188 = DEFINITIONAL_REPRESENTATION('',(#1189),#1193);
#1189 = LINE('',#1190,#1191);
#1190 = CARTESIAN_POINT('',(6.28318530718,-15.));
#1191 = VECTOR('',#1192,1.);
#1192 = DIRECTION('',(-1.,0.));
#1193 = ( GEOMETRIC_REPRESENTATION_CONTEXT(2) 
PARAMETRIC_REPRESENTATION_CONTEXT() REPRESENTATION_CONTEXT('2D SPACE',''
  ) );
#1194 = PCURVE('',#1195,#1200);
#1195 = PLANE('',#1196);
#1196 = AXIS2_PLACEMENT_3D('',#1197,#1198,#1199);
#1197 = CARTESIAN_POINT('',(4.699166220078E-16,2.121882216382E-15,-15.)
  );
#1198 = DIRECTION('',(0.,2.22044604925E-16,-1.));
#1199 = DIRECTION('',(-1.,4.93038065763E-32,1.094764425253E-47));
#1200 = DEFINITIONAL_REPRESENTATION('',(#1201),#1205);
#1201 = CIRCLE('',#1202,18.1);
#1202 = AXIS2_PLACEMENT_2D('',#1203,#1204);
#1203 = CARTESIAN_POINT('',(4.699166220078E-16,1.208786857493E-15));
#1204 = DIRECTION('',(2.22044604925E-16,1.));
#1205 = ( GEOMETRIC_REPRESENTATION_CONTEXT(2) 
PARAMETRIC_REPRESENTATION_CONTEXT() REPRESENTATION_CONTEXT('2D SPACE',''
  ) );
#1206 = ORIENTED_EDGE('',*,*,#1207,.T.);
#1207 = EDGE_CURVE('',#1179,#1208,#1210,.T.);
#1208 = VERTEX_POINT('',#1209);
#1209 = CARTESIAN_POINT('',(11.578698372442,-13.912,-2.570987505655E-15)
  );
#1210 = SURFACE_CURVE('',#1211,(#1215,#1222),.PCURVE_S1.);
#1211 = LINE('',#1212,#1213);
#1212 = CARTESIAN_POINT('',(11.578698372442,-13.912,-2.570987505655E-15)
  );
#1213 = VECTOR('',#1214,1.);
#1214 = DIRECTION('',(0.,-2.22044604925E-16,1.));
#1215 = PCURVE('',#1154,#1216);
#1216 = DEFINITIONAL_REPRESENTATION('',(#1217),#1221);
#1217 = LINE('',#1218,#1219);
#1218 = CARTESIAN_POINT('',(3.835709775693,0.));
#1219 = VECTOR('',#1220,1.);
#1220 = DIRECTION('',(-0.,1.));
#1221 = ( GEOMETRIC_REPRESENTATION_CONTEXT(2) 
PARAMETRIC_REPRESENTATION_CONTEXT() REPRESENTATION_CONTEXT('2D SPACE',''
  ) );
#1222 = PCURVE('',#1223,#1228);
#1223 = CYLINDRICAL_SURFACE('',#1224,18.1);
#1224 = AXIS2_PLACEMENT_3D('',#1225,#1226,#1227);
#1225 = CARTESIAN_POINT('',(0.,-3.330669073875E-15,15.));
#1226 = DIRECTION('',(0.,-2.22044604925E-16,1.));
#1227 = DIRECTION('',(-2.22044604925E-16,1.,2.22044604925E-16));
#1228 = DEFINITIONAL_REPRESENTATION('',(#1229),#1233);
#1229 = LINE('',#1230,#1231);
#1230 = CARTESIAN_POINT('',(3.835709775693,-15.));
#1231 = VECTOR('',#1232,1.);
#1232 = DIRECTION('',(-0.,1.));
#1233 = ( GEOMETRIC_REPRESENTATION_CONTEXT(2) 
PARAMETRIC_REPRESENTATION_CONTEXT() REPRESENTATION_CONTEXT('2D SPACE',''
  ) );
#1234 = ORIENTED_EDGE('',*,*,#1235,.T.);
#1235 = EDGE_CURVE('',#1208,#1236,#1238,.T.);
#1236 = VERTEX_POINT('',#1237);
#1237 = CARTESIAN_POINT('',(1.3,-18.05325455423,-2.886579864025E-16));
#1238 = SURFACE_CURVE('',#1239,(#1244,#1251),.PCURVE_S1.);
#1239 = CIRCLE('',#1240,18.1);
#1240 = AXIS2_PLACEMENT_3D('',#1241,#1242,#1243);
#1241 = CARTESIAN_POINT('',(0.,0.,0.));
#1242 = DIRECTION('',(-2.22044604925E-16,-4.930380657631E-32,-1.));
#1243 = DIRECTION('',(-2.22044604925E-16,1.,-1.066300550197E-44));
#1244 = PCURVE('',#1154,#1245);
#1245 = DEFINITIONAL_REPRESENTATION('',(#1246),#1250);
#1246 = LINE('',#1247,#1248);
#1247 = CARTESIAN_POINT('',(6.28318530718,0.));
#1248 = VECTOR('',#1249,1.);
#1249 = DIRECTION('',(-1.,0.));
#1250 = ( GEOMETRIC_REPRESENTATION_CONTEXT(2) 
PARAMETRIC_REPRESENTATION_CONTEXT() REPRESENTATION_CONTEXT('2D SPACE',''
  ) );
#1251 = PCURVE('',#1252,#1257);
#1252 = CYLINDRICAL_SURFACE('',#1253,18.1);
#1253 = AXIS2_PLACEMENT_3D('',#1254,#1255,#1256);
#1254 = CARTESIAN_POINT('',(0.,0.,0.));
#1255 = DIRECTION('',(0.,2.22044604925E-16,-1.));
#1256 = DIRECTION('',(-2.22044604925E-16,1.,2.22044604925E-16));
#1257 = DEFINITIONAL_REPRESENTATION('',(#1258),#1262);
#1258 = LINE('',#1259,#1260);
#1259 = CARTESIAN_POINT('',(0.,0.));
#1260 = VECTOR('',#1261,1.);
#1261 = DIRECTION('',(1.,0.));
#1262 = ( GEOMETRIC_REPRESENTATION_CONTEXT(2) 
PARAMETRIC_REPRESENTATION_CONTEXT() REPRESENTATION_CONTEXT('2D SPACE',''
  ) );
#1263 = ORIENTED_EDGE('',*,*,#1264,.T.);
#1264 = EDGE_CURVE('',#1236,#1265,#1267,.T.);
#1265 = VERTEX_POINT('',#1266);
#1266 = CARTESIAN_POINT('',(-1.3,-18.05325455423,2.886579864025E-16));
#1267 = SURFACE_CURVE('',#1268,(#1296,#1327),.PCURVE_S1.);
#1268 = B_SPLINE_CURVE_WITH_KNOTS('',6,(#1269,#1270,#1271,#1272,#1273,
    #1274,#1275,#1276,#1277,#1278,#1279,#1280,#1281,#1282,#1283,#1284,
    #1285,#1286,#1287,#1288,#1289,#1290,#1291,#1292,#1293,#1294,#1295),
  .UNSPECIFIED.,.F.,.F.,(7,5,5,5,5,7),(0.,0.228950690569,0.420955075445,
    0.615275339453,0.771209815608,1.),.UNSPECIFIED.);
#1269 = CARTESIAN_POINT('',(1.3,-18.05325455423,5.999999993955E-07));
#1270 = CARTESIAN_POINT('',(1.300000064256,-18.0532545496,
    -0.139220422088));
#1271 = CARTESIAN_POINT('',(1.28210834424,-18.0545430203,-0.278441791591
    ));
#1272 = CARTESIAN_POINT('',(1.24632594256,-18.05711918497,
    -0.415927052742));
#1273 = CARTESIAN_POINT('',(1.192292414387,-18.06087773531,
    -0.549837878982));
#1274 = CARTESIAN_POINT('',(1.119438519921,-18.06558586247,
    -0.677867940925));
#1275 = CARTESIAN_POINT('',(0.949849012195,-18.07522585189,
    -0.896501416877));
#1276 = CARTESIAN_POINT('',(0.858370697932,-18.08002711868,
    -0.990445760686));
#1277 = CARTESIAN_POINT('',(0.752845834853,-18.08495583869,
    -1.075594944226));
#1278 = CARTESIAN_POINT('',(0.634025970933,-18.08961651423,
    -1.148948190841));
#1279 = CARTESIAN_POINT('',(0.503278139633,-18.09354814617,
    -1.207536707233));
#1280 = CARTESIAN_POINT('',(0.220403000022,-18.0992175465,
    -1.289719532391));
#1281 = CARTESIAN_POINT('',(6.910136022876E-02,-18.10090702138,
    -1.312573344123));
#1282 = CARTESIAN_POINT('',(-8.606504660513E-02,-18.10101237586,
    -1.313578027992));
#1283 = CARTESIAN_POINT('',(-0.239011597604,-18.09938367514,
    -1.29213997217));
#1284 = CARTESIAN_POINT('',(-0.383897454156,-18.09641305348,
    -1.25037336097));
#1285 = CARTESIAN_POINT('',(-0.622533953518,-18.08960331145,
    -1.147106126245));
#1286 = CARTESIAN_POINT('',(-0.721067887576,-18.086042292,
    -1.090988088713));
#1287 = CARTESIAN_POINT('',(-0.811148186803,-18.08217657841,
    -1.026378627433));
#1288 = CARTESIAN_POINT('',(-0.892314762605,-18.07823300567,
    -0.954830047178));
#1289 = CARTESIAN_POINT('',(-0.964337082887,-18.07440230538,
    -0.877823508687));
#1290 = CARTESIAN_POINT('',(-1.119437470692,-18.06558592211,
    -0.677869293583));
#1291 = CARTESIAN_POINT('',(-1.192292759689,-18.06087772561,
    -0.549838208478));
#1292 = CARTESIAN_POINT('',(-1.246326623086,-18.05711913285,
    -0.415925615594));
#1293 = CARTESIAN_POINT('',(-1.282108469667,-18.05454301075,
    -0.278440148057));
#1294 = CARTESIAN_POINT('',(-1.30000006024,-18.05325454989,
    -0.139219985494));
#1295 = CARTESIAN_POINT('',(-1.3,-18.05325455423,5.62500001311E-07));
#1296 = PCURVE('',#1154,#1297);
#1297 = DEFINITIONAL_REPRESENTATION('',(#1298),#1326);
#1298 = B_SPLINE_CURVE_WITH_KNOTS('',6,(#1299,#1300,#1301,#1302,#1303,
    #1304,#1305,#1306,#1307,#1308,#1309,#1310,#1311,#1312,#1313,#1314,
    #1315,#1316,#1317,#1318,#1319,#1320,#1321,#1322,#1323,#1324,#1325),
  .UNSPECIFIED.,.F.,.F.,(7,5,5,5,5,7),(0.,0.228950690569,0.420955075445,
    0.615275339453,0.771209815608,1.),.UNSPECIFIED.);
#1299 = CARTESIAN_POINT('',(3.213477752668,5.999999999062E-07));
#1300 = CARTESIAN_POINT('',(3.213477756227,-0.139220422088));
#1301 = CARTESIAN_POINT('',(3.21248670303,-0.278441791591));
#1302 = CARTESIAN_POINT('',(3.210504660023,-0.415927052742));
#1303 = CARTESIAN_POINT('',(3.207512172212,-0.549837878982));
#1304 = CARTESIAN_POINT('',(3.203478819619,-0.677867940925));
#1305 = CARTESIAN_POINT('',(3.194094108564,-0.896501416877));
#1306 = CARTESIAN_POINT('',(3.189033151,-0.990445760686));
#1307 = CARTESIAN_POINT('',(3.183196841613,-1.075594944226));
#1308 = CARTESIAN_POINT('',(3.176627514396,-1.148948190841));
#1309 = CARTESIAN_POINT('',(3.169400976728,-1.207536707233));
#1310 = CARTESIAN_POINT('',(3.153769377439,-1.289719532391));
#1311 = CARTESIAN_POINT('',(3.145409970114,-1.312573344123));
#1312 = CARTESIAN_POINT('',(3.136838012316,-1.313578027992));
#1313 = CARTESIAN_POINT('',(3.128388134056,-1.29213997217));
#1314 = CARTESIAN_POINT('',(3.120381957524,-1.25037336097));
#1315 = CARTESIAN_POINT('',(3.107192253593,-1.147106126245));
#1316 = CARTESIAN_POINT('',(3.101744993371,-1.090988088713));
#1317 = CARTESIAN_POINT('',(3.096763748049,-1.026378627433));
#1318 = CARTESIAN_POINT('',(3.09227419188,-0.954830047178));
#1319 = CARTESIAN_POINT('',(3.08828946059,-0.877823508687));
#1320 = CARTESIAN_POINT('',(3.079706545623,-0.677869293583));
#1321 = CARTESIAN_POINT('',(3.075673115886,-0.549838208478));
#1322 = CARTESIAN_POINT('',(3.072680609469,-0.415925615594));
#1323 = CARTESIAN_POINT('',(3.070698597189,-0.278440148057));
#1324 = CARTESIAN_POINT('',(3.069707551176,-0.139219985494));
#1325 = CARTESIAN_POINT('',(3.069707554513,5.625000010223E-07));
#1326 = ( GEOMETRIC_REPRESENTATION_CONTEXT(2) 
PARAMETRIC_REPRESENTATION_CONTEXT() REPRESENTATION_CONTEXT('2D SPACE',''
  ) );
#1327 = PCURVE('',#1328,#1333);
#1328 = CYLINDRICAL_SURFACE('',#1329,1.3);
#1329 = AXIS2_PLACEMENT_3D('',#1330,#1331,#1332);
#1330 = CARTESIAN_POINT('',(0.,0.,0.));
#1331 = DIRECTION('',(-2.22044604925E-16,1.,0.));
#1332 = DIRECTION('',(-4.93038065763E-32,-1.094764425253E-47,1.));
#1333 = DEFINITIONAL_REPRESENTATION('',(#1334),#1362);
#1334 = B_SPLINE_CURVE_WITH_KNOTS('',6,(#1335,#1336,#1337,#1338,#1339,
    #1340,#1341,#1342,#1343,#1344,#1345,#1346,#1347,#1348,#1349,#1350,
    #1351,#1352,#1353,#1354,#1355,#1356,#1357,#1358,#1359,#1360,#1361),
  .UNSPECIFIED.,.F.,.F.,(7,5,5,5,5,7),(0.,0.228950690569,0.420955075445,
    0.615275339453,0.771209815608,1.),.UNSPECIFIED.);
#1335 = CARTESIAN_POINT('',(1.570795865256,-18.05325455423));
#1336 = CARTESIAN_POINT('',(1.67788895917,-18.0532545496));
#1337 = CARTESIAN_POINT('',(1.784983445217,-18.0545430203));
#1338 = CARTESIAN_POINT('',(1.892946881821,-18.05711918497));
#1339 = CARTESIAN_POINT('',(2.002601000131,-18.06087773531));
#1340 = CARTESIAN_POINT('',(2.114768465788,-18.06558586247));
#1341 = CARTESIAN_POINT('',(2.327612267639,-18.07522585189));
#1342 = CARTESIAN_POINT('',(2.427842019854,-18.08002711868));
#1343 = CARTESIAN_POINT('',(2.53099384103,-18.08495583869));
#1344 = CARTESIAN_POINT('',(2.637076084987,-18.08961651423));
#1345 = CARTESIAN_POINT('',(2.746231762386,-18.09354814617));
#1346 = CARTESIAN_POINT('',(2.972825214456,-18.0992175465));
#1347 = CARTESIAN_POINT('',(3.089493343355,-18.10090702138));
#1348 = CARTESIAN_POINT('',(3.206998986053,-18.10101237586));
#1349 = CARTESIAN_POINT('',(3.323988000703,-18.09938367514));
#1350 = CARTESIAN_POINT('',(3.43903086896,-18.09641305348));
#1351 = CARTESIAN_POINT('',(3.639047880952,-18.08960331145));
#1352 = CARTESIAN_POINT('',(3.725753462115,-18.086042292));
#1353 = CARTESIAN_POINT('',(3.810355596497,-18.08217657841));
#1354 = CARTESIAN_POINT('',(3.892994632989,-18.07823300567));
#1355 = CARTESIAN_POINT('',(3.973756334539,-18.07440230538));
#1356 = CARTESIAN_POINT('',(4.168415524555,-18.06558592211));
#1357 = CARTESIAN_POINT('',(4.280584279641,-18.06087772561));
#1358 = CARTESIAN_POINT('',(4.39023951051,-18.05711913285));
#1359 = CARTESIAN_POINT('',(4.498203152054,-18.05454301075));
#1360 = CARTESIAN_POINT('',(4.605296683851,-18.05325454989));
#1361 = CARTESIAN_POINT('',(4.712389413077,-18.05325455423));
#1362 = ( GEOMETRIC_REPRESENTATION_CONTEXT(2) 
PARAMETRIC_REPRESENTATION_CONTEXT() REPRESENTATION_CONTEXT('2D SPACE',''
  ) );
#1363 = ORIENTED_EDGE('',*,*,#1364,.T.);
#1364 = EDGE_CURVE('',#1265,#1365,#1367,.T.);
#1365 = VERTEX_POINT('',#1366);
#1366 = CARTESIAN_POINT('',(-4.019007349143E-15,18.1,0.));
#1367 = SURFACE_CURVE('',#1368,(#1373,#1380),.PCURVE_S1.);
#1368 = CIRCLE('',#1369,18.1);
#1369 = AXIS2_PLACEMENT_3D('',#1370,#1371,#1372);
#1370 = CARTESIAN_POINT('',(0.,0.,0.));
#1371 = DIRECTION('',(-2.22044604925E-16,-4.930380657631E-32,-1.));
#1372 = DIRECTION('',(-2.22044604925E-16,1.,-1.066300550197E-44));
#1373 = PCURVE('',#1154,#1374);
#1374 = DEFINITIONAL_REPRESENTATION('',(#1375),#1379);
#1375 = LINE('',#1376,#1377);
#1376 = CARTESIAN_POINT('',(6.28318530718,0.));
#1377 = VECTOR('',#1378,1.);
#1378 = DIRECTION('',(-1.,0.));
#1379 = ( GEOMETRIC_REPRESENTATION_CONTEXT(2) 
PARAMETRIC_REPRESENTATION_CONTEXT() REPRESENTATION_CONTEXT('2D SPACE',''
  ) );
#1380 = PCURVE('',#1252,#1381);
#1381 = DEFINITIONAL_REPRESENTATION('',(#1382),#1386);
#1382 = LINE('',#1383,#1384);
#1383 = CARTESIAN_POINT('',(0.,0.));
#1384 = VECTOR('',#1385,1.);
#1385 = DIRECTION('',(1.,0.));
#1386 = ( GEOMETRIC_REPRESENTATION_CONTEXT(2) 
PARAMETRIC_REPRESENTATION_CONTEXT() REPRESENTATION_CONTEXT('2D SPACE',''
  ) );
#1387 = ORIENTED_EDGE('',*,*,#1388,.T.);
#1388 = EDGE_CURVE('',#1365,#1144,#1389,.T.);
#1389 = SURFACE_CURVE('',#1390,(#1394,#1401),.PCURVE_S1.);
#1390 = LINE('',#1391,#1392);
#1391 = CARTESIAN_POINT('',(-4.019007349143E-15,18.1,0.));
#1392 = VECTOR('',#1393,1.);
#1393 = DIRECTION('',(0.,2.22044604925E-16,-1.));
#1394 = PCURVE('',#1154,#1395);
#1395 = DEFINITIONAL_REPRESENTATION('',(#1396),#1400);
#1396 = LINE('',#1397,#1398);
#1397 = CARTESIAN_POINT('',(-4.138911435803E-13,0.));
#1398 = VECTOR('',#1399,1.);
#1399 = DIRECTION('',(-0.,-1.));
#1400 = ( GEOMETRIC_REPRESENTATION_CONTEXT(2) 
PARAMETRIC_REPRESENTATION_CONTEXT() REPRESENTATION_CONTEXT('2D SPACE',''
  ) );
#1401 = PCURVE('',#1402,#1407);
#1402 = CYLINDRICAL_SURFACE('',#1403,18.1);
#1403 = AXIS2_PLACEMENT_3D('',#1404,#1405,#1406);
#1404 = CARTESIAN_POINT('',(0.,0.,0.));
#1405 = DIRECTION('',(0.,-2.22044604925E-16,1.));
#1406 = DIRECTION('',(-2.22044604925E-16,1.,2.22044604925E-16));
#1407 = DEFINITIONAL_REPRESENTATION('',(#1408),#1412);
#1408 = LINE('',#1409,#1410);
#1409 = CARTESIAN_POINT('',(6.28318530718,0.));
#1410 = VECTOR('',#1411,1.);
#1411 = DIRECTION('',(-0.,-1.));
#1412 = ( GEOMETRIC_REPRESENTATION_CONTEXT(2) 
PARAMETRIC_REPRESENTATION_CONTEXT() REPRESENTATION_CONTEXT('2D SPACE',''
  ) );
#1413 = ADVANCED_FACE('',(#1414),#1402,.T.);
#1414 = FACE_BOUND('',#1415,.T.);
#1415 = EDGE_LOOP('',(#1416,#1446,#1468,#1469));
#1416 = ORIENTED_EDGE('',*,*,#1417,.F.);
#1417 = EDGE_CURVE('',#1418,#1420,#1422,.T.);
#1418 = VERTEX_POINT('',#1419);
#1419 = CARTESIAN_POINT('',(14.82665200163,10.381733497954,-12.25));
#1420 = VERTEX_POINT('',#1421);
#1421 = CARTESIAN_POINT('',(14.826652001631,10.381733497954,
    -3.292178086063E-15));
#1422 = SURFACE_CURVE('',#1423,(#1427,#1434),.PCURVE_S1.);
#1423 = LINE('',#1424,#1425);
#1424 = CARTESIAN_POINT('',(14.826652001631,10.381733497954,15.));
#1425 = VECTOR('',#1426,1.);
#1426 = DIRECTION('',(0.,-2.22044604925E-16,1.));
#1427 = PCURVE('',#1402,#1428);
#1428 = DEFINITIONAL_REPRESENTATION('',(#1429),#1433);
#1429 = LINE('',#1430,#1431);
#1430 = CARTESIAN_POINT('',(5.323254218583,15.));
#1431 = VECTOR('',#1432,1.);
#1432 = DIRECTION('',(-0.,1.));
#1433 = ( GEOMETRIC_REPRESENTATION_CONTEXT(2) 
PARAMETRIC_REPRESENTATION_CONTEXT() REPRESENTATION_CONTEXT('2D SPACE',''
  ) );
#1434 = PCURVE('',#1435,#1440);
#1435 = CYLINDRICAL_SURFACE('',#1436,18.1);
#1436 = AXIS2_PLACEMENT_3D('',#1437,#1438,#1439);
#1437 = CARTESIAN_POINT('',(0.,0.,0.));
#1438 = DIRECTION('',(0.,-2.22044604925E-16,1.));
#1439 = DIRECTION('',(-2.22044604925E-16,1.,2.22044604925E-16));
#1440 = DEFINITIONAL_REPRESENTATION('',(#1441),#1445);
#1441 = LINE('',#1442,#1443);
#1442 = CARTESIAN_POINT('',(5.323254218583,15.));
#1443 = VECTOR('',#1444,1.);
#1444 = DIRECTION('',(-0.,1.));
#1445 = ( GEOMETRIC_REPRESENTATION_CONTEXT(2) 
PARAMETRIC_REPRESENTATION_CONTEXT() REPRESENTATION_CONTEXT('2D SPACE',''
  ) );
#1446 = ORIENTED_EDGE('',*,*,#1447,.T.);
#1447 = EDGE_CURVE('',#1418,#1144,#1448,.T.);
#1448 = SURFACE_CURVE('',#1449,(#1454,#1461),.PCURVE_S1.);
#1449 = CIRCLE('',#1450,18.1);
#1450 = AXIS2_PLACEMENT_3D('',#1451,#1452,#1453);
#1451 = CARTESIAN_POINT('',(0.,2.720046410332E-15,-12.25));
#1452 = DIRECTION('',(2.22044604925E-16,4.930380657631E-32,1.));
#1453 = DIRECTION('',(-2.22044604925E-16,1.,-1.066300550197E-44));
#1454 = PCURVE('',#1402,#1455);
#1455 = DEFINITIONAL_REPRESENTATION('',(#1456),#1460);
#1456 = LINE('',#1457,#1458);
#1457 = CARTESIAN_POINT('',(-4.138911435803E-13,-12.25));
#1458 = VECTOR('',#1459,1.);
#1459 = DIRECTION('',(1.,-0.));
#1460 = ( GEOMETRIC_REPRESENTATION_CONTEXT(2) 
PARAMETRIC_REPRESENTATION_CONTEXT() REPRESENTATION_CONTEXT('2D SPACE',''
  ) );
#1461 = PCURVE('',#1166,#1462);
#1462 = DEFINITIONAL_REPRESENTATION('',(#1463),#1467);
#1463 = LINE('',#1464,#1465);
#1464 = CARTESIAN_POINT('',(9.173106718663E-12,-27.25));
#1465 = VECTOR('',#1466,1.);
#1466 = DIRECTION('',(1.,-0.));
#1467 = ( GEOMETRIC_REPRESENTATION_CONTEXT(2) 
PARAMETRIC_REPRESENTATION_CONTEXT() REPRESENTATION_CONTEXT('2D SPACE',''
  ) );
#1468 = ORIENTED_EDGE('',*,*,#1388,.F.);
#1469 = ORIENTED_EDGE('',*,*,#1470,.T.);
#1470 = EDGE_CURVE('',#1365,#1420,#1471,.T.);
#1471 = SURFACE_CURVE('',#1472,(#1477,#1484),.PCURVE_S1.);
#1472 = CIRCLE('',#1473,18.1);
#1473 = AXIS2_PLACEMENT_3D('',#1474,#1475,#1476);
#1474 = CARTESIAN_POINT('',(0.,0.,0.));
#1475 = DIRECTION('',(-2.22044604925E-16,-4.930380657631E-32,-1.));
#1476 = DIRECTION('',(-2.22044604925E-16,1.,-1.066300550197E-44));
#1477 = PCURVE('',#1402,#1478);
#1478 = DEFINITIONAL_REPRESENTATION('',(#1479),#1483);
#1479 = LINE('',#1480,#1481);
#1480 = CARTESIAN_POINT('',(6.28318530718,0.));
#1481 = VECTOR('',#1482,1.);
#1482 = DIRECTION('',(-1.,0.));
#1483 = ( GEOMETRIC_REPRESENTATION_CONTEXT(2) 
PARAMETRIC_REPRESENTATION_CONTEXT() REPRESENTATION_CONTEXT('2D SPACE',''
  ) );
#1484 = PCURVE('',#1485,#1490);
#1485 = CYLINDRICAL_SURFACE('',#1486,18.1);
#1486 = AXIS2_PLACEMENT_3D('',#1487,#1488,#1489);
#1487 = CARTESIAN_POINT('',(0.,0.,0.));
#1488 = DIRECTION('',(0.,2.22044604925E-16,-1.));
#1489 = DIRECTION('',(-2.22044604925E-16,1.,2.22044604925E-16));
#1490 = DEFINITIONAL_REPRESENTATION('',(#1491),#1495);
#1491 = LINE('',#1492,#1493);
#1492 = CARTESIAN_POINT('',(0.,0.));
#1493 = VECTOR('',#1494,1.);
#1494 = DIRECTION('',(1.,0.));
#1495 = ( GEOMETRIC_REPRESENTATION_CONTEXT(2) 
PARAMETRIC_REPRESENTATION_CONTEXT() REPRESENTATION_CONTEXT('2D SPACE',''
  ) );
#1496 = ADVANCED_FACE('',(#1497),#1166,.T.);
#1497 = FACE_BOUND('',#1498,.T.);
#1498 = EDGE_LOOP('',(#1499,#1500,#1528,#1555));
#1499 = ORIENTED_EDGE('',*,*,#1447,.F.);
#1500 = ORIENTED_EDGE('',*,*,#1501,.F.);
#1501 = EDGE_CURVE('',#1502,#1418,#1504,.T.);
#1502 = VERTEX_POINT('',#1503);
#1503 = CARTESIAN_POINT('',(14.826652001631,10.381733497954,-15.));
#1504 = SURFACE_CURVE('',#1505,(#1509,#1516),.PCURVE_S1.);
#1505 = LINE('',#1506,#1507);
#1506 = CARTESIAN_POINT('',(14.826652001631,10.381733497954,15.));
#1507 = VECTOR('',#1508,1.);
#1508 = DIRECTION('',(0.,-2.22044604925E-16,1.));
#1509 = PCURVE('',#1166,#1510);
#1510 = DEFINITIONAL_REPRESENTATION('',(#1511),#1515);
#1511 = LINE('',#1512,#1513);
#1512 = CARTESIAN_POINT('',(5.323254218583,0.));
#1513 = VECTOR('',#1514,1.);
#1514 = DIRECTION('',(-0.,1.));
#1515 = ( GEOMETRIC_REPRESENTATION_CONTEXT(2) 
PARAMETRIC_REPRESENTATION_CONTEXT() REPRESENTATION_CONTEXT('2D SPACE',''
  ) );
#1516 = PCURVE('',#1517,#1522);
#1517 = PLANE('',#1518);
#1518 = AXIS2_PLACEMENT_3D('',#1519,#1520,#1521);
#1519 = CARTESIAN_POINT('',(0.,-3.330669073875E-15,15.));
#1520 = DIRECTION('',(0.573576436351,-0.819152044289,-1.273595532039E-16
    ));
#1521 = DIRECTION('',(0.819152044289,0.573576436351,-1.818882920477E-16)
  );
#1522 = DEFINITIONAL_REPRESENTATION('',(#1523),#1527);
#1523 = LINE('',#1524,#1525);
#1524 = CARTESIAN_POINT('',(18.1,3.292178086063E-15));
#1525 = VECTOR('',#1526,1.);
#1526 = DIRECTION('',(-3.092478452516E-16,1.));
#1527 = ( GEOMETRIC_REPRESENTATION_CONTEXT(2) 
PARAMETRIC_REPRESENTATION_CONTEXT() REPRESENTATION_CONTEXT('2D SPACE',''
  ) );
#1528 = ORIENTED_EDGE('',*,*,#1529,.F.);
#1529 = EDGE_CURVE('',#1146,#1502,#1530,.T.);
#1530 = SURFACE_CURVE('',#1531,(#1536,#1543),.PCURVE_S1.);
#1531 = CIRCLE('',#1532,18.1);
#1532 = AXIS2_PLACEMENT_3D('',#1533,#1534,#1535);
#1533 = CARTESIAN_POINT('',(0.,3.330669073875E-15,-15.));
#1534 = DIRECTION('',(-2.22044604925E-16,-4.930380657631E-32,-1.));
#1535 = DIRECTION('',(-2.22044604925E-16,1.,-1.066300550197E-44));
#1536 = PCURVE('',#1166,#1537);
#1537 = DEFINITIONAL_REPRESENTATION('',(#1538),#1542);
#1538 = LINE('',#1539,#1540);
#1539 = CARTESIAN_POINT('',(6.283185307179,-30.));
#1540 = VECTOR('',#1541,1.);
#1541 = DIRECTION('',(-1.,0.));
#1542 = ( GEOMETRIC_REPRESENTATION_CONTEXT(2) 
PARAMETRIC_REPRESENTATION_CONTEXT() REPRESENTATION_CONTEXT('2D SPACE',''
  ) );
#1543 = PCURVE('',#1544,#1549);
#1544 = PLANE('',#1545);
#1545 = AXIS2_PLACEMENT_3D('',#1546,#1547,#1548);
#1546 = CARTESIAN_POINT('',(4.699166220078E-16,2.121882216382E-15,-15.)
  );
#1547 = DIRECTION('',(0.,2.22044604925E-16,-1.));
#1548 = DIRECTION('',(-1.,4.93038065763E-32,1.094764425253E-47));
#1549 = DEFINITIONAL_REPRESENTATION('',(#1550),#1554);
#1550 = CIRCLE('',#1551,18.1);
#1551 = AXIS2_PLACEMENT_2D('',#1552,#1553);
#1552 = CARTESIAN_POINT('',(4.699166220078E-16,1.208786857493E-15));
#1553 = DIRECTION('',(2.22044604925E-16,1.));
#1554 = ( GEOMETRIC_REPRESENTATION_CONTEXT(2) 
PARAMETRIC_REPRESENTATION_CONTEXT() REPRESENTATION_CONTEXT('2D SPACE',''
  ) );
#1555 = ORIENTED_EDGE('',*,*,#1143,.F.);
#1556 = ADVANCED_FACE('',(#1557),#1195,.T.);
#1557 = FACE_BOUND('',#1558,.T.);
#1558 = EDGE_LOOP('',(#1559,#1594,#1620,#1621,#1644,#1672));
#1559 = ORIENTED_EDGE('',*,*,#1560,.T.);
#1560 = EDGE_CURVE('',#1561,#1563,#1565,.T.);
#1561 = VERTEX_POINT('',#1562);
#1562 = CARTESIAN_POINT('',(4.994747240852,-14.25,-15.));
#1563 = VERTEX_POINT('',#1564);
#1564 = CARTESIAN_POINT('',(5.87079687947,-13.912,-15.));
#1565 = SURFACE_CURVE('',#1566,(#1571,#1582),.PCURVE_S1.);
#1566 = CIRCLE('',#1567,15.1);
#1567 = AXIS2_PLACEMENT_3D('',#1568,#1569,#1570);
#1568 = CARTESIAN_POINT('',(0.,3.330669073875E-15,-15.));
#1569 = DIRECTION('',(2.22044604925E-16,4.930380657631E-32,1.));
#1570 = DIRECTION('',(-2.22044604925E-16,1.,-1.066300550197E-44));
#1571 = PCURVE('',#1195,#1572);
#1572 = DEFINITIONAL_REPRESENTATION('',(#1573),#1581);
#1573 = ( BOUNDED_CURVE() B_SPLINE_CURVE(2,(#1574,#1575,#1576,#1577,
#1578,#1579,#1580),.UNSPECIFIED.,.T.,.F.) B_SPLINE_CURVE_WITH_KNOTS((1,2
    ,2,2,2,1),(-2.094395102393,0.,2.094395102393,4.188790204786,
6.28318530718,8.377580409573),.UNSPECIFIED.) CURVE() 
GEOMETRIC_REPRESENTATION_ITEM() RATIONAL_B_SPLINE_CURVE((1.,0.5,1.,0.5,
1.,0.5,1.)) REPRESENTATION_ITEM('') );
#1574 = CARTESIAN_POINT('',(3.822790156375E-15,15.1));
#1575 = CARTESIAN_POINT('',(26.15396719429,15.1));
#1576 = CARTESIAN_POINT('',(13.076983597145,-7.55));
#1577 = CARTESIAN_POINT('',(-2.537397113302E-15,-30.2));
#1578 = CARTESIAN_POINT('',(-13.07698359714,-7.55));
#1579 = CARTESIAN_POINT('',(-26.15396719429,15.1));
#1580 = CARTESIAN_POINT('',(3.822790156375E-15,15.1));
#1581 = ( GEOMETRIC_REPRESENTATION_CONTEXT(2) 
PARAMETRIC_REPRESENTATION_CONTEXT() REPRESENTATION_CONTEXT('2D SPACE',''
  ) );
#1582 = PCURVE('',#1583,#1588);
#1583 = CYLINDRICAL_SURFACE('',#1584,15.1);
#1584 = AXIS2_PLACEMENT_3D('',#1585,#1586,#1587);
#1585 = CARTESIAN_POINT('',(0.,0.,0.));
#1586 = DIRECTION('',(0.,-2.22044604925E-16,1.));
#1587 = DIRECTION('',(-2.22044604925E-16,1.,2.22044604925E-16));
#1588 = DEFINITIONAL_REPRESENTATION('',(#1589),#1593);
#1589 = LINE('',#1590,#1591);
#1590 = CARTESIAN_POINT('',(-6.28318530717,-15.));
#1591 = VECTOR('',#1592,1.);
#1592 = DIRECTION('',(1.,-0.));
#1593 = ( GEOMETRIC_REPRESENTATION_CONTEXT(2) 
PARAMETRIC_REPRESENTATION_CONTEXT() REPRESENTATION_CONTEXT('2D SPACE',''
  ) );
#1594 = ORIENTED_EDGE('',*,*,#1595,.T.);
#1595 = EDGE_CURVE('',#1563,#1179,#1596,.T.);
#1596 = SURFACE_CURVE('',#1597,(#1601,#1608),.PCURVE_S1.);
#1597 = LINE('',#1598,#1599);
#1598 = CARTESIAN_POINT('',(3.089084543717E-15,-13.912,-15.));
#1599 = VECTOR('',#1600,1.);
#1600 = DIRECTION('',(1.,0.,-2.22044604925E-16));
#1601 = PCURVE('',#1195,#1602);
#1602 = DEFINITIONAL_REPRESENTATION('',(#1603),#1607);
#1603 = LINE('',#1604,#1605);
#1604 = CARTESIAN_POINT('',(-2.619167921709E-15,-13.912));
#1605 = VECTOR('',#1606,1.);
#1606 = DIRECTION('',(-1.,0.));
#1607 = ( GEOMETRIC_REPRESENTATION_CONTEXT(2) 
PARAMETRIC_REPRESENTATION_CONTEXT() REPRESENTATION_CONTEXT('2D SPACE',''
  ) );
#1608 = PCURVE('',#1609,#1614);
#1609 = PLANE('',#1610);
#1610 = AXIS2_PLACEMENT_3D('',#1611,#1612,#1613);
#1611 = CARTESIAN_POINT('',(4.699166220078E-16,2.121882216382E-15,-15.)
  );
#1612 = DIRECTION('',(0.,2.22044604925E-16,-1.));
#1613 = DIRECTION('',(-1.,4.93038065763E-32,1.094764425253E-47));
#1614 = DEFINITIONAL_REPRESENTATION('',(#1615),#1619);
#1615 = LINE('',#1616,#1617);
#1616 = CARTESIAN_POINT('',(-2.619167921709E-15,-13.912));
#1617 = VECTOR('',#1618,1.);
#1618 = DIRECTION('',(-1.,0.));
#1619 = ( GEOMETRIC_REPRESENTATION_CONTEXT(2) 
PARAMETRIC_REPRESENTATION_CONTEXT() REPRESENTATION_CONTEXT('2D SPACE',''
  ) );
#1620 = ORIENTED_EDGE('',*,*,#1178,.T.);
#1621 = ORIENTED_EDGE('',*,*,#1622,.F.);
#1622 = EDGE_CURVE('',#1623,#1146,#1625,.T.);
#1623 = VERTEX_POINT('',#1624);
#1624 = CARTESIAN_POINT('',(-3.352873534368E-15,15.1,-15.));
#1625 = SURFACE_CURVE('',#1626,(#1630,#1637),.PCURVE_S1.);
#1626 = LINE('',#1627,#1628);
#1627 = CARTESIAN_POINT('',(2.245315045002E-15,-10.112,-15.));
#1628 = VECTOR('',#1629,1.);
#1629 = DIRECTION('',(-2.22044604925E-16,1.,0.));
#1630 = PCURVE('',#1195,#1631);
#1631 = DEFINITIONAL_REPRESENTATION('',(#1632),#1636);
#1632 = LINE('',#1633,#1634);
#1633 = CARTESIAN_POINT('',(-1.775398422994E-15,-10.112));
#1634 = VECTOR('',#1635,1.);
#1635 = DIRECTION('',(2.22044604925E-16,1.));
#1636 = ( GEOMETRIC_REPRESENTATION_CONTEXT(2) 
PARAMETRIC_REPRESENTATION_CONTEXT() REPRESENTATION_CONTEXT('2D SPACE',''
  ) );
#1637 = PCURVE('',#1544,#1638);
#1638 = DEFINITIONAL_REPRESENTATION('',(#1639),#1643);
#1639 = LINE('',#1640,#1641);
#1640 = CARTESIAN_POINT('',(-1.775398422994E-15,-10.112));
#1641 = VECTOR('',#1642,1.);
#1642 = DIRECTION('',(2.22044604925E-16,1.));
#1643 = ( GEOMETRIC_REPRESENTATION_CONTEXT(2) 
PARAMETRIC_REPRESENTATION_CONTEXT() REPRESENTATION_CONTEXT('2D SPACE',''
  ) );
#1644 = ORIENTED_EDGE('',*,*,#1645,.T.);
#1645 = EDGE_CURVE('',#1623,#1646,#1648,.T.);
#1646 = VERTEX_POINT('',#1647);
#1647 = CARTESIAN_POINT('',(-4.994747240852,-14.25,-15.));
#1648 = SURFACE_CURVE('',#1649,(#1654,#1665),.PCURVE_S1.);
#1649 = CIRCLE('',#1650,15.1);
#1650 = AXIS2_PLACEMENT_3D('',#1651,#1652,#1653);
#1651 = CARTESIAN_POINT('',(0.,3.330669073875E-15,-15.));
#1652 = DIRECTION('',(2.22044604925E-16,4.930380657631E-32,1.));
#1653 = DIRECTION('',(-2.22044604925E-16,1.,-1.066300550197E-44));
#1654 = PCURVE('',#1195,#1655);
#1655 = DEFINITIONAL_REPRESENTATION('',(#1656),#1664);
#1656 = ( BOUNDED_CURVE() B_SPLINE_CURVE(2,(#1657,#1658,#1659,#1660,
#1661,#1662,#1663),.UNSPECIFIED.,.T.,.F.) B_SPLINE_CURVE_WITH_KNOTS((1,2
    ,2,2,2,1),(-2.094395102393,0.,2.094395102393,4.188790204786,
6.28318530718,8.377580409573),.UNSPECIFIED.) CURVE() 
GEOMETRIC_REPRESENTATION_ITEM() RATIONAL_B_SPLINE_CURVE((1.,0.5,1.,0.5,
1.,0.5,1.)) REPRESENTATION_ITEM('') );
#1657 = CARTESIAN_POINT('',(3.822790156375E-15,15.1));
#1658 = CARTESIAN_POINT('',(26.15396719429,15.1));
#1659 = CARTESIAN_POINT('',(13.076983597145,-7.55));
#1660 = CARTESIAN_POINT('',(-2.537397113302E-15,-30.2));
#1661 = CARTESIAN_POINT('',(-13.07698359714,-7.55));
#1662 = CARTESIAN_POINT('',(-26.15396719429,15.1));
#1663 = CARTESIAN_POINT('',(3.822790156375E-15,15.1));
#1664 = ( GEOMETRIC_REPRESENTATION_CONTEXT(2) 
PARAMETRIC_REPRESENTATION_CONTEXT() REPRESENTATION_CONTEXT('2D SPACE',''
  ) );
#1665 = PCURVE('',#1583,#1666);
#1666 = DEFINITIONAL_REPRESENTATION('',(#1667),#1671);
#1667 = LINE('',#1668,#1669);
#1668 = CARTESIAN_POINT('',(9.173106718663E-12,-15.));
#1669 = VECTOR('',#1670,1.);
#1670 = DIRECTION('',(1.,-0.));
#1671 = ( GEOMETRIC_REPRESENTATION_CONTEXT(2) 
PARAMETRIC_REPRESENTATION_CONTEXT() REPRESENTATION_CONTEXT('2D SPACE',''
  ) );
#1672 = ORIENTED_EDGE('',*,*,#1673,.F.);
#1673 = EDGE_CURVE('',#1561,#1646,#1674,.T.);
#1674 = SURFACE_CURVE('',#1675,(#1679,#1686),.PCURVE_S1.);
#1675 = LINE('',#1676,#1677);
#1676 = CARTESIAN_POINT('',(-10.,-14.25,-15.));
#1677 = VECTOR('',#1678,1.);
#1678 = DIRECTION('',(-1.,0.,2.22044604925E-16));
#1679 = PCURVE('',#1195,#1680);
#1680 = DEFINITIONAL_REPRESENTATION('',(#1681),#1685);
#1681 = LINE('',#1682,#1683);
#1682 = CARTESIAN_POINT('',(10.,-14.25));
#1683 = VECTOR('',#1684,1.);
#1684 = DIRECTION('',(1.,0.));
#1685 = ( GEOMETRIC_REPRESENTATION_CONTEXT(2) 
PARAMETRIC_REPRESENTATION_CONTEXT() REPRESENTATION_CONTEXT('2D SPACE',''
  ) );
#1686 = PCURVE('',#1687,#1692);
#1687 = PLANE('',#1688);
#1688 = AXIS2_PLACEMENT_3D('',#1689,#1690,#1691);
#1689 = CARTESIAN_POINT('',(-20.,-14.25,-17.));
#1690 = DIRECTION('',(2.22044604925E-16,-1.,0.));
#1691 = DIRECTION('',(-4.93038065763E-32,-1.094764425253E-47,1.));
#1692 = DEFINITIONAL_REPRESENTATION('',(#1693),#1697);
#1693 = LINE('',#1694,#1695);
#1694 = CARTESIAN_POINT('',(2.,-10.));
#1695 = VECTOR('',#1696,1.);
#1696 = DIRECTION('',(2.22044604925E-16,1.));
#1697 = ( GEOMETRIC_REPRESENTATION_CONTEXT(2) 
PARAMETRIC_REPRESENTATION_CONTEXT() REPRESENTATION_CONTEXT('2D SPACE',''
  ) );
#1698 = ADVANCED_FACE('',(#1699),#1223,.T.);
#1699 = FACE_BOUND('',#1700,.T.);
#1700 = EDGE_LOOP('',(#1701,#1731,#1760,#1781,#1782));
#1701 = ORIENTED_EDGE('',*,*,#1702,.T.);
#1702 = EDGE_CURVE('',#1703,#1705,#1707,.T.);
#1703 = VERTEX_POINT('',#1704);
#1704 = CARTESIAN_POINT('',(14.826652001631,-10.38173349795,-15.));
#1705 = VERTEX_POINT('',#1706);
#1706 = CARTESIAN_POINT('',(14.826652001631,-10.38173349795,15.));
#1707 = SURFACE_CURVE('',#1708,(#1712,#1719),.PCURVE_S1.);
#1708 = LINE('',#1709,#1710);
#1709 = CARTESIAN_POINT('',(14.826652001631,-10.38173349795,15.));
#1710 = VECTOR('',#1711,1.);
#1711 = DIRECTION('',(0.,-2.22044604925E-16,1.));
#1712 = PCURVE('',#1223,#1713);
#1713 = DEFINITIONAL_REPRESENTATION('',(#1714),#1718);
#1714 = LINE('',#1715,#1716);
#1715 = CARTESIAN_POINT('',(4.101523742187,0.));
#1716 = VECTOR('',#1717,1.);
#1717 = DIRECTION('',(-0.,1.));
#1718 = ( GEOMETRIC_REPRESENTATION_CONTEXT(2) 
PARAMETRIC_REPRESENTATION_CONTEXT() REPRESENTATION_CONTEXT('2D SPACE',''
  ) );
#1719 = PCURVE('',#1720,#1725);
#1720 = PLANE('',#1721);
#1721 = AXIS2_PLACEMENT_3D('',#1722,#1723,#1724);
#1722 = CARTESIAN_POINT('',(35.,-24.50726383734,15.));
#1723 = DIRECTION('',(0.573576436351,0.819152044289,-1.273595532039E-16)
  );
#1724 = DIRECTION('',(-0.819152044289,0.573576436351,1.818882920477E-16)
  );
#1725 = DEFINITIONAL_REPRESENTATION('',(#1726),#1730);
#1726 = LINE('',#1727,#1728);
#1727 = CARTESIAN_POINT('',(24.627110606653,-4.479383086314E-15));
#1728 = VECTOR('',#1729,1.);
#1729 = DIRECTION('',(5.452873884385E-17,1.));
#1730 = ( GEOMETRIC_REPRESENTATION_CONTEXT(2) 
PARAMETRIC_REPRESENTATION_CONTEXT() REPRESENTATION_CONTEXT('2D SPACE',''
  ) );
#1731 = ORIENTED_EDGE('',*,*,#1732,.T.);
#1732 = EDGE_CURVE('',#1705,#1733,#1735,.T.);
#1733 = VERTEX_POINT('',#1734);
#1734 = CARTESIAN_POINT('',(11.578698372442,-13.912,15.));
#1735 = SURFACE_CURVE('',#1736,(#1741,#1748),.PCURVE_S1.);
#1736 = CIRCLE('',#1737,18.1);
#1737 = AXIS2_PLACEMENT_3D('',#1738,#1739,#1740);
#1738 = CARTESIAN_POINT('',(0.,-3.330669073875E-15,15.));
#1739 = DIRECTION('',(-2.22044604925E-16,-4.930380657631E-32,-1.));
#1740 = DIRECTION('',(-2.22044604925E-16,1.,-1.066300550197E-44));
#1741 = PCURVE('',#1223,#1742);
#1742 = DEFINITIONAL_REPRESENTATION('',(#1743),#1747);
#1743 = LINE('',#1744,#1745);
#1744 = CARTESIAN_POINT('',(6.28318530718,0.));
#1745 = VECTOR('',#1746,1.);
#1746 = DIRECTION('',(-1.,0.));
#1747 = ( GEOMETRIC_REPRESENTATION_CONTEXT(2) 
PARAMETRIC_REPRESENTATION_CONTEXT() REPRESENTATION_CONTEXT('2D SPACE',''
  ) );
#1748 = PCURVE('',#1749,#1754);
#1749 = PLANE('',#1750);
#1750 = AXIS2_PLACEMENT_3D('',#1751,#1752,#1753);
#1751 = CARTESIAN_POINT('',(4.699166220078E-16,-4.539455931369E-15,15.)
  );
#1752 = DIRECTION('',(0.,2.22044604925E-16,-1.));
#1753 = DIRECTION('',(-1.,4.93038065763E-32,1.094764425253E-47));
#1754 = DEFINITIONAL_REPRESENTATION('',(#1755),#1759);
#1755 = CIRCLE('',#1756,18.1);
#1756 = AXIS2_PLACEMENT_2D('',#1757,#1758);
#1757 = CARTESIAN_POINT('',(4.699166220078E-16,1.208786857494E-15));
#1758 = DIRECTION('',(2.22044604925E-16,1.));
#1759 = ( GEOMETRIC_REPRESENTATION_CONTEXT(2) 
PARAMETRIC_REPRESENTATION_CONTEXT() REPRESENTATION_CONTEXT('2D SPACE',''
  ) );
#1760 = ORIENTED_EDGE('',*,*,#1761,.T.);
#1761 = EDGE_CURVE('',#1733,#1208,#1762,.T.);
#1762 = SURFACE_CURVE('',#1763,(#1767,#1774),.PCURVE_S1.);
#1763 = LINE('',#1764,#1765);
#1764 = CARTESIAN_POINT('',(11.578698372442,-13.912,-2.570987505655E-15)
  );
#1765 = VECTOR('',#1766,1.);
#1766 = DIRECTION('',(0.,2.22044604925E-16,-1.));
#1767 = PCURVE('',#1223,#1768);
#1768 = DEFINITIONAL_REPRESENTATION('',(#1769),#1773);
#1769 = LINE('',#1770,#1771);
#1770 = CARTESIAN_POINT('',(3.835709775693,-15.));
#1771 = VECTOR('',#1772,1.);
#1772 = DIRECTION('',(-0.,-1.));
#1773 = ( GEOMETRIC_REPRESENTATION_CONTEXT(2) 
PARAMETRIC_REPRESENTATION_CONTEXT() REPRESENTATION_CONTEXT('2D SPACE',''
  ) );
#1774 = PCURVE('',#1252,#1775);
#1775 = DEFINITIONAL_REPRESENTATION('',(#1776),#1780);
#1776 = LINE('',#1777,#1778);
#1777 = CARTESIAN_POINT('',(2.447475531487,0.));
#1778 = VECTOR('',#1779,1.);
#1779 = DIRECTION('',(0.,1.));
#1780 = ( GEOMETRIC_REPRESENTATION_CONTEXT(2) 
PARAMETRIC_REPRESENTATION_CONTEXT() REPRESENTATION_CONTEXT('2D SPACE',''
  ) );
#1781 = ORIENTED_EDGE('',*,*,#1207,.F.);
#1782 = ORIENTED_EDGE('',*,*,#1783,.F.);
#1783 = EDGE_CURVE('',#1703,#1179,#1784,.T.);
#1784 = SURFACE_CURVE('',#1785,(#1790,#1797),.PCURVE_S1.);
#1785 = CIRCLE('',#1786,18.1);
#1786 = AXIS2_PLACEMENT_3D('',#1787,#1788,#1789);
#1787 = CARTESIAN_POINT('',(0.,3.330669073875E-15,-15.));
#1788 = DIRECTION('',(-2.22044604925E-16,-4.930380657631E-32,-1.));
#1789 = DIRECTION('',(-2.22044604925E-16,1.,-1.066300550197E-44));
#1790 = PCURVE('',#1223,#1791);
#1791 = DEFINITIONAL_REPRESENTATION('',(#1792),#1796);
#1792 = LINE('',#1793,#1794);
#1793 = CARTESIAN_POINT('',(6.28318530718,-30.));
#1794 = VECTOR('',#1795,1.);
#1795 = DIRECTION('',(-1.,0.));
#1796 = ( GEOMETRIC_REPRESENTATION_CONTEXT(2) 
PARAMETRIC_REPRESENTATION_CONTEXT() REPRESENTATION_CONTEXT('2D SPACE',''
  ) );
#1797 = PCURVE('',#1609,#1798);
#1798 = DEFINITIONAL_REPRESENTATION('',(#1799),#1803);
#1799 = CIRCLE('',#1800,18.1);
#1800 = AXIS2_PLACEMENT_2D('',#1801,#1802);
#1801 = CARTESIAN_POINT('',(4.699166220078E-16,1.208786857493E-15));
#1802 = DIRECTION('',(2.22044604925E-16,1.));
#1803 = ( GEOMETRIC_REPRESENTATION_CONTEXT(2) 
PARAMETRIC_REPRESENTATION_CONTEXT() REPRESENTATION_CONTEXT('2D SPACE',''
  ) );
#1804 = ADVANCED_FACE('',(#1805),#1252,.T.);
#1805 = FACE_BOUND('',#1806,.T.);
#1806 = EDGE_LOOP('',(#1807,#1830,#1831,#1887,#1941,#1942,#1943,#1972));
#1807 = ORIENTED_EDGE('',*,*,#1808,.F.);
#1808 = EDGE_CURVE('',#1365,#1809,#1811,.T.);
#1809 = VERTEX_POINT('',#1810);
#1810 = CARTESIAN_POINT('',(-4.019007349143E-15,18.1,12.25));
#1811 = SURFACE_CURVE('',#1812,(#1816,#1823),.PCURVE_S1.);
#1812 = LINE('',#1813,#1814);
#1813 = CARTESIAN_POINT('',(-4.019007349143E-15,18.1,0.));
#1814 = VECTOR('',#1815,1.);
#1815 = DIRECTION('',(0.,-2.22044604925E-16,1.));
#1816 = PCURVE('',#1252,#1817);
#1817 = DEFINITIONAL_REPRESENTATION('',(#1818),#1822);
#1818 = LINE('',#1819,#1820);
#1819 = CARTESIAN_POINT('',(6.28318530718,0.));
#1820 = VECTOR('',#1821,1.);
#1821 = DIRECTION('',(0.,-1.));
#1822 = ( GEOMETRIC_REPRESENTATION_CONTEXT(2) 
PARAMETRIC_REPRESENTATION_CONTEXT() REPRESENTATION_CONTEXT('2D SPACE',''
  ) );
#1823 = PCURVE('',#1485,#1824);
#1824 = DEFINITIONAL_REPRESENTATION('',(#1825),#1829);
#1825 = LINE('',#1826,#1827);
#1826 = CARTESIAN_POINT('',(0.,0.));
#1827 = VECTOR('',#1828,1.);
#1828 = DIRECTION('',(0.,-1.));
#1829 = ( GEOMETRIC_REPRESENTATION_CONTEXT(2) 
PARAMETRIC_REPRESENTATION_CONTEXT() REPRESENTATION_CONTEXT('2D SPACE',''
  ) );
#1830 = ORIENTED_EDGE('',*,*,#1364,.F.);
#1831 = ORIENTED_EDGE('',*,*,#1832,.T.);
#1832 = EDGE_CURVE('',#1265,#1833,#1835,.T.);
#1833 = VERTEX_POINT('',#1834);
#1834 = CARTESIAN_POINT('',(4.019007349143E-15,-18.1,1.3));
#1835 = SURFACE_CURVE('',#1836,(#1851,#1869),.PCURVE_S1.);
#1836 = B_SPLINE_CURVE_WITH_KNOTS('',7,(#1837,#1838,#1839,#1840,#1841,
    #1842,#1843,#1844,#1845,#1846,#1847,#1848,#1849,#1850),
  .UNSPECIFIED.,.F.,.F.,(8,6,8),(0.,0.460038721596,1.),.UNSPECIFIED.);
#1837 = CARTESIAN_POINT('',(-1.3,-18.05325455423,-6.000000018082E-07));
#1838 = CARTESIAN_POINT('',(-1.300000055076,-18.05325455026,
    0.119331704647));
#1839 = CARTESIAN_POINT('',(-1.287220264245,-18.05417488582,
    0.238664257448));
#1840 = CARTESIAN_POINT('',(-1.261661257566,-18.0560151144,
    0.357004797963));
#1841 = CARTESIAN_POINT('',(-1.2231687162,-18.05872999226,0.473317406845
    ));
#1842 = CARTESIAN_POINT('',(-1.171477015968,-18.0622229145,0.58641789668
    ));
#1843 = CARTESIAN_POINT('',(-1.106261805088,-18.06633486748,
    0.694855259328));
#1844 = CARTESIAN_POINT('',(-0.934406077976,-18.07610367579,
    0.916410327708));
#1845 = CARTESIAN_POINT('',(-0.820315773811,-18.08203116794,
    1.029931411226));
#1846 = CARTESIAN_POINT('',(-0.685159984228,-18.08813840471,
    1.130478012482));
#1847 = CARTESIAN_POINT('',(-0.53121957944,-18.09368629172,
    1.212090018579));
#1848 = CARTESIAN_POINT('',(-0.362289776964,-18.09783462265,
    1.269852093318));
#1849 = CARTESIAN_POINT('',(-0.18328564037,-18.1,1.3));
#1850 = CARTESIAN_POINT('',(4.907185768843E-15,-18.1,1.3));
#1851 = PCURVE('',#1252,#1852);
#1852 = DEFINITIONAL_REPRESENTATION('',(#1853),#1868);
#1853 = B_SPLINE_CURVE_WITH_KNOTS('',7,(#1854,#1855,#1856,#1857,#1858,
    #1859,#1860,#1861,#1862,#1863,#1864,#1865,#1866,#1867),
  .UNSPECIFIED.,.F.,.F.,(8,6,8),(0.,0.460038721596,1.),.UNSPECIFIED.);
#1854 = CARTESIAN_POINT('',(3.213477752667,5.999999999062E-07));
#1855 = CARTESIAN_POINT('',(3.213477755718,-0.119331704647));
#1856 = CARTESIAN_POINT('',(3.212769861086,-0.238664257448));
#1857 = CARTESIAN_POINT('',(3.211354107026,-0.357004797963));
#1858 = CARTESIAN_POINT('',(3.209222165246,-0.473317406845));
#1859 = CARTESIAN_POINT('',(3.206359785756,-0.58641789668));
#1860 = CARTESIAN_POINT('',(3.202749649147,-0.694855259328));
#1861 = CARTESIAN_POINT('',(3.193239530486,-0.916410327708));
#1862 = CARTESIAN_POINT('',(3.186927774638,-1.029931411226));
#1863 = CARTESIAN_POINT('',(3.179453256481,-1.130478012482));
#1864 = CARTESIAN_POINT('',(3.170943485271,-1.212090018579));
#1865 = CARTESIAN_POINT('',(3.161608666024,-1.269852093318));
#1866 = CARTESIAN_POINT('',(3.151718932063,-1.3));
#1867 = CARTESIAN_POINT('',(3.14159265359,-1.3));
#1868 = ( GEOMETRIC_REPRESENTATION_CONTEXT(2) 
PARAMETRIC_REPRESENTATION_CONTEXT() REPRESENTATION_CONTEXT('2D SPACE',''
  ) );
#1869 = PCURVE('',#1328,#1870);
#1870 = DEFINITIONAL_REPRESENTATION('',(#1871),#1886);
#1871 = B_SPLINE_CURVE_WITH_KNOTS('',7,(#1872,#1873,#1874,#1875,#1876,
    #1877,#1878,#1879,#1880,#1881,#1882,#1883,#1884,#1885),
  .UNSPECIFIED.,.F.,.F.,(8,6,8),(0.,0.460038721596,1.),.UNSPECIFIED.);
#1872 = CARTESIAN_POINT('',(4.712388518846,-18.05325455423));
#1873 = CARTESIAN_POINT('',(4.804182599344,-18.05325455026));
#1874 = CARTESIAN_POINT('',(4.895977674222,-18.05417488582));
#1875 = CARTESIAN_POINT('',(4.988269491152,-18.0560151144));
#1876 = CARTESIAN_POINT('',(5.081534157544,-18.05872999226));
#1877 = CARTESIAN_POINT('',(5.176241501051,-18.0622229145));
#1878 = CARTESIAN_POINT('',(5.272898593415,-18.06633486748));
#1879 = CARTESIAN_POINT('',(5.488586620456,-18.07610367579));
#1880 = CARTESIAN_POINT('',(5.611375889761,-18.08203116794));
#1881 = CARTESIAN_POINT('',(5.738790460861,-18.08813840471));
#1882 = CARTESIAN_POINT('',(5.8699773872,-18.09368629172));
#1883 = CARTESIAN_POINT('',(6.004500895812,-18.09783462265));
#1884 = CARTESIAN_POINT('',(6.142196353049,-18.1));
#1885 = CARTESIAN_POINT('',(6.28318530718,-18.1));
#1886 = ( GEOMETRIC_REPRESENTATION_CONTEXT(2) 
PARAMETRIC_REPRESENTATION_CONTEXT() REPRESENTATION_CONTEXT('2D SPACE',''
  ) );
#1887 = ORIENTED_EDGE('',*,*,#1888,.T.);
#1888 = EDGE_CURVE('',#1833,#1236,#1889,.T.);
#1889 = SURFACE_CURVE('',#1890,(#1905,#1923),.PCURVE_S1.);
#1890 = B_SPLINE_CURVE_WITH_KNOTS('',7,(#1891,#1892,#1893,#1894,#1895,
    #1896,#1897,#1898,#1899,#1900,#1901,#1902,#1903,#1904),
  .UNSPECIFIED.,.F.,.F.,(8,6,8),(0.,0.540043574526,1.),.UNSPECIFIED.);
#1891 = CARTESIAN_POINT('',(4.968108618482E-15,-18.1,1.3));
#1892 = CARTESIAN_POINT('',(0.183362092297,-18.1,1.3));
#1893 = CARTESIAN_POINT('',(0.362376674989,-18.09783281653,
    1.269826935977));
#1894 = CARTESIAN_POINT('',(0.531270477927,-18.09368375013,
    1.212054722352));
#1895 = CARTESIAN_POINT('',(0.685161046664,-18.08813770503,
    1.130460680968));
#1896 = CARTESIAN_POINT('',(0.820282884877,-18.08203264714,
    1.029950249829));
#1897 = CARTESIAN_POINT('',(0.934373567138,-18.07610552381,
    0.916452240428));
#1898 = CARTESIAN_POINT('',(1.106263305909,-18.06633478217,
    0.694853324481));
#1899 = CARTESIAN_POINT('',(1.171477554066,-18.06222286528,
    0.586416333374));
#1900 = CARTESIAN_POINT('',(1.223168350638,-18.0587300193,0.473317313072
    ));
#1901 = CARTESIAN_POINT('',(1.261660725619,-18.0560151592,0.357006104336
    ));
#1902 = CARTESIAN_POINT('',(1.287220023613,-18.05417489472,
    0.238666077854));
#1903 = CARTESIAN_POINT('',(1.300000051635,-18.05325455051,
    0.119332925562));
#1904 = CARTESIAN_POINT('',(1.3,-18.05325455423,-5.624999991441E-07));
#1905 = PCURVE('',#1252,#1906);
#1906 = DEFINITIONAL_REPRESENTATION('',(#1907),#1922);
#1907 = B_SPLINE_CURVE_WITH_KNOTS('',7,(#1908,#1909,#1910,#1911,#1912,
    #1913,#1914,#1915,#1916,#1917,#1918,#1919,#1920,#1921),
  .UNSPECIFIED.,.F.,.F.,(8,6,8),(0.,0.540043574526,1.),.UNSPECIFIED.);
#1908 = CARTESIAN_POINT('',(3.14159265359,-1.3));
#1909 = CARTESIAN_POINT('',(3.131462151253,-1.3));
#1910 = CARTESIAN_POINT('',(3.121571840167,-1.269826935977));
#1911 = CARTESIAN_POINT('',(3.112239007549,-1.212054722352));
#1912 = CARTESIAN_POINT('',(3.10373198986,-1.130460680968));
#1913 = CARTESIAN_POINT('',(3.096259351388,-1.029950249829));
#1914 = CARTESIAN_POINT('',(3.089947575772,-0.916452240428));
#1915 = CARTESIAN_POINT('',(3.08043557498,-0.694853324481));
#1916 = CARTESIAN_POINT('',(3.076825491561,-0.586416333374));
#1917 = CARTESIAN_POINT('',(3.073963162211,-0.473317313072));
#1918 = CARTESIAN_POINT('',(3.071831229658,-0.357006104336));
#1919 = CARTESIAN_POINT('',(3.070415459357,-0.238666077854));
#1920 = CARTESIAN_POINT('',(3.069707551652,-0.119332925562));
#1921 = CARTESIAN_POINT('',(3.069707554512,5.624999988019E-07));
#1922 = ( GEOMETRIC_REPRESENTATION_CONTEXT(2) 
PARAMETRIC_REPRESENTATION_CONTEXT() REPRESENTATION_CONTEXT('2D SPACE',''
  ) );
#1923 = PCURVE('',#1328,#1924);
#1924 = DEFINITIONAL_REPRESENTATION('',(#1925),#1940);
#1925 = B_SPLINE_CURVE_WITH_KNOTS('',7,(#1926,#1927,#1928,#1929,#1930,
    #1931,#1932,#1933,#1934,#1935,#1936,#1937,#1938,#1939),
  .UNSPECIFIED.,.F.,.F.,(8,6,8),(0.,0.540043574526,1.),.UNSPECIFIED.);
#1926 = CARTESIAN_POINT('',(0.,-18.1));
#1927 = CARTESIAN_POINT('',(0.141047763305,-18.1));
#1928 = CARTESIAN_POINT('',(0.278751269281,-18.09783281653));
#1929 = CARTESIAN_POINT('',(0.413252736244,-18.09368375013));
#1930 = CARTESIAN_POINT('',(0.544403105819,-18.08813770503));
#1931 = CARTESIAN_POINT('',(0.671782473771,-18.08203264714));
#1932 = CARTESIAN_POINT('',(0.794557883901,-18.07610552381));
#1933 = CARTESIAN_POINT('',(1.010288597376,-18.06633478217));
#1934 = CARTESIAN_POINT('',(1.106945058588,-18.06222286528));
#1935 = CARTESIAN_POINT('',(1.201651056489,-18.0587300193));
#1936 = CARTESIAN_POINT('',(1.294914743761,-18.0560151592));
#1937 = CARTESIAN_POINT('',(1.387206313999,-18.05417489472));
#1938 = CARTESIAN_POINT('',(1.47900176867,-18.05325455051));
#1939 = CARTESIAN_POINT('',(1.570796759487,-18.05325455423));
#1940 = ( GEOMETRIC_REPRESENTATION_CONTEXT(2) 
PARAMETRIC_REPRESENTATION_CONTEXT() REPRESENTATION_CONTEXT('2D SPACE',''
  ) );
#1941 = ORIENTED_EDGE('',*,*,#1235,.F.);
#1942 = ORIENTED_EDGE('',*,*,#1761,.F.);
#1943 = ORIENTED_EDGE('',*,*,#1944,.T.);
#1944 = EDGE_CURVE('',#1733,#1945,#1947,.T.);
#1945 = VERTEX_POINT('',#1946);
#1946 = CARTESIAN_POINT('',(-4.019007349143E-15,18.1,15.));
#1947 = SURFACE_CURVE('',#1948,(#1953,#1960),.PCURVE_S1.);
#1948 = CIRCLE('',#1949,18.1);
#1949 = AXIS2_PLACEMENT_3D('',#1950,#1951,#1952);
#1950 = CARTESIAN_POINT('',(0.,-3.330669073875E-15,15.));
#1951 = DIRECTION('',(-2.22044604925E-16,-4.930380657631E-32,-1.));
#1952 = DIRECTION('',(-2.22044604925E-16,1.,-1.066300550197E-44));
#1953 = PCURVE('',#1252,#1954);
#1954 = DEFINITIONAL_REPRESENTATION('',(#1955),#1959);
#1955 = LINE('',#1956,#1957);
#1956 = CARTESIAN_POINT('',(0.,-15.));
#1957 = VECTOR('',#1958,1.);
#1958 = DIRECTION('',(1.,0.));
#1959 = ( GEOMETRIC_REPRESENTATION_CONTEXT(2) 
PARAMETRIC_REPRESENTATION_CONTEXT() REPRESENTATION_CONTEXT('2D SPACE',''
  ) );
#1960 = PCURVE('',#1961,#1966);
#1961 = PLANE('',#1962);
#1962 = AXIS2_PLACEMENT_3D('',#1963,#1964,#1965);
#1963 = CARTESIAN_POINT('',(4.699166220078E-16,-4.539455931369E-15,15.)
  );
#1964 = DIRECTION('',(0.,2.22044604925E-16,-1.));
#1965 = DIRECTION('',(-1.,4.93038065763E-32,1.094764425253E-47));
#1966 = DEFINITIONAL_REPRESENTATION('',(#1967),#1971);
#1967 = CIRCLE('',#1968,18.1);
#1968 = AXIS2_PLACEMENT_2D('',#1969,#1970);
#1969 = CARTESIAN_POINT('',(4.699166220078E-16,1.208786857494E-15));
#1970 = DIRECTION('',(2.22044604925E-16,1.));
#1971 = ( GEOMETRIC_REPRESENTATION_CONTEXT(2) 
PARAMETRIC_REPRESENTATION_CONTEXT() REPRESENTATION_CONTEXT('2D SPACE',''
  ) );
#1972 = ORIENTED_EDGE('',*,*,#1973,.F.);
#1973 = EDGE_CURVE('',#1809,#1945,#1974,.T.);
#1974 = SURFACE_CURVE('',#1975,(#1979,#1986),.PCURVE_S1.);
#1975 = LINE('',#1976,#1977);
#1976 = CARTESIAN_POINT('',(-4.019007349143E-15,18.1,0.));
#1977 = VECTOR('',#1978,1.);
#1978 = DIRECTION('',(0.,-2.22044604925E-16,1.));
#1979 = PCURVE('',#1252,#1980);
#1980 = DEFINITIONAL_REPRESENTATION('',(#1981),#1985);
#1981 = LINE('',#1982,#1983);
#1982 = CARTESIAN_POINT('',(6.28318530718,0.));
#1983 = VECTOR('',#1984,1.);
#1984 = DIRECTION('',(0.,-1.));
#1985 = ( GEOMETRIC_REPRESENTATION_CONTEXT(2) 
PARAMETRIC_REPRESENTATION_CONTEXT() REPRESENTATION_CONTEXT('2D SPACE',''
  ) );
#1986 = PCURVE('',#1987,#1992);
#1987 = CYLINDRICAL_SURFACE('',#1988,18.1);
#1988 = AXIS2_PLACEMENT_3D('',#1989,#1990,#1991);
#1989 = CARTESIAN_POINT('',(0.,-3.330669073875E-15,15.));
#1990 = DIRECTION('',(0.,-2.22044604925E-16,1.));
#1991 = DIRECTION('',(-2.22044604925E-16,1.,2.22044604925E-16));
#1992 = DEFINITIONAL_REPRESENTATION('',(#1993),#1997);
#1993 = LINE('',#1994,#1995);
#1994 = CARTESIAN_POINT('',(6.283185307179,-15.));
#1995 = VECTOR('',#1996,1.);
#1996 = DIRECTION('',(-0.,1.));
#1997 = ( GEOMETRIC_REPRESENTATION_CONTEXT(2) 
PARAMETRIC_REPRESENTATION_CONTEXT() REPRESENTATION_CONTEXT('2D SPACE',''
  ) );
#1998 = ADVANCED_FACE('',(#1999),#1328,.F.);
#1999 = FACE_BOUND('',#2000,.F.);
#2000 = EDGE_LOOP('',(#2001,#2029,#2050,#2051,#2052,#2053));
#2001 = ORIENTED_EDGE('',*,*,#2002,.F.);
#2002 = EDGE_CURVE('',#2003,#2003,#2005,.T.);
#2003 = VERTEX_POINT('',#2004);
#2004 = CARTESIAN_POINT('',(3.164135620182E-15,-14.25,1.3));
#2005 = SURFACE_CURVE('',#2006,(#2011,#2018),.PCURVE_S1.);
#2006 = CIRCLE('',#2007,1.3);
#2007 = AXIS2_PLACEMENT_3D('',#2008,#2009,#2010);
#2008 = CARTESIAN_POINT('',(3.164135620182E-15,-14.25,0.));
#2009 = DIRECTION('',(4.930380657631E-32,1.,2.22044604925E-16));
#2010 = DIRECTION('',(0.,-2.22044604925E-16,1.));
#2011 = PCURVE('',#1328,#2012);
#2012 = DEFINITIONAL_REPRESENTATION('',(#2013),#2017);
#2013 = LINE('',#2014,#2015);
#2014 = CARTESIAN_POINT('',(0.,-14.25));
#2015 = VECTOR('',#2016,1.);
#2016 = DIRECTION('',(1.,0.));
#2017 = ( GEOMETRIC_REPRESENTATION_CONTEXT(2) 
PARAMETRIC_REPRESENTATION_CONTEXT() REPRESENTATION_CONTEXT('2D SPACE',''
  ) );
#2018 = PCURVE('',#1687,#2019);
#2019 = DEFINITIONAL_REPRESENTATION('',(#2020),#2028);
#2020 = ( BOUNDED_CURVE() B_SPLINE_CURVE(2,(#2021,#2022,#2023,#2024,
#2025,#2026,#2027),.UNSPECIFIED.,.T.,.F.) B_SPLINE_CURVE_WITH_KNOTS((1,2
    ,2,2,2,1),(-2.094395102393,0.,2.094395102393,4.188790204786,
6.28318530718,8.377580409573),.UNSPECIFIED.) CURVE() 
GEOMETRIC_REPRESENTATION_ITEM() RATIONAL_B_SPLINE_CURVE((1.,0.5,1.,0.5,
1.,0.5,1.)) REPRESENTATION_ITEM('') );
#2021 = CARTESIAN_POINT('',(18.3,-20.));
#2022 = CARTESIAN_POINT('',(18.3,-22.25166604984));
#2023 = CARTESIAN_POINT('',(16.35,-21.12583302492));
#2024 = CARTESIAN_POINT('',(14.4,-20.));
#2025 = CARTESIAN_POINT('',(16.35,-18.87416697508));
#2026 = CARTESIAN_POINT('',(18.3,-17.74833395016));
#2027 = CARTESIAN_POINT('',(18.3,-20.));
#2028 = ( GEOMETRIC_REPRESENTATION_CONTEXT(2) 
PARAMETRIC_REPRESENTATION_CONTEXT() REPRESENTATION_CONTEXT('2D SPACE',''
  ) );
#2029 = ORIENTED_EDGE('',*,*,#2030,.T.);
#2030 = EDGE_CURVE('',#2003,#1833,#2031,.T.);
#2031 = SEAM_CURVE('',#2032,(#2036,#2043),.PCURVE_S1.);
#2032 = LINE('',#2033,#2034);
#2033 = CARTESIAN_POINT('',(0.,-2.886579864025E-16,1.3));
#2034 = VECTOR('',#2035,1.);
#2035 = DIRECTION('',(2.22044604925E-16,-1.,0.));
#2036 = PCURVE('',#1328,#2037);
#2037 = DEFINITIONAL_REPRESENTATION('',(#2038),#2042);
#2038 = LINE('',#2039,#2040);
#2039 = CARTESIAN_POINT('',(4.138911435803E-13,0.));
#2040 = VECTOR('',#2041,1.);
#2041 = DIRECTION('',(0.,-1.));
#2042 = ( GEOMETRIC_REPRESENTATION_CONTEXT(2) 
PARAMETRIC_REPRESENTATION_CONTEXT() REPRESENTATION_CONTEXT('2D SPACE',''
  ) );
#2043 = PCURVE('',#1328,#2044);
#2044 = DEFINITIONAL_REPRESENTATION('',(#2045),#2049);
#2045 = LINE('',#2046,#2047);
#2046 = CARTESIAN_POINT('',(6.28318530718,0.));
#2047 = VECTOR('',#2048,1.);
#2048 = DIRECTION('',(0.,-1.));
#2049 = ( GEOMETRIC_REPRESENTATION_CONTEXT(2) 
PARAMETRIC_REPRESENTATION_CONTEXT() REPRESENTATION_CONTEXT('2D SPACE',''
  ) );
#2050 = ORIENTED_EDGE('',*,*,#1888,.T.);
#2051 = ORIENTED_EDGE('',*,*,#1264,.T.);
#2052 = ORIENTED_EDGE('',*,*,#1832,.T.);
#2053 = ORIENTED_EDGE('',*,*,#2030,.F.);
#2054 = ADVANCED_FACE('',(#2055),#1485,.T.);
#2055 = FACE_BOUND('',#2056,.T.);
#2056 = EDGE_LOOP('',(#2057,#2058,#2059,#2083));
#2057 = ORIENTED_EDGE('',*,*,#1470,.F.);
#2058 = ORIENTED_EDGE('',*,*,#1808,.T.);
#2059 = ORIENTED_EDGE('',*,*,#2060,.T.);
#2060 = EDGE_CURVE('',#1809,#2061,#2063,.T.);
#2061 = VERTEX_POINT('',#2062);
#2062 = CARTESIAN_POINT('',(14.82665200163,10.381733497954,12.25));
#2063 = SURFACE_CURVE('',#2064,(#2069,#2076),.PCURVE_S1.);
#2064 = CIRCLE('',#2065,18.1);
#2065 = AXIS2_PLACEMENT_3D('',#2066,#2067,#2068);
#2066 = CARTESIAN_POINT('',(0.,-2.720046410332E-15,12.25));
#2067 = DIRECTION('',(-2.22044604925E-16,-4.930380657631E-32,-1.));
#2068 = DIRECTION('',(-2.22044604925E-16,1.,-1.066300550197E-44));
#2069 = PCURVE('',#1485,#2070);
#2070 = DEFINITIONAL_REPRESENTATION('',(#2071),#2075);
#2071 = LINE('',#2072,#2073);
#2072 = CARTESIAN_POINT('',(0.,-12.25));
#2073 = VECTOR('',#2074,1.);
#2074 = DIRECTION('',(1.,0.));
#2075 = ( GEOMETRIC_REPRESENTATION_CONTEXT(2) 
PARAMETRIC_REPRESENTATION_CONTEXT() REPRESENTATION_CONTEXT('2D SPACE',''
  ) );
#2076 = PCURVE('',#1987,#2077);
#2077 = DEFINITIONAL_REPRESENTATION('',(#2078),#2082);
#2078 = LINE('',#2079,#2080);
#2079 = CARTESIAN_POINT('',(6.283185307179,-2.75));
#2080 = VECTOR('',#2081,1.);
#2081 = DIRECTION('',(-1.,0.));
#2082 = ( GEOMETRIC_REPRESENTATION_CONTEXT(2) 
PARAMETRIC_REPRESENTATION_CONTEXT() REPRESENTATION_CONTEXT('2D SPACE',''
  ) );
#2083 = ORIENTED_EDGE('',*,*,#2084,.F.);
#2084 = EDGE_CURVE('',#1420,#2061,#2085,.T.);
#2085 = SURFACE_CURVE('',#2086,(#2090,#2097),.PCURVE_S1.);
#2086 = LINE('',#2087,#2088);
#2087 = CARTESIAN_POINT('',(14.826652001631,10.381733497954,15.));
#2088 = VECTOR('',#2089,1.);
#2089 = DIRECTION('',(0.,-2.22044604925E-16,1.));
#2090 = PCURVE('',#1485,#2091);
#2091 = DEFINITIONAL_REPRESENTATION('',(#2092),#2096);
#2092 = LINE('',#2093,#2094);
#2093 = CARTESIAN_POINT('',(0.959931088597,-15.));
#2094 = VECTOR('',#2095,1.);
#2095 = DIRECTION('',(0.,-1.));
#2096 = ( GEOMETRIC_REPRESENTATION_CONTEXT(2) 
PARAMETRIC_REPRESENTATION_CONTEXT() REPRESENTATION_CONTEXT('2D SPACE',''
  ) );
#2097 = PCURVE('',#2098,#2103);
#2098 = CYLINDRICAL_SURFACE('',#2099,18.1);
#2099 = AXIS2_PLACEMENT_3D('',#2100,#2101,#2102);
#2100 = CARTESIAN_POINT('',(0.,0.,0.));
#2101 = DIRECTION('',(0.,2.22044604925E-16,-1.));
#2102 = DIRECTION('',(-2.22044604925E-16,1.,2.22044604925E-16));
#2103 = DEFINITIONAL_REPRESENTATION('',(#2104),#2108);
#2104 = LINE('',#2105,#2106);
#2105 = CARTESIAN_POINT('',(0.959931088597,-15.));
#2106 = VECTOR('',#2107,1.);
#2107 = DIRECTION('',(0.,-1.));
#2108 = ( GEOMETRIC_REPRESENTATION_CONTEXT(2) 
PARAMETRIC_REPRESENTATION_CONTEXT() REPRESENTATION_CONTEXT('2D SPACE',''
  ) );
#2109 = ADVANCED_FACE('',(#2110),#1435,.T.);
#2110 = FACE_BOUND('',#2111,.T.);
#2111 = EDGE_LOOP('',(#2112,#2142,#2171,#2199,#2230,#2231));
#2112 = ORIENTED_EDGE('',*,*,#2113,.F.);
#2113 = EDGE_CURVE('',#2114,#2116,#2118,.T.);
#2114 = VERTEX_POINT('',#2115);
#2115 = CARTESIAN_POINT('',(17.77779513888,-3.4,-12.));
#2116 = VERTEX_POINT('',#2117);
#2117 = CARTESIAN_POINT('',(17.77779513888,-3.4,-3.947463498051E-15));
#2118 = SURFACE_CURVE('',#2119,(#2123,#2130),.PCURVE_S1.);
#2119 = LINE('',#2120,#2121);
#2120 = CARTESIAN_POINT('',(17.77779513888,-3.4,-3.947463498051E-15));
#2121 = VECTOR('',#2122,1.);
#2122 = DIRECTION('',(0.,-2.22044604925E-16,1.));
#2123 = PCURVE('',#1435,#2124);
#2124 = DEFINITIONAL_REPRESENTATION('',(#2125),#2129);
#2125 = LINE('',#2126,#2127);
#2126 = CARTESIAN_POINT('',(4.523421043864,0.));
#2127 = VECTOR('',#2128,1.);
#2128 = DIRECTION('',(-0.,1.));
#2129 = ( GEOMETRIC_REPRESENTATION_CONTEXT(2) 
PARAMETRIC_REPRESENTATION_CONTEXT() REPRESENTATION_CONTEXT('2D SPACE',''
  ) );
#2130 = PCURVE('',#2131,#2136);
#2131 = PLANE('',#2132);
#2132 = AXIS2_PLACEMENT_3D('',#2133,#2134,#2135);
#2133 = CARTESIAN_POINT('',(7.549516567451E-16,-3.4,-12.));
#2134 = DIRECTION('',(2.22044604925E-16,-1.,0.));
#2135 = DIRECTION('',(-4.93038065763E-32,-1.094764425253E-47,1.));
#2136 = DEFINITIONAL_REPRESENTATION('',(#2137),#2141);
#2137 = LINE('',#2138,#2139);
#2138 = CARTESIAN_POINT('',(12.,-17.77779513888));
#2139 = VECTOR('',#2140,1.);
#2140 = DIRECTION('',(1.,0.));
#2141 = ( GEOMETRIC_REPRESENTATION_CONTEXT(2) 
PARAMETRIC_REPRESENTATION_CONTEXT() REPRESENTATION_CONTEXT('2D SPACE',''
  ) );
#2142 = ORIENTED_EDGE('',*,*,#2143,.F.);
#2143 = EDGE_CURVE('',#2144,#2114,#2146,.T.);
#2144 = VERTEX_POINT('',#2145);
#2145 = CARTESIAN_POINT('',(15.011910471356,-10.112,-12.));
#2146 = SURFACE_CURVE('',#2147,(#2152,#2159),.PCURVE_S1.);
#2147 = CIRCLE('',#2148,18.1);
#2148 = AXIS2_PLACEMENT_3D('',#2149,#2150,#2151);
#2149 = CARTESIAN_POINT('',(0.,2.6645352591E-15,-12.));
#2150 = DIRECTION('',(2.22044604925E-16,4.930380657631E-32,1.));
#2151 = DIRECTION('',(-2.22044604925E-16,1.,-1.066300550197E-44));
#2152 = PCURVE('',#1435,#2153);
#2153 = DEFINITIONAL_REPRESENTATION('',(#2154),#2158);
#2154 = LINE('',#2155,#2156);
#2155 = CARTESIAN_POINT('',(-4.138911435803E-13,-12.));
#2156 = VECTOR('',#2157,1.);
#2157 = DIRECTION('',(1.,-0.));
#2158 = ( GEOMETRIC_REPRESENTATION_CONTEXT(2) 
PARAMETRIC_REPRESENTATION_CONTEXT() REPRESENTATION_CONTEXT('2D SPACE',''
  ) );
#2159 = PCURVE('',#2160,#2165);
#2160 = PLANE('',#2161);
#2161 = AXIS2_PLACEMENT_3D('',#2162,#2163,#2164);
#2162 = CARTESIAN_POINT('',(2.245315045002E-15,-10.112,-12.));
#2163 = DIRECTION('',(0.,-2.22044604925E-16,1.));
#2164 = DIRECTION('',(-2.22044604925E-16,1.,2.22044604925E-16));
#2165 = DEFINITIONAL_REPRESENTATION('',(#2166),#2170);
#2166 = CIRCLE('',#2167,18.1);
#2167 = AXIS2_PLACEMENT_2D('',#2168,#2169);
#2168 = CARTESIAN_POINT('',(10.112,3.995580484944E-28));
#2169 = DIRECTION('',(1.,-1.094764425253E-47));
#2170 = ( GEOMETRIC_REPRESENTATION_CONTEXT(2) 
PARAMETRIC_REPRESENTATION_CONTEXT() REPRESENTATION_CONTEXT('2D SPACE',''
  ) );
#2171 = ORIENTED_EDGE('',*,*,#2172,.F.);
#2172 = EDGE_CURVE('',#2173,#2144,#2175,.T.);
#2173 = VERTEX_POINT('',#2174);
#2174 = CARTESIAN_POINT('',(15.011910471356,-10.112,-12.25));
#2175 = SURFACE_CURVE('',#2176,(#2180,#2187),.PCURVE_S1.);
#2176 = LINE('',#2177,#2178);
#2177 = CARTESIAN_POINT('',(15.011910471356,-10.112,-3.333313729782E-15)
  );
#2178 = VECTOR('',#2179,1.);
#2179 = DIRECTION('',(0.,-2.22044604925E-16,1.));
#2180 = PCURVE('',#1435,#2181);
#2181 = DEFINITIONAL_REPRESENTATION('',(#2182),#2186);
#2182 = LINE('',#2183,#2184);
#2183 = CARTESIAN_POINT('',(4.119602773391,0.));
#2184 = VECTOR('',#2185,1.);
#2185 = DIRECTION('',(-0.,1.));
#2186 = ( GEOMETRIC_REPRESENTATION_CONTEXT(2) 
PARAMETRIC_REPRESENTATION_CONTEXT() REPRESENTATION_CONTEXT('2D SPACE',''
  ) );
#2187 = PCURVE('',#2188,#2193);
#2188 = PLANE('',#2189);
#2189 = AXIS2_PLACEMENT_3D('',#2190,#2191,#2192);
#2190 = CARTESIAN_POINT('',(2.245315045002E-15,-10.112,-15.));
#2191 = DIRECTION('',(2.22044604925E-16,-1.,0.));
#2192 = DIRECTION('',(-4.93038065763E-32,-1.094764425253E-47,1.));
#2193 = DEFINITIONAL_REPRESENTATION('',(#2194),#2198);
#2194 = LINE('',#2195,#2196);
#2195 = CARTESIAN_POINT('',(15.,-15.01191047135));
#2196 = VECTOR('',#2197,1.);
#2197 = DIRECTION('',(1.,0.));
#2198 = ( GEOMETRIC_REPRESENTATION_CONTEXT(2) 
PARAMETRIC_REPRESENTATION_CONTEXT() REPRESENTATION_CONTEXT('2D SPACE',''
  ) );
#2199 = ORIENTED_EDGE('',*,*,#2200,.T.);
#2200 = EDGE_CURVE('',#2173,#1418,#2201,.T.);
#2201 = SURFACE_CURVE('',#2202,(#2207,#2214),.PCURVE_S1.);
#2202 = CIRCLE('',#2203,18.1);
#2203 = AXIS2_PLACEMENT_3D('',#2204,#2205,#2206);
#2204 = CARTESIAN_POINT('',(0.,2.720046410332E-15,-12.25));
#2205 = DIRECTION('',(2.22044604925E-16,4.930380657631E-32,1.));
#2206 = DIRECTION('',(-2.22044604925E-16,1.,-1.066300550197E-44));
#2207 = PCURVE('',#1435,#2208);
#2208 = DEFINITIONAL_REPRESENTATION('',(#2209),#2213);
#2209 = LINE('',#2210,#2211);
#2210 = CARTESIAN_POINT('',(-4.138911435803E-13,-12.25));
#2211 = VECTOR('',#2212,1.);
#2212 = DIRECTION('',(1.,-0.));
#2213 = ( GEOMETRIC_REPRESENTATION_CONTEXT(2) 
PARAMETRIC_REPRESENTATION_CONTEXT() REPRESENTATION_CONTEXT('2D SPACE',''
  ) );
#2214 = PCURVE('',#2215,#2220);
#2215 = PLANE('',#2216);
#2216 = AXIS2_PLACEMENT_3D('',#2217,#2218,#2219);
#2217 = CARTESIAN_POINT('',(-7.884803920888E-15,35.51,-12.25));
#2218 = DIRECTION('',(0.,2.22044604925E-16,-1.));
#2219 = DIRECTION('',(2.22044604925E-16,-1.,-2.22044604925E-16));
#2220 = DEFINITIONAL_REPRESENTATION('',(#2221),#2229);
#2221 = ( BOUNDED_CURVE() B_SPLINE_CURVE(2,(#2222,#2223,#2224,#2225,
#2226,#2227,#2228),.UNSPECIFIED.,.T.,.F.) B_SPLINE_CURVE_WITH_KNOTS((1,2
    ,2,2,2,1),(-2.094395102393,0.,2.094395102393,4.188790204786,
6.28318530718,8.377580409573),.UNSPECIFIED.) CURVE() 
GEOMETRIC_REPRESENTATION_ITEM() RATIONAL_B_SPLINE_CURVE((1.,0.5,1.,0.5,
1.,0.5,1.)) REPRESENTATION_ITEM('') );
#2222 = CARTESIAN_POINT('',(17.41,-1.251133395681E-27));
#2223 = CARTESIAN_POINT('',(17.41,31.350119616997));
#2224 = CARTESIAN_POINT('',(44.56,15.675059808498));
#2225 = CARTESIAN_POINT('',(71.71,4.433221412912E-15));
#2226 = CARTESIAN_POINT('',(44.56,-15.67505980849));
#2227 = CARTESIAN_POINT('',(17.41,-31.35011961699));
#2228 = CARTESIAN_POINT('',(17.41,-1.251133395681E-27));
#2229 = ( GEOMETRIC_REPRESENTATION_CONTEXT(2) 
PARAMETRIC_REPRESENTATION_CONTEXT() REPRESENTATION_CONTEXT('2D SPACE',''
  ) );
#2230 = ORIENTED_EDGE('',*,*,#1417,.T.);
#2231 = ORIENTED_EDGE('',*,*,#2232,.T.);
#2232 = EDGE_CURVE('',#1420,#2116,#2233,.T.);
#2233 = SURFACE_CURVE('',#2234,(#2239,#2246),.PCURVE_S1.);
#2234 = CIRCLE('',#2235,18.1);
#2235 = AXIS2_PLACEMENT_3D('',#2236,#2237,#2238);
#2236 = CARTESIAN_POINT('',(0.,0.,0.));
#2237 = DIRECTION('',(-2.22044604925E-16,-4.930380657631E-32,-1.));
#2238 = DIRECTION('',(-2.22044604925E-16,1.,-1.066300550197E-44));
#2239 = PCURVE('',#1435,#2240);
#2240 = DEFINITIONAL_REPRESENTATION('',(#2241),#2245);
#2241 = LINE('',#2242,#2243);
#2242 = CARTESIAN_POINT('',(6.28318530718,0.));
#2243 = VECTOR('',#2244,1.);
#2244 = DIRECTION('',(-1.,0.));
#2245 = ( GEOMETRIC_REPRESENTATION_CONTEXT(2) 
PARAMETRIC_REPRESENTATION_CONTEXT() REPRESENTATION_CONTEXT('2D SPACE',''
  ) );
#2246 = PCURVE('',#2098,#2247);
#2247 = DEFINITIONAL_REPRESENTATION('',(#2248),#2252);
#2248 = LINE('',#2249,#2250);
#2249 = CARTESIAN_POINT('',(0.,0.));
#2250 = VECTOR('',#2251,1.);
#2251 = DIRECTION('',(1.,0.));
#2252 = ( GEOMETRIC_REPRESENTATION_CONTEXT(2) 
PARAMETRIC_REPRESENTATION_CONTEXT() REPRESENTATION_CONTEXT('2D SPACE',''
  ) );
#2253 = ADVANCED_FACE('',(#2254),#1517,.F.);
#2254 = FACE_BOUND('',#2255,.F.);
#2255 = EDGE_LOOP('',(#2256,#2286,#2307,#2308));
#2256 = ORIENTED_EDGE('',*,*,#2257,.F.);
#2257 = EDGE_CURVE('',#2258,#2260,#2262,.T.);
#2258 = VERTEX_POINT('',#2259);
#2259 = CARTESIAN_POINT('',(29.5,20.656122377186,-12.25));
#2260 = VERTEX_POINT('',#2261);
#2261 = CARTESIAN_POINT('',(29.5,20.656122377186,-15.));
#2262 = SURFACE_CURVE('',#2263,(#2267,#2274),.PCURVE_S1.);
#2263 = LINE('',#2264,#2265);
#2264 = CARTESIAN_POINT('',(29.5,20.656122377186,7.5));
#2265 = VECTOR('',#2266,1.);
#2266 = DIRECTION('',(0.,2.22044604925E-16,-1.));
#2267 = PCURVE('',#1517,#2268);
#2268 = DEFINITIONAL_REPRESENTATION('',(#2269),#2273);
#2269 = LINE('',#2270,#2271);
#2270 = CARTESIAN_POINT('',(36.012850368463,-7.5));
#2271 = VECTOR('',#2272,1.);
#2272 = DIRECTION('',(3.092478452516E-16,-1.));
#2273 = ( GEOMETRIC_REPRESENTATION_CONTEXT(2) 
PARAMETRIC_REPRESENTATION_CONTEXT() REPRESENTATION_CONTEXT('2D SPACE',''
  ) );
#2274 = PCURVE('',#2275,#2280);
#2275 = PLANE('',#2276);
#2276 = AXIS2_PLACEMENT_3D('',#2277,#2278,#2279);
#2277 = CARTESIAN_POINT('',(29.5,0.,-6.550315845288E-15));
#2278 = DIRECTION('',(1.,0.,-2.22044604925E-16));
#2279 = DIRECTION('',(-1.094764425253E-47,1.,-4.93038065763E-32));
#2280 = DEFINITIONAL_REPRESENTATION('',(#2281),#2285);
#2281 = LINE('',#2282,#2283);
#2282 = CARTESIAN_POINT('',(20.656122377186,7.5));
#2283 = VECTOR('',#2284,1.);
#2284 = DIRECTION('',(2.22044604925E-16,-1.));
#2285 = ( GEOMETRIC_REPRESENTATION_CONTEXT(2) 
PARAMETRIC_REPRESENTATION_CONTEXT() REPRESENTATION_CONTEXT('2D SPACE',''
  ) );
#2286 = ORIENTED_EDGE('',*,*,#2287,.T.);
#2287 = EDGE_CURVE('',#2258,#1418,#2288,.T.);
#2288 = SURFACE_CURVE('',#2289,(#2293,#2300),.PCURVE_S1.);
#2289 = LINE('',#2290,#2291);
#2290 = CARTESIAN_POINT('',(8.342121241027,5.841216177626,-12.25));
#2291 = VECTOR('',#2292,1.);
#2292 = DIRECTION('',(-0.819152044289,-0.573576436351,1.818882920477E-16
    ));
#2293 = PCURVE('',#1517,#2294);
#2294 = DEFINITIONAL_REPRESENTATION('',(#2295),#2299);
#2295 = LINE('',#2296,#2297);
#2296 = CARTESIAN_POINT('',(10.183849627413,-27.25));
#2297 = VECTOR('',#2298,1.);
#2298 = DIRECTION('',(-1.,-2.465190328816E-32));
#2299 = ( GEOMETRIC_REPRESENTATION_CONTEXT(2) 
PARAMETRIC_REPRESENTATION_CONTEXT() REPRESENTATION_CONTEXT('2D SPACE',''
  ) );
#2300 = PCURVE('',#2215,#2301);
#2301 = DEFINITIONAL_REPRESENTATION('',(#2302),#2306);
#2302 = LINE('',#2303,#2304);
#2303 = CARTESIAN_POINT('',(29.668783822374,-8.342121241027));
#2304 = VECTOR('',#2305,1.);
#2305 = DIRECTION('',(0.573576436351,0.819152044289));
#2306 = ( GEOMETRIC_REPRESENTATION_CONTEXT(2) 
PARAMETRIC_REPRESENTATION_CONTEXT() REPRESENTATION_CONTEXT('2D SPACE',''
  ) );
#2307 = ORIENTED_EDGE('',*,*,#1501,.F.);
#2308 = ORIENTED_EDGE('',*,*,#2309,.T.);
#2309 = EDGE_CURVE('',#1502,#2260,#2310,.T.);
#2310 = SURFACE_CURVE('',#2311,(#2315,#2322),.PCURVE_S1.);
#2311 = LINE('',#2312,#2313);
#2312 = CARTESIAN_POINT('',(0.,3.330669073875E-15,-15.));
#2313 = VECTOR('',#2314,1.);
#2314 = DIRECTION('',(0.819152044289,0.573576436351,-1.818882920477E-16)
  );
#2315 = PCURVE('',#1517,#2316);
#2316 = DEFINITIONAL_REPRESENTATION('',(#2317),#2321);
#2317 = LINE('',#2318,#2319);
#2318 = CARTESIAN_POINT('',(9.277435357547E-15,-30.));
#2319 = VECTOR('',#2320,1.);
#2320 = DIRECTION('',(1.,2.465190328816E-32));
#2321 = ( GEOMETRIC_REPRESENTATION_CONTEXT(2) 
PARAMETRIC_REPRESENTATION_CONTEXT() REPRESENTATION_CONTEXT('2D SPACE',''
  ) );
#2322 = PCURVE('',#2323,#2328);
#2323 = PLANE('',#2324);
#2324 = AXIS2_PLACEMENT_3D('',#2325,#2326,#2327);
#2325 = CARTESIAN_POINT('',(2.245315045002E-15,-10.112,-15.));
#2326 = DIRECTION('',(0.,-2.22044604925E-16,1.));
#2327 = DIRECTION('',(-2.22044604925E-16,1.,2.22044604925E-16));
#2328 = DEFINITIONAL_REPRESENTATION('',(#2329),#2333);
#2329 = LINE('',#2330,#2331);
#2330 = CARTESIAN_POINT('',(10.112,3.991636180418E-28));
#2331 = VECTOR('',#2332,1.);
#2332 = DIRECTION('',(0.573576436351,-0.819152044289));
#2333 = ( GEOMETRIC_REPRESENTATION_CONTEXT(2) 
PARAMETRIC_REPRESENTATION_CONTEXT() REPRESENTATION_CONTEXT('2D SPACE',''
  ) );
#2334 = ADVANCED_FACE('',(#2335),#1544,.T.);
#2335 = FACE_BOUND('',#2336,.T.);
#2336 = EDGE_LOOP('',(#2337,#2365,#2366,#2367,#2395));
#2337 = ORIENTED_EDGE('',*,*,#2338,.T.);
#2338 = EDGE_CURVE('',#2339,#1623,#2341,.T.);
#2339 = VERTEX_POINT('',#2340);
#2340 = CARTESIAN_POINT('',(11.214163187684,-10.112,-15.));
#2341 = SURFACE_CURVE('',#2342,(#2347,#2358),.PCURVE_S1.);
#2342 = CIRCLE('',#2343,15.1);
#2343 = AXIS2_PLACEMENT_3D('',#2344,#2345,#2346);
#2344 = CARTESIAN_POINT('',(0.,3.330669073875E-15,-15.));
#2345 = DIRECTION('',(2.22044604925E-16,4.930380657631E-32,1.));
#2346 = DIRECTION('',(-2.22044604925E-16,1.,-1.066300550197E-44));
#2347 = PCURVE('',#1544,#2348);
#2348 = DEFINITIONAL_REPRESENTATION('',(#2349),#2357);
#2349 = ( BOUNDED_CURVE() B_SPLINE_CURVE(2,(#2350,#2351,#2352,#2353,
#2354,#2355,#2356),.UNSPECIFIED.,.T.,.F.) B_SPLINE_CURVE_WITH_KNOTS((1,2
    ,2,2,2,1),(-2.094395102393,0.,2.094395102393,4.188790204786,
6.28318530718,8.377580409573),.UNSPECIFIED.) CURVE() 
GEOMETRIC_REPRESENTATION_ITEM() RATIONAL_B_SPLINE_CURVE((1.,0.5,1.,0.5,
1.,0.5,1.)) REPRESENTATION_ITEM('') );
#2350 = CARTESIAN_POINT('',(3.822790156375E-15,15.1));
#2351 = CARTESIAN_POINT('',(26.15396719429,15.1));
#2352 = CARTESIAN_POINT('',(13.076983597145,-7.55));
#2353 = CARTESIAN_POINT('',(-2.537397113302E-15,-30.2));
#2354 = CARTESIAN_POINT('',(-13.07698359714,-7.55));
#2355 = CARTESIAN_POINT('',(-26.15396719429,15.1));
#2356 = CARTESIAN_POINT('',(3.822790156375E-15,15.1));
#2357 = ( GEOMETRIC_REPRESENTATION_CONTEXT(2) 
PARAMETRIC_REPRESENTATION_CONTEXT() REPRESENTATION_CONTEXT('2D SPACE',''
  ) );
#2358 = PCURVE('',#1583,#2359);
#2359 = DEFINITIONAL_REPRESENTATION('',(#2360),#2364);
#2360 = LINE('',#2361,#2362);
#2361 = CARTESIAN_POINT('',(-6.28318530717,-15.));
#2362 = VECTOR('',#2363,1.);
#2363 = DIRECTION('',(1.,-0.));
#2364 = ( GEOMETRIC_REPRESENTATION_CONTEXT(2) 
PARAMETRIC_REPRESENTATION_CONTEXT() REPRESENTATION_CONTEXT('2D SPACE',''
  ) );
#2365 = ORIENTED_EDGE('',*,*,#1622,.T.);
#2366 = ORIENTED_EDGE('',*,*,#1529,.T.);
#2367 = ORIENTED_EDGE('',*,*,#2368,.T.);
#2368 = EDGE_CURVE('',#1502,#2369,#2371,.T.);
#2369 = VERTEX_POINT('',#2370);
#2370 = CARTESIAN_POINT('',(15.011910471356,-10.112,-15.));
#2371 = SURFACE_CURVE('',#2372,(#2377,#2384),.PCURVE_S1.);
#2372 = CIRCLE('',#2373,18.1);
#2373 = AXIS2_PLACEMENT_3D('',#2374,#2375,#2376);
#2374 = CARTESIAN_POINT('',(0.,3.330669073875E-15,-15.));
#2375 = DIRECTION('',(-2.22044604925E-16,-4.930380657631E-32,-1.));
#2376 = DIRECTION('',(-2.22044604925E-16,1.,-1.066300550197E-44));
#2377 = PCURVE('',#1544,#2378);
#2378 = DEFINITIONAL_REPRESENTATION('',(#2379),#2383);
#2379 = CIRCLE('',#2380,18.1);
#2380 = AXIS2_PLACEMENT_2D('',#2381,#2382);
#2381 = CARTESIAN_POINT('',(4.699166220078E-16,1.208786857493E-15));
#2382 = DIRECTION('',(2.22044604925E-16,1.));
#2383 = ( GEOMETRIC_REPRESENTATION_CONTEXT(2) 
PARAMETRIC_REPRESENTATION_CONTEXT() REPRESENTATION_CONTEXT('2D SPACE',''
  ) );
#2384 = PCURVE('',#2323,#2385);
#2385 = DEFINITIONAL_REPRESENTATION('',(#2386),#2394);
#2386 = ( BOUNDED_CURVE() B_SPLINE_CURVE(2,(#2387,#2388,#2389,#2390,
#2391,#2392,#2393),.UNSPECIFIED.,.T.,.F.) B_SPLINE_CURVE_WITH_KNOTS((1,2
    ,2,2,2,1),(-2.094395102393,0.,2.094395102393,4.188790204786,
6.28318530718,8.377580409573),.UNSPECIFIED.) CURVE() 
GEOMETRIC_REPRESENTATION_ITEM() RATIONAL_B_SPLINE_CURVE((1.,0.5,1.,0.5,
1.,0.5,1.)) REPRESENTATION_ITEM('') );
#2387 = CARTESIAN_POINT('',(28.212,3.991636180418E-28));
#2388 = CARTESIAN_POINT('',(28.212,-31.35011961699));
#2389 = CARTESIAN_POINT('',(1.062,-15.67505980849));
#2390 = CARTESIAN_POINT('',(-26.088,-4.433221412913E-15));
#2391 = CARTESIAN_POINT('',(1.062,15.675059808498));
#2392 = CARTESIAN_POINT('',(28.212,31.350119616997));
#2393 = CARTESIAN_POINT('',(28.212,3.991636180418E-28));
#2394 = ( GEOMETRIC_REPRESENTATION_CONTEXT(2) 
PARAMETRIC_REPRESENTATION_CONTEXT() REPRESENTATION_CONTEXT('2D SPACE',''
  ) );
#2395 = ORIENTED_EDGE('',*,*,#2396,.F.);
#2396 = EDGE_CURVE('',#2339,#2369,#2397,.T.);
#2397 = SURFACE_CURVE('',#2398,(#2402,#2409),.PCURVE_S1.);
#2398 = LINE('',#2399,#2400);
#2399 = CARTESIAN_POINT('',(2.245315045002E-15,-10.112,-15.));
#2400 = VECTOR('',#2401,1.);
#2401 = DIRECTION('',(1.,0.,-2.22044604925E-16));
#2402 = PCURVE('',#1544,#2403);
#2403 = DEFINITIONAL_REPRESENTATION('',(#2404),#2408);
#2404 = LINE('',#2405,#2406);
#2405 = CARTESIAN_POINT('',(-1.775398422994E-15,-10.112));
#2406 = VECTOR('',#2407,1.);
#2407 = DIRECTION('',(-1.,0.));
#2408 = ( GEOMETRIC_REPRESENTATION_CONTEXT(2) 
PARAMETRIC_REPRESENTATION_CONTEXT() REPRESENTATION_CONTEXT('2D SPACE',''
  ) );
#2409 = PCURVE('',#1609,#2410);
#2410 = DEFINITIONAL_REPRESENTATION('',(#2411),#2415);
#2411 = LINE('',#2412,#2413);
#2412 = CARTESIAN_POINT('',(-1.775398422994E-15,-10.112));
#2413 = VECTOR('',#2414,1.);
#2414 = DIRECTION('',(-1.,0.));
#2415 = ( GEOMETRIC_REPRESENTATION_CONTEXT(2) 
PARAMETRIC_REPRESENTATION_CONTEXT() REPRESENTATION_CONTEXT('2D SPACE',''
  ) );
#2416 = ADVANCED_FACE('',(#2417),#1583,.F.);
#2417 = FACE_BOUND('',#2418,.F.);
#2418 = EDGE_LOOP('',(#2419,#2420,#2446,#2447,#2448,#2471,#2499,#2532,
    #2560,#2588));
#2419 = ORIENTED_EDGE('',*,*,#1560,.T.);
#2420 = ORIENTED_EDGE('',*,*,#2421,.T.);
#2421 = EDGE_CURVE('',#1563,#2339,#2422,.T.);
#2422 = SURFACE_CURVE('',#2423,(#2428,#2435),.PCURVE_S1.);
#2423 = CIRCLE('',#2424,15.1);
#2424 = AXIS2_PLACEMENT_3D('',#2425,#2426,#2427);
#2425 = CARTESIAN_POINT('',(0.,3.330669073875E-15,-15.));
#2426 = DIRECTION('',(2.22044604925E-16,4.930380657631E-32,1.));
#2427 = DIRECTION('',(-2.22044604925E-16,1.,-1.066300550197E-44));
#2428 = PCURVE('',#1583,#2429);
#2429 = DEFINITIONAL_REPRESENTATION('',(#2430),#2434);
#2430 = LINE('',#2431,#2432);
#2431 = CARTESIAN_POINT('',(-6.28318530717,-15.));
#2432 = VECTOR('',#2433,1.);
#2433 = DIRECTION('',(1.,-0.));
#2434 = ( GEOMETRIC_REPRESENTATION_CONTEXT(2) 
PARAMETRIC_REPRESENTATION_CONTEXT() REPRESENTATION_CONTEXT('2D SPACE',''
  ) );
#2435 = PCURVE('',#1609,#2436);
#2436 = DEFINITIONAL_REPRESENTATION('',(#2437),#2445);
#2437 = ( BOUNDED_CURVE() B_SPLINE_CURVE(2,(#2438,#2439,#2440,#2441,
#2442,#2443,#2444),.UNSPECIFIED.,.T.,.F.) B_SPLINE_CURVE_WITH_KNOTS((1,2
    ,2,2,2,1),(-2.094395102393,0.,2.094395102393,4.188790204786,
6.28318530718,8.377580409573),.UNSPECIFIED.) CURVE() 
GEOMETRIC_REPRESENTATION_ITEM() RATIONAL_B_SPLINE_CURVE((1.,0.5,1.,0.5,
1.,0.5,1.)) REPRESENTATION_ITEM('') );
#2438 = CARTESIAN_POINT('',(3.822790156375E-15,15.1));
#2439 = CARTESIAN_POINT('',(26.15396719429,15.1));
#2440 = CARTESIAN_POINT('',(13.076983597145,-7.55));
#2441 = CARTESIAN_POINT('',(-2.537397113302E-15,-30.2));
#2442 = CARTESIAN_POINT('',(-13.07698359714,-7.55));
#2443 = CARTESIAN_POINT('',(-26.15396719429,15.1));
#2444 = CARTESIAN_POINT('',(3.822790156375E-15,15.1));
#2445 = ( GEOMETRIC_REPRESENTATION_CONTEXT(2) 
PARAMETRIC_REPRESENTATION_CONTEXT() REPRESENTATION_CONTEXT('2D SPACE',''
  ) );
#2446 = ORIENTED_EDGE('',*,*,#2338,.T.);
#2447 = ORIENTED_EDGE('',*,*,#1645,.T.);
#2448 = ORIENTED_EDGE('',*,*,#2449,.T.);
#2449 = EDGE_CURVE('',#1646,#2450,#2452,.T.);
#2450 = VERTEX_POINT('',#2451);
#2451 = CARTESIAN_POINT('',(-4.994747240852,-14.25,15.));
#2452 = SURFACE_CURVE('',#2453,(#2457,#2464),.PCURVE_S1.);
#2453 = LINE('',#2454,#2455);
#2454 = CARTESIAN_POINT('',(-4.994747240852,-14.25,-16.));
#2455 = VECTOR('',#2456,1.);
#2456 = DIRECTION('',(0.,-2.22044604925E-16,1.));
#2457 = PCURVE('',#1583,#2458);
#2458 = DEFINITIONAL_REPRESENTATION('',(#2459),#2463);
#2459 = LINE('',#2460,#2461);
#2460 = CARTESIAN_POINT('',(2.804464829629,-16.));
#2461 = VECTOR('',#2462,1.);
#2462 = DIRECTION('',(-0.,1.));
#2463 = ( GEOMETRIC_REPRESENTATION_CONTEXT(2) 
PARAMETRIC_REPRESENTATION_CONTEXT() REPRESENTATION_CONTEXT('2D SPACE',''
  ) );
#2464 = PCURVE('',#1687,#2465);
#2465 = DEFINITIONAL_REPRESENTATION('',(#2466),#2470);
#2466 = LINE('',#2467,#2468);
#2467 = CARTESIAN_POINT('',(1.,-15.00525275914));
#2468 = VECTOR('',#2469,1.);
#2469 = DIRECTION('',(1.,0.));
#2470 = ( GEOMETRIC_REPRESENTATION_CONTEXT(2) 
PARAMETRIC_REPRESENTATION_CONTEXT() REPRESENTATION_CONTEXT('2D SPACE',''
  ) );
#2471 = ORIENTED_EDGE('',*,*,#2472,.F.);
#2472 = EDGE_CURVE('',#2473,#2450,#2475,.T.);
#2473 = VERTEX_POINT('',#2474);
#2474 = CARTESIAN_POINT('',(-3.352873534368E-15,15.1,15.));
#2475 = SURFACE_CURVE('',#2476,(#2481,#2488),.PCURVE_S1.);
#2476 = CIRCLE('',#2477,15.1);
#2477 = AXIS2_PLACEMENT_3D('',#2478,#2479,#2480);
#2478 = CARTESIAN_POINT('',(0.,-3.330669073875E-15,15.));
#2479 = DIRECTION('',(2.22044604925E-16,4.930380657631E-32,1.));
#2480 = DIRECTION('',(-2.22044604925E-16,1.,-1.066300550197E-44));
#2481 = PCURVE('',#1583,#2482);
#2482 = DEFINITIONAL_REPRESENTATION('',(#2483),#2487);
#2483 = LINE('',#2484,#2485);
#2484 = CARTESIAN_POINT('',(9.173106718663E-12,15.));
#2485 = VECTOR('',#2486,1.);
#2486 = DIRECTION('',(1.,-0.));
#2487 = ( GEOMETRIC_REPRESENTATION_CONTEXT(2) 
PARAMETRIC_REPRESENTATION_CONTEXT() REPRESENTATION_CONTEXT('2D SPACE',''
  ) );
#2488 = PCURVE('',#1961,#2489);
#2489 = DEFINITIONAL_REPRESENTATION('',(#2490),#2498);
#2490 = ( BOUNDED_CURVE() B_SPLINE_CURVE(2,(#2491,#2492,#2493,#2494,
#2495,#2496,#2497),.UNSPECIFIED.,.T.,.F.) B_SPLINE_CURVE_WITH_KNOTS((1,2
    ,2,2,2,1),(-2.094395102393,0.,2.094395102393,4.188790204786,
6.28318530718,8.377580409573),.UNSPECIFIED.) CURVE() 
GEOMETRIC_REPRESENTATION_ITEM() RATIONAL_B_SPLINE_CURVE((1.,0.5,1.,0.5,
1.,0.5,1.)) REPRESENTATION_ITEM('') );
#2491 = CARTESIAN_POINT('',(3.822790156375E-15,15.1));
#2492 = CARTESIAN_POINT('',(26.15396719429,15.1));
#2493 = CARTESIAN_POINT('',(13.076983597145,-7.55));
#2494 = CARTESIAN_POINT('',(-2.537397113302E-15,-30.2));
#2495 = CARTESIAN_POINT('',(-13.07698359714,-7.55));
#2496 = CARTESIAN_POINT('',(-26.15396719429,15.1));
#2497 = CARTESIAN_POINT('',(3.822790156375E-15,15.1));
#2498 = ( GEOMETRIC_REPRESENTATION_CONTEXT(2) 
PARAMETRIC_REPRESENTATION_CONTEXT() REPRESENTATION_CONTEXT('2D SPACE',''
  ) );
#2499 = ORIENTED_EDGE('',*,*,#2500,.F.);
#2500 = EDGE_CURVE('',#2501,#2473,#2503,.T.);
#2501 = VERTEX_POINT('',#2502);
#2502 = CARTESIAN_POINT('',(11.214163187684,-10.112,15.));
#2503 = SURFACE_CURVE('',#2504,(#2509,#2516),.PCURVE_S1.);
#2504 = CIRCLE('',#2505,15.1);
#2505 = AXIS2_PLACEMENT_3D('',#2506,#2507,#2508);
#2506 = CARTESIAN_POINT('',(0.,-3.330669073875E-15,15.));
#2507 = DIRECTION('',(2.22044604925E-16,4.930380657631E-32,1.));
#2508 = DIRECTION('',(-2.22044604925E-16,1.,-1.066300550197E-44));
#2509 = PCURVE('',#1583,#2510);
#2510 = DEFINITIONAL_REPRESENTATION('',(#2511),#2515);
#2511 = LINE('',#2512,#2513);
#2512 = CARTESIAN_POINT('',(-6.28318530717,15.));
#2513 = VECTOR('',#2514,1.);
#2514 = DIRECTION('',(1.,-0.));
#2515 = ( GEOMETRIC_REPRESENTATION_CONTEXT(2) 
PARAMETRIC_REPRESENTATION_CONTEXT() REPRESENTATION_CONTEXT('2D SPACE',''
  ) );
#2516 = PCURVE('',#2517,#2522);
#2517 = PLANE('',#2518);
#2518 = AXIS2_PLACEMENT_3D('',#2519,#2520,#2521);
#2519 = CARTESIAN_POINT('',(4.699166220078E-16,-4.539455931369E-15,15.)
  );
#2520 = DIRECTION('',(0.,2.22044604925E-16,-1.));
#2521 = DIRECTION('',(-1.,4.93038065763E-32,1.094764425253E-47));
#2522 = DEFINITIONAL_REPRESENTATION('',(#2523),#2531);
#2523 = ( BOUNDED_CURVE() B_SPLINE_CURVE(2,(#2524,#2525,#2526,#2527,
#2528,#2529,#2530),.UNSPECIFIED.,.T.,.F.) B_SPLINE_CURVE_WITH_KNOTS((1,2
    ,2,2,2,1),(-2.094395102393,0.,2.094395102393,4.188790204786,
6.28318530718,8.377580409573),.UNSPECIFIED.) CURVE() 
GEOMETRIC_REPRESENTATION_ITEM() RATIONAL_B_SPLINE_CURVE((1.,0.5,1.,0.5,
1.,0.5,1.)) REPRESENTATION_ITEM('') );
#2524 = CARTESIAN_POINT('',(3.822790156375E-15,15.1));
#2525 = CARTESIAN_POINT('',(26.15396719429,15.1));
#2526 = CARTESIAN_POINT('',(13.076983597145,-7.55));
#2527 = CARTESIAN_POINT('',(-2.537397113302E-15,-30.2));
#2528 = CARTESIAN_POINT('',(-13.07698359714,-7.55));
#2529 = CARTESIAN_POINT('',(-26.15396719429,15.1));
#2530 = CARTESIAN_POINT('',(3.822790156375E-15,15.1));
#2531 = ( GEOMETRIC_REPRESENTATION_CONTEXT(2) 
PARAMETRIC_REPRESENTATION_CONTEXT() REPRESENTATION_CONTEXT('2D SPACE',''
  ) );
#2532 = ORIENTED_EDGE('',*,*,#2533,.F.);
#2533 = EDGE_CURVE('',#2534,#2501,#2536,.T.);
#2534 = VERTEX_POINT('',#2535);
#2535 = CARTESIAN_POINT('',(5.87079687947,-13.912,15.));
#2536 = SURFACE_CURVE('',#2537,(#2542,#2549),.PCURVE_S1.);
#2537 = CIRCLE('',#2538,15.1);
#2538 = AXIS2_PLACEMENT_3D('',#2539,#2540,#2541);
#2539 = CARTESIAN_POINT('',(0.,-3.330669073875E-15,15.));
#2540 = DIRECTION('',(2.22044604925E-16,4.930380657631E-32,1.));
#2541 = DIRECTION('',(-2.22044604925E-16,1.,-1.066300550197E-44));
#2542 = PCURVE('',#1583,#2543);
#2543 = DEFINITIONAL_REPRESENTATION('',(#2544),#2548);
#2544 = LINE('',#2545,#2546);
#2545 = CARTESIAN_POINT('',(-6.28318530717,15.));
#2546 = VECTOR('',#2547,1.);
#2547 = DIRECTION('',(1.,-0.));
#2548 = ( GEOMETRIC_REPRESENTATION_CONTEXT(2) 
PARAMETRIC_REPRESENTATION_CONTEXT() REPRESENTATION_CONTEXT('2D SPACE',''
  ) );
#2549 = PCURVE('',#1749,#2550);
#2550 = DEFINITIONAL_REPRESENTATION('',(#2551),#2559);
#2551 = ( BOUNDED_CURVE() B_SPLINE_CURVE(2,(#2552,#2553,#2554,#2555,
#2556,#2557,#2558),.UNSPECIFIED.,.T.,.F.) B_SPLINE_CURVE_WITH_KNOTS((1,2
    ,2,2,2,1),(-2.094395102393,0.,2.094395102393,4.188790204786,
6.28318530718,8.377580409573),.UNSPECIFIED.) CURVE() 
GEOMETRIC_REPRESENTATION_ITEM() RATIONAL_B_SPLINE_CURVE((1.,0.5,1.,0.5,
1.,0.5,1.)) REPRESENTATION_ITEM('') );
#2552 = CARTESIAN_POINT('',(3.822790156375E-15,15.1));
#2553 = CARTESIAN_POINT('',(26.15396719429,15.1));
#2554 = CARTESIAN_POINT('',(13.076983597145,-7.55));
#2555 = CARTESIAN_POINT('',(-2.537397113302E-15,-30.2));
#2556 = CARTESIAN_POINT('',(-13.07698359714,-7.55));
#2557 = CARTESIAN_POINT('',(-26.15396719429,15.1));
#2558 = CARTESIAN_POINT('',(3.822790156375E-15,15.1));
#2559 = ( GEOMETRIC_REPRESENTATION_CONTEXT(2) 
PARAMETRIC_REPRESENTATION_CONTEXT() REPRESENTATION_CONTEXT('2D SPACE',''
  ) );
#2560 = ORIENTED_EDGE('',*,*,#2561,.F.);
#2561 = EDGE_CURVE('',#2562,#2534,#2564,.T.);
#2562 = VERTEX_POINT('',#2563);
#2563 = CARTESIAN_POINT('',(4.994747240852,-14.25,15.));
#2564 = SURFACE_CURVE('',#2565,(#2570,#2577),.PCURVE_S1.);
#2565 = CIRCLE('',#2566,15.1);
#2566 = AXIS2_PLACEMENT_3D('',#2567,#2568,#2569);
#2567 = CARTESIAN_POINT('',(0.,-3.330669073875E-15,15.));
#2568 = DIRECTION('',(2.22044604925E-16,4.930380657631E-32,1.));
#2569 = DIRECTION('',(-2.22044604925E-16,1.,-1.066300550197E-44));
#2570 = PCURVE('',#1583,#2571);
#2571 = DEFINITIONAL_REPRESENTATION('',(#2572),#2576);
#2572 = LINE('',#2573,#2574);
#2573 = CARTESIAN_POINT('',(-6.28318530717,15.));
#2574 = VECTOR('',#2575,1.);
#2575 = DIRECTION('',(1.,-0.));
#2576 = ( GEOMETRIC_REPRESENTATION_CONTEXT(2) 
PARAMETRIC_REPRESENTATION_CONTEXT() REPRESENTATION_CONTEXT('2D SPACE',''
  ) );
#2577 = PCURVE('',#1961,#2578);
#2578 = DEFINITIONAL_REPRESENTATION('',(#2579),#2587);
#2579 = ( BOUNDED_CURVE() B_SPLINE_CURVE(2,(#2580,#2581,#2582,#2583,
#2584,#2585,#2586),.UNSPECIFIED.,.T.,.F.) B_SPLINE_CURVE_WITH_KNOTS((1,2
    ,2,2,2,1),(-2.094395102393,0.,2.094395102393,4.188790204786,
6.28318530718,8.377580409573),.UNSPECIFIED.) CURVE() 
GEOMETRIC_REPRESENTATION_ITEM() RATIONAL_B_SPLINE_CURVE((1.,0.5,1.,0.5,
1.,0.5,1.)) REPRESENTATION_ITEM('') );
#2580 = CARTESIAN_POINT('',(3.822790156375E-15,15.1));
#2581 = CARTESIAN_POINT('',(26.15396719429,15.1));
#2582 = CARTESIAN_POINT('',(13.076983597145,-7.55));
#2583 = CARTESIAN_POINT('',(-2.537397113302E-15,-30.2));
#2584 = CARTESIAN_POINT('',(-13.07698359714,-7.55));
#2585 = CARTESIAN_POINT('',(-26.15396719429,15.1));
#2586 = CARTESIAN_POINT('',(3.822790156375E-15,15.1));
#2587 = ( GEOMETRIC_REPRESENTATION_CONTEXT(2) 
PARAMETRIC_REPRESENTATION_CONTEXT() REPRESENTATION_CONTEXT('2D SPACE',''
  ) );
#2588 = ORIENTED_EDGE('',*,*,#2589,.T.);
#2589 = EDGE_CURVE('',#2562,#1561,#2590,.T.);
#2590 = SURFACE_CURVE('',#2591,(#2595,#2602),.PCURVE_S1.);
#2591 = LINE('',#2592,#2593);
#2592 = CARTESIAN_POINT('',(4.994747240852,-14.25,16.));
#2593 = VECTOR('',#2594,1.);
#2594 = DIRECTION('',(0.,2.22044604925E-16,-1.));
#2595 = PCURVE('',#1583,#2596);
#2596 = DEFINITIONAL_REPRESENTATION('',(#2597),#2601);
#2597 = LINE('',#2598,#2599);
#2598 = CARTESIAN_POINT('',(-2.804464829628,16.));
#2599 = VECTOR('',#2600,1.);
#2600 = DIRECTION('',(-0.,-1.));
#2601 = ( GEOMETRIC_REPRESENTATION_CONTEXT(2) 
PARAMETRIC_REPRESENTATION_CONTEXT() REPRESENTATION_CONTEXT('2D SPACE',''
  ) );
#2602 = PCURVE('',#1687,#2603);
#2603 = DEFINITIONAL_REPRESENTATION('',(#2604),#2608);
#2604 = LINE('',#2605,#2606);
#2605 = CARTESIAN_POINT('',(33.,-24.99474724085));
#2606 = VECTOR('',#2607,1.);
#2607 = DIRECTION('',(-1.,0.));
#2608 = ( GEOMETRIC_REPRESENTATION_CONTEXT(2) 
PARAMETRIC_REPRESENTATION_CONTEXT() REPRESENTATION_CONTEXT('2D SPACE',''
  ) );
#2609 = ADVANCED_FACE('',(#2610,#2636),#1687,.F.);
#2610 = FACE_BOUND('',#2611,.F.);
#2611 = EDGE_LOOP('',(#2612,#2613,#2614,#2615));
#2612 = ORIENTED_EDGE('',*,*,#2449,.F.);
#2613 = ORIENTED_EDGE('',*,*,#1673,.F.);
#2614 = ORIENTED_EDGE('',*,*,#2589,.F.);
#2615 = ORIENTED_EDGE('',*,*,#2616,.T.);
#2616 = EDGE_CURVE('',#2562,#2450,#2617,.T.);
#2617 = SURFACE_CURVE('',#2618,(#2622,#2629),.PCURVE_S1.);
#2618 = LINE('',#2619,#2620);
#2619 = CARTESIAN_POINT('',(-10.,-14.25,15.));
#2620 = VECTOR('',#2621,1.);
#2621 = DIRECTION('',(-1.,0.,2.22044604925E-16));
#2622 = PCURVE('',#1687,#2623);
#2623 = DEFINITIONAL_REPRESENTATION('',(#2624),#2628);
#2624 = LINE('',#2625,#2626);
#2625 = CARTESIAN_POINT('',(32.,-10.));
#2626 = VECTOR('',#2627,1.);
#2627 = DIRECTION('',(2.22044604925E-16,1.));
#2628 = ( GEOMETRIC_REPRESENTATION_CONTEXT(2) 
PARAMETRIC_REPRESENTATION_CONTEXT() REPRESENTATION_CONTEXT('2D SPACE',''
  ) );
#2629 = PCURVE('',#1961,#2630);
#2630 = DEFINITIONAL_REPRESENTATION('',(#2631),#2635);
#2631 = LINE('',#2632,#2633);
#2632 = CARTESIAN_POINT('',(10.,-14.25));
#2633 = VECTOR('',#2634,1.);
#2634 = DIRECTION('',(1.,0.));
#2635 = ( GEOMETRIC_REPRESENTATION_CONTEXT(2) 
PARAMETRIC_REPRESENTATION_CONTEXT() REPRESENTATION_CONTEXT('2D SPACE',''
  ) );
#2636 = FACE_BOUND('',#2637,.F.);
#2637 = EDGE_LOOP('',(#2638));
#2638 = ORIENTED_EDGE('',*,*,#2002,.T.);
#2639 = ADVANCED_FACE('',(#2640),#1609,.T.);
#2640 = FACE_BOUND('',#2641,.T.);
#2641 = EDGE_LOOP('',(#2642,#2643,#2644,#2675,#2676));
#2642 = ORIENTED_EDGE('',*,*,#2421,.T.);
#2643 = ORIENTED_EDGE('',*,*,#2396,.T.);
#2644 = ORIENTED_EDGE('',*,*,#2645,.T.);
#2645 = EDGE_CURVE('',#2369,#1703,#2646,.T.);
#2646 = SURFACE_CURVE('',#2647,(#2652,#2659),.PCURVE_S1.);
#2647 = CIRCLE('',#2648,18.1);
#2648 = AXIS2_PLACEMENT_3D('',#2649,#2650,#2651);
#2649 = CARTESIAN_POINT('',(0.,3.330669073875E-15,-15.));
#2650 = DIRECTION('',(-2.22044604925E-16,-4.930380657631E-32,-1.));
#2651 = DIRECTION('',(-2.22044604925E-16,1.,-1.066300550197E-44));
#2652 = PCURVE('',#1609,#2653);
#2653 = DEFINITIONAL_REPRESENTATION('',(#2654),#2658);
#2654 = CIRCLE('',#2655,18.1);
#2655 = AXIS2_PLACEMENT_2D('',#2656,#2657);
#2656 = CARTESIAN_POINT('',(4.699166220078E-16,1.208786857493E-15));
#2657 = DIRECTION('',(2.22044604925E-16,1.));
#2658 = ( GEOMETRIC_REPRESENTATION_CONTEXT(2) 
PARAMETRIC_REPRESENTATION_CONTEXT() REPRESENTATION_CONTEXT('2D SPACE',''
  ) );
#2659 = PCURVE('',#2660,#2665);
#2660 = PLANE('',#2661);
#2661 = AXIS2_PLACEMENT_3D('',#2662,#2663,#2664);
#2662 = CARTESIAN_POINT('',(3.089084543717E-15,-13.912,-15.));
#2663 = DIRECTION('',(0.,-2.22044604925E-16,1.));
#2664 = DIRECTION('',(-2.22044604925E-16,1.,2.22044604925E-16));
#2665 = DEFINITIONAL_REPRESENTATION('',(#2666),#2674);
#2666 = ( BOUNDED_CURVE() B_SPLINE_CURVE(2,(#2667,#2668,#2669,#2670,
#2671,#2672,#2673),.UNSPECIFIED.,.T.,.F.) B_SPLINE_CURVE_WITH_KNOTS((1,2
    ,2,2,2,1),(-2.094395102393,0.,2.094395102393,4.188790204786,
6.28318530718,8.377580409573),.UNSPECIFIED.) CURVE() 
GEOMETRIC_REPRESENTATION_ITEM() RATIONAL_B_SPLINE_CURVE((1.,0.5,1.,0.5,
1.,0.5,1.)) REPRESENTATION_ITEM('') );
#2667 = CARTESIAN_POINT('',(32.012,3.987691875892E-28));
#2668 = CARTESIAN_POINT('',(32.012,-31.35011961699));
#2669 = CARTESIAN_POINT('',(4.862,-15.67505980849));
#2670 = CARTESIAN_POINT('',(-22.288,-4.433221412913E-15));
#2671 = CARTESIAN_POINT('',(4.862,15.675059808498));
#2672 = CARTESIAN_POINT('',(32.012,31.350119616997));
#2673 = CARTESIAN_POINT('',(32.012,3.987691875892E-28));
#2674 = ( GEOMETRIC_REPRESENTATION_CONTEXT(2) 
PARAMETRIC_REPRESENTATION_CONTEXT() REPRESENTATION_CONTEXT('2D SPACE',''
  ) );
#2675 = ORIENTED_EDGE('',*,*,#1783,.T.);
#2676 = ORIENTED_EDGE('',*,*,#1595,.F.);
#2677 = ADVANCED_FACE('',(#2678),#1720,.F.);
#2678 = FACE_BOUND('',#2679,.F.);
#2679 = EDGE_LOOP('',(#2680,#2708,#2736,#2757));
#2680 = ORIENTED_EDGE('',*,*,#2681,.F.);
#2681 = EDGE_CURVE('',#2682,#1705,#2684,.T.);
#2682 = VERTEX_POINT('',#2683);
#2683 = CARTESIAN_POINT('',(19.868395069796,-13.912,15.));
#2684 = SURFACE_CURVE('',#2685,(#2689,#2696),.PCURVE_S1.);
#2685 = LINE('',#2686,#2687);
#2686 = CARTESIAN_POINT('',(35.,-24.50726383734,15.));
#2687 = VECTOR('',#2688,1.);
#2688 = DIRECTION('',(-0.819152044289,0.573576436351,1.818882920477E-16)
  );
#2689 = PCURVE('',#1720,#2690);
#2690 = DEFINITIONAL_REPRESENTATION('',(#2691),#2695);
#2691 = LINE('',#2692,#2693);
#2692 = CARTESIAN_POINT('',(0.,0.));
#2693 = VECTOR('',#2694,1.);
#2694 = DIRECTION('',(1.,-2.465190328816E-32));
#2695 = ( GEOMETRIC_REPRESENTATION_CONTEXT(2) 
PARAMETRIC_REPRESENTATION_CONTEXT() REPRESENTATION_CONTEXT('2D SPACE',''
  ) );
#2696 = PCURVE('',#2697,#2702);
#2697 = PLANE('',#2698);
#2698 = AXIS2_PLACEMENT_3D('',#2699,#2700,#2701);
#2699 = CARTESIAN_POINT('',(2.245315045002E-15,-10.112,15.));
#2700 = DIRECTION('',(0.,2.22044604925E-16,-1.));
#2701 = DIRECTION('',(2.22044604925E-16,-1.,-2.22044604925E-16));
#2702 = DEFINITIONAL_REPRESENTATION('',(#2703),#2707);
#2703 = LINE('',#2704,#2705);
#2704 = CARTESIAN_POINT('',(14.39526383734,-35.));
#2705 = VECTOR('',#2706,1.);
#2706 = DIRECTION('',(-0.573576436351,0.819152044289));
#2707 = ( GEOMETRIC_REPRESENTATION_CONTEXT(2) 
PARAMETRIC_REPRESENTATION_CONTEXT() REPRESENTATION_CONTEXT('2D SPACE',''
  ) );
#2708 = ORIENTED_EDGE('',*,*,#2709,.T.);
#2709 = EDGE_CURVE('',#2682,#2710,#2712,.T.);
#2710 = VERTEX_POINT('',#2711);
#2711 = CARTESIAN_POINT('',(19.868395069796,-13.912,-15.));
#2712 = SURFACE_CURVE('',#2713,(#2717,#2724),.PCURVE_S1.);
#2713 = LINE('',#2714,#2715);
#2714 = CARTESIAN_POINT('',(19.868395069796,-13.912,15.));
#2715 = VECTOR('',#2716,1.);
#2716 = DIRECTION('',(0.,2.22044604925E-16,-1.));
#2717 = PCURVE('',#1720,#2718);
#2718 = DEFINITIONAL_REPRESENTATION('',(#2719),#2723);
#2719 = LINE('',#2720,#2721);
#2720 = CARTESIAN_POINT('',(18.472278785971,-3.359891238609E-15));
#2721 = VECTOR('',#2722,1.);
#2722 = DIRECTION('',(-5.452873884385E-17,-1.));
#2723 = ( GEOMETRIC_REPRESENTATION_CONTEXT(2) 
PARAMETRIC_REPRESENTATION_CONTEXT() REPRESENTATION_CONTEXT('2D SPACE',''
  ) );
#2724 = PCURVE('',#2725,#2730);
#2725 = PLANE('',#2726);
#2726 = AXIS2_PLACEMENT_3D('',#2727,#2728,#2729);
#2727 = CARTESIAN_POINT('',(3.089084543717E-15,-13.912,15.));
#2728 = DIRECTION('',(-2.22044604925E-16,1.,0.));
#2729 = DIRECTION('',(4.93038065763E-32,1.094764425253E-47,-1.));
#2730 = DEFINITIONAL_REPRESENTATION('',(#2731),#2735);
#2731 = LINE('',#2732,#2733);
#2732 = CARTESIAN_POINT('',(9.795875075027E-31,-19.86839506979));
#2733 = VECTOR('',#2734,1.);
#2734 = DIRECTION('',(1.,0.));
#2735 = ( GEOMETRIC_REPRESENTATION_CONTEXT(2) 
PARAMETRIC_REPRESENTATION_CONTEXT() REPRESENTATION_CONTEXT('2D SPACE',''
  ) );
#2736 = ORIENTED_EDGE('',*,*,#2737,.T.);
#2737 = EDGE_CURVE('',#2710,#1703,#2738,.T.);
#2738 = SURFACE_CURVE('',#2739,(#2743,#2750),.PCURVE_S1.);
#2739 = LINE('',#2740,#2741);
#2740 = CARTESIAN_POINT('',(35.,-24.50726383734,-15.));
#2741 = VECTOR('',#2742,1.);
#2742 = DIRECTION('',(-0.819152044289,0.573576436351,1.818882920477E-16)
  );
#2743 = PCURVE('',#1720,#2744);
#2744 = DEFINITIONAL_REPRESENTATION('',(#2745),#2749);
#2745 = LINE('',#2746,#2747);
#2746 = CARTESIAN_POINT('',(-7.494401612693E-15,-30.));
#2747 = VECTOR('',#2748,1.);
#2748 = DIRECTION('',(1.,-2.465190328816E-32));
#2749 = ( GEOMETRIC_REPRESENTATION_CONTEXT(2) 
PARAMETRIC_REPRESENTATION_CONTEXT() REPRESENTATION_CONTEXT('2D SPACE',''
  ) );
#2750 = PCURVE('',#2660,#2751);
#2751 = DEFINITIONAL_REPRESENTATION('',(#2752),#2756);
#2752 = LINE('',#2753,#2754);
#2753 = CARTESIAN_POINT('',(-10.59526383734,-35.));
#2754 = VECTOR('',#2755,1.);
#2755 = DIRECTION('',(0.573576436351,0.819152044289));
#2756 = ( GEOMETRIC_REPRESENTATION_CONTEXT(2) 
PARAMETRIC_REPRESENTATION_CONTEXT() REPRESENTATION_CONTEXT('2D SPACE',''
  ) );
#2757 = ORIENTED_EDGE('',*,*,#1702,.T.);
#2758 = ADVANCED_FACE('',(#2759),#1749,.F.);
#2759 = FACE_BOUND('',#2760,.F.);
#2760 = EDGE_LOOP('',(#2761,#2762,#2785,#2807,#2808));
#2761 = ORIENTED_EDGE('',*,*,#2533,.T.);
#2762 = ORIENTED_EDGE('',*,*,#2763,.T.);
#2763 = EDGE_CURVE('',#2501,#2764,#2766,.T.);
#2764 = VERTEX_POINT('',#2765);
#2765 = CARTESIAN_POINT('',(15.011910471356,-10.112,15.));
#2766 = SURFACE_CURVE('',#2767,(#2771,#2778),.PCURVE_S1.);
#2767 = LINE('',#2768,#2769);
#2768 = CARTESIAN_POINT('',(2.245315045002E-15,-10.112,15.));
#2769 = VECTOR('',#2770,1.);
#2770 = DIRECTION('',(1.,0.,-2.22044604925E-16));
#2771 = PCURVE('',#1749,#2772);
#2772 = DEFINITIONAL_REPRESENTATION('',(#2773),#2777);
#2773 = LINE('',#2774,#2775);
#2774 = CARTESIAN_POINT('',(-1.775398422994E-15,-10.112));
#2775 = VECTOR('',#2776,1.);
#2776 = DIRECTION('',(-1.,0.));
#2777 = ( GEOMETRIC_REPRESENTATION_CONTEXT(2) 
PARAMETRIC_REPRESENTATION_CONTEXT() REPRESENTATION_CONTEXT('2D SPACE',''
  ) );
#2778 = PCURVE('',#2517,#2779);
#2779 = DEFINITIONAL_REPRESENTATION('',(#2780),#2784);
#2780 = LINE('',#2781,#2782);
#2781 = CARTESIAN_POINT('',(-1.775398422994E-15,-10.112));
#2782 = VECTOR('',#2783,1.);
#2783 = DIRECTION('',(-1.,0.));
#2784 = ( GEOMETRIC_REPRESENTATION_CONTEXT(2) 
PARAMETRIC_REPRESENTATION_CONTEXT() REPRESENTATION_CONTEXT('2D SPACE',''
  ) );
#2785 = ORIENTED_EDGE('',*,*,#2786,.T.);
#2786 = EDGE_CURVE('',#2764,#1705,#2787,.T.);
#2787 = SURFACE_CURVE('',#2788,(#2793,#2800),.PCURVE_S1.);
#2788 = CIRCLE('',#2789,18.1);
#2789 = AXIS2_PLACEMENT_3D('',#2790,#2791,#2792);
#2790 = CARTESIAN_POINT('',(0.,-3.330669073875E-15,15.));
#2791 = DIRECTION('',(-2.22044604925E-16,-4.930380657631E-32,-1.));
#2792 = DIRECTION('',(-2.22044604925E-16,1.,-1.066300550197E-44));
#2793 = PCURVE('',#1749,#2794);
#2794 = DEFINITIONAL_REPRESENTATION('',(#2795),#2799);
#2795 = CIRCLE('',#2796,18.1);
#2796 = AXIS2_PLACEMENT_2D('',#2797,#2798);
#2797 = CARTESIAN_POINT('',(4.699166220078E-16,1.208786857494E-15));
#2798 = DIRECTION('',(2.22044604925E-16,1.));
#2799 = ( GEOMETRIC_REPRESENTATION_CONTEXT(2) 
PARAMETRIC_REPRESENTATION_CONTEXT() REPRESENTATION_CONTEXT('2D SPACE',''
  ) );
#2800 = PCURVE('',#2697,#2801);
#2801 = DEFINITIONAL_REPRESENTATION('',(#2802),#2806);
#2802 = CIRCLE('',#2803,18.1);
#2803 = AXIS2_PLACEMENT_2D('',#2804,#2805);
#2804 = CARTESIAN_POINT('',(-10.112,4.007413398523E-28));
#2805 = DIRECTION('',(-1.,-1.094764425253E-47));
#2806 = ( GEOMETRIC_REPRESENTATION_CONTEXT(2) 
PARAMETRIC_REPRESENTATION_CONTEXT() REPRESENTATION_CONTEXT('2D SPACE',''
  ) );
#2807 = ORIENTED_EDGE('',*,*,#1732,.T.);
#2808 = ORIENTED_EDGE('',*,*,#2809,.F.);
#2809 = EDGE_CURVE('',#2534,#1733,#2810,.T.);
#2810 = SURFACE_CURVE('',#2811,(#2815,#2822),.PCURVE_S1.);
#2811 = LINE('',#2812,#2813);
#2812 = CARTESIAN_POINT('',(3.089084543717E-15,-13.912,15.));
#2813 = VECTOR('',#2814,1.);
#2814 = DIRECTION('',(1.,0.,-2.22044604925E-16));
#2815 = PCURVE('',#1749,#2816);
#2816 = DEFINITIONAL_REPRESENTATION('',(#2817),#2821);
#2817 = LINE('',#2818,#2819);
#2818 = CARTESIAN_POINT('',(-2.619167921709E-15,-13.912));
#2819 = VECTOR('',#2820,1.);
#2820 = DIRECTION('',(-1.,0.));
#2821 = ( GEOMETRIC_REPRESENTATION_CONTEXT(2) 
PARAMETRIC_REPRESENTATION_CONTEXT() REPRESENTATION_CONTEXT('2D SPACE',''
  ) );
#2822 = PCURVE('',#1961,#2823);
#2823 = DEFINITIONAL_REPRESENTATION('',(#2824),#2828);
#2824 = LINE('',#2825,#2826);
#2825 = CARTESIAN_POINT('',(-2.619167921709E-15,-13.912));
#2826 = VECTOR('',#2827,1.);
#2827 = DIRECTION('',(-1.,0.));
#2828 = ( GEOMETRIC_REPRESENTATION_CONTEXT(2) 
PARAMETRIC_REPRESENTATION_CONTEXT() REPRESENTATION_CONTEXT('2D SPACE',''
  ) );
#2829 = ADVANCED_FACE('',(#2830),#1987,.T.);
#2830 = FACE_BOUND('',#2831,.T.);
#2831 = EDGE_LOOP('',(#2832,#2856,#2882,#2883));
#2832 = ORIENTED_EDGE('',*,*,#2833,.T.);
#2833 = EDGE_CURVE('',#1945,#2834,#2836,.T.);
#2834 = VERTEX_POINT('',#2835);
#2835 = CARTESIAN_POINT('',(14.826652001631,10.381733497954,15.));
#2836 = SURFACE_CURVE('',#2837,(#2842,#2849),.PCURVE_S1.);
#2837 = CIRCLE('',#2838,18.1);
#2838 = AXIS2_PLACEMENT_3D('',#2839,#2840,#2841);
#2839 = CARTESIAN_POINT('',(0.,-3.330669073875E-15,15.));
#2840 = DIRECTION('',(-2.22044604925E-16,-4.930380657631E-32,-1.));
#2841 = DIRECTION('',(-2.22044604925E-16,1.,-1.066300550197E-44));
#2842 = PCURVE('',#1987,#2843);
#2843 = DEFINITIONAL_REPRESENTATION('',(#2844),#2848);
#2844 = LINE('',#2845,#2846);
#2845 = CARTESIAN_POINT('',(6.283185307179,0.));
#2846 = VECTOR('',#2847,1.);
#2847 = DIRECTION('',(-1.,0.));
#2848 = ( GEOMETRIC_REPRESENTATION_CONTEXT(2) 
PARAMETRIC_REPRESENTATION_CONTEXT() REPRESENTATION_CONTEXT('2D SPACE',''
  ) );
#2849 = PCURVE('',#2517,#2850);
#2850 = DEFINITIONAL_REPRESENTATION('',(#2851),#2855);
#2851 = CIRCLE('',#2852,18.1);
#2852 = AXIS2_PLACEMENT_2D('',#2853,#2854);
#2853 = CARTESIAN_POINT('',(4.699166220078E-16,1.208786857494E-15));
#2854 = DIRECTION('',(2.22044604925E-16,1.));
#2855 = ( GEOMETRIC_REPRESENTATION_CONTEXT(2) 
PARAMETRIC_REPRESENTATION_CONTEXT() REPRESENTATION_CONTEXT('2D SPACE',''
  ) );
#2856 = ORIENTED_EDGE('',*,*,#2857,.F.);
#2857 = EDGE_CURVE('',#2061,#2834,#2858,.T.);
#2858 = SURFACE_CURVE('',#2859,(#2863,#2870),.PCURVE_S1.);
#2859 = LINE('',#2860,#2861);
#2860 = CARTESIAN_POINT('',(14.826652001631,10.381733497954,15.));
#2861 = VECTOR('',#2862,1.);
#2862 = DIRECTION('',(0.,-2.22044604925E-16,1.));
#2863 = PCURVE('',#1987,#2864);
#2864 = DEFINITIONAL_REPRESENTATION('',(#2865),#2869);
#2865 = LINE('',#2866,#2867);
#2866 = CARTESIAN_POINT('',(5.323254218583,0.));
#2867 = VECTOR('',#2868,1.);
#2868 = DIRECTION('',(-0.,1.));
#2869 = ( GEOMETRIC_REPRESENTATION_CONTEXT(2) 
PARAMETRIC_REPRESENTATION_CONTEXT() REPRESENTATION_CONTEXT('2D SPACE',''
  ) );
#2870 = PCURVE('',#2871,#2876);
#2871 = PLANE('',#2872);
#2872 = AXIS2_PLACEMENT_3D('',#2873,#2874,#2875);
#2873 = CARTESIAN_POINT('',(0.,-3.330669073875E-15,15.));
#2874 = DIRECTION('',(0.573576436351,-0.819152044289,-1.273595532039E-16
    ));
#2875 = DIRECTION('',(0.819152044289,0.573576436351,-1.818882920477E-16)
  );
#2876 = DEFINITIONAL_REPRESENTATION('',(#2877),#2881);
#2877 = LINE('',#2878,#2879);
#2878 = CARTESIAN_POINT('',(18.1,3.292178086063E-15));
#2879 = VECTOR('',#2880,1.);
#2880 = DIRECTION('',(-3.092478452516E-16,1.));
#2881 = ( GEOMETRIC_REPRESENTATION_CONTEXT(2) 
PARAMETRIC_REPRESENTATION_CONTEXT() REPRESENTATION_CONTEXT('2D SPACE',''
  ) );
#2882 = ORIENTED_EDGE('',*,*,#2060,.F.);
#2883 = ORIENTED_EDGE('',*,*,#1973,.T.);
#2884 = ADVANCED_FACE('',(#2885),#1961,.F.);
#2885 = FACE_BOUND('',#2886,.F.);
#2886 = EDGE_LOOP('',(#2887,#2888,#2889,#2890,#2911,#2912));
#2887 = ORIENTED_EDGE('',*,*,#2561,.T.);
#2888 = ORIENTED_EDGE('',*,*,#2809,.T.);
#2889 = ORIENTED_EDGE('',*,*,#1944,.T.);
#2890 = ORIENTED_EDGE('',*,*,#2891,.T.);
#2891 = EDGE_CURVE('',#1945,#2473,#2892,.T.);
#2892 = SURFACE_CURVE('',#2893,(#2897,#2904),.PCURVE_S1.);
#2893 = LINE('',#2894,#2895);
#2894 = CARTESIAN_POINT('',(-7.884803920888E-15,35.51,15.));
#2895 = VECTOR('',#2896,1.);
#2896 = DIRECTION('',(2.22044604925E-16,-1.,0.));
#2897 = PCURVE('',#1961,#2898);
#2898 = DEFINITIONAL_REPRESENTATION('',(#2899),#2903);
#2899 = LINE('',#2900,#2901);
#2900 = CARTESIAN_POINT('',(8.354720542896E-15,35.51));
#2901 = VECTOR('',#2902,1.);
#2902 = DIRECTION('',(-2.22044604925E-16,-1.));
#2903 = ( GEOMETRIC_REPRESENTATION_CONTEXT(2) 
PARAMETRIC_REPRESENTATION_CONTEXT() REPRESENTATION_CONTEXT('2D SPACE',''
  ) );
#2904 = PCURVE('',#2517,#2905);
#2905 = DEFINITIONAL_REPRESENTATION('',(#2906),#2910);
#2906 = LINE('',#2907,#2908);
#2907 = CARTESIAN_POINT('',(8.354720542896E-15,35.51));
#2908 = VECTOR('',#2909,1.);
#2909 = DIRECTION('',(-2.22044604925E-16,-1.));
#2910 = ( GEOMETRIC_REPRESENTATION_CONTEXT(2) 
PARAMETRIC_REPRESENTATION_CONTEXT() REPRESENTATION_CONTEXT('2D SPACE',''
  ) );
#2911 = ORIENTED_EDGE('',*,*,#2472,.T.);
#2912 = ORIENTED_EDGE('',*,*,#2616,.F.);
#2913 = ADVANCED_FACE('',(#2914),#2098,.T.);
#2914 = FACE_BOUND('',#2915,.T.);
#2915 = EDGE_LOOP('',(#2916,#2917,#2918,#2951,#2974,#3003));
#2916 = ORIENTED_EDGE('',*,*,#2232,.F.);
#2917 = ORIENTED_EDGE('',*,*,#2084,.T.);
#2918 = ORIENTED_EDGE('',*,*,#2919,.T.);
#2919 = EDGE_CURVE('',#2061,#2920,#2922,.T.);
#2920 = VERTEX_POINT('',#2921);
#2921 = CARTESIAN_POINT('',(15.011910471356,-10.112,12.25));
#2922 = SURFACE_CURVE('',#2923,(#2928,#2935),.PCURVE_S1.);
#2923 = CIRCLE('',#2924,18.1);
#2924 = AXIS2_PLACEMENT_3D('',#2925,#2926,#2927);
#2925 = CARTESIAN_POINT('',(0.,-2.720046410332E-15,12.25));
#2926 = DIRECTION('',(-2.22044604925E-16,-4.930380657631E-32,-1.));
#2927 = DIRECTION('',(-2.22044604925E-16,1.,-1.066300550197E-44));
#2928 = PCURVE('',#2098,#2929);
#2929 = DEFINITIONAL_REPRESENTATION('',(#2930),#2934);
#2930 = LINE('',#2931,#2932);
#2931 = CARTESIAN_POINT('',(0.,-12.25));
#2932 = VECTOR('',#2933,1.);
#2933 = DIRECTION('',(1.,0.));
#2934 = ( GEOMETRIC_REPRESENTATION_CONTEXT(2) 
PARAMETRIC_REPRESENTATION_CONTEXT() REPRESENTATION_CONTEXT('2D SPACE',''
  ) );
#2935 = PCURVE('',#2936,#2941);
#2936 = PLANE('',#2937);
#2937 = AXIS2_PLACEMENT_3D('',#2938,#2939,#2940);
#2938 = CARTESIAN_POINT('',(2.245315045002E-15,-10.112,12.25));
#2939 = DIRECTION('',(0.,-2.22044604925E-16,1.));
#2940 = DIRECTION('',(-2.22044604925E-16,1.,2.22044604925E-16));
#2941 = DEFINITIONAL_REPRESENTATION('',(#2942),#2950);
#2942 = ( BOUNDED_CURVE() B_SPLINE_CURVE(2,(#2943,#2944,#2945,#2946,
#2947,#2948,#2949),.UNSPECIFIED.,.T.,.F.) B_SPLINE_CURVE_WITH_KNOTS((1,2
    ,2,2,2,1),(-2.094395102393,0.,2.094395102393,4.188790204786,
6.28318530718,8.377580409573),.UNSPECIFIED.) CURVE() 
GEOMETRIC_REPRESENTATION_ITEM() RATIONAL_B_SPLINE_CURVE((1.,0.5,1.,0.5,
1.,0.5,1.)) REPRESENTATION_ITEM('') );
#2943 = CARTESIAN_POINT('',(28.212,4.007413398523E-28));
#2944 = CARTESIAN_POINT('',(28.212,-31.35011961699));
#2945 = CARTESIAN_POINT('',(1.062,-15.67505980849));
#2946 = CARTESIAN_POINT('',(-26.088,-4.433221412913E-15));
#2947 = CARTESIAN_POINT('',(1.062,15.675059808498));
#2948 = CARTESIAN_POINT('',(28.212,31.350119616997));
#2949 = CARTESIAN_POINT('',(28.212,4.007413398523E-28));
#2950 = ( GEOMETRIC_REPRESENTATION_CONTEXT(2) 
PARAMETRIC_REPRESENTATION_CONTEXT() REPRESENTATION_CONTEXT('2D SPACE',''
  ) );
#2951 = ORIENTED_EDGE('',*,*,#2952,.T.);
#2952 = EDGE_CURVE('',#2920,#2953,#2955,.T.);
#2953 = VERTEX_POINT('',#2954);
#2954 = CARTESIAN_POINT('',(15.011910471356,-10.112,12.));
#2955 = SURFACE_CURVE('',#2956,(#2960,#2967),.PCURVE_S1.);
#2956 = LINE('',#2957,#2958);
#2957 = CARTESIAN_POINT('',(15.011910471356,-10.112,-3.333313729782E-15)
  );
#2958 = VECTOR('',#2959,1.);
#2959 = DIRECTION('',(0.,2.22044604925E-16,-1.));
#2960 = PCURVE('',#2098,#2961);
#2961 = DEFINITIONAL_REPRESENTATION('',(#2962),#2966);
#2962 = LINE('',#2963,#2964);
#2963 = CARTESIAN_POINT('',(2.163582533789,0.));
#2964 = VECTOR('',#2965,1.);
#2965 = DIRECTION('',(0.,1.));
#2966 = ( GEOMETRIC_REPRESENTATION_CONTEXT(2) 
PARAMETRIC_REPRESENTATION_CONTEXT() REPRESENTATION_CONTEXT('2D SPACE',''
  ) );
#2967 = PCURVE('',#2188,#2968);
#2968 = DEFINITIONAL_REPRESENTATION('',(#2969),#2973);
#2969 = LINE('',#2970,#2971);
#2970 = CARTESIAN_POINT('',(15.,-15.01191047135));
#2971 = VECTOR('',#2972,1.);
#2972 = DIRECTION('',(-1.,0.));
#2973 = ( GEOMETRIC_REPRESENTATION_CONTEXT(2) 
PARAMETRIC_REPRESENTATION_CONTEXT() REPRESENTATION_CONTEXT('2D SPACE',''
  ) );
#2974 = ORIENTED_EDGE('',*,*,#2975,.F.);
#2975 = EDGE_CURVE('',#2976,#2953,#2978,.T.);
#2976 = VERTEX_POINT('',#2977);
#2977 = CARTESIAN_POINT('',(17.77779513888,-3.4,12.));
#2978 = SURFACE_CURVE('',#2979,(#2984,#2991),.PCURVE_S1.);
#2979 = CIRCLE('',#2980,18.1);
#2980 = AXIS2_PLACEMENT_3D('',#2981,#2982,#2983);
#2981 = CARTESIAN_POINT('',(0.,-2.6645352591E-15,12.));
#2982 = DIRECTION('',(-2.22044604925E-16,-4.930380657631E-32,-1.));
#2983 = DIRECTION('',(-2.22044604925E-16,1.,-1.066300550197E-44));
#2984 = PCURVE('',#2098,#2985);
#2985 = DEFINITIONAL_REPRESENTATION('',(#2986),#2990);
#2986 = LINE('',#2987,#2988);
#2987 = CARTESIAN_POINT('',(0.,-12.));
#2988 = VECTOR('',#2989,1.);
#2989 = DIRECTION('',(1.,0.));
#2990 = ( GEOMETRIC_REPRESENTATION_CONTEXT(2) 
PARAMETRIC_REPRESENTATION_CONTEXT() REPRESENTATION_CONTEXT('2D SPACE',''
  ) );
#2991 = PCURVE('',#2992,#2997);
#2992 = PLANE('',#2993);
#2993 = AXIS2_PLACEMENT_3D('',#2994,#2995,#2996);
#2994 = CARTESIAN_POINT('',(7.549516567451E-16,-3.4,12.));
#2995 = DIRECTION('',(0.,2.22044604925E-16,-1.));
#2996 = DIRECTION('',(2.22044604925E-16,-1.,-2.22044604925E-16));
#2997 = DEFINITIONAL_REPRESENTATION('',(#2998),#3002);
#2998 = CIRCLE('',#2999,18.1);
#2999 = AXIS2_PLACEMENT_2D('',#3000,#3001);
#3000 = CARTESIAN_POINT('',(-3.4,1.005797654157E-28));
#3001 = DIRECTION('',(-1.,-1.094764425253E-47));
#3002 = ( GEOMETRIC_REPRESENTATION_CONTEXT(2) 
PARAMETRIC_REPRESENTATION_CONTEXT() REPRESENTATION_CONTEXT('2D SPACE',''
  ) );
#3003 = ORIENTED_EDGE('',*,*,#3004,.T.);
#3004 = EDGE_CURVE('',#2976,#2116,#3005,.T.);
#3005 = SURFACE_CURVE('',#3006,(#3010,#3017),.PCURVE_S1.);
#3006 = LINE('',#3007,#3008);
#3007 = CARTESIAN_POINT('',(17.77779513888,-3.4,-3.947463498051E-15));
#3008 = VECTOR('',#3009,1.);
#3009 = DIRECTION('',(0.,2.22044604925E-16,-1.));
#3010 = PCURVE('',#2098,#3011);
#3011 = DEFINITIONAL_REPRESENTATION('',(#3012),#3016);
#3012 = LINE('',#3013,#3014);
#3013 = CARTESIAN_POINT('',(1.759764263316,0.));
#3014 = VECTOR('',#3015,1.);
#3015 = DIRECTION('',(0.,1.));
#3016 = ( GEOMETRIC_REPRESENTATION_CONTEXT(2) 
PARAMETRIC_REPRESENTATION_CONTEXT() REPRESENTATION_CONTEXT('2D SPACE',''
  ) );
#3017 = PCURVE('',#2131,#3018);
#3018 = DEFINITIONAL_REPRESENTATION('',(#3019),#3023);
#3019 = LINE('',#3020,#3021);
#3020 = CARTESIAN_POINT('',(12.,-17.77779513888));
#3021 = VECTOR('',#3022,1.);
#3022 = DIRECTION('',(-1.,0.));
#3023 = ( GEOMETRIC_REPRESENTATION_CONTEXT(2) 
PARAMETRIC_REPRESENTATION_CONTEXT() REPRESENTATION_CONTEXT('2D SPACE',''
  ) );
#3024 = ADVANCED_FACE('',(#3025),#2131,.F.);
#3025 = FACE_BOUND('',#3026,.F.);
#3026 = EDGE_LOOP('',(#3027,#3028,#3051,#3079,#3107,#3135,#3158,#3186,
    #3207));
#3027 = ORIENTED_EDGE('',*,*,#2113,.F.);
#3028 = ORIENTED_EDGE('',*,*,#3029,.T.);
#3029 = EDGE_CURVE('',#2114,#3030,#3032,.T.);
#3030 = VERTEX_POINT('',#3031);
#3031 = CARTESIAN_POINT('',(33.505,-3.4,-12.));
#3032 = SURFACE_CURVE('',#3033,(#3037,#3044),.PCURVE_S1.);
#3033 = LINE('',#3034,#3035);
#3034 = CARTESIAN_POINT('',(7.549516567451E-16,-3.4,-12.));
#3035 = VECTOR('',#3036,1.);
#3036 = DIRECTION('',(1.,0.,-2.22044604925E-16));
#3037 = PCURVE('',#2131,#3038);
#3038 = DEFINITIONAL_REPRESENTATION('',(#3039),#3043);
#3039 = LINE('',#3040,#3041);
#3040 = CARTESIAN_POINT('',(0.,-0.));
#3041 = VECTOR('',#3042,1.);
#3042 = DIRECTION('',(-2.22044604925E-16,-1.));
#3043 = ( GEOMETRIC_REPRESENTATION_CONTEXT(2) 
PARAMETRIC_REPRESENTATION_CONTEXT() REPRESENTATION_CONTEXT('2D SPACE',''
  ) );
#3044 = PCURVE('',#2160,#3045);
#3045 = DEFINITIONAL_REPRESENTATION('',(#3046),#3050);
#3046 = LINE('',#3047,#3048);
#3047 = CARTESIAN_POINT('',(6.712,2.999643592103E-28));
#3048 = VECTOR('',#3049,1.);
#3049 = DIRECTION('',(-2.22044604925E-16,-1.));
#3050 = ( GEOMETRIC_REPRESENTATION_CONTEXT(2) 
PARAMETRIC_REPRESENTATION_CONTEXT() REPRESENTATION_CONTEXT('2D SPACE',''
  ) );
#3051 = ORIENTED_EDGE('',*,*,#3052,.T.);
#3052 = EDGE_CURVE('',#3030,#3053,#3055,.T.);
#3053 = VERTEX_POINT('',#3054);
#3054 = CARTESIAN_POINT('',(33.505,-3.4,-9.616652224137));
#3055 = SURFACE_CURVE('',#3056,(#3060,#3067),.PCURVE_S1.);
#3056 = LINE('',#3057,#3058);
#3057 = CARTESIAN_POINT('',(33.505,-3.4,-12.));
#3058 = VECTOR('',#3059,1.);
#3059 = DIRECTION('',(0.,-2.22044604925E-16,1.));
#3060 = PCURVE('',#2131,#3061);
#3061 = DEFINITIONAL_REPRESENTATION('',(#3062),#3066);
#3062 = LINE('',#3063,#3064);
#3063 = CARTESIAN_POINT('',(-1.651924039339E-30,-33.505));
#3064 = VECTOR('',#3065,1.);
#3065 = DIRECTION('',(1.,0.));
#3066 = ( GEOMETRIC_REPRESENTATION_CONTEXT(2) 
PARAMETRIC_REPRESENTATION_CONTEXT() REPRESENTATION_CONTEXT('2D SPACE',''
  ) );
#3067 = PCURVE('',#3068,#3073);
#3068 = PLANE('',#3069);
#3069 = AXIS2_PLACEMENT_3D('',#3070,#3071,#3072);
#3070 = CARTESIAN_POINT('',(33.505,-6.756,-7.439604488013E-15));
#3071 = DIRECTION('',(1.,0.,-2.22044604925E-16));
#3072 = DIRECTION('',(-1.094764425253E-47,1.,-4.93038065763E-32));
#3073 = DEFINITIONAL_REPRESENTATION('',(#3074),#3078);
#3074 = LINE('',#3075,#3076);
#3075 = CARTESIAN_POINT('',(3.356,-12.));
#3076 = VECTOR('',#3077,1.);
#3077 = DIRECTION('',(-2.22044604925E-16,1.));
#3078 = ( GEOMETRIC_REPRESENTATION_CONTEXT(2) 
PARAMETRIC_REPRESENTATION_CONTEXT() REPRESENTATION_CONTEXT('2D SPACE',''
  ) );
#3079 = ORIENTED_EDGE('',*,*,#3080,.T.);
#3080 = EDGE_CURVE('',#3053,#3081,#3083,.T.);
#3081 = VERTEX_POINT('',#3082);
#3082 = CARTESIAN_POINT('',(29.949,-3.4,-9.616652224137));
#3083 = SURFACE_CURVE('',#3084,(#3088,#3095),.PCURVE_S1.);
#3084 = LINE('',#3085,#3086);
#3085 = CARTESIAN_POINT('',(29.949,-3.4,-9.616652224137));
#3086 = VECTOR('',#3087,1.);
#3087 = DIRECTION('',(-1.,0.,2.22044604925E-16));
#3088 = PCURVE('',#2131,#3089);
#3089 = DEFINITIONAL_REPRESENTATION('',(#3090),#3094);
#3090 = LINE('',#3091,#3092);
#3091 = CARTESIAN_POINT('',(2.383347775863,-29.949));
#3092 = VECTOR('',#3093,1.);
#3093 = DIRECTION('',(2.22044604925E-16,1.));
#3094 = ( GEOMETRIC_REPRESENTATION_CONTEXT(2) 
PARAMETRIC_REPRESENTATION_CONTEXT() REPRESENTATION_CONTEXT('2D SPACE',''
  ) );
#3095 = PCURVE('',#3096,#3101);
#3096 = CYLINDRICAL_SURFACE('',#3097,10.2);
#3097 = AXIS2_PLACEMENT_3D('',#3098,#3099,#3100);
#3098 = CARTESIAN_POINT('',(29.949,0.,-6.6500138729E-15));
#3099 = DIRECTION('',(-1.,0.,2.22044604925E-16));
#3100 = DIRECTION('',(-1.094764425253E-47,1.,-4.93038065763E-32));
#3101 = DEFINITIONAL_REPRESENTATION('',(#3102),#3106);
#3102 = LINE('',#3103,#3104);
#3103 = CARTESIAN_POINT('',(1.910633236249,0.));
#3104 = VECTOR('',#3105,1.);
#3105 = DIRECTION('',(-0.,1.));
#3106 = ( GEOMETRIC_REPRESENTATION_CONTEXT(2) 
PARAMETRIC_REPRESENTATION_CONTEXT() REPRESENTATION_CONTEXT('2D SPACE',''
  ) );
#3107 = ORIENTED_EDGE('',*,*,#3108,.T.);
#3108 = EDGE_CURVE('',#3081,#3109,#3111,.T.);
#3109 = VERTEX_POINT('',#3110);
#3110 = CARTESIAN_POINT('',(29.949,-3.4,9.616652224137));
#3111 = SURFACE_CURVE('',#3112,(#3116,#3123),.PCURVE_S1.);
#3112 = LINE('',#3113,#3114);
#3113 = CARTESIAN_POINT('',(29.949,-3.4,-6.));
#3114 = VECTOR('',#3115,1.);
#3115 = DIRECTION('',(0.,-2.22044604925E-16,1.));
#3116 = PCURVE('',#2131,#3117);
#3117 = DEFINITIONAL_REPRESENTATION('',(#3118),#3122);
#3118 = LINE('',#3119,#3120);
#3119 = CARTESIAN_POINT('',(6.,-29.949));
#3120 = VECTOR('',#3121,1.);
#3121 = DIRECTION('',(1.,0.));
#3122 = ( GEOMETRIC_REPRESENTATION_CONTEXT(2) 
PARAMETRIC_REPRESENTATION_CONTEXT() REPRESENTATION_CONTEXT('2D SPACE',''
  ) );
#3123 = PCURVE('',#3124,#3129);
#3124 = PLANE('',#3125);
#3125 = AXIS2_PLACEMENT_3D('',#3126,#3127,#3128);
#3126 = CARTESIAN_POINT('',(29.949,-2.681255161842E-16,
    -5.457640687505E-15));
#3127 = DIRECTION('',(1.,0.,-2.22044604925E-16));
#3128 = DIRECTION('',(-1.094764425253E-47,1.,-4.93038065763E-32));
#3129 = DEFINITIONAL_REPRESENTATION('',(#3130),#3134);
#3130 = LINE('',#3131,#3132);
#3131 = CARTESIAN_POINT('',(-3.4,-6.));
#3132 = VECTOR('',#3133,1.);
#3133 = DIRECTION('',(-2.22044604925E-16,1.));
#3134 = ( GEOMETRIC_REPRESENTATION_CONTEXT(2) 
PARAMETRIC_REPRESENTATION_CONTEXT() REPRESENTATION_CONTEXT('2D SPACE',''
  ) );
#3135 = ORIENTED_EDGE('',*,*,#3136,.F.);
#3136 = EDGE_CURVE('',#3137,#3109,#3139,.T.);
#3137 = VERTEX_POINT('',#3138);
#3138 = CARTESIAN_POINT('',(33.505,-3.4,9.616652224137));
#3139 = SURFACE_CURVE('',#3140,(#3144,#3151),.PCURVE_S1.);
#3140 = LINE('',#3141,#3142);
#3141 = CARTESIAN_POINT('',(29.949,-3.4,9.616652224137));
#3142 = VECTOR('',#3143,1.);
#3143 = DIRECTION('',(-1.,0.,2.22044604925E-16));
#3144 = PCURVE('',#2131,#3145);
#3145 = DEFINITIONAL_REPRESENTATION('',(#3146),#3150);
#3146 = LINE('',#3147,#3148);
#3147 = CARTESIAN_POINT('',(21.616652224137,-29.949));
#3148 = VECTOR('',#3149,1.);
#3149 = DIRECTION('',(2.22044604925E-16,1.));
#3150 = ( GEOMETRIC_REPRESENTATION_CONTEXT(2) 
PARAMETRIC_REPRESENTATION_CONTEXT() REPRESENTATION_CONTEXT('2D SPACE',''
  ) );
#3151 = PCURVE('',#3096,#3152);
#3152 = DEFINITIONAL_REPRESENTATION('',(#3153),#3157);
#3153 = LINE('',#3154,#3155);
#3154 = CARTESIAN_POINT('',(4.372552070931,0.));
#3155 = VECTOR('',#3156,1.);
#3156 = DIRECTION('',(-0.,1.));
#3157 = ( GEOMETRIC_REPRESENTATION_CONTEXT(2) 
PARAMETRIC_REPRESENTATION_CONTEXT() REPRESENTATION_CONTEXT('2D SPACE',''
  ) );
#3158 = ORIENTED_EDGE('',*,*,#3159,.T.);
#3159 = EDGE_CURVE('',#3137,#3160,#3162,.T.);
#3160 = VERTEX_POINT('',#3161);
#3161 = CARTESIAN_POINT('',(33.505,-3.4,12.));
#3162 = SURFACE_CURVE('',#3163,(#3167,#3174),.PCURVE_S1.);
#3163 = LINE('',#3164,#3165);
#3164 = CARTESIAN_POINT('',(33.505,-3.4,-12.));
#3165 = VECTOR('',#3166,1.);
#3166 = DIRECTION('',(0.,-2.22044604925E-16,1.));
#3167 = PCURVE('',#2131,#3168);
#3168 = DEFINITIONAL_REPRESENTATION('',(#3169),#3173);
#3169 = LINE('',#3170,#3171);
#3170 = CARTESIAN_POINT('',(-1.651924039339E-30,-33.505));
#3171 = VECTOR('',#3172,1.);
#3172 = DIRECTION('',(1.,0.));
#3173 = ( GEOMETRIC_REPRESENTATION_CONTEXT(2) 
PARAMETRIC_REPRESENTATION_CONTEXT() REPRESENTATION_CONTEXT('2D SPACE',''
  ) );
#3174 = PCURVE('',#3175,#3180);
#3175 = PLANE('',#3176);
#3176 = AXIS2_PLACEMENT_3D('',#3177,#3178,#3179);
#3177 = CARTESIAN_POINT('',(33.505,-6.756,-7.439604488013E-15));
#3178 = DIRECTION('',(1.,0.,-2.22044604925E-16));
#3179 = DIRECTION('',(-1.094764425253E-47,1.,-4.93038065763E-32));
#3180 = DEFINITIONAL_REPRESENTATION('',(#3181),#3185);
#3181 = LINE('',#3182,#3183);
#3182 = CARTESIAN_POINT('',(3.356,-12.));
#3183 = VECTOR('',#3184,1.);
#3184 = DIRECTION('',(-2.22044604925E-16,1.));
#3185 = ( GEOMETRIC_REPRESENTATION_CONTEXT(2) 
PARAMETRIC_REPRESENTATION_CONTEXT() REPRESENTATION_CONTEXT('2D SPACE',''
  ) );
#3186 = ORIENTED_EDGE('',*,*,#3187,.F.);
#3187 = EDGE_CURVE('',#2976,#3160,#3188,.T.);
#3188 = SURFACE_CURVE('',#3189,(#3193,#3200),.PCURVE_S1.);
#3189 = LINE('',#3190,#3191);
#3190 = CARTESIAN_POINT('',(7.549516567451E-16,-3.4,12.));
#3191 = VECTOR('',#3192,1.);
#3192 = DIRECTION('',(1.,0.,-2.22044604925E-16));
#3193 = PCURVE('',#2131,#3194);
#3194 = DEFINITIONAL_REPRESENTATION('',(#3195),#3199);
#3195 = LINE('',#3196,#3197);
#3196 = CARTESIAN_POINT('',(24.,-1.183291357831E-30));
#3197 = VECTOR('',#3198,1.);
#3198 = DIRECTION('',(-2.22044604925E-16,-1.));
#3199 = ( GEOMETRIC_REPRESENTATION_CONTEXT(2) 
PARAMETRIC_REPRESENTATION_CONTEXT() REPRESENTATION_CONTEXT('2D SPACE',''
  ) );
#3200 = PCURVE('',#2992,#3201);
#3201 = DEFINITIONAL_REPRESENTATION('',(#3202),#3206);
#3202 = LINE('',#3203,#3204);
#3203 = CARTESIAN_POINT('',(0.,-0.));
#3204 = VECTOR('',#3205,1.);
#3205 = DIRECTION('',(2.22044604925E-16,-1.));
#3206 = ( GEOMETRIC_REPRESENTATION_CONTEXT(2) 
PARAMETRIC_REPRESENTATION_CONTEXT() REPRESENTATION_CONTEXT('2D SPACE',''
  ) );
#3207 = ORIENTED_EDGE('',*,*,#3004,.T.);
#3208 = ADVANCED_FACE('',(#3209),#2160,.F.);
#3209 = FACE_BOUND('',#3210,.F.);
#3210 = EDGE_LOOP('',(#3211,#3212,#3235,#3256));
#3211 = ORIENTED_EDGE('',*,*,#2143,.F.);
#3212 = ORIENTED_EDGE('',*,*,#3213,.T.);
#3213 = EDGE_CURVE('',#2144,#3214,#3216,.T.);
#3214 = VERTEX_POINT('',#3215);
#3215 = CARTESIAN_POINT('',(33.505,-10.112,-12.));
#3216 = SURFACE_CURVE('',#3217,(#3221,#3228),.PCURVE_S1.);
#3217 = LINE('',#3218,#3219);
#3218 = CARTESIAN_POINT('',(2.245315045002E-15,-10.112,-12.));
#3219 = VECTOR('',#3220,1.);
#3220 = DIRECTION('',(1.,0.,-2.22044604925E-16));
#3221 = PCURVE('',#2160,#3222);
#3222 = DEFINITIONAL_REPRESENTATION('',(#3223),#3227);
#3223 = LINE('',#3224,#3225);
#3224 = CARTESIAN_POINT('',(0.,-0.));
#3225 = VECTOR('',#3226,1.);
#3226 = DIRECTION('',(-2.22044604925E-16,-1.));
#3227 = ( GEOMETRIC_REPRESENTATION_CONTEXT(2) 
PARAMETRIC_REPRESENTATION_CONTEXT() REPRESENTATION_CONTEXT('2D SPACE',''
  ) );
#3228 = PCURVE('',#2188,#3229);
#3229 = DEFINITIONAL_REPRESENTATION('',(#3230),#3234);
#3230 = LINE('',#3231,#3232);
#3231 = CARTESIAN_POINT('',(3.,-1.479114197289E-31));
#3232 = VECTOR('',#3233,1.);
#3233 = DIRECTION('',(-2.22044604925E-16,-1.));
#3234 = ( GEOMETRIC_REPRESENTATION_CONTEXT(2) 
PARAMETRIC_REPRESENTATION_CONTEXT() REPRESENTATION_CONTEXT('2D SPACE',''
  ) );
#3235 = ORIENTED_EDGE('',*,*,#3236,.T.);
#3236 = EDGE_CURVE('',#3214,#3030,#3237,.T.);
#3237 = SURFACE_CURVE('',#3238,(#3242,#3249),.PCURVE_S1.);
#3238 = LINE('',#3239,#3240);
#3239 = CARTESIAN_POINT('',(33.505,-10.112,-12.));
#3240 = VECTOR('',#3241,1.);
#3241 = DIRECTION('',(-2.22044604925E-16,1.,0.));
#3242 = PCURVE('',#2160,#3243);
#3243 = DEFINITIONAL_REPRESENTATION('',(#3244),#3248);
#3244 = LINE('',#3245,#3246);
#3245 = CARTESIAN_POINT('',(-7.439604488012E-15,-33.505));
#3246 = VECTOR('',#3247,1.);
#3247 = DIRECTION('',(1.,-1.094764425253E-47));
#3248 = ( GEOMETRIC_REPRESENTATION_CONTEXT(2) 
PARAMETRIC_REPRESENTATION_CONTEXT() REPRESENTATION_CONTEXT('2D SPACE',''
  ) );
#3249 = PCURVE('',#3068,#3250);
#3250 = DEFINITIONAL_REPRESENTATION('',(#3251),#3255);
#3251 = LINE('',#3252,#3253);
#3252 = CARTESIAN_POINT('',(-3.356,-12.));
#3253 = VECTOR('',#3254,1.);
#3254 = DIRECTION('',(1.,0.));
#3255 = ( GEOMETRIC_REPRESENTATION_CONTEXT(2) 
PARAMETRIC_REPRESENTATION_CONTEXT() REPRESENTATION_CONTEXT('2D SPACE',''
  ) );
#3256 = ORIENTED_EDGE('',*,*,#3029,.F.);
#3257 = ADVANCED_FACE('',(#3258),#2188,.F.);
#3258 = FACE_BOUND('',#3259,.F.);
#3259 = EDGE_LOOP('',(#3260,#3261,#3284,#3312,#3340,#3368,#3396,#3424,
    #3445,#3446,#3469,#3492,#3515,#3543,#3566,#3587));
#3260 = ORIENTED_EDGE('',*,*,#2172,.F.);
#3261 = ORIENTED_EDGE('',*,*,#3262,.T.);
#3262 = EDGE_CURVE('',#2173,#3263,#3265,.T.);
#3263 = VERTEX_POINT('',#3264);
#3264 = CARTESIAN_POINT('',(64.589,-10.112,-12.25));
#3265 = SURFACE_CURVE('',#3266,(#3270,#3277),.PCURVE_S1.);
#3266 = LINE('',#3267,#3268);
#3267 = CARTESIAN_POINT('',(2.245315045002E-15,-10.112,-12.25));
#3268 = VECTOR('',#3269,1.);
#3269 = DIRECTION('',(1.,0.,-2.22044604925E-16));
#3270 = PCURVE('',#2188,#3271);
#3271 = DEFINITIONAL_REPRESENTATION('',(#3272),#3276);
#3272 = LINE('',#3273,#3274);
#3273 = CARTESIAN_POINT('',(2.75,-1.355854680848E-31));
#3274 = VECTOR('',#3275,1.);
#3275 = DIRECTION('',(-2.22044604925E-16,-1.));
#3276 = ( GEOMETRIC_REPRESENTATION_CONTEXT(2) 
PARAMETRIC_REPRESENTATION_CONTEXT() REPRESENTATION_CONTEXT('2D SPACE',''
  ) );
#3277 = PCURVE('',#2215,#3278);
#3278 = DEFINITIONAL_REPRESENTATION('',(#3279),#3283);
#3279 = LINE('',#3280,#3281);
#3280 = CARTESIAN_POINT('',(45.622,-1.648719291912E-27));
#3281 = VECTOR('',#3282,1.);
#3282 = DIRECTION('',(2.22044604925E-16,-1.));
#3283 = ( GEOMETRIC_REPRESENTATION_CONTEXT(2) 
PARAMETRIC_REPRESENTATION_CONTEXT() REPRESENTATION_CONTEXT('2D SPACE',''
  ) );
#3284 = ORIENTED_EDGE('',*,*,#3285,.F.);
#3285 = EDGE_CURVE('',#3286,#3263,#3288,.T.);
#3286 = VERTEX_POINT('',#3287);
#3287 = CARTESIAN_POINT('',(64.589,-10.112,-11.74723184414));
#3288 = SURFACE_CURVE('',#3289,(#3293,#3300),.PCURVE_S1.);
#3289 = LINE('',#3290,#3291);
#3290 = CARTESIAN_POINT('',(64.589,-10.112,-10.));
#3291 = VECTOR('',#3292,1.);
#3292 = DIRECTION('',(0.,2.22044604925E-16,-1.));
#3293 = PCURVE('',#2188,#3294);
#3294 = DEFINITIONAL_REPRESENTATION('',(#3295),#3299);
#3295 = LINE('',#3296,#3297);
#3296 = CARTESIAN_POINT('',(5.,-64.589));
#3297 = VECTOR('',#3298,1.);
#3298 = DIRECTION('',(-1.,0.));
#3299 = ( GEOMETRIC_REPRESENTATION_CONTEXT(2) 
PARAMETRIC_REPRESENTATION_CONTEXT() REPRESENTATION_CONTEXT('2D SPACE',''
  ) );
#3300 = PCURVE('',#3301,#3306);
#3301 = PLANE('',#3302);
#3302 = AXIS2_PLACEMENT_3D('',#3303,#3304,#3305);
#3303 = CARTESIAN_POINT('',(64.589,12.699,-11.125));
#3304 = DIRECTION('',(1.,0.,-2.22044604925E-16));
#3305 = DIRECTION('',(-1.094764425253E-47,1.,-4.93038065763E-32));
#3306 = DEFINITIONAL_REPRESENTATION('',(#3307),#3311);
#3307 = LINE('',#3308,#3309);
#3308 = CARTESIAN_POINT('',(-22.811,1.125));
#3309 = VECTOR('',#3310,1.);
#3310 = DIRECTION('',(2.22044604925E-16,-1.));
#3311 = ( GEOMETRIC_REPRESENTATION_CONTEXT(2) 
PARAMETRIC_REPRESENTATION_CONTEXT() REPRESENTATION_CONTEXT('2D SPACE',''
  ) );
#3312 = ORIENTED_EDGE('',*,*,#3313,.T.);
#3313 = EDGE_CURVE('',#3286,#3314,#3316,.T.);
#3314 = VERTEX_POINT('',#3315);
#3315 = CARTESIAN_POINT('',(63.589,-10.112,-11.74723184414));
#3316 = SURFACE_CURVE('',#3317,(#3321,#3328),.PCURVE_S1.);
#3317 = LINE('',#3318,#3319);
#3318 = CARTESIAN_POINT('',(63.589,-10.112,-11.74723184414));
#3319 = VECTOR('',#3320,1.);
#3320 = DIRECTION('',(-1.,0.,2.22044604925E-16));
#3321 = PCURVE('',#2188,#3322);
#3322 = DEFINITIONAL_REPRESENTATION('',(#3323),#3327);
#3323 = LINE('',#3324,#3325);
#3324 = CARTESIAN_POINT('',(3.25276815586,-63.589));
#3325 = VECTOR('',#3326,1.);
#3326 = DIRECTION('',(2.22044604925E-16,1.));
#3327 = ( GEOMETRIC_REPRESENTATION_CONTEXT(2) 
PARAMETRIC_REPRESENTATION_CONTEXT() REPRESENTATION_CONTEXT('2D SPACE',''
  ) );
#3328 = PCURVE('',#3329,#3334);
#3329 = CYLINDRICAL_SURFACE('',#3330,15.5);
#3330 = AXIS2_PLACEMENT_3D('',#3331,#3332,#3333);
#3331 = CARTESIAN_POINT('',(63.589,0.,-1.411959438258E-14));
#3332 = DIRECTION('',(-1.,0.,2.22044604925E-16));
#3333 = DIRECTION('',(-1.094764425253E-47,1.,-4.93038065763E-32));
#3334 = DEFINITIONAL_REPRESENTATION('',(#3335),#3339);
#3335 = LINE('',#3336,#3337);
#3336 = CARTESIAN_POINT('',(2.281526188666,0.));
#3337 = VECTOR('',#3338,1.);
#3338 = DIRECTION('',(-0.,1.));
#3339 = ( GEOMETRIC_REPRESENTATION_CONTEXT(2) 
PARAMETRIC_REPRESENTATION_CONTEXT() REPRESENTATION_CONTEXT('2D SPACE',''
  ) );
#3340 = ORIENTED_EDGE('',*,*,#3341,.T.);
#3341 = EDGE_CURVE('',#3314,#3342,#3344,.T.);
#3342 = VERTEX_POINT('',#3343);
#3343 = CARTESIAN_POINT('',(63.589,-10.112,11.747231844141));
#3344 = SURFACE_CURVE('',#3345,(#3349,#3356),.PCURVE_S1.);
#3345 = LINE('',#3346,#3347);
#3346 = CARTESIAN_POINT('',(63.589,-10.112,-7.5));
#3347 = VECTOR('',#3348,1.);
#3348 = DIRECTION('',(0.,-2.22044604925E-16,1.));
#3349 = PCURVE('',#2188,#3350);
#3350 = DEFINITIONAL_REPRESENTATION('',(#3351),#3355);
#3351 = LINE('',#3352,#3353);
#3352 = CARTESIAN_POINT('',(7.5,-63.589));
#3353 = VECTOR('',#3354,1.);
#3354 = DIRECTION('',(1.,0.));
#3355 = ( GEOMETRIC_REPRESENTATION_CONTEXT(2) 
PARAMETRIC_REPRESENTATION_CONTEXT() REPRESENTATION_CONTEXT('2D SPACE',''
  ) );
#3356 = PCURVE('',#3357,#3362);
#3357 = PLANE('',#3358);
#3358 = AXIS2_PLACEMENT_3D('',#3359,#3360,#3361);
#3359 = CARTESIAN_POINT('',(63.589,-7.057755522784E-16,
    -1.334077745758E-14));
#3360 = DIRECTION('',(1.,0.,-2.22044604925E-16));
#3361 = DIRECTION('',(-1.094764425253E-47,1.,-4.93038065763E-32));
#3362 = DEFINITIONAL_REPRESENTATION('',(#3363),#3367);
#3363 = LINE('',#3364,#3365);
#3364 = CARTESIAN_POINT('',(-10.112,-7.5));
#3365 = VECTOR('',#3366,1.);
#3366 = DIRECTION('',(-2.22044604925E-16,1.));
#3367 = ( GEOMETRIC_REPRESENTATION_CONTEXT(2) 
PARAMETRIC_REPRESENTATION_CONTEXT() REPRESENTATION_CONTEXT('2D SPACE',''
  ) );
#3368 = ORIENTED_EDGE('',*,*,#3369,.F.);
#3369 = EDGE_CURVE('',#3370,#3342,#3372,.T.);
#3370 = VERTEX_POINT('',#3371);
#3371 = CARTESIAN_POINT('',(64.589,-10.112,11.747231844141));
#3372 = SURFACE_CURVE('',#3373,(#3377,#3384),.PCURVE_S1.);
#3373 = LINE('',#3374,#3375);
#3374 = CARTESIAN_POINT('',(63.589,-10.112,11.747231844141));
#3375 = VECTOR('',#3376,1.);
#3376 = DIRECTION('',(-1.,0.,2.22044604925E-16));
#3377 = PCURVE('',#2188,#3378);
#3378 = DEFINITIONAL_REPRESENTATION('',(#3379),#3383);
#3379 = LINE('',#3380,#3381);
#3380 = CARTESIAN_POINT('',(26.747231844141,-63.589));
#3381 = VECTOR('',#3382,1.);
#3382 = DIRECTION('',(2.22044604925E-16,1.));
#3383 = ( GEOMETRIC_REPRESENTATION_CONTEXT(2) 
PARAMETRIC_REPRESENTATION_CONTEXT() REPRESENTATION_CONTEXT('2D SPACE',''
  ) );
#3384 = PCURVE('',#3385,#3390);
#3385 = CYLINDRICAL_SURFACE('',#3386,15.5);
#3386 = AXIS2_PLACEMENT_3D('',#3387,#3388,#3389);
#3387 = CARTESIAN_POINT('',(63.589,0.,-1.411959438258E-14));
#3388 = DIRECTION('',(-1.,0.,2.22044604925E-16));
#3389 = DIRECTION('',(-1.094764425253E-47,1.,-4.93038065763E-32));
#3390 = DEFINITIONAL_REPRESENTATION('',(#3391),#3395);
#3391 = LINE('',#3392,#3393);
#3392 = CARTESIAN_POINT('',(4.001659118515,0.));
#3393 = VECTOR('',#3394,1.);
#3394 = DIRECTION('',(-0.,1.));
#3395 = ( GEOMETRIC_REPRESENTATION_CONTEXT(2) 
PARAMETRIC_REPRESENTATION_CONTEXT() REPRESENTATION_CONTEXT('2D SPACE',''
  ) );
#3396 = ORIENTED_EDGE('',*,*,#3397,.F.);
#3397 = EDGE_CURVE('',#3398,#3370,#3400,.T.);
#3398 = VERTEX_POINT('',#3399);
#3399 = CARTESIAN_POINT('',(64.589,-10.112,12.25));
#3400 = SURFACE_CURVE('',#3401,(#3405,#3412),.PCURVE_S1.);
#3401 = LINE('',#3402,#3403);
#3402 = CARTESIAN_POINT('',(64.589,-10.112,12.25));
#3403 = VECTOR('',#3404,1.);
#3404 = DIRECTION('',(0.,2.22044604925E-16,-1.));
#3405 = PCURVE('',#2188,#3406);
#3406 = DEFINITIONAL_REPRESENTATION('',(#3407),#3411);
#3407 = LINE('',#3408,#3409);
#3408 = CARTESIAN_POINT('',(27.25,-64.589));
#3409 = VECTOR('',#3410,1.);
#3410 = DIRECTION('',(-1.,0.));
#3411 = ( GEOMETRIC_REPRESENTATION_CONTEXT(2) 
PARAMETRIC_REPRESENTATION_CONTEXT() REPRESENTATION_CONTEXT('2D SPACE',''
  ) );
#3412 = PCURVE('',#3413,#3418);
#3413 = PLANE('',#3414);
#3414 = AXIS2_PLACEMENT_3D('',#3415,#3416,#3417);
#3415 = CARTESIAN_POINT('',(64.589,12.699,11.125));
#3416 = DIRECTION('',(1.,0.,-2.22044604925E-16));
#3417 = DIRECTION('',(-1.094764425253E-47,1.,-4.93038065763E-32));
#3418 = DEFINITIONAL_REPRESENTATION('',(#3419),#3423);
#3419 = LINE('',#3420,#3421);
#3420 = CARTESIAN_POINT('',(-22.811,1.125));
#3421 = VECTOR('',#3422,1.);
#3422 = DIRECTION('',(2.22044604925E-16,-1.));
#3423 = ( GEOMETRIC_REPRESENTATION_CONTEXT(2) 
PARAMETRIC_REPRESENTATION_CONTEXT() REPRESENTATION_CONTEXT('2D SPACE',''
  ) );
#3424 = ORIENTED_EDGE('',*,*,#3425,.F.);
#3425 = EDGE_CURVE('',#2920,#3398,#3426,.T.);
#3426 = SURFACE_CURVE('',#3427,(#3431,#3438),.PCURVE_S1.);
#3427 = LINE('',#3428,#3429);
#3428 = CARTESIAN_POINT('',(2.245315045002E-15,-10.112,12.25));
#3429 = VECTOR('',#3430,1.);
#3430 = DIRECTION('',(1.,0.,-2.22044604925E-16));
#3431 = PCURVE('',#2188,#3432);
#3432 = DEFINITIONAL_REPRESENTATION('',(#3433),#3437);
#3433 = LINE('',#3434,#3435);
#3434 = CARTESIAN_POINT('',(27.25,-1.343528729204E-30));
#3435 = VECTOR('',#3436,1.);
#3436 = DIRECTION('',(-2.22044604925E-16,-1.));
#3437 = ( GEOMETRIC_REPRESENTATION_CONTEXT(2) 
PARAMETRIC_REPRESENTATION_CONTEXT() REPRESENTATION_CONTEXT('2D SPACE',''
  ) );
#3438 = PCURVE('',#2936,#3439);
#3439 = DEFINITIONAL_REPRESENTATION('',(#3440),#3444);
#3440 = LINE('',#3441,#3442);
#3441 = CARTESIAN_POINT('',(0.,-0.));
#3442 = VECTOR('',#3443,1.);
#3443 = DIRECTION('',(-2.22044604925E-16,-1.));
#3444 = ( GEOMETRIC_REPRESENTATION_CONTEXT(2) 
PARAMETRIC_REPRESENTATION_CONTEXT() REPRESENTATION_CONTEXT('2D SPACE',''
  ) );
#3445 = ORIENTED_EDGE('',*,*,#2952,.T.);
#3446 = ORIENTED_EDGE('',*,*,#3447,.T.);
#3447 = EDGE_CURVE('',#2953,#3448,#3450,.T.);
#3448 = VERTEX_POINT('',#3449);
#3449 = CARTESIAN_POINT('',(33.505,-10.112,12.));
#3450 = SURFACE_CURVE('',#3451,(#3455,#3462),.PCURVE_S1.);
#3451 = LINE('',#3452,#3453);
#3452 = CARTESIAN_POINT('',(2.245315045002E-15,-10.112,12.));
#3453 = VECTOR('',#3454,1.);
#3454 = DIRECTION('',(1.,0.,-2.22044604925E-16));
#3455 = PCURVE('',#2188,#3456);
#3456 = DEFINITIONAL_REPRESENTATION('',(#3457),#3461);
#3457 = LINE('',#3458,#3459);
#3458 = CARTESIAN_POINT('',(27.,-1.33120277756E-30));
#3459 = VECTOR('',#3460,1.);
#3460 = DIRECTION('',(-2.22044604925E-16,-1.));
#3461 = ( GEOMETRIC_REPRESENTATION_CONTEXT(2) 
PARAMETRIC_REPRESENTATION_CONTEXT() REPRESENTATION_CONTEXT('2D SPACE',''
  ) );
#3462 = PCURVE('',#2992,#3463);
#3463 = DEFINITIONAL_REPRESENTATION('',(#3464),#3468);
#3464 = LINE('',#3465,#3466);
#3465 = CARTESIAN_POINT('',(6.712,-2.999643592103E-28));
#3466 = VECTOR('',#3467,1.);
#3467 = DIRECTION('',(2.22044604925E-16,-1.));
#3468 = ( GEOMETRIC_REPRESENTATION_CONTEXT(2) 
PARAMETRIC_REPRESENTATION_CONTEXT() REPRESENTATION_CONTEXT('2D SPACE',''
  ) );
#3469 = ORIENTED_EDGE('',*,*,#3470,.T.);
#3470 = EDGE_CURVE('',#3448,#3471,#3473,.T.);
#3471 = VERTEX_POINT('',#3472);
#3472 = CARTESIAN_POINT('',(33.505,-10.112,1.336957740544));
#3473 = SURFACE_CURVE('',#3474,(#3478,#3485),.PCURVE_S1.);
#3474 = LINE('',#3475,#3476);
#3475 = CARTESIAN_POINT('',(33.505,-10.112,12.));
#3476 = VECTOR('',#3477,1.);
#3477 = DIRECTION('',(0.,2.22044604925E-16,-1.));
#3478 = PCURVE('',#2188,#3479);
#3479 = DEFINITIONAL_REPRESENTATION('',(#3480),#3484);
#3480 = LINE('',#3481,#3482);
#3481 = CARTESIAN_POINT('',(27.,-33.505));
#3482 = VECTOR('',#3483,1.);
#3483 = DIRECTION('',(-1.,0.));
#3484 = ( GEOMETRIC_REPRESENTATION_CONTEXT(2) 
PARAMETRIC_REPRESENTATION_CONTEXT() REPRESENTATION_CONTEXT('2D SPACE',''
  ) );
#3485 = PCURVE('',#3175,#3486);
#3486 = DEFINITIONAL_REPRESENTATION('',(#3487),#3491);
#3487 = LINE('',#3488,#3489);
#3488 = CARTESIAN_POINT('',(-3.356,12.));
#3489 = VECTOR('',#3490,1.);
#3490 = DIRECTION('',(2.22044604925E-16,-1.));
#3491 = ( GEOMETRIC_REPRESENTATION_CONTEXT(2) 
PARAMETRIC_REPRESENTATION_CONTEXT() REPRESENTATION_CONTEXT('2D SPACE',''
  ) );
#3492 = ORIENTED_EDGE('',*,*,#3493,.F.);
#3493 = EDGE_CURVE('',#3494,#3471,#3496,.T.);
#3494 = VERTEX_POINT('',#3495);
#3495 = CARTESIAN_POINT('',(34.299,-10.112,1.336957740544));
#3496 = SURFACE_CURVE('',#3497,(#3501,#3508),.PCURVE_S1.);
#3497 = LINE('',#3498,#3499);
#3498 = CARTESIAN_POINT('',(29.949,-10.112,1.336957740544));
#3499 = VECTOR('',#3500,1.);
#3500 = DIRECTION('',(-1.,0.,2.22044604925E-16));
#3501 = PCURVE('',#2188,#3502);
#3502 = DEFINITIONAL_REPRESENTATION('',(#3503),#3507);
#3503 = LINE('',#3504,#3505);
#3504 = CARTESIAN_POINT('',(16.336957740544,-29.949));
#3505 = VECTOR('',#3506,1.);
#3506 = DIRECTION('',(2.22044604925E-16,1.));
#3507 = ( GEOMETRIC_REPRESENTATION_CONTEXT(2) 
PARAMETRIC_REPRESENTATION_CONTEXT() REPRESENTATION_CONTEXT('2D SPACE',''
  ) );
#3508 = PCURVE('',#3096,#3509);
#3509 = DEFINITIONAL_REPRESENTATION('',(#3510),#3514);
#3510 = LINE('',#3511,#3512);
#3511 = CARTESIAN_POINT('',(3.273045193205,0.));
#3512 = VECTOR('',#3513,1.);
#3513 = DIRECTION('',(-0.,1.));
#3514 = ( GEOMETRIC_REPRESENTATION_CONTEXT(2) 
PARAMETRIC_REPRESENTATION_CONTEXT() REPRESENTATION_CONTEXT('2D SPACE',''
  ) );
#3515 = ORIENTED_EDGE('',*,*,#3516,.F.);
#3516 = EDGE_CURVE('',#3517,#3494,#3519,.T.);
#3517 = VERTEX_POINT('',#3518);
#3518 = CARTESIAN_POINT('',(34.299,-10.112,-1.336957740544));
#3519 = SURFACE_CURVE('',#3520,(#3524,#3531),.PCURVE_S1.);
#3520 = LINE('',#3521,#3522);
#3521 = CARTESIAN_POINT('',(34.299,-10.112,-7.5));
#3522 = VECTOR('',#3523,1.);
#3523 = DIRECTION('',(0.,-2.22044604925E-16,1.));
#3524 = PCURVE('',#2188,#3525);
#3525 = DEFINITIONAL_REPRESENTATION('',(#3526),#3530);
#3526 = LINE('',#3527,#3528);
#3527 = CARTESIAN_POINT('',(7.5,-34.299));
#3528 = VECTOR('',#3529,1.);
#3529 = DIRECTION('',(1.,0.));
#3530 = ( GEOMETRIC_REPRESENTATION_CONTEXT(2) 
PARAMETRIC_REPRESENTATION_CONTEXT() REPRESENTATION_CONTEXT('2D SPACE',''
  ) );
#3531 = PCURVE('',#3532,#3537);
#3532 = PLANE('',#3533);
#3533 = AXIS2_PLACEMENT_3D('',#3534,#3535,#3536);
#3534 = CARTESIAN_POINT('',(34.299,-2.681255161842E-16,
    -6.423534718929E-15));
#3535 = DIRECTION('',(1.,0.,-2.22044604925E-16));
#3536 = DIRECTION('',(-1.094764425253E-47,1.,-4.93038065763E-32));
#3537 = DEFINITIONAL_REPRESENTATION('',(#3538),#3542);
#3538 = LINE('',#3539,#3540);
#3539 = CARTESIAN_POINT('',(-10.112,-7.5));
#3540 = VECTOR('',#3541,1.);
#3541 = DIRECTION('',(-2.22044604925E-16,1.));
#3542 = ( GEOMETRIC_REPRESENTATION_CONTEXT(2) 
PARAMETRIC_REPRESENTATION_CONTEXT() REPRESENTATION_CONTEXT('2D SPACE',''
  ) );
#3543 = ORIENTED_EDGE('',*,*,#3544,.T.);
#3544 = EDGE_CURVE('',#3517,#3545,#3547,.T.);
#3545 = VERTEX_POINT('',#3546);
#3546 = CARTESIAN_POINT('',(33.505,-10.112,-1.336957740544));
#3547 = SURFACE_CURVE('',#3548,(#3552,#3559),.PCURVE_S1.);
#3548 = LINE('',#3549,#3550);
#3549 = CARTESIAN_POINT('',(29.949,-10.112,-1.336957740544));
#3550 = VECTOR('',#3551,1.);
#3551 = DIRECTION('',(-1.,0.,2.22044604925E-16));
#3552 = PCURVE('',#2188,#3553);
#3553 = DEFINITIONAL_REPRESENTATION('',(#3554),#3558);
#3554 = LINE('',#3555,#3556);
#3555 = CARTESIAN_POINT('',(13.663042259456,-29.949));
#3556 = VECTOR('',#3557,1.);
#3557 = DIRECTION('',(2.22044604925E-16,1.));
#3558 = ( GEOMETRIC_REPRESENTATION_CONTEXT(2) 
PARAMETRIC_REPRESENTATION_CONTEXT() REPRESENTATION_CONTEXT('2D SPACE',''
  ) );
#3559 = PCURVE('',#3096,#3560);
#3560 = DEFINITIONAL_REPRESENTATION('',(#3561),#3565);
#3561 = LINE('',#3562,#3563);
#3562 = CARTESIAN_POINT('',(3.010140113976,0.));
#3563 = VECTOR('',#3564,1.);
#3564 = DIRECTION('',(-0.,1.));
#3565 = ( GEOMETRIC_REPRESENTATION_CONTEXT(2) 
PARAMETRIC_REPRESENTATION_CONTEXT() REPRESENTATION_CONTEXT('2D SPACE',''
  ) );
#3566 = ORIENTED_EDGE('',*,*,#3567,.T.);
#3567 = EDGE_CURVE('',#3545,#3214,#3568,.T.);
#3568 = SURFACE_CURVE('',#3569,(#3573,#3580),.PCURVE_S1.);
#3569 = LINE('',#3570,#3571);
#3570 = CARTESIAN_POINT('',(33.505,-10.112,12.));
#3571 = VECTOR('',#3572,1.);
#3572 = DIRECTION('',(0.,2.22044604925E-16,-1.));
#3573 = PCURVE('',#2188,#3574);
#3574 = DEFINITIONAL_REPRESENTATION('',(#3575),#3579);
#3575 = LINE('',#3576,#3577);
#3576 = CARTESIAN_POINT('',(27.,-33.505));
#3577 = VECTOR('',#3578,1.);
#3578 = DIRECTION('',(-1.,0.));
#3579 = ( GEOMETRIC_REPRESENTATION_CONTEXT(2) 
PARAMETRIC_REPRESENTATION_CONTEXT() REPRESENTATION_CONTEXT('2D SPACE',''
  ) );
#3580 = PCURVE('',#3068,#3581);
#3581 = DEFINITIONAL_REPRESENTATION('',(#3582),#3586);
#3582 = LINE('',#3583,#3584);
#3583 = CARTESIAN_POINT('',(-3.356,12.));
#3584 = VECTOR('',#3585,1.);
#3585 = DIRECTION('',(2.22044604925E-16,-1.));
#3586 = ( GEOMETRIC_REPRESENTATION_CONTEXT(2) 
PARAMETRIC_REPRESENTATION_CONTEXT() REPRESENTATION_CONTEXT('2D SPACE',''
  ) );
#3587 = ORIENTED_EDGE('',*,*,#3213,.F.);
#3588 = ADVANCED_FACE('',(#3589,#3824),#2215,.F.);
#3589 = FACE_BOUND('',#3590,.F.);
#3590 = EDGE_LOOP('',(#3591,#3614,#3642,#3670,#3698,#3726,#3749,#3777,
    #3800,#3821,#3822,#3823));
#3591 = ORIENTED_EDGE('',*,*,#3592,.F.);
#3592 = EDGE_CURVE('',#3593,#2258,#3595,.T.);
#3593 = VERTEX_POINT('',#3594);
#3594 = CARTESIAN_POINT('',(29.5,28.55,-12.25));
#3595 = SURFACE_CURVE('',#3596,(#3600,#3607),.PCURVE_S1.);
#3596 = LINE('',#3597,#3598);
#3597 = CARTESIAN_POINT('',(29.5,17.755,-12.25));
#3598 = VECTOR('',#3599,1.);
#3599 = DIRECTION('',(2.22044604925E-16,-1.,0.));
#3600 = PCURVE('',#2215,#3601);
#3601 = DEFINITIONAL_REPRESENTATION('',(#3602),#3606);
#3602 = LINE('',#3603,#3604);
#3603 = CARTESIAN_POINT('',(17.755,-29.5));
#3604 = VECTOR('',#3605,1.);
#3605 = DIRECTION('',(1.,1.094764425253E-47));
#3606 = ( GEOMETRIC_REPRESENTATION_CONTEXT(2) 
PARAMETRIC_REPRESENTATION_CONTEXT() REPRESENTATION_CONTEXT('2D SPACE',''
  ) );
#3607 = PCURVE('',#2275,#3608);
#3608 = DEFINITIONAL_REPRESENTATION('',(#3609),#3613);
#3609 = LINE('',#3610,#3611);
#3610 = CARTESIAN_POINT('',(17.755,-12.25));
#3611 = VECTOR('',#3612,1.);
#3612 = DIRECTION('',(-1.,0.));
#3613 = ( GEOMETRIC_REPRESENTATION_CONTEXT(2) 
PARAMETRIC_REPRESENTATION_CONTEXT() REPRESENTATION_CONTEXT('2D SPACE',''
  ) );
#3614 = ORIENTED_EDGE('',*,*,#3615,.T.);
#3615 = EDGE_CURVE('',#3593,#3616,#3618,.T.);
#3616 = VERTEX_POINT('',#3617);
#3617 = CARTESIAN_POINT('',(32.589,28.55,-12.25));
#3618 = SURFACE_CURVE('',#3619,(#3623,#3630),.PCURVE_S1.);
#3619 = LINE('',#3620,#3621);
#3620 = CARTESIAN_POINT('',(13.6,28.55,-12.25));
#3621 = VECTOR('',#3622,1.);
#3622 = DIRECTION('',(1.,0.,-2.22044604925E-16));
#3623 = PCURVE('',#2215,#3624);
#3624 = DEFINITIONAL_REPRESENTATION('',(#3625),#3629);
#3625 = LINE('',#3626,#3627);
#3626 = CARTESIAN_POINT('',(6.96,-13.6));
#3627 = VECTOR('',#3628,1.);
#3628 = DIRECTION('',(2.22044604925E-16,-1.));
#3629 = ( GEOMETRIC_REPRESENTATION_CONTEXT(2) 
PARAMETRIC_REPRESENTATION_CONTEXT() REPRESENTATION_CONTEXT('2D SPACE',''
  ) );
#3630 = PCURVE('',#3631,#3636);
#3631 = PLANE('',#3632);
#3632 = AXIS2_PLACEMENT_3D('',#3633,#3634,#3635);
#3633 = CARTESIAN_POINT('',(27.2,28.55,15.));
#3634 = DIRECTION('',(-2.22044604925E-16,1.,0.));
#3635 = DIRECTION('',(4.93038065763E-32,1.094764425253E-47,-1.));
#3636 = DEFINITIONAL_REPRESENTATION('',(#3637),#3641);
#3637 = LINE('',#3638,#3639);
#3638 = CARTESIAN_POINT('',(27.25,13.6));
#3639 = VECTOR('',#3640,1.);
#3640 = DIRECTION('',(2.22044604925E-16,-1.));
#3641 = ( GEOMETRIC_REPRESENTATION_CONTEXT(2) 
PARAMETRIC_REPRESENTATION_CONTEXT() REPRESENTATION_CONTEXT('2D SPACE',''
  ) );
#3642 = ORIENTED_EDGE('',*,*,#3643,.F.);
#3643 = EDGE_CURVE('',#3644,#3616,#3646,.T.);
#3644 = VERTEX_POINT('',#3645);
#3645 = CARTESIAN_POINT('',(32.589,35.51,-12.25));
#3646 = SURFACE_CURVE('',#3647,(#3651,#3658),.PCURVE_S1.);
#3647 = LINE('',#3648,#3649);
#3648 = CARTESIAN_POINT('',(32.589,33.77,-12.25));
#3649 = VECTOR('',#3650,1.);
#3650 = DIRECTION('',(2.22044604925E-16,-1.,0.));
#3651 = PCURVE('',#2215,#3652);
#3652 = DEFINITIONAL_REPRESENTATION('',(#3653),#3657);
#3653 = LINE('',#3654,#3655);
#3654 = CARTESIAN_POINT('',(1.74,-32.589));
#3655 = VECTOR('',#3656,1.);
#3656 = DIRECTION('',(1.,1.094764425253E-47));
#3657 = ( GEOMETRIC_REPRESENTATION_CONTEXT(2) 
PARAMETRIC_REPRESENTATION_CONTEXT() REPRESENTATION_CONTEXT('2D SPACE',''
  ) );
#3658 = PCURVE('',#3659,#3664);
#3659 = PLANE('',#3660);
#3660 = AXIS2_PLACEMENT_3D('',#3661,#3662,#3663);
#3661 = CARTESIAN_POINT('',(32.589,32.03,-7.236211629902E-15));
#3662 = DIRECTION('',(1.,0.,-2.22044604925E-16));
#3663 = DIRECTION('',(-1.094764425253E-47,1.,-4.93038065763E-32));
#3664 = DEFINITIONAL_REPRESENTATION('',(#3665),#3669);
#3665 = LINE('',#3666,#3667);
#3666 = CARTESIAN_POINT('',(1.74,-12.25));
#3667 = VECTOR('',#3668,1.);
#3668 = DIRECTION('',(-1.,0.));
#3669 = ( GEOMETRIC_REPRESENTATION_CONTEXT(2) 
PARAMETRIC_REPRESENTATION_CONTEXT() REPRESENTATION_CONTEXT('2D SPACE',''
  ) );
#3670 = ORIENTED_EDGE('',*,*,#3671,.T.);
#3671 = EDGE_CURVE('',#3644,#3672,#3674,.T.);
#3672 = VERTEX_POINT('',#3673);
#3673 = CARTESIAN_POINT('',(64.589,35.51,-12.25));
#3674 = SURFACE_CURVE('',#3675,(#3679,#3686),.PCURVE_S1.);
#3675 = LINE('',#3676,#3677);
#3676 = CARTESIAN_POINT('',(-7.884803920888E-15,35.51,-12.25));
#3677 = VECTOR('',#3678,1.);
#3678 = DIRECTION('',(1.,0.,-2.22044604925E-16));
#3679 = PCURVE('',#2215,#3680);
#3680 = DEFINITIONAL_REPRESENTATION('',(#3681),#3685);
#3681 = LINE('',#3682,#3683);
#3682 = CARTESIAN_POINT('',(0.,-0.));
#3683 = VECTOR('',#3684,1.);
#3684 = DIRECTION('',(2.22044604925E-16,-1.));
#3685 = ( GEOMETRIC_REPRESENTATION_CONTEXT(2) 
PARAMETRIC_REPRESENTATION_CONTEXT() REPRESENTATION_CONTEXT('2D SPACE',''
  ) );
#3686 = PCURVE('',#3687,#3692);
#3687 = PLANE('',#3688);
#3688 = AXIS2_PLACEMENT_3D('',#3689,#3690,#3691);
#3689 = CARTESIAN_POINT('',(-7.884803920888E-15,35.51,-15.));
#3690 = DIRECTION('',(2.22044604925E-16,-1.,0.));
#3691 = DIRECTION('',(-4.93038065763E-32,-1.094764425253E-47,1.));
#3692 = DEFINITIONAL_REPRESENTATION('',(#3693),#3697);
#3693 = LINE('',#3694,#3695);
#3694 = CARTESIAN_POINT('',(2.75,-1.355854680848E-31));
#3695 = VECTOR('',#3696,1.);
#3696 = DIRECTION('',(-2.22044604925E-16,-1.));
#3697 = ( GEOMETRIC_REPRESENTATION_CONTEXT(2) 
PARAMETRIC_REPRESENTATION_CONTEXT() REPRESENTATION_CONTEXT('2D SPACE',''
  ) );
#3698 = ORIENTED_EDGE('',*,*,#3699,.F.);
#3699 = EDGE_CURVE('',#3700,#3672,#3702,.T.);
#3700 = VERTEX_POINT('',#3701);
#3701 = CARTESIAN_POINT('',(64.589,9.496709956611,-12.25));
#3702 = SURFACE_CURVE('',#3703,(#3707,#3714),.PCURVE_S1.);
#3703 = LINE('',#3704,#3705);
#3704 = CARTESIAN_POINT('',(64.589,-10.112,-12.25));
#3705 = VECTOR('',#3706,1.);
#3706 = DIRECTION('',(-2.22044604925E-16,1.,0.));
#3707 = PCURVE('',#2215,#3708);
#3708 = DEFINITIONAL_REPRESENTATION('',(#3709),#3713);
#3709 = LINE('',#3710,#3711);
#3710 = CARTESIAN_POINT('',(45.622,-64.589));
#3711 = VECTOR('',#3712,1.);
#3712 = DIRECTION('',(-1.,-1.094764425253E-47));
#3713 = ( GEOMETRIC_REPRESENTATION_CONTEXT(2) 
PARAMETRIC_REPRESENTATION_CONTEXT() REPRESENTATION_CONTEXT('2D SPACE',''
  ) );
#3714 = PCURVE('',#3715,#3720);
#3715 = PLANE('',#3716);
#3716 = AXIS2_PLACEMENT_3D('',#3717,#3718,#3719);
#3717 = CARTESIAN_POINT('',(64.589,12.699,-11.125));
#3718 = DIRECTION('',(1.,0.,-2.22044604925E-16));
#3719 = DIRECTION('',(-1.094764425253E-47,1.,-4.93038065763E-32));
#3720 = DEFINITIONAL_REPRESENTATION('',(#3721),#3725);
#3721 = LINE('',#3722,#3723);
#3722 = CARTESIAN_POINT('',(-22.811,-1.125));
#3723 = VECTOR('',#3724,1.);
#3724 = DIRECTION('',(1.,0.));
#3725 = ( GEOMETRIC_REPRESENTATION_CONTEXT(2) 
PARAMETRIC_REPRESENTATION_CONTEXT() REPRESENTATION_CONTEXT('2D SPACE',''
  ) );
#3726 = ORIENTED_EDGE('',*,*,#3727,.T.);
#3727 = EDGE_CURVE('',#3700,#3728,#3730,.T.);
#3728 = VERTEX_POINT('',#3729);
#3729 = CARTESIAN_POINT('',(63.589,9.496709956611,-12.25));
#3730 = SURFACE_CURVE('',#3731,(#3735,#3742),.PCURVE_S1.);
#3731 = LINE('',#3732,#3733);
#3732 = CARTESIAN_POINT('',(63.589,9.496709956611,-12.25));
#3733 = VECTOR('',#3734,1.);
#3734 = DIRECTION('',(-1.,0.,2.22044604925E-16));
#3735 = PCURVE('',#2215,#3736);
#3736 = DEFINITIONAL_REPRESENTATION('',(#3737),#3741);
#3737 = LINE('',#3738,#3739);
#3738 = CARTESIAN_POINT('',(26.013290043389,-63.589));
#3739 = VECTOR('',#3740,1.);
#3740 = DIRECTION('',(-2.22044604925E-16,1.));
#3741 = ( GEOMETRIC_REPRESENTATION_CONTEXT(2) 
PARAMETRIC_REPRESENTATION_CONTEXT() REPRESENTATION_CONTEXT('2D SPACE',''
  ) );
#3742 = PCURVE('',#3329,#3743);
#3743 = DEFINITIONAL_REPRESENTATION('',(#3744),#3748);
#3744 = LINE('',#3745,#3746);
#3745 = CARTESIAN_POINT('',(0.911335316897,0.));
#3746 = VECTOR('',#3747,1.);
#3747 = DIRECTION('',(-0.,1.));
#3748 = ( GEOMETRIC_REPRESENTATION_CONTEXT(2) 
PARAMETRIC_REPRESENTATION_CONTEXT() REPRESENTATION_CONTEXT('2D SPACE',''
  ) );
#3749 = ORIENTED_EDGE('',*,*,#3750,.T.);
#3750 = EDGE_CURVE('',#3728,#3751,#3753,.T.);
#3751 = VERTEX_POINT('',#3752);
#3752 = CARTESIAN_POINT('',(63.589,-9.496709956611,-12.25));
#3753 = SURFACE_CURVE('',#3754,(#3758,#3765),.PCURVE_S1.);
#3754 = LINE('',#3755,#3756);
#3755 = CARTESIAN_POINT('',(63.589,17.755,-12.25));
#3756 = VECTOR('',#3757,1.);
#3757 = DIRECTION('',(2.22044604925E-16,-1.,0.));
#3758 = PCURVE('',#2215,#3759);
#3759 = DEFINITIONAL_REPRESENTATION('',(#3760),#3764);
#3760 = LINE('',#3761,#3762);
#3761 = CARTESIAN_POINT('',(17.755,-63.589));
#3762 = VECTOR('',#3763,1.);
#3763 = DIRECTION('',(1.,1.094764425253E-47));
#3764 = ( GEOMETRIC_REPRESENTATION_CONTEXT(2) 
PARAMETRIC_REPRESENTATION_CONTEXT() REPRESENTATION_CONTEXT('2D SPACE',''
  ) );
#3765 = PCURVE('',#3766,#3771);
#3766 = PLANE('',#3767);
#3767 = AXIS2_PLACEMENT_3D('',#3768,#3769,#3770);
#3768 = CARTESIAN_POINT('',(63.589,-7.057755522784E-16,
    -1.334077745758E-14));
#3769 = DIRECTION('',(1.,0.,-2.22044604925E-16));
#3770 = DIRECTION('',(-1.094764425253E-47,1.,-4.93038065763E-32));
#3771 = DEFINITIONAL_REPRESENTATION('',(#3772),#3776);
#3772 = LINE('',#3773,#3774);
#3773 = CARTESIAN_POINT('',(17.755,-12.25));
#3774 = VECTOR('',#3775,1.);
#3775 = DIRECTION('',(-1.,0.));
#3776 = ( GEOMETRIC_REPRESENTATION_CONTEXT(2) 
PARAMETRIC_REPRESENTATION_CONTEXT() REPRESENTATION_CONTEXT('2D SPACE',''
  ) );
#3777 = ORIENTED_EDGE('',*,*,#3778,.F.);
#3778 = EDGE_CURVE('',#3779,#3751,#3781,.T.);
#3779 = VERTEX_POINT('',#3780);
#3780 = CARTESIAN_POINT('',(64.589,-9.496709956611,-12.25));
#3781 = SURFACE_CURVE('',#3782,(#3786,#3793),.PCURVE_S1.);
#3782 = LINE('',#3783,#3784);
#3783 = CARTESIAN_POINT('',(63.589,-9.496709956611,-12.25));
#3784 = VECTOR('',#3785,1.);
#3785 = DIRECTION('',(-1.,0.,2.22044604925E-16));
#3786 = PCURVE('',#2215,#3787);
#3787 = DEFINITIONAL_REPRESENTATION('',(#3788),#3792);
#3788 = LINE('',#3789,#3790);
#3789 = CARTESIAN_POINT('',(45.006709956611,-63.589));
#3790 = VECTOR('',#3791,1.);
#3791 = DIRECTION('',(-2.22044604925E-16,1.));
#3792 = ( GEOMETRIC_REPRESENTATION_CONTEXT(2) 
PARAMETRIC_REPRESENTATION_CONTEXT() REPRESENTATION_CONTEXT('2D SPACE',''
  ) );
#3793 = PCURVE('',#3329,#3794);
#3794 = DEFINITIONAL_REPRESENTATION('',(#3795),#3799);
#3795 = LINE('',#3796,#3797);
#3796 = CARTESIAN_POINT('',(2.230257336694,0.));
#3797 = VECTOR('',#3798,1.);
#3798 = DIRECTION('',(-0.,1.));
#3799 = ( GEOMETRIC_REPRESENTATION_CONTEXT(2) 
PARAMETRIC_REPRESENTATION_CONTEXT() REPRESENTATION_CONTEXT('2D SPACE',''
  ) );
#3800 = ORIENTED_EDGE('',*,*,#3801,.F.);
#3801 = EDGE_CURVE('',#3263,#3779,#3802,.T.);
#3802 = SURFACE_CURVE('',#3803,(#3807,#3814),.PCURVE_S1.);
#3803 = LINE('',#3804,#3805);
#3804 = CARTESIAN_POINT('',(64.589,-10.112,-12.25));
#3805 = VECTOR('',#3806,1.);
#3806 = DIRECTION('',(-2.22044604925E-16,1.,0.));
#3807 = PCURVE('',#2215,#3808);
#3808 = DEFINITIONAL_REPRESENTATION('',(#3809),#3813);
#3809 = LINE('',#3810,#3811);
#3810 = CARTESIAN_POINT('',(45.622,-64.589));
#3811 = VECTOR('',#3812,1.);
#3812 = DIRECTION('',(-1.,-1.094764425253E-47));
#3813 = ( GEOMETRIC_REPRESENTATION_CONTEXT(2) 
PARAMETRIC_REPRESENTATION_CONTEXT() REPRESENTATION_CONTEXT('2D SPACE',''
  ) );
#3814 = PCURVE('',#3301,#3815);
#3815 = DEFINITIONAL_REPRESENTATION('',(#3816),#3820);
#3816 = LINE('',#3817,#3818);
#3817 = CARTESIAN_POINT('',(-22.811,-1.125));
#3818 = VECTOR('',#3819,1.);
#3819 = DIRECTION('',(1.,0.));
#3820 = ( GEOMETRIC_REPRESENTATION_CONTEXT(2) 
PARAMETRIC_REPRESENTATION_CONTEXT() REPRESENTATION_CONTEXT('2D SPACE',''
  ) );
#3821 = ORIENTED_EDGE('',*,*,#3262,.F.);
#3822 = ORIENTED_EDGE('',*,*,#2200,.T.);
#3823 = ORIENTED_EDGE('',*,*,#2287,.F.);
#3824 = FACE_BOUND('',#3825,.F.);
#3825 = EDGE_LOOP('',(#3826,#3856,#3884,#3912));
#3826 = ORIENTED_EDGE('',*,*,#3827,.F.);
#3827 = EDGE_CURVE('',#3828,#3830,#3832,.T.);
#3828 = VERTEX_POINT('',#3829);
#3829 = CARTESIAN_POINT('',(32.589,11.531098884281,-12.25));
#3830 = VERTEX_POINT('',#3831);
#3831 = CARTESIAN_POINT('',(32.589,5.068901115719,-12.25));
#3832 = SURFACE_CURVE('',#3833,(#3837,#3844),.PCURVE_S1.);
#3833 = LINE('',#3834,#3835);
#3834 = CARTESIAN_POINT('',(32.589,21.905,-12.25));
#3835 = VECTOR('',#3836,1.);
#3836 = DIRECTION('',(2.22044604925E-16,-1.,0.));
#3837 = PCURVE('',#2215,#3838);
#3838 = DEFINITIONAL_REPRESENTATION('',(#3839),#3843);
#3839 = LINE('',#3840,#3841);
#3840 = CARTESIAN_POINT('',(13.605,-32.589));
#3841 = VECTOR('',#3842,1.);
#3842 = DIRECTION('',(1.,1.094764425253E-47));
#3843 = ( GEOMETRIC_REPRESENTATION_CONTEXT(2) 
PARAMETRIC_REPRESENTATION_CONTEXT() REPRESENTATION_CONTEXT('2D SPACE',''
  ) );
#3844 = PCURVE('',#3845,#3850);
#3845 = PLANE('',#3846);
#3846 = AXIS2_PLACEMENT_3D('',#3847,#3848,#3849);
#3847 = CARTESIAN_POINT('',(32.589,8.3,-10.25));
#3848 = DIRECTION('',(1.,0.,-2.22044604925E-16));
#3849 = DIRECTION('',(-1.094764425253E-47,1.,-4.93038065763E-32));
#3850 = DEFINITIONAL_REPRESENTATION('',(#3851),#3855);
#3851 = LINE('',#3852,#3853);
#3852 = CARTESIAN_POINT('',(13.605,-2.));
#3853 = VECTOR('',#3854,1.);
#3854 = DIRECTION('',(-1.,0.));
#3855 = ( GEOMETRIC_REPRESENTATION_CONTEXT(2) 
PARAMETRIC_REPRESENTATION_CONTEXT() REPRESENTATION_CONTEXT('2D SPACE',''
  ) );
#3856 = ORIENTED_EDGE('',*,*,#3857,.T.);
#3857 = EDGE_CURVE('',#3828,#3858,#3860,.T.);
#3858 = VERTEX_POINT('',#3859);
#3859 = CARTESIAN_POINT('',(27.2,11.531098884281,-12.25));
#3860 = SURFACE_CURVE('',#3861,(#3865,#3872),.PCURVE_S1.);
#3861 = LINE('',#3862,#3863);
#3862 = CARTESIAN_POINT('',(27.2,11.531098884281,-12.25));
#3863 = VECTOR('',#3864,1.);
#3864 = DIRECTION('',(-1.,0.,2.22044604925E-16));
#3865 = PCURVE('',#2215,#3866);
#3866 = DEFINITIONAL_REPRESENTATION('',(#3867),#3871);
#3867 = LINE('',#3868,#3869);
#3868 = CARTESIAN_POINT('',(23.978901115719,-27.2));
#3869 = VECTOR('',#3870,1.);
#3870 = DIRECTION('',(-2.22044604925E-16,1.));
#3871 = ( GEOMETRIC_REPRESENTATION_CONTEXT(2) 
PARAMETRIC_REPRESENTATION_CONTEXT() REPRESENTATION_CONTEXT('2D SPACE',''
  ) );
#3872 = PCURVE('',#3873,#3878);
#3873 = CYLINDRICAL_SURFACE('',#3874,3.8);
#3874 = AXIS2_PLACEMENT_3D('',#3875,#3876,#3877);
#3875 = CARTESIAN_POINT('',(27.2,8.3,-10.25));
#3876 = DIRECTION('',(-1.,0.,2.22044604925E-16));
#3877 = DIRECTION('',(-1.094764425253E-47,1.,-4.93038065763E-32));
#3878 = DEFINITIONAL_REPRESENTATION('',(#3879),#3883);
#3879 = LINE('',#3880,#3881);
#3880 = CARTESIAN_POINT('',(0.554261834453,0.));
#3881 = VECTOR('',#3882,1.);
#3882 = DIRECTION('',(-0.,1.));
#3883 = ( GEOMETRIC_REPRESENTATION_CONTEXT(2) 
PARAMETRIC_REPRESENTATION_CONTEXT() REPRESENTATION_CONTEXT('2D SPACE',''
  ) );
#3884 = ORIENTED_EDGE('',*,*,#3885,.T.);
#3885 = EDGE_CURVE('',#3858,#3886,#3888,.T.);
#3886 = VERTEX_POINT('',#3887);
#3887 = CARTESIAN_POINT('',(27.2,5.068901115719,-12.25));
#3888 = SURFACE_CURVE('',#3889,(#3893,#3900),.PCURVE_S1.);
#3889 = LINE('',#3890,#3891);
#3890 = CARTESIAN_POINT('',(27.2,21.905,-12.25));
#3891 = VECTOR('',#3892,1.);
#3892 = DIRECTION('',(2.22044604925E-16,-1.,0.));
#3893 = PCURVE('',#2215,#3894);
#3894 = DEFINITIONAL_REPRESENTATION('',(#3895),#3899);
#3895 = LINE('',#3896,#3897);
#3896 = CARTESIAN_POINT('',(13.605,-27.2));
#3897 = VECTOR('',#3898,1.);
#3898 = DIRECTION('',(1.,1.094764425253E-47));
#3899 = ( GEOMETRIC_REPRESENTATION_CONTEXT(2) 
PARAMETRIC_REPRESENTATION_CONTEXT() REPRESENTATION_CONTEXT('2D SPACE',''
  ) );
#3900 = PCURVE('',#3901,#3906);
#3901 = PLANE('',#3902);
#3902 = AXIS2_PLACEMENT_3D('',#3903,#3904,#3905);
#3903 = CARTESIAN_POINT('',(27.2,8.3,-10.25));
#3904 = DIRECTION('',(1.,0.,-2.22044604925E-16));
#3905 = DIRECTION('',(-1.094764425253E-47,1.,-4.93038065763E-32));
#3906 = DEFINITIONAL_REPRESENTATION('',(#3907),#3911);
#3907 = LINE('',#3908,#3909);
#3908 = CARTESIAN_POINT('',(13.605,-2.));
#3909 = VECTOR('',#3910,1.);
#3910 = DIRECTION('',(-1.,0.));
#3911 = ( GEOMETRIC_REPRESENTATION_CONTEXT(2) 
PARAMETRIC_REPRESENTATION_CONTEXT() REPRESENTATION_CONTEXT('2D SPACE',''
  ) );
#3912 = ORIENTED_EDGE('',*,*,#3913,.F.);
#3913 = EDGE_CURVE('',#3830,#3886,#3914,.T.);
#3914 = SURFACE_CURVE('',#3915,(#3919,#3926),.PCURVE_S1.);
#3915 = LINE('',#3916,#3917);
#3916 = CARTESIAN_POINT('',(27.2,5.068901115719,-12.25));
#3917 = VECTOR('',#3918,1.);
#3918 = DIRECTION('',(-1.,0.,2.22044604925E-16));
#3919 = PCURVE('',#2215,#3920);
#3920 = DEFINITIONAL_REPRESENTATION('',(#3921),#3925);
#3921 = LINE('',#3922,#3923);
#3922 = CARTESIAN_POINT('',(30.441098884281,-27.2));
#3923 = VECTOR('',#3924,1.);
#3924 = DIRECTION('',(-2.22044604925E-16,1.));
#3925 = ( GEOMETRIC_REPRESENTATION_CONTEXT(2) 
PARAMETRIC_REPRESENTATION_CONTEXT() REPRESENTATION_CONTEXT('2D SPACE',''
  ) );
#3926 = PCURVE('',#3927,#3932);
#3927 = CYLINDRICAL_SURFACE('',#3928,3.8);
#3928 = AXIS2_PLACEMENT_3D('',#3929,#3930,#3931);
#3929 = CARTESIAN_POINT('',(27.2,8.3,-10.25));
#3930 = DIRECTION('',(-1.,0.,2.22044604925E-16));
#3931 = DIRECTION('',(-1.094764425253E-47,1.,-4.93038065763E-32));
#3932 = DEFINITIONAL_REPRESENTATION('',(#3933),#3937);
#3933 = LINE('',#3934,#3935);
#3934 = CARTESIAN_POINT('',(2.587330819138,0.));
#3935 = VECTOR('',#3936,1.);
#3936 = DIRECTION('',(-0.,1.));
#3937 = ( GEOMETRIC_REPRESENTATION_CONTEXT(2) 
PARAMETRIC_REPRESENTATION_CONTEXT() REPRESENTATION_CONTEXT('2D SPACE',''
  ) );
#3938 = ADVANCED_FACE('',(#3939),#2275,.F.);
#3939 = FACE_BOUND('',#3940,.F.);
#3940 = EDGE_LOOP('',(#3941,#3942,#3943,#3971));
#3941 = ORIENTED_EDGE('',*,*,#3592,.T.);
#3942 = ORIENTED_EDGE('',*,*,#2257,.T.);
#3943 = ORIENTED_EDGE('',*,*,#3944,.T.);
#3944 = EDGE_CURVE('',#2260,#3945,#3947,.T.);
#3945 = VERTEX_POINT('',#3946);
#3946 = CARTESIAN_POINT('',(29.5,28.55,-15.));
#3947 = SURFACE_CURVE('',#3948,(#3952,#3959),.PCURVE_S1.);
#3948 = LINE('',#3949,#3950);
#3949 = CARTESIAN_POINT('',(29.5,-5.056,-15.));
#3950 = VECTOR('',#3951,1.);
#3951 = DIRECTION('',(-2.22044604925E-16,1.,0.));
#3952 = PCURVE('',#2275,#3953);
#3953 = DEFINITIONAL_REPRESENTATION('',(#3954),#3958);
#3954 = LINE('',#3955,#3956);
#3955 = CARTESIAN_POINT('',(-5.056,-15.));
#3956 = VECTOR('',#3957,1.);
#3957 = DIRECTION('',(1.,0.));
#3958 = ( GEOMETRIC_REPRESENTATION_CONTEXT(2) 
PARAMETRIC_REPRESENTATION_CONTEXT() REPRESENTATION_CONTEXT('2D SPACE',''
  ) );
#3959 = PCURVE('',#3960,#3965);
#3960 = PLANE('',#3961);
#3961 = AXIS2_PLACEMENT_3D('',#3962,#3963,#3964);
#3962 = CARTESIAN_POINT('',(2.245315045002E-15,-10.112,-15.));
#3963 = DIRECTION('',(0.,-2.22044604925E-16,1.));
#3964 = DIRECTION('',(-2.22044604925E-16,1.,2.22044604925E-16));
#3965 = DEFINITIONAL_REPRESENTATION('',(#3966),#3970);
#3966 = LINE('',#3967,#3968);
#3967 = CARTESIAN_POINT('',(5.056,-29.5));
#3968 = VECTOR('',#3969,1.);
#3969 = DIRECTION('',(1.,-1.094764425253E-47));
#3970 = ( GEOMETRIC_REPRESENTATION_CONTEXT(2) 
PARAMETRIC_REPRESENTATION_CONTEXT() REPRESENTATION_CONTEXT('2D SPACE',''
  ) );
#3971 = ORIENTED_EDGE('',*,*,#3972,.T.);
#3972 = EDGE_CURVE('',#3945,#3593,#3973,.T.);
#3973 = SURFACE_CURVE('',#3974,(#3978,#3985),.PCURVE_S1.);
#3974 = LINE('',#3975,#3976);
#3975 = CARTESIAN_POINT('',(29.5,28.55,7.5));
#3976 = VECTOR('',#3977,1.);
#3977 = DIRECTION('',(0.,-2.22044604925E-16,1.));
#3978 = PCURVE('',#2275,#3979);
#3979 = DEFINITIONAL_REPRESENTATION('',(#3980),#3984);
#3980 = LINE('',#3981,#3982);
#3981 = CARTESIAN_POINT('',(28.55,7.5));
#3982 = VECTOR('',#3983,1.);
#3983 = DIRECTION('',(-2.22044604925E-16,1.));
#3984 = ( GEOMETRIC_REPRESENTATION_CONTEXT(2) 
PARAMETRIC_REPRESENTATION_CONTEXT() REPRESENTATION_CONTEXT('2D SPACE',''
  ) );
#3985 = PCURVE('',#3631,#3986);
#3986 = DEFINITIONAL_REPRESENTATION('',(#3987),#3991);
#3987 = LINE('',#3988,#3989);
#3988 = CARTESIAN_POINT('',(7.5,-2.3));
#3989 = VECTOR('',#3990,1.);
#3990 = DIRECTION('',(-1.,0.));
#3991 = ( GEOMETRIC_REPRESENTATION_CONTEXT(2) 
PARAMETRIC_REPRESENTATION_CONTEXT() REPRESENTATION_CONTEXT('2D SPACE',''
  ) );
#3992 = ADVANCED_FACE('',(#3993),#2323,.F.);
#3993 = FACE_BOUND('',#3994,.F.);
#3994 = EDGE_LOOP('',(#3995,#3996,#3997,#4020));
#3995 = ORIENTED_EDGE('',*,*,#2309,.F.);
#3996 = ORIENTED_EDGE('',*,*,#2368,.T.);
#3997 = ORIENTED_EDGE('',*,*,#3998,.T.);
#3998 = EDGE_CURVE('',#2369,#3999,#4001,.T.);
#3999 = VERTEX_POINT('',#4000);
#4000 = CARTESIAN_POINT('',(29.5,-10.112,-15.));
#4001 = SURFACE_CURVE('',#4002,(#4006,#4013),.PCURVE_S1.);
#4002 = LINE('',#4003,#4004);
#4003 = CARTESIAN_POINT('',(2.245315045002E-15,-10.112,-15.));
#4004 = VECTOR('',#4005,1.);
#4005 = DIRECTION('',(1.,0.,-2.22044604925E-16));
#4006 = PCURVE('',#2323,#4007);
#4007 = DEFINITIONAL_REPRESENTATION('',(#4008),#4012);
#4008 = LINE('',#4009,#4010);
#4009 = CARTESIAN_POINT('',(0.,-0.));
#4010 = VECTOR('',#4011,1.);
#4011 = DIRECTION('',(-2.22044604925E-16,-1.));
#4012 = ( GEOMETRIC_REPRESENTATION_CONTEXT(2) 
PARAMETRIC_REPRESENTATION_CONTEXT() REPRESENTATION_CONTEXT('2D SPACE',''
  ) );
#4013 = PCURVE('',#2660,#4014);
#4014 = DEFINITIONAL_REPRESENTATION('',(#4015),#4019);
#4015 = LINE('',#4016,#4017);
#4016 = CARTESIAN_POINT('',(3.8,-9.860761315263E-32));
#4017 = VECTOR('',#4018,1.);
#4018 = DIRECTION('',(-2.22044604925E-16,-1.));
#4019 = ( GEOMETRIC_REPRESENTATION_CONTEXT(2) 
PARAMETRIC_REPRESENTATION_CONTEXT() REPRESENTATION_CONTEXT('2D SPACE',''
  ) );
#4020 = ORIENTED_EDGE('',*,*,#4021,.T.);
#4021 = EDGE_CURVE('',#3999,#2260,#4022,.T.);
#4022 = SURFACE_CURVE('',#4023,(#4027,#4034),.PCURVE_S1.);
#4023 = LINE('',#4024,#4025);
#4024 = CARTESIAN_POINT('',(29.5,3.330669073875E-15,-15.));
#4025 = VECTOR('',#4026,1.);
#4026 = DIRECTION('',(-2.22044604925E-16,1.,0.));
#4027 = PCURVE('',#2323,#4028);
#4028 = DEFINITIONAL_REPRESENTATION('',(#4029),#4033);
#4029 = LINE('',#4030,#4031);
#4030 = CARTESIAN_POINT('',(10.112,-29.5));
#4031 = VECTOR('',#4032,1.);
#4032 = DIRECTION('',(1.,-1.094764425253E-47));
#4033 = ( GEOMETRIC_REPRESENTATION_CONTEXT(2) 
PARAMETRIC_REPRESENTATION_CONTEXT() REPRESENTATION_CONTEXT('2D SPACE',''
  ) );
#4034 = PCURVE('',#3960,#4035);
#4035 = DEFINITIONAL_REPRESENTATION('',(#4036),#4040);
#4036 = LINE('',#4037,#4038);
#4037 = CARTESIAN_POINT('',(10.112,-29.5));
#4038 = VECTOR('',#4039,1.);
#4039 = DIRECTION('',(1.,-1.094764425253E-47));
#4040 = ( GEOMETRIC_REPRESENTATION_CONTEXT(2) 
PARAMETRIC_REPRESENTATION_CONTEXT() REPRESENTATION_CONTEXT('2D SPACE',''
  ) );
#4041 = ADVANCED_FACE('',(#4042),#2517,.F.);
#4042 = FACE_BOUND('',#4043,.F.);
#4043 = EDGE_LOOP('',(#4044,#4045,#4046,#4073,#4074));
#4044 = ORIENTED_EDGE('',*,*,#2891,.F.);
#4045 = ORIENTED_EDGE('',*,*,#2833,.T.);
#4046 = ORIENTED_EDGE('',*,*,#4047,.T.);
#4047 = EDGE_CURVE('',#2834,#2764,#4048,.T.);
#4048 = SURFACE_CURVE('',#4049,(#4054,#4061),.PCURVE_S1.);
#4049 = CIRCLE('',#4050,18.1);
#4050 = AXIS2_PLACEMENT_3D('',#4051,#4052,#4053);
#4051 = CARTESIAN_POINT('',(0.,-3.330669073875E-15,15.));
#4052 = DIRECTION('',(-2.22044604925E-16,-4.930380657631E-32,-1.));
#4053 = DIRECTION('',(-2.22044604925E-16,1.,-1.066300550197E-44));
#4054 = PCURVE('',#2517,#4055);
#4055 = DEFINITIONAL_REPRESENTATION('',(#4056),#4060);
#4056 = CIRCLE('',#4057,18.1);
#4057 = AXIS2_PLACEMENT_2D('',#4058,#4059);
#4058 = CARTESIAN_POINT('',(4.699166220078E-16,1.208786857494E-15));
#4059 = DIRECTION('',(2.22044604925E-16,1.));
#4060 = ( GEOMETRIC_REPRESENTATION_CONTEXT(2) 
PARAMETRIC_REPRESENTATION_CONTEXT() REPRESENTATION_CONTEXT('2D SPACE',''
  ) );
#4061 = PCURVE('',#4062,#4067);
#4062 = PLANE('',#4063);
#4063 = AXIS2_PLACEMENT_3D('',#4064,#4065,#4066);
#4064 = CARTESIAN_POINT('',(-7.884803920888E-15,35.51,15.));
#4065 = DIRECTION('',(0.,2.22044604925E-16,-1.));
#4066 = DIRECTION('',(2.22044604925E-16,-1.,-2.22044604925E-16));
#4067 = DEFINITIONAL_REPRESENTATION('',(#4068),#4072);
#4068 = CIRCLE('',#4069,18.1);
#4069 = AXIS2_PLACEMENT_2D('',#4070,#4071);
#4070 = CARTESIAN_POINT('',(35.51,-1.251133395681E-27));
#4071 = DIRECTION('',(-1.,-1.094764425253E-47));
#4072 = ( GEOMETRIC_REPRESENTATION_CONTEXT(2) 
PARAMETRIC_REPRESENTATION_CONTEXT() REPRESENTATION_CONTEXT('2D SPACE',''
  ) );
#4073 = ORIENTED_EDGE('',*,*,#2763,.F.);
#4074 = ORIENTED_EDGE('',*,*,#2500,.T.);
#4075 = ADVANCED_FACE('',(#4076),#2660,.F.);
#4076 = FACE_BOUND('',#4077,.F.);
#4077 = EDGE_LOOP('',(#4078,#4079,#4080,#4081,#4104));
#4078 = ORIENTED_EDGE('',*,*,#3998,.F.);
#4079 = ORIENTED_EDGE('',*,*,#2645,.T.);
#4080 = ORIENTED_EDGE('',*,*,#2737,.F.);
#4081 = ORIENTED_EDGE('',*,*,#4082,.T.);
#4082 = EDGE_CURVE('',#2710,#4083,#4085,.T.);
#4083 = VERTEX_POINT('',#4084);
#4084 = CARTESIAN_POINT('',(29.5,-13.912,-15.));
#4085 = SURFACE_CURVE('',#4086,(#4090,#4097),.PCURVE_S1.);
#4086 = LINE('',#4087,#4088);
#4087 = CARTESIAN_POINT('',(3.089084543717E-15,-13.912,-15.));
#4088 = VECTOR('',#4089,1.);
#4089 = DIRECTION('',(1.,0.,-2.22044604925E-16));
#4090 = PCURVE('',#2660,#4091);
#4091 = DEFINITIONAL_REPRESENTATION('',(#4092),#4096);
#4092 = LINE('',#4093,#4094);
#4093 = CARTESIAN_POINT('',(0.,-0.));
#4094 = VECTOR('',#4095,1.);
#4095 = DIRECTION('',(-2.22044604925E-16,-1.));
#4096 = ( GEOMETRIC_REPRESENTATION_CONTEXT(2) 
PARAMETRIC_REPRESENTATION_CONTEXT() REPRESENTATION_CONTEXT('2D SPACE',''
  ) );
#4097 = PCURVE('',#2725,#4098);
#4098 = DEFINITIONAL_REPRESENTATION('',(#4099),#4103);
#4099 = LINE('',#4100,#4101);
#4100 = CARTESIAN_POINT('',(30.,1.479114197289E-30));
#4101 = VECTOR('',#4102,1.);
#4102 = DIRECTION('',(2.22044604925E-16,-1.));
#4103 = ( GEOMETRIC_REPRESENTATION_CONTEXT(2) 
PARAMETRIC_REPRESENTATION_CONTEXT() REPRESENTATION_CONTEXT('2D SPACE',''
  ) );
#4104 = ORIENTED_EDGE('',*,*,#4105,.T.);
#4105 = EDGE_CURVE('',#4083,#3999,#4106,.T.);
#4106 = SURFACE_CURVE('',#4107,(#4111,#4118),.PCURVE_S1.);
#4107 = LINE('',#4108,#4109);
#4108 = CARTESIAN_POINT('',(29.5,3.330669073875E-15,-15.));
#4109 = VECTOR('',#4110,1.);
#4110 = DIRECTION('',(-2.22044604925E-16,1.,0.));
#4111 = PCURVE('',#2660,#4112);
#4112 = DEFINITIONAL_REPRESENTATION('',(#4113),#4117);
#4113 = LINE('',#4114,#4115);
#4114 = CARTESIAN_POINT('',(13.912,-29.5));
#4115 = VECTOR('',#4116,1.);
#4116 = DIRECTION('',(1.,-1.094764425253E-47));
#4117 = ( GEOMETRIC_REPRESENTATION_CONTEXT(2) 
PARAMETRIC_REPRESENTATION_CONTEXT() REPRESENTATION_CONTEXT('2D SPACE',''
  ) );
#4118 = PCURVE('',#4119,#4124);
#4119 = PLANE('',#4120);
#4120 = AXIS2_PLACEMENT_3D('',#4121,#4122,#4123);
#4121 = CARTESIAN_POINT('',(3.089084543717E-15,-13.912,-15.));
#4122 = DIRECTION('',(0.,-2.22044604925E-16,1.));
#4123 = DIRECTION('',(-2.22044604925E-16,1.,2.22044604925E-16));
#4124 = DEFINITIONAL_REPRESENTATION('',(#4125),#4129);
#4125 = LINE('',#4126,#4127);
#4126 = CARTESIAN_POINT('',(13.912,-29.5));
#4127 = VECTOR('',#4128,1.);
#4128 = DIRECTION('',(1.,-1.094764425253E-47));
#4129 = ( GEOMETRIC_REPRESENTATION_CONTEXT(2) 
PARAMETRIC_REPRESENTATION_CONTEXT() REPRESENTATION_CONTEXT('2D SPACE',''
  ) );
#4130 = ADVANCED_FACE('',(#4131),#2697,.F.);
#4131 = FACE_BOUND('',#4132,.F.);
#4132 = EDGE_LOOP('',(#4133,#4134,#4157,#4185,#4206));
#4133 = ORIENTED_EDGE('',*,*,#2786,.F.);
#4134 = ORIENTED_EDGE('',*,*,#4135,.T.);
#4135 = EDGE_CURVE('',#2764,#4136,#4138,.T.);
#4136 = VERTEX_POINT('',#4137);
#4137 = CARTESIAN_POINT('',(29.5,-10.112,15.));
#4138 = SURFACE_CURVE('',#4139,(#4143,#4150),.PCURVE_S1.);
#4139 = LINE('',#4140,#4141);
#4140 = CARTESIAN_POINT('',(2.245315045002E-15,-10.112,15.));
#4141 = VECTOR('',#4142,1.);
#4142 = DIRECTION('',(1.,0.,-2.22044604925E-16));
#4143 = PCURVE('',#2697,#4144);
#4144 = DEFINITIONAL_REPRESENTATION('',(#4145),#4149);
#4145 = LINE('',#4146,#4147);
#4146 = CARTESIAN_POINT('',(0.,-0.));
#4147 = VECTOR('',#4148,1.);
#4148 = DIRECTION('',(2.22044604925E-16,-1.));
#4149 = ( GEOMETRIC_REPRESENTATION_CONTEXT(2) 
PARAMETRIC_REPRESENTATION_CONTEXT() REPRESENTATION_CONTEXT('2D SPACE',''
  ) );
#4150 = PCURVE('',#4062,#4151);
#4151 = DEFINITIONAL_REPRESENTATION('',(#4152),#4156);
#4152 = LINE('',#4153,#4154);
#4153 = CARTESIAN_POINT('',(45.622,-1.648719291912E-27));
#4154 = VECTOR('',#4155,1.);
#4155 = DIRECTION('',(2.22044604925E-16,-1.));
#4156 = ( GEOMETRIC_REPRESENTATION_CONTEXT(2) 
PARAMETRIC_REPRESENTATION_CONTEXT() REPRESENTATION_CONTEXT('2D SPACE',''
  ) );
#4157 = ORIENTED_EDGE('',*,*,#4158,.F.);
#4158 = EDGE_CURVE('',#4159,#4136,#4161,.T.);
#4159 = VERTEX_POINT('',#4160);
#4160 = CARTESIAN_POINT('',(29.5,-13.912,15.));
#4161 = SURFACE_CURVE('',#4162,(#4166,#4173),.PCURVE_S1.);
#4162 = LINE('',#4163,#4164);
#4163 = CARTESIAN_POINT('',(29.5,-3.330669073875E-15,15.));
#4164 = VECTOR('',#4165,1.);
#4165 = DIRECTION('',(-2.22044604925E-16,1.,0.));
#4166 = PCURVE('',#2697,#4167);
#4167 = DEFINITIONAL_REPRESENTATION('',(#4168),#4172);
#4168 = LINE('',#4169,#4170);
#4169 = CARTESIAN_POINT('',(-10.112,-29.5));
#4170 = VECTOR('',#4171,1.);
#4171 = DIRECTION('',(-1.,-1.094764425253E-47));
#4172 = ( GEOMETRIC_REPRESENTATION_CONTEXT(2) 
PARAMETRIC_REPRESENTATION_CONTEXT() REPRESENTATION_CONTEXT('2D SPACE',''
  ) );
#4173 = PCURVE('',#4174,#4179);
#4174 = PLANE('',#4175);
#4175 = AXIS2_PLACEMENT_3D('',#4176,#4177,#4178);
#4176 = CARTESIAN_POINT('',(2.245315045002E-15,-10.112,15.));
#4177 = DIRECTION('',(0.,2.22044604925E-16,-1.));
#4178 = DIRECTION('',(2.22044604925E-16,-1.,-2.22044604925E-16));
#4179 = DEFINITIONAL_REPRESENTATION('',(#4180),#4184);
#4180 = LINE('',#4181,#4182);
#4181 = CARTESIAN_POINT('',(-10.112,-29.5));
#4182 = VECTOR('',#4183,1.);
#4183 = DIRECTION('',(-1.,-1.094764425253E-47));
#4184 = ( GEOMETRIC_REPRESENTATION_CONTEXT(2) 
PARAMETRIC_REPRESENTATION_CONTEXT() REPRESENTATION_CONTEXT('2D SPACE',''
  ) );
#4185 = ORIENTED_EDGE('',*,*,#4186,.F.);
#4186 = EDGE_CURVE('',#2682,#4159,#4187,.T.);
#4187 = SURFACE_CURVE('',#4188,(#4192,#4199),.PCURVE_S1.);
#4188 = LINE('',#4189,#4190);
#4189 = CARTESIAN_POINT('',(3.089084543717E-15,-13.912,15.));
#4190 = VECTOR('',#4191,1.);
#4191 = DIRECTION('',(1.,0.,-2.22044604925E-16));
#4192 = PCURVE('',#2697,#4193);
#4193 = DEFINITIONAL_REPRESENTATION('',(#4194),#4198);
#4194 = LINE('',#4195,#4196);
#4195 = CARTESIAN_POINT('',(3.8,9.860761315263E-32));
#4196 = VECTOR('',#4197,1.);
#4197 = DIRECTION('',(2.22044604925E-16,-1.));
#4198 = ( GEOMETRIC_REPRESENTATION_CONTEXT(2) 
PARAMETRIC_REPRESENTATION_CONTEXT() REPRESENTATION_CONTEXT('2D SPACE',''
  ) );
#4199 = PCURVE('',#2725,#4200);
#4200 = DEFINITIONAL_REPRESENTATION('',(#4201),#4205);
#4201 = LINE('',#4202,#4203);
#4202 = CARTESIAN_POINT('',(0.,-0.));
#4203 = VECTOR('',#4204,1.);
#4204 = DIRECTION('',(2.22044604925E-16,-1.));
#4205 = ( GEOMETRIC_REPRESENTATION_CONTEXT(2) 
PARAMETRIC_REPRESENTATION_CONTEXT() REPRESENTATION_CONTEXT('2D SPACE',''
  ) );
#4206 = ORIENTED_EDGE('',*,*,#2681,.T.);
#4207 = ADVANCED_FACE('',(#4208),#2725,.F.);
#4208 = FACE_BOUND('',#4209,.F.);
#4209 = EDGE_LOOP('',(#4210,#4211,#4212,#4235,#4263,#4291,#4319,#4347,
    #4370,#4393,#4416,#4444,#4472,#4500,#4528,#4549));
#4210 = ORIENTED_EDGE('',*,*,#2709,.F.);
#4211 = ORIENTED_EDGE('',*,*,#4186,.T.);
#4212 = ORIENTED_EDGE('',*,*,#4213,.T.);
#4213 = EDGE_CURVE('',#4159,#4214,#4216,.T.);
#4214 = VERTEX_POINT('',#4215);
#4215 = CARTESIAN_POINT('',(50.,-13.912,15.));
#4216 = SURFACE_CURVE('',#4217,(#4221,#4228),.PCURVE_S1.);
#4217 = LINE('',#4218,#4219);
#4218 = CARTESIAN_POINT('',(3.089084543717E-15,-13.912,15.));
#4219 = VECTOR('',#4220,1.);
#4220 = DIRECTION('',(1.,0.,-2.22044604925E-16));
#4221 = PCURVE('',#2725,#4222);
#4222 = DEFINITIONAL_REPRESENTATION('',(#4223),#4227);
#4223 = LINE('',#4224,#4225);
#4224 = CARTESIAN_POINT('',(0.,-0.));
#4225 = VECTOR('',#4226,1.);
#4226 = DIRECTION('',(2.22044604925E-16,-1.));
#4227 = ( GEOMETRIC_REPRESENTATION_CONTEXT(2) 
PARAMETRIC_REPRESENTATION_CONTEXT() REPRESENTATION_CONTEXT('2D SPACE',''
  ) );
#4228 = PCURVE('',#4174,#4229);
#4229 = DEFINITIONAL_REPRESENTATION('',(#4230),#4234);
#4230 = LINE('',#4231,#4232);
#4231 = CARTESIAN_POINT('',(3.8,9.860761315263E-32));
#4232 = VECTOR('',#4233,1.);
#4233 = DIRECTION('',(2.22044604925E-16,-1.));
#4234 = ( GEOMETRIC_REPRESENTATION_CONTEXT(2) 
PARAMETRIC_REPRESENTATION_CONTEXT() REPRESENTATION_CONTEXT('2D SPACE',''
  ) );
#4235 = ORIENTED_EDGE('',*,*,#4236,.T.);
#4236 = EDGE_CURVE('',#4214,#4237,#4239,.T.);
#4237 = VERTEX_POINT('',#4238);
#4238 = CARTESIAN_POINT('',(68.589,-13.912,15.));
#4239 = SURFACE_CURVE('',#4240,(#4244,#4251),.PCURVE_S1.);
#4240 = LINE('',#4241,#4242);
#4241 = CARTESIAN_POINT('',(3.089084543717E-15,-13.912,15.));
#4242 = VECTOR('',#4243,1.);
#4243 = DIRECTION('',(1.,0.,-2.22044604925E-16));
#4244 = PCURVE('',#2725,#4245);
#4245 = DEFINITIONAL_REPRESENTATION('',(#4246),#4250);
#4246 = LINE('',#4247,#4248);
#4247 = CARTESIAN_POINT('',(0.,-0.));
#4248 = VECTOR('',#4249,1.);
#4249 = DIRECTION('',(2.22044604925E-16,-1.));
#4250 = ( GEOMETRIC_REPRESENTATION_CONTEXT(2) 
PARAMETRIC_REPRESENTATION_CONTEXT() REPRESENTATION_CONTEXT('2D SPACE',''
  ) );
#4251 = PCURVE('',#4252,#4257);
#4252 = PLANE('',#4253);
#4253 = AXIS2_PLACEMENT_3D('',#4254,#4255,#4256);
#4254 = CARTESIAN_POINT('',(50.,-15.,15.));
#4255 = DIRECTION('',(0.,-2.22044604925E-16,1.));
#4256 = DIRECTION('',(-2.22044604925E-16,1.,2.22044604925E-16));
#4257 = DEFINITIONAL_REPRESENTATION('',(#4258),#4262);
#4258 = LINE('',#4259,#4260);
#4259 = CARTESIAN_POINT('',(1.088,50.));
#4260 = VECTOR('',#4261,1.);
#4261 = DIRECTION('',(-2.22044604925E-16,-1.));
#4262 = ( GEOMETRIC_REPRESENTATION_CONTEXT(2) 
PARAMETRIC_REPRESENTATION_CONTEXT() REPRESENTATION_CONTEXT('2D SPACE',''
  ) );
#4263 = ORIENTED_EDGE('',*,*,#4264,.T.);
#4264 = EDGE_CURVE('',#4237,#4265,#4267,.T.);
#4265 = VERTEX_POINT('',#4266);
#4266 = CARTESIAN_POINT('',(68.589,-13.912,9.328384426041));
#4267 = SURFACE_CURVE('',#4268,(#4272,#4279),.PCURVE_S1.);
#4268 = LINE('',#4269,#4270);
#4269 = CARTESIAN_POINT('',(68.589,-13.912,15.));
#4270 = VECTOR('',#4271,1.);
#4271 = DIRECTION('',(0.,2.22044604925E-16,-1.));
#4272 = PCURVE('',#2725,#4273);
#4273 = DEFINITIONAL_REPRESENTATION('',(#4274),#4278);
#4274 = LINE('',#4275,#4276);
#4275 = CARTESIAN_POINT('',(3.381698789262E-30,-68.589));
#4276 = VECTOR('',#4277,1.);
#4277 = DIRECTION('',(1.,0.));
#4278 = ( GEOMETRIC_REPRESENTATION_CONTEXT(2) 
PARAMETRIC_REPRESENTATION_CONTEXT() REPRESENTATION_CONTEXT('2D SPACE',''
  ) );
#4279 = PCURVE('',#4280,#4285);
#4280 = PLANE('',#4281);
#4281 = AXIS2_PLACEMENT_3D('',#4282,#4283,#4284);
#4282 = CARTESIAN_POINT('',(68.589,-12.012,-1.52298174072E-14));
#4283 = DIRECTION('',(1.,0.,-2.22044604925E-16));
#4284 = DIRECTION('',(-1.094764425253E-47,1.,-4.93038065763E-32));
#4285 = DEFINITIONAL_REPRESENTATION('',(#4286),#4290);
#4286 = LINE('',#4287,#4288);
#4287 = CARTESIAN_POINT('',(-1.9,15.));
#4288 = VECTOR('',#4289,1.);
#4289 = DIRECTION('',(2.22044604925E-16,-1.));
#4290 = ( GEOMETRIC_REPRESENTATION_CONTEXT(2) 
PARAMETRIC_REPRESENTATION_CONTEXT() REPRESENTATION_CONTEXT('2D SPACE',''
  ) );
#4291 = ORIENTED_EDGE('',*,*,#4292,.T.);
#4292 = EDGE_CURVE('',#4265,#4293,#4295,.T.);
#4293 = VERTEX_POINT('',#4294);
#4294 = CARTESIAN_POINT('',(68.089,-13.912,9.328384426041));
#4295 = SURFACE_CURVE('',#4296,(#4300,#4307),.PCURVE_S1.);
#4296 = LINE('',#4297,#4298);
#4297 = CARTESIAN_POINT('',(68.089,-13.912,9.328384426041));
#4298 = VECTOR('',#4299,1.);
#4299 = DIRECTION('',(-1.,0.,2.22044604925E-16));
#4300 = PCURVE('',#2725,#4301);
#4301 = DEFINITIONAL_REPRESENTATION('',(#4302),#4306);
#4302 = LINE('',#4303,#4304);
#4303 = CARTESIAN_POINT('',(5.671615573959,-68.089));
#4304 = VECTOR('',#4305,1.);
#4305 = DIRECTION('',(-2.22044604925E-16,1.));
#4306 = ( GEOMETRIC_REPRESENTATION_CONTEXT(2) 
PARAMETRIC_REPRESENTATION_CONTEXT() REPRESENTATION_CONTEXT('2D SPACE',''
  ) );
#4307 = PCURVE('',#4308,#4313);
#4308 = CYLINDRICAL_SURFACE('',#4309,16.75);
#4309 = AXIS2_PLACEMENT_3D('',#4310,#4311,#4312);
#4310 = CARTESIAN_POINT('',(68.089,0.,-1.511879510474E-14));
#4311 = DIRECTION('',(-1.,0.,2.22044604925E-16));
#4312 = DIRECTION('',(-1.094764425253E-47,1.,-4.93038065763E-32));
#4313 = DEFINITIONAL_REPRESENTATION('',(#4314),#4318);
#4314 = LINE('',#4315,#4316);
#4315 = CARTESIAN_POINT('',(3.732263670901,0.));
#4316 = VECTOR('',#4317,1.);
#4317 = DIRECTION('',(-0.,1.));
#4318 = ( GEOMETRIC_REPRESENTATION_CONTEXT(2) 
PARAMETRIC_REPRESENTATION_CONTEXT() REPRESENTATION_CONTEXT('2D SPACE',''
  ) );
#4319 = ORIENTED_EDGE('',*,*,#4320,.T.);
#4320 = EDGE_CURVE('',#4293,#4321,#4323,.T.);
#4321 = VERTEX_POINT('',#4322);
#4322 = CARTESIAN_POINT('',(68.089,-13.912,6.834197538848));
#4323 = SURFACE_CURVE('',#4324,(#4328,#4335),.PCURVE_S1.);
#4324 = LINE('',#4325,#4326);
#4325 = CARTESIAN_POINT('',(68.089,-13.912,7.5));
#4326 = VECTOR('',#4327,1.);
#4327 = DIRECTION('',(0.,2.22044604925E-16,-1.));
#4328 = PCURVE('',#2725,#4329);
#4329 = DEFINITIONAL_REPRESENTATION('',(#4330),#4334);
#4330 = LINE('',#4331,#4332);
#4331 = CARTESIAN_POINT('',(7.5,-68.089));
#4332 = VECTOR('',#4333,1.);
#4333 = DIRECTION('',(1.,0.));
#4334 = ( GEOMETRIC_REPRESENTATION_CONTEXT(2) 
PARAMETRIC_REPRESENTATION_CONTEXT() REPRESENTATION_CONTEXT('2D SPACE',''
  ) );
#4335 = PCURVE('',#4336,#4341);
#4336 = PLANE('',#4337);
#4337 = AXIS2_PLACEMENT_3D('',#4338,#4339,#4340);
#4338 = CARTESIAN_POINT('',(68.089,-9.796586024163E-16,
    -1.384323902943E-14));
#4339 = DIRECTION('',(1.,0.,-2.22044604925E-16));
#4340 = DIRECTION('',(-1.094764425253E-47,1.,-4.93038065763E-32));
#4341 = DEFINITIONAL_REPRESENTATION('',(#4342),#4346);
#4342 = LINE('',#4343,#4344);
#4343 = CARTESIAN_POINT('',(-13.912,7.5));
#4344 = VECTOR('',#4345,1.);
#4345 = DIRECTION('',(2.22044604925E-16,-1.));
#4346 = ( GEOMETRIC_REPRESENTATION_CONTEXT(2) 
PARAMETRIC_REPRESENTATION_CONTEXT() REPRESENTATION_CONTEXT('2D SPACE',''
  ) );
#4347 = ORIENTED_EDGE('',*,*,#4348,.T.);
#4348 = EDGE_CURVE('',#4321,#4349,#4351,.T.);
#4349 = VERTEX_POINT('',#4350);
#4350 = CARTESIAN_POINT('',(63.589,-13.912,6.834197538848));
#4351 = SURFACE_CURVE('',#4352,(#4356,#4363),.PCURVE_S1.);
#4352 = LINE('',#4353,#4354);
#4353 = CARTESIAN_POINT('',(63.589,-13.912,6.834197538848));
#4354 = VECTOR('',#4355,1.);
#4355 = DIRECTION('',(-1.,0.,2.22044604925E-16));
#4356 = PCURVE('',#2725,#4357);
#4357 = DEFINITIONAL_REPRESENTATION('',(#4358),#4362);
#4358 = LINE('',#4359,#4360);
#4359 = CARTESIAN_POINT('',(8.165802461152,-63.589));
#4360 = VECTOR('',#4361,1.);
#4361 = DIRECTION('',(-2.22044604925E-16,1.));
#4362 = ( GEOMETRIC_REPRESENTATION_CONTEXT(2) 
PARAMETRIC_REPRESENTATION_CONTEXT() REPRESENTATION_CONTEXT('2D SPACE',''
  ) );
#4363 = PCURVE('',#3385,#4364);
#4364 = DEFINITIONAL_REPRESENTATION('',(#4365),#4369);
#4365 = LINE('',#4366,#4367);
#4366 = CARTESIAN_POINT('',(3.598211596127,0.));
#4367 = VECTOR('',#4368,1.);
#4368 = DIRECTION('',(-0.,1.));
#4369 = ( GEOMETRIC_REPRESENTATION_CONTEXT(2) 
PARAMETRIC_REPRESENTATION_CONTEXT() REPRESENTATION_CONTEXT('2D SPACE',''
  ) );
#4370 = ORIENTED_EDGE('',*,*,#4371,.T.);
#4371 = EDGE_CURVE('',#4349,#4372,#4374,.T.);
#4372 = VERTEX_POINT('',#4373);
#4373 = CARTESIAN_POINT('',(63.589,-13.912,-6.834197538848));
#4374 = SURFACE_CURVE('',#4375,(#4379,#4386),.PCURVE_S1.);
#4375 = LINE('',#4376,#4377);
#4376 = CARTESIAN_POINT('',(63.589,-13.912,7.5));
#4377 = VECTOR('',#4378,1.);
#4378 = DIRECTION('',(0.,2.22044604925E-16,-1.));
#4379 = PCURVE('',#2725,#4380);
#4380 = DEFINITIONAL_REPRESENTATION('',(#4381),#4385);
#4381 = LINE('',#4382,#4383);
#4382 = CARTESIAN_POINT('',(7.5,-63.589));
#4383 = VECTOR('',#4384,1.);
#4384 = DIRECTION('',(1.,0.));
#4385 = ( GEOMETRIC_REPRESENTATION_CONTEXT(2) 
PARAMETRIC_REPRESENTATION_CONTEXT() REPRESENTATION_CONTEXT('2D SPACE',''
  ) );
#4386 = PCURVE('',#3357,#4387);
#4387 = DEFINITIONAL_REPRESENTATION('',(#4388),#4392);
#4388 = LINE('',#4389,#4390);
#4389 = CARTESIAN_POINT('',(-13.912,7.5));
#4390 = VECTOR('',#4391,1.);
#4391 = DIRECTION('',(2.22044604925E-16,-1.));
#4392 = ( GEOMETRIC_REPRESENTATION_CONTEXT(2) 
PARAMETRIC_REPRESENTATION_CONTEXT() REPRESENTATION_CONTEXT('2D SPACE',''
  ) );
#4393 = ORIENTED_EDGE('',*,*,#4394,.F.);
#4394 = EDGE_CURVE('',#4395,#4372,#4397,.T.);
#4395 = VERTEX_POINT('',#4396);
#4396 = CARTESIAN_POINT('',(68.089,-13.912,-6.834197538848));
#4397 = SURFACE_CURVE('',#4398,(#4402,#4409),.PCURVE_S1.);
#4398 = LINE('',#4399,#4400);
#4399 = CARTESIAN_POINT('',(63.589,-13.912,-6.834197538848));
#4400 = VECTOR('',#4401,1.);
#4401 = DIRECTION('',(-1.,0.,2.22044604925E-16));
#4402 = PCURVE('',#2725,#4403);
#4403 = DEFINITIONAL_REPRESENTATION('',(#4404),#4408);
#4404 = LINE('',#4405,#4406);
#4405 = CARTESIAN_POINT('',(21.834197538848,-63.589));
#4406 = VECTOR('',#4407,1.);
#4407 = DIRECTION('',(-2.22044604925E-16,1.));
#4408 = ( GEOMETRIC_REPRESENTATION_CONTEXT(2) 
PARAMETRIC_REPRESENTATION_CONTEXT() REPRESENTATION_CONTEXT('2D SPACE',''
  ) );
#4409 = PCURVE('',#3329,#4410);
#4410 = DEFINITIONAL_REPRESENTATION('',(#4411),#4415);
#4411 = LINE('',#4412,#4413);
#4412 = CARTESIAN_POINT('',(2.684973711054,0.));
#4413 = VECTOR('',#4414,1.);
#4414 = DIRECTION('',(-0.,1.));
#4415 = ( GEOMETRIC_REPRESENTATION_CONTEXT(2) 
PARAMETRIC_REPRESENTATION_CONTEXT() REPRESENTATION_CONTEXT('2D SPACE',''
  ) );
#4416 = ORIENTED_EDGE('',*,*,#4417,.T.);
#4417 = EDGE_CURVE('',#4395,#4418,#4420,.T.);
#4418 = VERTEX_POINT('',#4419);
#4419 = CARTESIAN_POINT('',(68.089,-13.912,-9.328384426041));
#4420 = SURFACE_CURVE('',#4421,(#4425,#4432),.PCURVE_S1.);
#4421 = LINE('',#4422,#4423);
#4422 = CARTESIAN_POINT('',(68.089,-13.912,7.5));
#4423 = VECTOR('',#4424,1.);
#4424 = DIRECTION('',(0.,2.22044604925E-16,-1.));
#4425 = PCURVE('',#2725,#4426);
#4426 = DEFINITIONAL_REPRESENTATION('',(#4427),#4431);
#4427 = LINE('',#4428,#4429);
#4428 = CARTESIAN_POINT('',(7.5,-68.089));
#4429 = VECTOR('',#4430,1.);
#4430 = DIRECTION('',(1.,0.));
#4431 = ( GEOMETRIC_REPRESENTATION_CONTEXT(2) 
PARAMETRIC_REPRESENTATION_CONTEXT() REPRESENTATION_CONTEXT('2D SPACE',''
  ) );
#4432 = PCURVE('',#4433,#4438);
#4433 = PLANE('',#4434);
#4434 = AXIS2_PLACEMENT_3D('',#4435,#4436,#4437);
#4435 = CARTESIAN_POINT('',(68.089,-9.796586024163E-16,
    -1.384323902943E-14));
#4436 = DIRECTION('',(1.,0.,-2.22044604925E-16));
#4437 = DIRECTION('',(-1.094764425253E-47,1.,-4.93038065763E-32));
#4438 = DEFINITIONAL_REPRESENTATION('',(#4439),#4443);
#4439 = LINE('',#4440,#4441);
#4440 = CARTESIAN_POINT('',(-13.912,7.5));
#4441 = VECTOR('',#4442,1.);
#4442 = DIRECTION('',(2.22044604925E-16,-1.));
#4443 = ( GEOMETRIC_REPRESENTATION_CONTEXT(2) 
PARAMETRIC_REPRESENTATION_CONTEXT() REPRESENTATION_CONTEXT('2D SPACE',''
  ) );
#4444 = ORIENTED_EDGE('',*,*,#4445,.F.);
#4445 = EDGE_CURVE('',#4446,#4418,#4448,.T.);
#4446 = VERTEX_POINT('',#4447);
#4447 = CARTESIAN_POINT('',(68.589,-13.912,-9.328384426041));
#4448 = SURFACE_CURVE('',#4449,(#4453,#4460),.PCURVE_S1.);
#4449 = LINE('',#4450,#4451);
#4450 = CARTESIAN_POINT('',(68.089,-13.912,-9.328384426041));
#4451 = VECTOR('',#4452,1.);
#4452 = DIRECTION('',(-1.,0.,2.22044604925E-16));
#4453 = PCURVE('',#2725,#4454);
#4454 = DEFINITIONAL_REPRESENTATION('',(#4455),#4459);
#4455 = LINE('',#4456,#4457);
#4456 = CARTESIAN_POINT('',(24.328384426041,-68.089));
#4457 = VECTOR('',#4458,1.);
#4458 = DIRECTION('',(-2.22044604925E-16,1.));
#4459 = ( GEOMETRIC_REPRESENTATION_CONTEXT(2) 
PARAMETRIC_REPRESENTATION_CONTEXT() REPRESENTATION_CONTEXT('2D SPACE',''
  ) );
#4460 = PCURVE('',#4461,#4466);
#4461 = CYLINDRICAL_SURFACE('',#4462,16.75);
#4462 = AXIS2_PLACEMENT_3D('',#4463,#4464,#4465);
#4463 = CARTESIAN_POINT('',(68.089,0.,-1.511879510474E-14));
#4464 = DIRECTION('',(-1.,0.,2.22044604925E-16));
#4465 = DIRECTION('',(-1.094764425253E-47,1.,-4.93038065763E-32));
#4466 = DEFINITIONAL_REPRESENTATION('',(#4467),#4471);
#4467 = LINE('',#4468,#4469);
#4468 = CARTESIAN_POINT('',(2.550921636279,0.));
#4469 = VECTOR('',#4470,1.);
#4470 = DIRECTION('',(-0.,1.));
#4471 = ( GEOMETRIC_REPRESENTATION_CONTEXT(2) 
PARAMETRIC_REPRESENTATION_CONTEXT() REPRESENTATION_CONTEXT('2D SPACE',''
  ) );
#4472 = ORIENTED_EDGE('',*,*,#4473,.T.);
#4473 = EDGE_CURVE('',#4446,#4474,#4476,.T.);
#4474 = VERTEX_POINT('',#4475);
#4475 = CARTESIAN_POINT('',(68.589,-13.912,-15.));
#4476 = SURFACE_CURVE('',#4477,(#4481,#4488),.PCURVE_S1.);
#4477 = LINE('',#4478,#4479);
#4478 = CARTESIAN_POINT('',(68.589,-13.912,15.));
#4479 = VECTOR('',#4480,1.);
#4480 = DIRECTION('',(0.,2.22044604925E-16,-1.));
#4481 = PCURVE('',#2725,#4482);
#4482 = DEFINITIONAL_REPRESENTATION('',(#4483),#4487);
#4483 = LINE('',#4484,#4485);
#4484 = CARTESIAN_POINT('',(3.381698789262E-30,-68.589));
#4485 = VECTOR('',#4486,1.);
#4486 = DIRECTION('',(1.,0.));
#4487 = ( GEOMETRIC_REPRESENTATION_CONTEXT(2) 
PARAMETRIC_REPRESENTATION_CONTEXT() REPRESENTATION_CONTEXT('2D SPACE',''
  ) );
#4488 = PCURVE('',#4489,#4494);
#4489 = PLANE('',#4490);
#4490 = AXIS2_PLACEMENT_3D('',#4491,#4492,#4493);
#4491 = CARTESIAN_POINT('',(68.589,-12.012,-1.52298174072E-14));
#4492 = DIRECTION('',(1.,0.,-2.22044604925E-16));
#4493 = DIRECTION('',(-1.094764425253E-47,1.,-4.93038065763E-32));
#4494 = DEFINITIONAL_REPRESENTATION('',(#4495),#4499);
#4495 = LINE('',#4496,#4497);
#4496 = CARTESIAN_POINT('',(-1.9,15.));
#4497 = VECTOR('',#4498,1.);
#4498 = DIRECTION('',(2.22044604925E-16,-1.));
#4499 = ( GEOMETRIC_REPRESENTATION_CONTEXT(2) 
PARAMETRIC_REPRESENTATION_CONTEXT() REPRESENTATION_CONTEXT('2D SPACE',''
  ) );
#4500 = ORIENTED_EDGE('',*,*,#4501,.F.);
#4501 = EDGE_CURVE('',#4502,#4474,#4504,.T.);
#4502 = VERTEX_POINT('',#4503);
#4503 = CARTESIAN_POINT('',(50.,-13.912,-15.));
#4504 = SURFACE_CURVE('',#4505,(#4509,#4516),.PCURVE_S1.);
#4505 = LINE('',#4506,#4507);
#4506 = CARTESIAN_POINT('',(3.089084543717E-15,-13.912,-15.));
#4507 = VECTOR('',#4508,1.);
#4508 = DIRECTION('',(1.,0.,-2.22044604925E-16));
#4509 = PCURVE('',#2725,#4510);
#4510 = DEFINITIONAL_REPRESENTATION('',(#4511),#4515);
#4511 = LINE('',#4512,#4513);
#4512 = CARTESIAN_POINT('',(30.,1.479114197289E-30));
#4513 = VECTOR('',#4514,1.);
#4514 = DIRECTION('',(2.22044604925E-16,-1.));
#4515 = ( GEOMETRIC_REPRESENTATION_CONTEXT(2) 
PARAMETRIC_REPRESENTATION_CONTEXT() REPRESENTATION_CONTEXT('2D SPACE',''
  ) );
#4516 = PCURVE('',#4517,#4522);
#4517 = PLANE('',#4518);
#4518 = AXIS2_PLACEMENT_3D('',#4519,#4520,#4521);
#4519 = CARTESIAN_POINT('',(50.,35.51,-15.));
#4520 = DIRECTION('',(0.,2.22044604925E-16,-1.));
#4521 = DIRECTION('',(2.22044604925E-16,-1.,-2.22044604925E-16));
#4522 = DEFINITIONAL_REPRESENTATION('',(#4523),#4527);
#4523 = LINE('',#4524,#4525);
#4524 = CARTESIAN_POINT('',(49.422,50.));
#4525 = VECTOR('',#4526,1.);
#4526 = DIRECTION('',(2.22044604925E-16,-1.));
#4527 = ( GEOMETRIC_REPRESENTATION_CONTEXT(2) 
PARAMETRIC_REPRESENTATION_CONTEXT() REPRESENTATION_CONTEXT('2D SPACE',''
  ) );
#4528 = ORIENTED_EDGE('',*,*,#4529,.F.);
#4529 = EDGE_CURVE('',#4083,#4502,#4530,.T.);
#4530 = SURFACE_CURVE('',#4531,(#4535,#4542),.PCURVE_S1.);
#4531 = LINE('',#4532,#4533);
#4532 = CARTESIAN_POINT('',(3.089084543717E-15,-13.912,-15.));
#4533 = VECTOR('',#4534,1.);
#4534 = DIRECTION('',(1.,0.,-2.22044604925E-16));
#4535 = PCURVE('',#2725,#4536);
#4536 = DEFINITIONAL_REPRESENTATION('',(#4537),#4541);
#4537 = LINE('',#4538,#4539);
#4538 = CARTESIAN_POINT('',(30.,1.479114197289E-30));
#4539 = VECTOR('',#4540,1.);
#4540 = DIRECTION('',(2.22044604925E-16,-1.));
#4541 = ( GEOMETRIC_REPRESENTATION_CONTEXT(2) 
PARAMETRIC_REPRESENTATION_CONTEXT() REPRESENTATION_CONTEXT('2D SPACE',''
  ) );
#4542 = PCURVE('',#4119,#4543);
#4543 = DEFINITIONAL_REPRESENTATION('',(#4544),#4548);
#4544 = LINE('',#4545,#4546);
#4545 = CARTESIAN_POINT('',(0.,-0.));
#4546 = VECTOR('',#4547,1.);
#4547 = DIRECTION('',(-2.22044604925E-16,-1.));
#4548 = ( GEOMETRIC_REPRESENTATION_CONTEXT(2) 
PARAMETRIC_REPRESENTATION_CONTEXT() REPRESENTATION_CONTEXT('2D SPACE',''
  ) );
#4549 = ORIENTED_EDGE('',*,*,#4082,.F.);
#4550 = ADVANCED_FACE('',(#4551),#2871,.F.);
#4551 = FACE_BOUND('',#4552,.F.);
#4552 = EDGE_LOOP('',(#4553,#4576,#4577,#4600));
#4553 = ORIENTED_EDGE('',*,*,#4554,.F.);
#4554 = EDGE_CURVE('',#2834,#4555,#4557,.T.);
#4555 = VERTEX_POINT('',#4556);
#4556 = CARTESIAN_POINT('',(29.5,20.656122377186,15.));
#4557 = SURFACE_CURVE('',#4558,(#4562,#4569),.PCURVE_S1.);
#4558 = LINE('',#4559,#4560);
#4559 = CARTESIAN_POINT('',(0.,-3.330669073875E-15,15.));
#4560 = VECTOR('',#4561,1.);
#4561 = DIRECTION('',(0.819152044289,0.573576436351,-1.818882920477E-16)
  );
#4562 = PCURVE('',#2871,#4563);
#4563 = DEFINITIONAL_REPRESENTATION('',(#4564),#4568);
#4564 = LINE('',#4565,#4566);
#4565 = CARTESIAN_POINT('',(0.,0.));
#4566 = VECTOR('',#4567,1.);
#4567 = DIRECTION('',(1.,2.465190328816E-32));
#4568 = ( GEOMETRIC_REPRESENTATION_CONTEXT(2) 
PARAMETRIC_REPRESENTATION_CONTEXT() REPRESENTATION_CONTEXT('2D SPACE',''
  ) );
#4569 = PCURVE('',#4062,#4570);
#4570 = DEFINITIONAL_REPRESENTATION('',(#4571),#4575);
#4571 = LINE('',#4572,#4573);
#4572 = CARTESIAN_POINT('',(35.51,-1.251133395681E-27));
#4573 = VECTOR('',#4574,1.);
#4574 = DIRECTION('',(-0.573576436351,-0.819152044289));
#4575 = ( GEOMETRIC_REPRESENTATION_CONTEXT(2) 
PARAMETRIC_REPRESENTATION_CONTEXT() REPRESENTATION_CONTEXT('2D SPACE',''
  ) );
#4576 = ORIENTED_EDGE('',*,*,#2857,.F.);
#4577 = ORIENTED_EDGE('',*,*,#4578,.T.);
#4578 = EDGE_CURVE('',#2061,#4579,#4581,.T.);
#4579 = VERTEX_POINT('',#4580);
#4580 = CARTESIAN_POINT('',(29.5,20.656122377186,12.25));
#4581 = SURFACE_CURVE('',#4582,(#4586,#4593),.PCURVE_S1.);
#4582 = LINE('',#4583,#4584);
#4583 = CARTESIAN_POINT('',(-2.375542945347,-1.663373077673,12.25));
#4584 = VECTOR('',#4585,1.);
#4585 = DIRECTION('',(0.819152044289,0.573576436351,-1.818882920477E-16)
  );
#4586 = PCURVE('',#2871,#4587);
#4587 = DEFINITIONAL_REPRESENTATION('',(#4588),#4592);
#4588 = LINE('',#4589,#4590);
#4589 = CARTESIAN_POINT('',(-2.900002462191,-2.75));
#4590 = VECTOR('',#4591,1.);
#4591 = DIRECTION('',(1.,2.465190328816E-32));
#4592 = ( GEOMETRIC_REPRESENTATION_CONTEXT(2) 
PARAMETRIC_REPRESENTATION_CONTEXT() REPRESENTATION_CONTEXT('2D SPACE',''
  ) );
#4593 = PCURVE('',#2936,#4594);
#4594 = DEFINITIONAL_REPRESENTATION('',(#4595),#4599);
#4595 = LINE('',#4596,#4597);
#4596 = CARTESIAN_POINT('',(8.448626922327,2.375542945347));
#4597 = VECTOR('',#4598,1.);
#4598 = DIRECTION('',(0.573576436351,-0.819152044289));
#4599 = ( GEOMETRIC_REPRESENTATION_CONTEXT(2) 
PARAMETRIC_REPRESENTATION_CONTEXT() REPRESENTATION_CONTEXT('2D SPACE',''
  ) );
#4600 = ORIENTED_EDGE('',*,*,#4601,.F.);
#4601 = EDGE_CURVE('',#4555,#4579,#4602,.T.);
#4602 = SURFACE_CURVE('',#4603,(#4607,#4614),.PCURVE_S1.);
#4603 = LINE('',#4604,#4605);
#4604 = CARTESIAN_POINT('',(29.5,20.656122377186,7.5));
#4605 = VECTOR('',#4606,1.);
#4606 = DIRECTION('',(0.,2.22044604925E-16,-1.));
#4607 = PCURVE('',#2871,#4608);
#4608 = DEFINITIONAL_REPRESENTATION('',(#4609),#4613);
#4609 = LINE('',#4610,#4611);
#4610 = CARTESIAN_POINT('',(36.012850368463,-7.5));
#4611 = VECTOR('',#4612,1.);
#4612 = DIRECTION('',(3.092478452516E-16,-1.));
#4613 = ( GEOMETRIC_REPRESENTATION_CONTEXT(2) 
PARAMETRIC_REPRESENTATION_CONTEXT() REPRESENTATION_CONTEXT('2D SPACE',''
  ) );
#4614 = PCURVE('',#4615,#4620);
#4615 = PLANE('',#4616);
#4616 = AXIS2_PLACEMENT_3D('',#4617,#4618,#4619);
#4617 = CARTESIAN_POINT('',(29.5,0.,-6.550315845288E-15));
#4618 = DIRECTION('',(1.,0.,-2.22044604925E-16));
#4619 = DIRECTION('',(-1.094764425253E-47,1.,-4.93038065763E-32));
#4620 = DEFINITIONAL_REPRESENTATION('',(#4621),#4625);
#4621 = LINE('',#4622,#4623);
#4622 = CARTESIAN_POINT('',(20.656122377186,7.5));
#4623 = VECTOR('',#4624,1.);
#4624 = DIRECTION('',(2.22044604925E-16,-1.));
#4625 = ( GEOMETRIC_REPRESENTATION_CONTEXT(2) 
PARAMETRIC_REPRESENTATION_CONTEXT() REPRESENTATION_CONTEXT('2D SPACE',''
  ) );
#4626 = ADVANCED_FACE('',(#4627),#2992,.F.);
#4627 = FACE_BOUND('',#4628,.F.);
#4628 = EDGE_LOOP('',(#4629,#4630,#4631,#4652));
#4629 = ORIENTED_EDGE('',*,*,#2975,.F.);
#4630 = ORIENTED_EDGE('',*,*,#3187,.T.);
#4631 = ORIENTED_EDGE('',*,*,#4632,.T.);
#4632 = EDGE_CURVE('',#3160,#3448,#4633,.T.);
#4633 = SURFACE_CURVE('',#4634,(#4638,#4645),.PCURVE_S1.);
#4634 = LINE('',#4635,#4636);
#4635 = CARTESIAN_POINT('',(33.505,-3.4,12.));
#4636 = VECTOR('',#4637,1.);
#4637 = DIRECTION('',(2.22044604925E-16,-1.,0.));
#4638 = PCURVE('',#2992,#4639);
#4639 = DEFINITIONAL_REPRESENTATION('',(#4640),#4644);
#4640 = LINE('',#4641,#4642);
#4641 = CARTESIAN_POINT('',(7.439604488012E-15,-33.505));
#4642 = VECTOR('',#4643,1.);
#4643 = DIRECTION('',(1.,1.094764425253E-47));
#4644 = ( GEOMETRIC_REPRESENTATION_CONTEXT(2) 
PARAMETRIC_REPRESENTATION_CONTEXT() REPRESENTATION_CONTEXT('2D SPACE',''
  ) );
#4645 = PCURVE('',#3175,#4646);
#4646 = DEFINITIONAL_REPRESENTATION('',(#4647),#4651);
#4647 = LINE('',#4648,#4649);
#4648 = CARTESIAN_POINT('',(3.356,12.));
#4649 = VECTOR('',#4650,1.);
#4650 = DIRECTION('',(-1.,0.));
#4651 = ( GEOMETRIC_REPRESENTATION_CONTEXT(2) 
PARAMETRIC_REPRESENTATION_CONTEXT() REPRESENTATION_CONTEXT('2D SPACE',''
  ) );
#4652 = ORIENTED_EDGE('',*,*,#3447,.F.);
#4653 = ADVANCED_FACE('',(#4654,#4884),#2936,.F.);
#4654 = FACE_BOUND('',#4655,.F.);
#4655 = EDGE_LOOP('',(#4656,#4657,#4658,#4659,#4682,#4705,#4733,#4756,
    #4784,#4812,#4840,#4863));
#4656 = ORIENTED_EDGE('',*,*,#4578,.F.);
#4657 = ORIENTED_EDGE('',*,*,#2919,.T.);
#4658 = ORIENTED_EDGE('',*,*,#3425,.T.);
#4659 = ORIENTED_EDGE('',*,*,#4660,.F.);
#4660 = EDGE_CURVE('',#4661,#3398,#4663,.T.);
#4661 = VERTEX_POINT('',#4662);
#4662 = CARTESIAN_POINT('',(64.589,-9.496709956611,12.25));
#4663 = SURFACE_CURVE('',#4664,(#4668,#4675),.PCURVE_S1.);
#4664 = LINE('',#4665,#4666);
#4665 = CARTESIAN_POINT('',(64.589,35.51,12.25));
#4666 = VECTOR('',#4667,1.);
#4667 = DIRECTION('',(2.22044604925E-16,-1.,0.));
#4668 = PCURVE('',#2936,#4669);
#4669 = DEFINITIONAL_REPRESENTATION('',(#4670),#4674);
#4670 = LINE('',#4671,#4672);
#4671 = CARTESIAN_POINT('',(45.622,-64.589));
#4672 = VECTOR('',#4673,1.);
#4673 = DIRECTION('',(-1.,1.094764425253E-47));
#4674 = ( GEOMETRIC_REPRESENTATION_CONTEXT(2) 
PARAMETRIC_REPRESENTATION_CONTEXT() REPRESENTATION_CONTEXT('2D SPACE',''
  ) );
#4675 = PCURVE('',#3413,#4676);
#4676 = DEFINITIONAL_REPRESENTATION('',(#4677),#4681);
#4677 = LINE('',#4678,#4679);
#4678 = CARTESIAN_POINT('',(22.811,1.125));
#4679 = VECTOR('',#4680,1.);
#4680 = DIRECTION('',(-1.,0.));
#4681 = ( GEOMETRIC_REPRESENTATION_CONTEXT(2) 
PARAMETRIC_REPRESENTATION_CONTEXT() REPRESENTATION_CONTEXT('2D SPACE',''
  ) );
#4682 = ORIENTED_EDGE('',*,*,#4683,.T.);
#4683 = EDGE_CURVE('',#4661,#4684,#4686,.T.);
#4684 = VERTEX_POINT('',#4685);
#4685 = CARTESIAN_POINT('',(63.589,-9.496709956611,12.25));
#4686 = SURFACE_CURVE('',#4687,(#4691,#4698),.PCURVE_S1.);
#4687 = LINE('',#4688,#4689);
#4688 = CARTESIAN_POINT('',(63.589,-9.496709956611,12.25));
#4689 = VECTOR('',#4690,1.);
#4690 = DIRECTION('',(-1.,0.,2.22044604925E-16));
#4691 = PCURVE('',#2936,#4692);
#4692 = DEFINITIONAL_REPRESENTATION('',(#4693),#4697);
#4693 = LINE('',#4694,#4695);
#4694 = CARTESIAN_POINT('',(0.615290043389,-63.589));
#4695 = VECTOR('',#4696,1.);
#4696 = DIRECTION('',(2.22044604925E-16,1.));
#4697 = ( GEOMETRIC_REPRESENTATION_CONTEXT(2) 
PARAMETRIC_REPRESENTATION_CONTEXT() REPRESENTATION_CONTEXT('2D SPACE',''
  ) );
#4698 = PCURVE('',#3385,#4699);
#4699 = DEFINITIONAL_REPRESENTATION('',(#4700),#4704);
#4700 = LINE('',#4701,#4702);
#4701 = CARTESIAN_POINT('',(4.052927970487,0.));
#4702 = VECTOR('',#4703,1.);
#4703 = DIRECTION('',(-0.,1.));
#4704 = ( GEOMETRIC_REPRESENTATION_CONTEXT(2) 
PARAMETRIC_REPRESENTATION_CONTEXT() REPRESENTATION_CONTEXT('2D SPACE',''
  ) );
#4705 = ORIENTED_EDGE('',*,*,#4706,.T.);
#4706 = EDGE_CURVE('',#4684,#4707,#4709,.T.);
#4707 = VERTEX_POINT('',#4708);
#4708 = CARTESIAN_POINT('',(63.589,9.496709956611,12.25));
#4709 = SURFACE_CURVE('',#4710,(#4714,#4721),.PCURVE_S1.);
#4710 = LINE('',#4711,#4712);
#4711 = CARTESIAN_POINT('',(63.589,-5.056,12.25));
#4712 = VECTOR('',#4713,1.);
#4713 = DIRECTION('',(-2.22044604925E-16,1.,0.));
#4714 = PCURVE('',#2936,#4715);
#4715 = DEFINITIONAL_REPRESENTATION('',(#4716),#4720);
#4716 = LINE('',#4717,#4718);
#4717 = CARTESIAN_POINT('',(5.056,-63.589));
#4718 = VECTOR('',#4719,1.);
#4719 = DIRECTION('',(1.,-1.094764425253E-47));
#4720 = ( GEOMETRIC_REPRESENTATION_CONTEXT(2) 
PARAMETRIC_REPRESENTATION_CONTEXT() REPRESENTATION_CONTEXT('2D SPACE',''
  ) );
#4721 = PCURVE('',#4722,#4727);
#4722 = PLANE('',#4723);
#4723 = AXIS2_PLACEMENT_3D('',#4724,#4725,#4726);
#4724 = CARTESIAN_POINT('',(63.589,-7.057755522784E-16,
    -1.334077745758E-14));
#4725 = DIRECTION('',(1.,0.,-2.22044604925E-16));
#4726 = DIRECTION('',(-1.094764425253E-47,1.,-4.93038065763E-32));
#4727 = DEFINITIONAL_REPRESENTATION('',(#4728),#4732);
#4728 = LINE('',#4729,#4730);
#4729 = CARTESIAN_POINT('',(-5.056,12.25));
#4730 = VECTOR('',#4731,1.);
#4731 = DIRECTION('',(1.,0.));
#4732 = ( GEOMETRIC_REPRESENTATION_CONTEXT(2) 
PARAMETRIC_REPRESENTATION_CONTEXT() REPRESENTATION_CONTEXT('2D SPACE',''
  ) );
#4733 = ORIENTED_EDGE('',*,*,#4734,.F.);
#4734 = EDGE_CURVE('',#4735,#4707,#4737,.T.);
#4735 = VERTEX_POINT('',#4736);
#4736 = CARTESIAN_POINT('',(64.589,9.496709956611,12.25));
#4737 = SURFACE_CURVE('',#4738,(#4742,#4749),.PCURVE_S1.);
#4738 = LINE('',#4739,#4740);
#4739 = CARTESIAN_POINT('',(63.589,9.496709956611,12.25));
#4740 = VECTOR('',#4741,1.);
#4741 = DIRECTION('',(-1.,0.,2.22044604925E-16));
#4742 = PCURVE('',#2936,#4743);
#4743 = DEFINITIONAL_REPRESENTATION('',(#4744),#4748);
#4744 = LINE('',#4745,#4746);
#4745 = CARTESIAN_POINT('',(19.608709956611,-63.589));
#4746 = VECTOR('',#4747,1.);
#4747 = DIRECTION('',(2.22044604925E-16,1.));
#4748 = ( GEOMETRIC_REPRESENTATION_CONTEXT(2) 
PARAMETRIC_REPRESENTATION_CONTEXT() REPRESENTATION_CONTEXT('2D SPACE',''
  ) );
#4749 = PCURVE('',#3385,#4750);
#4750 = DEFINITIONAL_REPRESENTATION('',(#4751),#4755);
#4751 = LINE('',#4752,#4753);
#4752 = CARTESIAN_POINT('',(5.371849990284,0.));
#4753 = VECTOR('',#4754,1.);
#4754 = DIRECTION('',(-0.,1.));
#4755 = ( GEOMETRIC_REPRESENTATION_CONTEXT(2) 
PARAMETRIC_REPRESENTATION_CONTEXT() REPRESENTATION_CONTEXT('2D SPACE',''
  ) );
#4756 = ORIENTED_EDGE('',*,*,#4757,.F.);
#4757 = EDGE_CURVE('',#4758,#4735,#4760,.T.);
#4758 = VERTEX_POINT('',#4759);
#4759 = CARTESIAN_POINT('',(64.589,35.51,12.25));
#4760 = SURFACE_CURVE('',#4761,(#4765,#4772),.PCURVE_S1.);
#4761 = LINE('',#4762,#4763);
#4762 = CARTESIAN_POINT('',(64.589,35.51,12.25));
#4763 = VECTOR('',#4764,1.);
#4764 = DIRECTION('',(2.22044604925E-16,-1.,0.));
#4765 = PCURVE('',#2936,#4766);
#4766 = DEFINITIONAL_REPRESENTATION('',(#4767),#4771);
#4767 = LINE('',#4768,#4769);
#4768 = CARTESIAN_POINT('',(45.622,-64.589));
#4769 = VECTOR('',#4770,1.);
#4770 = DIRECTION('',(-1.,1.094764425253E-47));
#4771 = ( GEOMETRIC_REPRESENTATION_CONTEXT(2) 
PARAMETRIC_REPRESENTATION_CONTEXT() REPRESENTATION_CONTEXT('2D SPACE',''
  ) );
#4772 = PCURVE('',#4773,#4778);
#4773 = PLANE('',#4774);
#4774 = AXIS2_PLACEMENT_3D('',#4775,#4776,#4777);
#4775 = CARTESIAN_POINT('',(64.589,12.699,11.125));
#4776 = DIRECTION('',(1.,0.,-2.22044604925E-16));
#4777 = DIRECTION('',(-1.094764425253E-47,1.,-4.93038065763E-32));
#4778 = DEFINITIONAL_REPRESENTATION('',(#4779),#4783);
#4779 = LINE('',#4780,#4781);
#4780 = CARTESIAN_POINT('',(22.811,1.125));
#4781 = VECTOR('',#4782,1.);
#4782 = DIRECTION('',(-1.,0.));
#4783 = ( GEOMETRIC_REPRESENTATION_CONTEXT(2) 
PARAMETRIC_REPRESENTATION_CONTEXT() REPRESENTATION_CONTEXT('2D SPACE',''
  ) );
#4784 = ORIENTED_EDGE('',*,*,#4785,.F.);
#4785 = EDGE_CURVE('',#4786,#4758,#4788,.T.);
#4786 = VERTEX_POINT('',#4787);
#4787 = CARTESIAN_POINT('',(32.589,35.51,12.25));
#4788 = SURFACE_CURVE('',#4789,(#4793,#4800),.PCURVE_S1.);
#4789 = LINE('',#4790,#4791);
#4790 = CARTESIAN_POINT('',(-7.884803920888E-15,35.51,12.25));
#4791 = VECTOR('',#4792,1.);
#4792 = DIRECTION('',(1.,0.,-2.22044604925E-16));
#4793 = PCURVE('',#2936,#4794);
#4794 = DEFINITIONAL_REPRESENTATION('',(#4795),#4799);
#4795 = LINE('',#4796,#4797);
#4796 = CARTESIAN_POINT('',(45.622,1.648719291912E-27));
#4797 = VECTOR('',#4798,1.);
#4798 = DIRECTION('',(-2.22044604925E-16,-1.));
#4799 = ( GEOMETRIC_REPRESENTATION_CONTEXT(2) 
PARAMETRIC_REPRESENTATION_CONTEXT() REPRESENTATION_CONTEXT('2D SPACE',''
  ) );
#4800 = PCURVE('',#4801,#4806);
#4801 = PLANE('',#4802);
#4802 = AXIS2_PLACEMENT_3D('',#4803,#4804,#4805);
#4803 = CARTESIAN_POINT('',(-7.884803920888E-15,35.51,12.25));
#4804 = DIRECTION('',(2.22044604925E-16,-1.,0.));
#4805 = DIRECTION('',(-4.93038065763E-32,-1.094764425253E-47,1.));
#4806 = DEFINITIONAL_REPRESENTATION('',(#4807),#4811);
#4807 = LINE('',#4808,#4809);
#4808 = CARTESIAN_POINT('',(0.,-0.));
#4809 = VECTOR('',#4810,1.);
#4810 = DIRECTION('',(-2.22044604925E-16,-1.));
#4811 = ( GEOMETRIC_REPRESENTATION_CONTEXT(2) 
PARAMETRIC_REPRESENTATION_CONTEXT() REPRESENTATION_CONTEXT('2D SPACE',''
  ) );
#4812 = ORIENTED_EDGE('',*,*,#4813,.F.);
#4813 = EDGE_CURVE('',#4814,#4786,#4816,.T.);
#4814 = VERTEX_POINT('',#4815);
#4815 = CARTESIAN_POINT('',(32.589,28.55,12.25));
#4816 = SURFACE_CURVE('',#4817,(#4821,#4828),.PCURVE_S1.);
#4817 = LINE('',#4818,#4819);
#4818 = CARTESIAN_POINT('',(32.589,10.959,12.25));
#4819 = VECTOR('',#4820,1.);
#4820 = DIRECTION('',(-2.22044604925E-16,1.,0.));
#4821 = PCURVE('',#2936,#4822);
#4822 = DEFINITIONAL_REPRESENTATION('',(#4823),#4827);
#4823 = LINE('',#4824,#4825);
#4824 = CARTESIAN_POINT('',(21.071,-32.589));
#4825 = VECTOR('',#4826,1.);
#4826 = DIRECTION('',(1.,-1.094764425253E-47));
#4827 = ( GEOMETRIC_REPRESENTATION_CONTEXT(2) 
PARAMETRIC_REPRESENTATION_CONTEXT() REPRESENTATION_CONTEXT('2D SPACE',''
  ) );
#4828 = PCURVE('',#4829,#4834);
#4829 = PLANE('',#4830);
#4830 = AXIS2_PLACEMENT_3D('',#4831,#4832,#4833);
#4831 = CARTESIAN_POINT('',(32.589,32.03,-7.236211629902E-15));
#4832 = DIRECTION('',(1.,0.,-2.22044604925E-16));
#4833 = DIRECTION('',(-1.094764425253E-47,1.,-4.93038065763E-32));
#4834 = DEFINITIONAL_REPRESENTATION('',(#4835),#4839);
#4835 = LINE('',#4836,#4837);
#4836 = CARTESIAN_POINT('',(-21.071,12.25));
#4837 = VECTOR('',#4838,1.);
#4838 = DIRECTION('',(1.,0.));
#4839 = ( GEOMETRIC_REPRESENTATION_CONTEXT(2) 
PARAMETRIC_REPRESENTATION_CONTEXT() REPRESENTATION_CONTEXT('2D SPACE',''
  ) );
#4840 = ORIENTED_EDGE('',*,*,#4841,.T.);
#4841 = EDGE_CURVE('',#4814,#4842,#4844,.T.);
#4842 = VERTEX_POINT('',#4843);
#4843 = CARTESIAN_POINT('',(29.5,28.55,12.25));
#4844 = SURFACE_CURVE('',#4845,(#4849,#4856),.PCURVE_S1.);
#4845 = LINE('',#4846,#4847);
#4846 = CARTESIAN_POINT('',(13.6,28.55,12.25));
#4847 = VECTOR('',#4848,1.);
#4848 = DIRECTION('',(-1.,-0.,2.22044604925E-16));
#4849 = PCURVE('',#2936,#4850);
#4850 = DEFINITIONAL_REPRESENTATION('',(#4851),#4855);
#4851 = LINE('',#4852,#4853);
#4852 = CARTESIAN_POINT('',(38.662,-13.6));
#4853 = VECTOR('',#4854,1.);
#4854 = DIRECTION('',(2.22044604925E-16,1.));
#4855 = ( GEOMETRIC_REPRESENTATION_CONTEXT(2) 
PARAMETRIC_REPRESENTATION_CONTEXT() REPRESENTATION_CONTEXT('2D SPACE',''
  ) );
#4856 = PCURVE('',#3631,#4857);
#4857 = DEFINITIONAL_REPRESENTATION('',(#4858),#4862);
#4858 = LINE('',#4859,#4860);
#4859 = CARTESIAN_POINT('',(2.75,13.6));
#4860 = VECTOR('',#4861,1.);
#4861 = DIRECTION('',(-2.22044604925E-16,1.));
#4862 = ( GEOMETRIC_REPRESENTATION_CONTEXT(2) 
PARAMETRIC_REPRESENTATION_CONTEXT() REPRESENTATION_CONTEXT('2D SPACE',''
  ) );
#4863 = ORIENTED_EDGE('',*,*,#4864,.F.);
#4864 = EDGE_CURVE('',#4579,#4842,#4865,.T.);
#4865 = SURFACE_CURVE('',#4866,(#4870,#4877),.PCURVE_S1.);
#4866 = LINE('',#4867,#4868);
#4867 = CARTESIAN_POINT('',(29.5,-5.056,12.25));
#4868 = VECTOR('',#4869,1.);
#4869 = DIRECTION('',(-2.22044604925E-16,1.,0.));
#4870 = PCURVE('',#2936,#4871);
#4871 = DEFINITIONAL_REPRESENTATION('',(#4872),#4876);
#4872 = LINE('',#4873,#4874);
#4873 = CARTESIAN_POINT('',(5.056,-29.5));
#4874 = VECTOR('',#4875,1.);
#4875 = DIRECTION('',(1.,-1.094764425253E-47));
#4876 = ( GEOMETRIC_REPRESENTATION_CONTEXT(2) 
PARAMETRIC_REPRESENTATION_CONTEXT() REPRESENTATION_CONTEXT('2D SPACE',''
  ) );
#4877 = PCURVE('',#4615,#4878);
#4878 = DEFINITIONAL_REPRESENTATION('',(#4879),#4883);
#4879 = LINE('',#4880,#4881);
#4880 = CARTESIAN_POINT('',(-5.056,12.25));
#4881 = VECTOR('',#4882,1.);
#4882 = DIRECTION('',(1.,0.));
#4883 = ( GEOMETRIC_REPRESENTATION_CONTEXT(2) 
PARAMETRIC_REPRESENTATION_CONTEXT() REPRESENTATION_CONTEXT('2D SPACE',''
  ) );
#4884 = FACE_BOUND('',#4885,.F.);
#4885 = EDGE_LOOP('',(#4886,#4916,#4944,#4972));
#4886 = ORIENTED_EDGE('',*,*,#4887,.F.);
#4887 = EDGE_CURVE('',#4888,#4890,#4892,.T.);
#4888 = VERTEX_POINT('',#4889);
#4889 = CARTESIAN_POINT('',(32.589,5.068901115719,12.25));
#4890 = VERTEX_POINT('',#4891);
#4891 = CARTESIAN_POINT('',(32.589,11.531098884281,12.25));
#4892 = SURFACE_CURVE('',#4893,(#4897,#4904),.PCURVE_S1.);
#4893 = LINE('',#4894,#4895);
#4894 = CARTESIAN_POINT('',(32.589,-0.906,12.25));
#4895 = VECTOR('',#4896,1.);
#4896 = DIRECTION('',(-2.22044604925E-16,1.,0.));
#4897 = PCURVE('',#2936,#4898);
#4898 = DEFINITIONAL_REPRESENTATION('',(#4899),#4903);
#4899 = LINE('',#4900,#4901);
#4900 = CARTESIAN_POINT('',(9.206,-32.589));
#4901 = VECTOR('',#4902,1.);
#4902 = DIRECTION('',(1.,-1.094764425253E-47));
#4903 = ( GEOMETRIC_REPRESENTATION_CONTEXT(2) 
PARAMETRIC_REPRESENTATION_CONTEXT() REPRESENTATION_CONTEXT('2D SPACE',''
  ) );
#4904 = PCURVE('',#4905,#4910);
#4905 = PLANE('',#4906);
#4906 = AXIS2_PLACEMENT_3D('',#4907,#4908,#4909);
#4907 = CARTESIAN_POINT('',(32.589,8.3,10.25));
#4908 = DIRECTION('',(1.,0.,-2.22044604925E-16));
#4909 = DIRECTION('',(-1.094764425253E-47,1.,-4.93038065763E-32));
#4910 = DEFINITIONAL_REPRESENTATION('',(#4911),#4915);
#4911 = LINE('',#4912,#4913);
#4912 = CARTESIAN_POINT('',(-9.206,2.));
#4913 = VECTOR('',#4914,1.);
#4914 = DIRECTION('',(1.,0.));
#4915 = ( GEOMETRIC_REPRESENTATION_CONTEXT(2) 
PARAMETRIC_REPRESENTATION_CONTEXT() REPRESENTATION_CONTEXT('2D SPACE',''
  ) );
#4916 = ORIENTED_EDGE('',*,*,#4917,.T.);
#4917 = EDGE_CURVE('',#4888,#4918,#4920,.T.);
#4918 = VERTEX_POINT('',#4919);
#4919 = CARTESIAN_POINT('',(27.2,5.068901115719,12.25));
#4920 = SURFACE_CURVE('',#4921,(#4925,#4932),.PCURVE_S1.);
#4921 = LINE('',#4922,#4923);
#4922 = CARTESIAN_POINT('',(27.2,5.068901115719,12.25));
#4923 = VECTOR('',#4924,1.);
#4924 = DIRECTION('',(-1.,0.,2.22044604925E-16));
#4925 = PCURVE('',#2936,#4926);
#4926 = DEFINITIONAL_REPRESENTATION('',(#4927),#4931);
#4927 = LINE('',#4928,#4929);
#4928 = CARTESIAN_POINT('',(15.180901115719,-27.2));
#4929 = VECTOR('',#4930,1.);
#4930 = DIRECTION('',(2.22044604925E-16,1.));
#4931 = ( GEOMETRIC_REPRESENTATION_CONTEXT(2) 
PARAMETRIC_REPRESENTATION_CONTEXT() REPRESENTATION_CONTEXT('2D SPACE',''
  ) );
#4932 = PCURVE('',#4933,#4938);
#4933 = CYLINDRICAL_SURFACE('',#4934,3.8);
#4934 = AXIS2_PLACEMENT_3D('',#4935,#4936,#4937);
#4935 = CARTESIAN_POINT('',(27.2,8.3,10.25));
#4936 = DIRECTION('',(-1.,0.,2.22044604925E-16));
#4937 = DIRECTION('',(-1.094764425253E-47,1.,-4.93038065763E-32));
#4938 = DEFINITIONAL_REPRESENTATION('',(#4939),#4943);
#4939 = LINE('',#4940,#4941);
#4940 = CARTESIAN_POINT('',(3.695854488043,0.));
#4941 = VECTOR('',#4942,1.);
#4942 = DIRECTION('',(-0.,1.));
#4943 = ( GEOMETRIC_REPRESENTATION_CONTEXT(2) 
PARAMETRIC_REPRESENTATION_CONTEXT() REPRESENTATION_CONTEXT('2D SPACE',''
  ) );
#4944 = ORIENTED_EDGE('',*,*,#4945,.T.);
#4945 = EDGE_CURVE('',#4918,#4946,#4948,.T.);
#4946 = VERTEX_POINT('',#4947);
#4947 = CARTESIAN_POINT('',(27.2,11.531098884281,12.25));
#4948 = SURFACE_CURVE('',#4949,(#4953,#4960),.PCURVE_S1.);
#4949 = LINE('',#4950,#4951);
#4950 = CARTESIAN_POINT('',(27.2,-0.906,12.25));
#4951 = VECTOR('',#4952,1.);
#4952 = DIRECTION('',(-2.22044604925E-16,1.,0.));
#4953 = PCURVE('',#2936,#4954);
#4954 = DEFINITIONAL_REPRESENTATION('',(#4955),#4959);
#4955 = LINE('',#4956,#4957);
#4956 = CARTESIAN_POINT('',(9.206,-27.2));
#4957 = VECTOR('',#4958,1.);
#4958 = DIRECTION('',(1.,-1.094764425253E-47));
#4959 = ( GEOMETRIC_REPRESENTATION_CONTEXT(2) 
PARAMETRIC_REPRESENTATION_CONTEXT() REPRESENTATION_CONTEXT('2D SPACE',''
  ) );
#4960 = PCURVE('',#4961,#4966);
#4961 = PLANE('',#4962);
#4962 = AXIS2_PLACEMENT_3D('',#4963,#4964,#4965);
#4963 = CARTESIAN_POINT('',(27.2,8.3,10.25));
#4964 = DIRECTION('',(1.,0.,-2.22044604925E-16));
#4965 = DIRECTION('',(-1.094764425253E-47,1.,-4.93038065763E-32));
#4966 = DEFINITIONAL_REPRESENTATION('',(#4967),#4971);
#4967 = LINE('',#4968,#4969);
#4968 = CARTESIAN_POINT('',(-9.206,2.));
#4969 = VECTOR('',#4970,1.);
#4970 = DIRECTION('',(1.,0.));
#4971 = ( GEOMETRIC_REPRESENTATION_CONTEXT(2) 
PARAMETRIC_REPRESENTATION_CONTEXT() REPRESENTATION_CONTEXT('2D SPACE',''
  ) );
#4972 = ORIENTED_EDGE('',*,*,#4973,.F.);
#4973 = EDGE_CURVE('',#4890,#4946,#4974,.T.);
#4974 = SURFACE_CURVE('',#4975,(#4979,#4986),.PCURVE_S1.);
#4975 = LINE('',#4976,#4977);
#4976 = CARTESIAN_POINT('',(27.2,11.531098884281,12.25));
#4977 = VECTOR('',#4978,1.);
#4978 = DIRECTION('',(-1.,0.,2.22044604925E-16));
#4979 = PCURVE('',#2936,#4980);
#4980 = DEFINITIONAL_REPRESENTATION('',(#4981),#4985);
#4981 = LINE('',#4982,#4983);
#4982 = CARTESIAN_POINT('',(21.643098884281,-27.2));
#4983 = VECTOR('',#4984,1.);
#4984 = DIRECTION('',(2.22044604925E-16,1.));
#4985 = ( GEOMETRIC_REPRESENTATION_CONTEXT(2) 
PARAMETRIC_REPRESENTATION_CONTEXT() REPRESENTATION_CONTEXT('2D SPACE',''
  ) );
#4986 = PCURVE('',#4987,#4992);
#4987 = CYLINDRICAL_SURFACE('',#4988,3.8);
#4988 = AXIS2_PLACEMENT_3D('',#4989,#4990,#4991);
#4989 = CARTESIAN_POINT('',(27.2,8.3,10.25));
#4990 = DIRECTION('',(-1.,0.,2.22044604925E-16));
#4991 = DIRECTION('',(-1.094764425253E-47,1.,-4.93038065763E-32));
#4992 = DEFINITIONAL_REPRESENTATION('',(#4993),#4997);
#4993 = LINE('',#4994,#4995);
#4994 = CARTESIAN_POINT('',(5.728923472728,0.));
#4995 = VECTOR('',#4996,1.);
#4996 = DIRECTION('',(-0.,1.));
#4997 = ( GEOMETRIC_REPRESENTATION_CONTEXT(2) 
PARAMETRIC_REPRESENTATION_CONTEXT() REPRESENTATION_CONTEXT('2D SPACE',''
  ) );
#4998 = ADVANCED_FACE('',(#4999),#3175,.T.);
#4999 = FACE_BOUND('',#5000,.T.);
#5000 = EDGE_LOOP('',(#5001,#5002,#5028,#5029));
#5001 = ORIENTED_EDGE('',*,*,#3470,.T.);
#5002 = ORIENTED_EDGE('',*,*,#5003,.T.);
#5003 = EDGE_CURVE('',#3471,#3137,#5004,.T.);
#5004 = SURFACE_CURVE('',#5005,(#5010,#5021),.PCURVE_S1.);
#5005 = CIRCLE('',#5006,10.2);
#5006 = AXIS2_PLACEMENT_3D('',#5007,#5008,#5009);
#5007 = CARTESIAN_POINT('',(33.505,0.,-7.439604488013E-15));
#5008 = DIRECTION('',(-1.,-2.22044604925E-16,-4.930380657631E-32));
#5009 = DIRECTION('',(-2.22044604925E-16,1.,0.));
#5010 = PCURVE('',#3175,#5011);
#5011 = DEFINITIONAL_REPRESENTATION('',(#5012),#5020);
#5012 = ( BOUNDED_CURVE() B_SPLINE_CURVE(2,(#5013,#5014,#5015,#5016,
#5017,#5018,#5019),.UNSPECIFIED.,.T.,.F.) B_SPLINE_CURVE_WITH_KNOTS((1,2
    ,2,2,2,1),(-2.094395102393,0.,2.094395102393,4.188790204786,
6.28318530718,8.377580409573),.UNSPECIFIED.) CURVE() 
GEOMETRIC_REPRESENTATION_ITEM() RATIONAL_B_SPLINE_CURVE((1.,0.5,1.,0.5,
1.,0.5,1.)) REPRESENTATION_ITEM('') );
#5013 = CARTESIAN_POINT('',(16.956,3.330965172295E-31));
#5014 = CARTESIAN_POINT('',(16.956,-17.6669182372));
#5015 = CARTESIAN_POINT('',(1.656,-8.833459118601));
#5016 = CARTESIAN_POINT('',(-13.644,-2.498279470261E-15));
#5017 = CARTESIAN_POINT('',(1.656,8.833459118601));
#5018 = CARTESIAN_POINT('',(16.956,17.666918237203));
#5019 = CARTESIAN_POINT('',(16.956,3.330965172295E-31));
#5020 = ( GEOMETRIC_REPRESENTATION_CONTEXT(2) 
PARAMETRIC_REPRESENTATION_CONTEXT() REPRESENTATION_CONTEXT('2D SPACE',''
  ) );
#5021 = PCURVE('',#3096,#5022);
#5022 = DEFINITIONAL_REPRESENTATION('',(#5023),#5027);
#5023 = LINE('',#5024,#5025);
#5024 = CARTESIAN_POINT('',(-4.138911435803E-13,-3.556));
#5025 = VECTOR('',#5026,1.);
#5026 = DIRECTION('',(1.,-0.));
#5027 = ( GEOMETRIC_REPRESENTATION_CONTEXT(2) 
PARAMETRIC_REPRESENTATION_CONTEXT() REPRESENTATION_CONTEXT('2D SPACE',''
  ) );
#5028 = ORIENTED_EDGE('',*,*,#3159,.T.);
#5029 = ORIENTED_EDGE('',*,*,#4632,.T.);
#5030 = ADVANCED_FACE('',(#5031),#3096,.F.);
#5031 = FACE_BOUND('',#5032,.F.);
#5032 = EDGE_LOOP('',(#5033,#5034,#5060,#5061,#5083,#5084,#5085,#5086));
#5033 = ORIENTED_EDGE('',*,*,#3080,.F.);
#5034 = ORIENTED_EDGE('',*,*,#5035,.T.);
#5035 = EDGE_CURVE('',#3053,#3545,#5036,.T.);
#5036 = SURFACE_CURVE('',#5037,(#5042,#5049),.PCURVE_S1.);
#5037 = CIRCLE('',#5038,10.2);
#5038 = AXIS2_PLACEMENT_3D('',#5039,#5040,#5041);
#5039 = CARTESIAN_POINT('',(33.505,0.,-7.439604488013E-15));
#5040 = DIRECTION('',(-1.,-2.22044604925E-16,-4.930380657631E-32));
#5041 = DIRECTION('',(-2.22044604925E-16,1.,0.));
#5042 = PCURVE('',#3096,#5043);
#5043 = DEFINITIONAL_REPRESENTATION('',(#5044),#5048);
#5044 = LINE('',#5045,#5046);
#5045 = CARTESIAN_POINT('',(-4.138911435803E-13,-3.556));
#5046 = VECTOR('',#5047,1.);
#5047 = DIRECTION('',(1.,-0.));
#5048 = ( GEOMETRIC_REPRESENTATION_CONTEXT(2) 
PARAMETRIC_REPRESENTATION_CONTEXT() REPRESENTATION_CONTEXT('2D SPACE',''
  ) );
#5049 = PCURVE('',#3068,#5050);
#5050 = DEFINITIONAL_REPRESENTATION('',(#5051),#5059);
#5051 = ( BOUNDED_CURVE() B_SPLINE_CURVE(2,(#5052,#5053,#5054,#5055,
#5056,#5057,#5058),.UNSPECIFIED.,.T.,.F.) B_SPLINE_CURVE_WITH_KNOTS((1,2
    ,2,2,2,1),(-2.094395102393,0.,2.094395102393,4.188790204786,
6.28318530718,8.377580409573),.UNSPECIFIED.) CURVE() 
GEOMETRIC_REPRESENTATION_ITEM() RATIONAL_B_SPLINE_CURVE((1.,0.5,1.,0.5,
1.,0.5,1.)) REPRESENTATION_ITEM('') );
#5052 = CARTESIAN_POINT('',(16.956,3.330965172295E-31));
#5053 = CARTESIAN_POINT('',(16.956,-17.6669182372));
#5054 = CARTESIAN_POINT('',(1.656,-8.833459118601));
#5055 = CARTESIAN_POINT('',(-13.644,-2.498279470261E-15));
#5056 = CARTESIAN_POINT('',(1.656,8.833459118601));
#5057 = CARTESIAN_POINT('',(16.956,17.666918237203));
#5058 = CARTESIAN_POINT('',(16.956,3.330965172295E-31));
#5059 = ( GEOMETRIC_REPRESENTATION_CONTEXT(2) 
PARAMETRIC_REPRESENTATION_CONTEXT() REPRESENTATION_CONTEXT('2D SPACE',''
  ) );
#5060 = ORIENTED_EDGE('',*,*,#3544,.F.);
#5061 = ORIENTED_EDGE('',*,*,#5062,.F.);
#5062 = EDGE_CURVE('',#3494,#3517,#5063,.T.);
#5063 = SURFACE_CURVE('',#5064,(#5069,#5076),.PCURVE_S1.);
#5064 = CIRCLE('',#5065,10.2);
#5065 = AXIS2_PLACEMENT_3D('',#5066,#5067,#5068);
#5066 = CARTESIAN_POINT('',(34.299,0.,-7.615907904324E-15));
#5067 = DIRECTION('',(1.,2.22044604925E-16,4.930380657631E-32));
#5068 = DIRECTION('',(-2.22044604925E-16,1.,0.));
#5069 = PCURVE('',#3096,#5070);
#5070 = DEFINITIONAL_REPRESENTATION('',(#5071),#5075);
#5071 = LINE('',#5072,#5073);
#5072 = CARTESIAN_POINT('',(6.28318530718,-4.35));
#5073 = VECTOR('',#5074,1.);
#5074 = DIRECTION('',(-1.,0.));
#5075 = ( GEOMETRIC_REPRESENTATION_CONTEXT(2) 
PARAMETRIC_REPRESENTATION_CONTEXT() REPRESENTATION_CONTEXT('2D SPACE',''
  ) );
#5076 = PCURVE('',#3532,#5077);
#5077 = DEFINITIONAL_REPRESENTATION('',(#5078),#5082);
#5078 = CIRCLE('',#5079,10.2);
#5079 = AXIS2_PLACEMENT_2D('',#5080,#5081);
#5080 = CARTESIAN_POINT('',(2.681255161842E-16,-1.192373185395E-15));
#5081 = DIRECTION('',(1.,0.));
#5082 = ( GEOMETRIC_REPRESENTATION_CONTEXT(2) 
PARAMETRIC_REPRESENTATION_CONTEXT() REPRESENTATION_CONTEXT('2D SPACE',''
  ) );
#5083 = ORIENTED_EDGE('',*,*,#3493,.T.);
#5084 = ORIENTED_EDGE('',*,*,#5003,.T.);
#5085 = ORIENTED_EDGE('',*,*,#3136,.T.);
#5086 = ORIENTED_EDGE('',*,*,#5087,.T.);
#5087 = EDGE_CURVE('',#3109,#3081,#5088,.T.);
#5088 = SURFACE_CURVE('',#5089,(#5094,#5101),.PCURVE_S1.);
#5089 = CIRCLE('',#5090,10.2);
#5090 = AXIS2_PLACEMENT_3D('',#5091,#5092,#5093);
#5091 = CARTESIAN_POINT('',(29.949,0.,-6.6500138729E-15));
#5092 = DIRECTION('',(1.,2.22044604925E-16,4.930380657631E-32));
#5093 = DIRECTION('',(-2.22044604925E-16,1.,0.));
#5094 = PCURVE('',#3096,#5095);
#5095 = DEFINITIONAL_REPRESENTATION('',(#5096),#5100);
#5096 = LINE('',#5097,#5098);
#5097 = CARTESIAN_POINT('',(6.28318530718,0.));
#5098 = VECTOR('',#5099,1.);
#5099 = DIRECTION('',(-1.,0.));
#5100 = ( GEOMETRIC_REPRESENTATION_CONTEXT(2) 
PARAMETRIC_REPRESENTATION_CONTEXT() REPRESENTATION_CONTEXT('2D SPACE',''
  ) );
#5101 = PCURVE('',#3124,#5102);
#5102 = DEFINITIONAL_REPRESENTATION('',(#5103),#5107);
#5103 = CIRCLE('',#5104,10.2);
#5104 = AXIS2_PLACEMENT_2D('',#5105,#5106);
#5105 = CARTESIAN_POINT('',(2.681255161842E-16,-1.192373185395E-15));
#5106 = DIRECTION('',(1.,0.));
#5107 = ( GEOMETRIC_REPRESENTATION_CONTEXT(2) 
PARAMETRIC_REPRESENTATION_CONTEXT() REPRESENTATION_CONTEXT('2D SPACE',''
  ) );
#5108 = ADVANCED_FACE('',(#5109),#3124,.T.);
#5109 = FACE_BOUND('',#5110,.T.);
#5110 = EDGE_LOOP('',(#5111,#5112));
#5111 = ORIENTED_EDGE('',*,*,#3108,.T.);
#5112 = ORIENTED_EDGE('',*,*,#5087,.T.);
#5113 = ADVANCED_FACE('',(#5114),#3068,.T.);
#5114 = FACE_BOUND('',#5115,.T.);
#5115 = EDGE_LOOP('',(#5116,#5117,#5118,#5119));
#5116 = ORIENTED_EDGE('',*,*,#3567,.T.);
#5117 = ORIENTED_EDGE('',*,*,#3236,.T.);
#5118 = ORIENTED_EDGE('',*,*,#3052,.T.);
#5119 = ORIENTED_EDGE('',*,*,#5035,.T.);
#5120 = ADVANCED_FACE('',(#5121),#3532,.F.);
#5121 = FACE_BOUND('',#5122,.F.);
#5122 = EDGE_LOOP('',(#5123,#5124));
#5123 = ORIENTED_EDGE('',*,*,#3516,.T.);
#5124 = ORIENTED_EDGE('',*,*,#5062,.T.);
#5125 = ADVANCED_FACE('',(#5126),#3413,.F.);
#5126 = FACE_BOUND('',#5127,.F.);
#5127 = EDGE_LOOP('',(#5128,#5129,#5155));
#5128 = ORIENTED_EDGE('',*,*,#3397,.T.);
#5129 = ORIENTED_EDGE('',*,*,#5130,.T.);
#5130 = EDGE_CURVE('',#3370,#4661,#5131,.T.);
#5131 = SURFACE_CURVE('',#5132,(#5137,#5148),.PCURVE_S1.);
#5132 = CIRCLE('',#5133,15.5);
#5133 = AXIS2_PLACEMENT_3D('',#5134,#5135,#5136);
#5134 = CARTESIAN_POINT('',(64.589,0.,-1.43416389875E-14));
#5135 = DIRECTION('',(-1.,-2.22044604925E-16,-4.930380657631E-32));
#5136 = DIRECTION('',(-2.22044604925E-16,1.,0.));
#5137 = PCURVE('',#3413,#5138);
#5138 = DEFINITIONAL_REPRESENTATION('',(#5139),#5147);
#5139 = ( BOUNDED_CURVE() B_SPLINE_CURVE(2,(#5140,#5141,#5142,#5143,
#5144,#5145,#5146),.UNSPECIFIED.,.T.,.F.) B_SPLINE_CURVE_WITH_KNOTS((1,2
    ,2,2,2,1),(-2.094395102393,0.,2.094395102393,4.188790204786,
6.28318530718,8.377580409573),.UNSPECIFIED.) CURVE() 
GEOMETRIC_REPRESENTATION_ITEM() RATIONAL_B_SPLINE_CURVE((1.,0.5,1.,0.5,
1.,0.5,1.)) REPRESENTATION_ITEM('') );
#5140 = CARTESIAN_POINT('',(2.801,-11.125));
#5141 = CARTESIAN_POINT('',(2.801,-37.97178751731));
#5142 = CARTESIAN_POINT('',(-20.449,-24.54839375865));
#5143 = CARTESIAN_POINT('',(-43.699,-11.125));
#5144 = CARTESIAN_POINT('',(-20.449,2.298393758659));
#5145 = CARTESIAN_POINT('',(2.801,15.721787517318));
#5146 = CARTESIAN_POINT('',(2.801,-11.125));
#5147 = ( GEOMETRIC_REPRESENTATION_CONTEXT(2) 
PARAMETRIC_REPRESENTATION_CONTEXT() REPRESENTATION_CONTEXT('2D SPACE',''
  ) );
#5148 = PCURVE('',#3385,#5149);
#5149 = DEFINITIONAL_REPRESENTATION('',(#5150),#5154);
#5150 = LINE('',#5151,#5152);
#5151 = CARTESIAN_POINT('',(-4.138911435803E-13,-1.));
#5152 = VECTOR('',#5153,1.);
#5153 = DIRECTION('',(1.,-0.));
#5154 = ( GEOMETRIC_REPRESENTATION_CONTEXT(2) 
PARAMETRIC_REPRESENTATION_CONTEXT() REPRESENTATION_CONTEXT('2D SPACE',''
  ) );
#5155 = ORIENTED_EDGE('',*,*,#4660,.T.);
#5156 = ADVANCED_FACE('',(#5157),#3385,.F.);
#5157 = FACE_BOUND('',#5158,.F.);
#5158 = EDGE_LOOP('',(#5159,#5160,#5161,#5162,#5184,#5185,#5213,#5241,
    #5267,#5268));
#5159 = ORIENTED_EDGE('',*,*,#4683,.F.);
#5160 = ORIENTED_EDGE('',*,*,#5130,.F.);
#5161 = ORIENTED_EDGE('',*,*,#3369,.T.);
#5162 = ORIENTED_EDGE('',*,*,#5163,.T.);
#5163 = EDGE_CURVE('',#3342,#4349,#5164,.T.);
#5164 = SURFACE_CURVE('',#5165,(#5170,#5177),.PCURVE_S1.);
#5165 = CIRCLE('',#5166,15.5);
#5166 = AXIS2_PLACEMENT_3D('',#5167,#5168,#5169);
#5167 = CARTESIAN_POINT('',(63.589,0.,-1.411959438258E-14));
#5168 = DIRECTION('',(1.,2.22044604925E-16,4.930380657631E-32));
#5169 = DIRECTION('',(-2.22044604925E-16,1.,0.));
#5170 = PCURVE('',#3385,#5171);
#5171 = DEFINITIONAL_REPRESENTATION('',(#5172),#5176);
#5172 = LINE('',#5173,#5174);
#5173 = CARTESIAN_POINT('',(6.28318530718,0.));
#5174 = VECTOR('',#5175,1.);
#5175 = DIRECTION('',(-1.,0.));
#5176 = ( GEOMETRIC_REPRESENTATION_CONTEXT(2) 
PARAMETRIC_REPRESENTATION_CONTEXT() REPRESENTATION_CONTEXT('2D SPACE',''
  ) );
#5177 = PCURVE('',#3357,#5178);
#5178 = DEFINITIONAL_REPRESENTATION('',(#5179),#5183);
#5179 = CIRCLE('',#5180,15.5);
#5180 = AXIS2_PLACEMENT_2D('',#5181,#5182);
#5181 = CARTESIAN_POINT('',(7.057755522784E-16,-7.78816925E-16));
#5182 = DIRECTION('',(1.,0.));
#5183 = ( GEOMETRIC_REPRESENTATION_CONTEXT(2) 
PARAMETRIC_REPRESENTATION_CONTEXT() REPRESENTATION_CONTEXT('2D SPACE',''
  ) );
#5184 = ORIENTED_EDGE('',*,*,#4348,.F.);
#5185 = ORIENTED_EDGE('',*,*,#5186,.T.);
#5186 = EDGE_CURVE('',#4321,#5187,#5189,.T.);
#5187 = VERTEX_POINT('',#5188);
#5188 = CARTESIAN_POINT('',(68.089,11.842719282327,10.));
#5189 = SURFACE_CURVE('',#5190,(#5195,#5202),.PCURVE_S1.);
#5190 = CIRCLE('',#5191,15.5);
#5191 = AXIS2_PLACEMENT_3D('',#5192,#5193,#5194);
#5192 = CARTESIAN_POINT('',(68.089,0.,-1.511879510474E-14));
#5193 = DIRECTION('',(-1.,-2.22044604925E-16,-4.930380657631E-32));
#5194 = DIRECTION('',(-2.22044604925E-16,1.,0.));
#5195 = PCURVE('',#3385,#5196);
#5196 = DEFINITIONAL_REPRESENTATION('',(#5197),#5201);
#5197 = LINE('',#5198,#5199);
#5198 = CARTESIAN_POINT('',(-4.138911435803E-13,-4.5));
#5199 = VECTOR('',#5200,1.);
#5200 = DIRECTION('',(1.,-0.));
#5201 = ( GEOMETRIC_REPRESENTATION_CONTEXT(2) 
PARAMETRIC_REPRESENTATION_CONTEXT() REPRESENTATION_CONTEXT('2D SPACE',''
  ) );
#5202 = PCURVE('',#4336,#5203);
#5203 = DEFINITIONAL_REPRESENTATION('',(#5204),#5212);
#5204 = ( BOUNDED_CURVE() B_SPLINE_CURVE(2,(#5205,#5206,#5207,#5208,
#5209,#5210,#5211),.UNSPECIFIED.,.T.,.F.) B_SPLINE_CURVE_WITH_KNOTS((1,2
    ,2,2,2,1),(-2.094395102393,0.,2.094395102393,4.188790204786,
6.28318530718,8.377580409573),.UNSPECIFIED.) CURVE() 
GEOMETRIC_REPRESENTATION_ITEM() RATIONAL_B_SPLINE_CURVE((1.,0.5,1.,0.5,
1.,0.5,1.)) REPRESENTATION_ITEM('') );
#5205 = CARTESIAN_POINT('',(15.5,-1.27555607531E-15));
#5206 = CARTESIAN_POINT('',(15.5,-26.84678751731));
#5207 = CARTESIAN_POINT('',(-7.75,-13.42339375865));
#5208 = CARTESIAN_POINT('',(-31.,-5.071961152667E-15));
#5209 = CARTESIAN_POINT('',(-7.75,13.423393758659));
#5210 = CARTESIAN_POINT('',(15.5,26.846787517318));
#5211 = CARTESIAN_POINT('',(15.5,-1.27555607531E-15));
#5212 = ( GEOMETRIC_REPRESENTATION_CONTEXT(2) 
PARAMETRIC_REPRESENTATION_CONTEXT() REPRESENTATION_CONTEXT('2D SPACE',''
  ) );
#5213 = ORIENTED_EDGE('',*,*,#5214,.T.);
#5214 = EDGE_CURVE('',#5187,#5215,#5217,.T.);
#5215 = VERTEX_POINT('',#5216);
#5216 = CARTESIAN_POINT('',(64.589,11.842719282327,10.));
#5217 = SURFACE_CURVE('',#5218,(#5222,#5229),.PCURVE_S1.);
#5218 = LINE('',#5219,#5220);
#5219 = CARTESIAN_POINT('',(63.589,11.842719282327,10.));
#5220 = VECTOR('',#5221,1.);
#5221 = DIRECTION('',(-1.,0.,2.22044604925E-16));
#5222 = PCURVE('',#3385,#5223);
#5223 = DEFINITIONAL_REPRESENTATION('',(#5224),#5228);
#5224 = LINE('',#5225,#5226);
#5225 = CARTESIAN_POINT('',(5.581950942597,0.));
#5226 = VECTOR('',#5227,1.);
#5227 = DIRECTION('',(-0.,1.));
#5228 = ( GEOMETRIC_REPRESENTATION_CONTEXT(2) 
PARAMETRIC_REPRESENTATION_CONTEXT() REPRESENTATION_CONTEXT('2D SPACE',''
  ) );
#5229 = PCURVE('',#5230,#5235);
#5230 = PLANE('',#5231);
#5231 = AXIS2_PLACEMENT_3D('',#5232,#5233,#5234);
#5232 = CARTESIAN_POINT('',(64.589,-10.112,10.));
#5233 = DIRECTION('',(0.,-2.22044604925E-16,1.));
#5234 = DIRECTION('',(-2.22044604925E-16,1.,2.22044604925E-16));
#5235 = DEFINITIONAL_REPRESENTATION('',(#5236),#5240);
#5236 = LINE('',#5237,#5238);
#5237 = CARTESIAN_POINT('',(21.954719282327,1.));
#5238 = VECTOR('',#5239,1.);
#5239 = DIRECTION('',(2.22044604925E-16,1.));
#5240 = ( GEOMETRIC_REPRESENTATION_CONTEXT(2) 
PARAMETRIC_REPRESENTATION_CONTEXT() REPRESENTATION_CONTEXT('2D SPACE',''
  ) );
#5241 = ORIENTED_EDGE('',*,*,#5242,.F.);
#5242 = EDGE_CURVE('',#4735,#5215,#5243,.T.);
#5243 = SURFACE_CURVE('',#5244,(#5249,#5256),.PCURVE_S1.);
#5244 = CIRCLE('',#5245,15.5);
#5245 = AXIS2_PLACEMENT_3D('',#5246,#5247,#5248);
#5246 = CARTESIAN_POINT('',(64.589,0.,-1.43416389875E-14));
#5247 = DIRECTION('',(-1.,-2.22044604925E-16,-4.930380657631E-32));
#5248 = DIRECTION('',(-2.22044604925E-16,1.,0.));
#5249 = PCURVE('',#3385,#5250);
#5250 = DEFINITIONAL_REPRESENTATION('',(#5251),#5255);
#5251 = LINE('',#5252,#5253);
#5252 = CARTESIAN_POINT('',(-4.138911435803E-13,-1.));
#5253 = VECTOR('',#5254,1.);
#5254 = DIRECTION('',(1.,-0.));
#5255 = ( GEOMETRIC_REPRESENTATION_CONTEXT(2) 
PARAMETRIC_REPRESENTATION_CONTEXT() REPRESENTATION_CONTEXT('2D SPACE',''
  ) );
#5256 = PCURVE('',#4773,#5257);
#5257 = DEFINITIONAL_REPRESENTATION('',(#5258),#5266);
#5258 = ( BOUNDED_CURVE() B_SPLINE_CURVE(2,(#5259,#5260,#5261,#5262,
#5263,#5264,#5265),.UNSPECIFIED.,.T.,.F.) B_SPLINE_CURVE_WITH_KNOTS((1,2
    ,2,2,2,1),(-2.094395102393,0.,2.094395102393,4.188790204786,
6.28318530718,8.377580409573),.UNSPECIFIED.) CURVE() 
GEOMETRIC_REPRESENTATION_ITEM() RATIONAL_B_SPLINE_CURVE((1.,0.5,1.,0.5,
1.,0.5,1.)) REPRESENTATION_ITEM('') );
#5259 = CARTESIAN_POINT('',(2.801,-11.125));
#5260 = CARTESIAN_POINT('',(2.801,-37.97178751731));
#5261 = CARTESIAN_POINT('',(-20.449,-24.54839375865));
#5262 = CARTESIAN_POINT('',(-43.699,-11.125));
#5263 = CARTESIAN_POINT('',(-20.449,2.298393758659));
#5264 = CARTESIAN_POINT('',(2.801,15.721787517318));
#5265 = CARTESIAN_POINT('',(2.801,-11.125));
#5266 = ( GEOMETRIC_REPRESENTATION_CONTEXT(2) 
PARAMETRIC_REPRESENTATION_CONTEXT() REPRESENTATION_CONTEXT('2D SPACE',''
  ) );
#5267 = ORIENTED_EDGE('',*,*,#4734,.T.);
#5268 = ORIENTED_EDGE('',*,*,#5269,.T.);
#5269 = EDGE_CURVE('',#4707,#4684,#5270,.T.);
#5270 = SURFACE_CURVE('',#5271,(#5276,#5283),.PCURVE_S1.);
#5271 = CIRCLE('',#5272,15.5);
#5272 = AXIS2_PLACEMENT_3D('',#5273,#5274,#5275);
#5273 = CARTESIAN_POINT('',(63.589,0.,-1.411959438258E-14));
#5274 = DIRECTION('',(1.,2.22044604925E-16,4.930380657631E-32));
#5275 = DIRECTION('',(-2.22044604925E-16,1.,0.));
#5276 = PCURVE('',#3385,#5277);
#5277 = DEFINITIONAL_REPRESENTATION('',(#5278),#5282);
#5278 = LINE('',#5279,#5280);
#5279 = CARTESIAN_POINT('',(6.28318530718,0.));
#5280 = VECTOR('',#5281,1.);
#5281 = DIRECTION('',(-1.,0.));
#5282 = ( GEOMETRIC_REPRESENTATION_CONTEXT(2) 
PARAMETRIC_REPRESENTATION_CONTEXT() REPRESENTATION_CONTEXT('2D SPACE',''
  ) );
#5283 = PCURVE('',#4722,#5284);
#5284 = DEFINITIONAL_REPRESENTATION('',(#5285),#5289);
#5285 = CIRCLE('',#5286,15.5);
#5286 = AXIS2_PLACEMENT_2D('',#5287,#5288);
#5287 = CARTESIAN_POINT('',(7.057755522784E-16,-7.78816925E-16));
#5288 = DIRECTION('',(1.,0.));
#5289 = ( GEOMETRIC_REPRESENTATION_CONTEXT(2) 
PARAMETRIC_REPRESENTATION_CONTEXT() REPRESENTATION_CONTEXT('2D SPACE',''
  ) );
#5290 = ADVANCED_FACE('',(#5291),#3357,.T.);
#5291 = FACE_BOUND('',#5292,.T.);
#5292 = EDGE_LOOP('',(#5293,#5294,#5295,#5296));
#5293 = ORIENTED_EDGE('',*,*,#3341,.T.);
#5294 = ORIENTED_EDGE('',*,*,#5163,.T.);
#5295 = ORIENTED_EDGE('',*,*,#4371,.T.);
#5296 = ORIENTED_EDGE('',*,*,#5297,.T.);
#5297 = EDGE_CURVE('',#4372,#3314,#5298,.T.);
#5298 = SURFACE_CURVE('',#5299,(#5304,#5311),.PCURVE_S1.);
#5299 = CIRCLE('',#5300,15.5);
#5300 = AXIS2_PLACEMENT_3D('',#5301,#5302,#5303);
#5301 = CARTESIAN_POINT('',(63.589,0.,-1.411959438258E-14));
#5302 = DIRECTION('',(1.,2.22044604925E-16,4.930380657631E-32));
#5303 = DIRECTION('',(-2.22044604925E-16,1.,0.));
#5304 = PCURVE('',#3357,#5305);
#5305 = DEFINITIONAL_REPRESENTATION('',(#5306),#5310);
#5306 = CIRCLE('',#5307,15.5);
#5307 = AXIS2_PLACEMENT_2D('',#5308,#5309);
#5308 = CARTESIAN_POINT('',(7.057755522784E-16,-7.78816925E-16));
#5309 = DIRECTION('',(1.,0.));
#5310 = ( GEOMETRIC_REPRESENTATION_CONTEXT(2) 
PARAMETRIC_REPRESENTATION_CONTEXT() REPRESENTATION_CONTEXT('2D SPACE',''
  ) );
#5311 = PCURVE('',#3329,#5312);
#5312 = DEFINITIONAL_REPRESENTATION('',(#5313),#5317);
#5313 = LINE('',#5314,#5315);
#5314 = CARTESIAN_POINT('',(6.28318530718,0.));
#5315 = VECTOR('',#5316,1.);
#5316 = DIRECTION('',(-1.,0.));
#5317 = ( GEOMETRIC_REPRESENTATION_CONTEXT(2) 
PARAMETRIC_REPRESENTATION_CONTEXT() REPRESENTATION_CONTEXT('2D SPACE',''
  ) );
#5318 = ADVANCED_FACE('',(#5319),#3329,.F.);
#5319 = FACE_BOUND('',#5320,.F.);
#5320 = EDGE_LOOP('',(#5321,#5351,#5377,#5378,#5379,#5380,#5406,#5407,
    #5429,#5430));
#5321 = ORIENTED_EDGE('',*,*,#5322,.F.);
#5322 = EDGE_CURVE('',#5323,#5325,#5327,.T.);
#5323 = VERTEX_POINT('',#5324);
#5324 = CARTESIAN_POINT('',(68.089,11.842719282327,-10.));
#5325 = VERTEX_POINT('',#5326);
#5326 = CARTESIAN_POINT('',(64.589,11.842719282327,-10.));
#5327 = SURFACE_CURVE('',#5328,(#5332,#5339),.PCURVE_S1.);
#5328 = LINE('',#5329,#5330);
#5329 = CARTESIAN_POINT('',(63.589,11.842719282327,-10.));
#5330 = VECTOR('',#5331,1.);
#5331 = DIRECTION('',(-1.,0.,2.22044604925E-16));
#5332 = PCURVE('',#3329,#5333);
#5333 = DEFINITIONAL_REPRESENTATION('',(#5334),#5338);
#5334 = LINE('',#5335,#5336);
#5335 = CARTESIAN_POINT('',(0.701234364583,0.));
#5336 = VECTOR('',#5337,1.);
#5337 = DIRECTION('',(-0.,1.));
#5338 = ( GEOMETRIC_REPRESENTATION_CONTEXT(2) 
PARAMETRIC_REPRESENTATION_CONTEXT() REPRESENTATION_CONTEXT('2D SPACE',''
  ) );
#5339 = PCURVE('',#5340,#5345);
#5340 = PLANE('',#5341);
#5341 = AXIS2_PLACEMENT_3D('',#5342,#5343,#5344);
#5342 = CARTESIAN_POINT('',(64.589,35.51,-10.));
#5343 = DIRECTION('',(0.,2.22044604925E-16,-1.));
#5344 = DIRECTION('',(2.22044604925E-16,-1.,-2.22044604925E-16));
#5345 = DEFINITIONAL_REPRESENTATION('',(#5346),#5350);
#5346 = LINE('',#5347,#5348);
#5347 = CARTESIAN_POINT('',(23.667280717673,1.));
#5348 = VECTOR('',#5349,1.);
#5349 = DIRECTION('',(-2.22044604925E-16,1.));
#5350 = ( GEOMETRIC_REPRESENTATION_CONTEXT(2) 
PARAMETRIC_REPRESENTATION_CONTEXT() REPRESENTATION_CONTEXT('2D SPACE',''
  ) );
#5351 = ORIENTED_EDGE('',*,*,#5352,.T.);
#5352 = EDGE_CURVE('',#5323,#4395,#5353,.T.);
#5353 = SURFACE_CURVE('',#5354,(#5359,#5366),.PCURVE_S1.);
#5354 = CIRCLE('',#5355,15.5);
#5355 = AXIS2_PLACEMENT_3D('',#5356,#5357,#5358);
#5356 = CARTESIAN_POINT('',(68.089,0.,-1.511879510474E-14));
#5357 = DIRECTION('',(-1.,-2.22044604925E-16,-4.930380657631E-32));
#5358 = DIRECTION('',(-2.22044604925E-16,1.,0.));
#5359 = PCURVE('',#3329,#5360);
#5360 = DEFINITIONAL_REPRESENTATION('',(#5361),#5365);
#5361 = LINE('',#5362,#5363);
#5362 = CARTESIAN_POINT('',(-4.138911435803E-13,-4.5));
#5363 = VECTOR('',#5364,1.);
#5364 = DIRECTION('',(1.,-0.));
#5365 = ( GEOMETRIC_REPRESENTATION_CONTEXT(2) 
PARAMETRIC_REPRESENTATION_CONTEXT() REPRESENTATION_CONTEXT('2D SPACE',''
  ) );
#5366 = PCURVE('',#4433,#5367);
#5367 = DEFINITIONAL_REPRESENTATION('',(#5368),#5376);
#5368 = ( BOUNDED_CURVE() B_SPLINE_CURVE(2,(#5369,#5370,#5371,#5372,
#5373,#5374,#5375),.UNSPECIFIED.,.T.,.F.) B_SPLINE_CURVE_WITH_KNOTS((1,2
    ,2,2,2,1),(-2.094395102393,0.,2.094395102393,4.188790204786,
6.28318530718,8.377580409573),.UNSPECIFIED.) CURVE() 
GEOMETRIC_REPRESENTATION_ITEM() RATIONAL_B_SPLINE_CURVE((1.,0.5,1.,0.5,
1.,0.5,1.)) REPRESENTATION_ITEM('') );
#5369 = CARTESIAN_POINT('',(15.5,-1.27555607531E-15));
#5370 = CARTESIAN_POINT('',(15.5,-26.84678751731));
#5371 = CARTESIAN_POINT('',(-7.75,-13.42339375865));
#5372 = CARTESIAN_POINT('',(-31.,-5.071961152667E-15));
#5373 = CARTESIAN_POINT('',(-7.75,13.423393758659));
#5374 = CARTESIAN_POINT('',(15.5,26.846787517318));
#5375 = CARTESIAN_POINT('',(15.5,-1.27555607531E-15));
#5376 = ( GEOMETRIC_REPRESENTATION_CONTEXT(2) 
PARAMETRIC_REPRESENTATION_CONTEXT() REPRESENTATION_CONTEXT('2D SPACE',''
  ) );
#5377 = ORIENTED_EDGE('',*,*,#4394,.T.);
#5378 = ORIENTED_EDGE('',*,*,#5297,.T.);
#5379 = ORIENTED_EDGE('',*,*,#3313,.F.);
#5380 = ORIENTED_EDGE('',*,*,#5381,.F.);
#5381 = EDGE_CURVE('',#3779,#3286,#5382,.T.);
#5382 = SURFACE_CURVE('',#5383,(#5388,#5395),.PCURVE_S1.);
#5383 = CIRCLE('',#5384,15.5);
#5384 = AXIS2_PLACEMENT_3D('',#5385,#5386,#5387);
#5385 = CARTESIAN_POINT('',(64.589,0.,-1.43416389875E-14));
#5386 = DIRECTION('',(-1.,-2.22044604925E-16,-4.930380657631E-32));
#5387 = DIRECTION('',(-2.22044604925E-16,1.,0.));
#5388 = PCURVE('',#3329,#5389);
#5389 = DEFINITIONAL_REPRESENTATION('',(#5390),#5394);
#5390 = LINE('',#5391,#5392);
#5391 = CARTESIAN_POINT('',(-4.138911435803E-13,-1.));
#5392 = VECTOR('',#5393,1.);
#5393 = DIRECTION('',(1.,-0.));
#5394 = ( GEOMETRIC_REPRESENTATION_CONTEXT(2) 
PARAMETRIC_REPRESENTATION_CONTEXT() REPRESENTATION_CONTEXT('2D SPACE',''
  ) );
#5395 = PCURVE('',#3301,#5396);
#5396 = DEFINITIONAL_REPRESENTATION('',(#5397),#5405);
#5397 = ( BOUNDED_CURVE() B_SPLINE_CURVE(2,(#5398,#5399,#5400,#5401,
#5402,#5403,#5404),.UNSPECIFIED.,.T.,.F.) B_SPLINE_CURVE_WITH_KNOTS((1,2
    ,2,2,2,1),(-2.094395102393,0.,2.094395102393,4.188790204786,
6.28318530718,8.377580409573),.UNSPECIFIED.) CURVE() 
GEOMETRIC_REPRESENTATION_ITEM() RATIONAL_B_SPLINE_CURVE((1.,0.5,1.,0.5,
1.,0.5,1.)) REPRESENTATION_ITEM('') );
#5398 = CARTESIAN_POINT('',(2.801,11.125));
#5399 = CARTESIAN_POINT('',(2.801,-15.72178751731));
#5400 = CARTESIAN_POINT('',(-20.449,-2.298393758659));
#5401 = CARTESIAN_POINT('',(-43.699,11.125));
#5402 = CARTESIAN_POINT('',(-20.449,24.548393758659));
#5403 = CARTESIAN_POINT('',(2.801,37.971787517318));
#5404 = CARTESIAN_POINT('',(2.801,11.125));
#5405 = ( GEOMETRIC_REPRESENTATION_CONTEXT(2) 
PARAMETRIC_REPRESENTATION_CONTEXT() REPRESENTATION_CONTEXT('2D SPACE',''
  ) );
#5406 = ORIENTED_EDGE('',*,*,#3778,.T.);
#5407 = ORIENTED_EDGE('',*,*,#5408,.T.);
#5408 = EDGE_CURVE('',#3751,#3728,#5409,.T.);
#5409 = SURFACE_CURVE('',#5410,(#5415,#5422),.PCURVE_S1.);
#5410 = CIRCLE('',#5411,15.5);
#5411 = AXIS2_PLACEMENT_3D('',#5412,#5413,#5414);
#5412 = CARTESIAN_POINT('',(63.589,0.,-1.411959438258E-14));
#5413 = DIRECTION('',(1.,2.22044604925E-16,4.930380657631E-32));
#5414 = DIRECTION('',(-2.22044604925E-16,1.,0.));
#5415 = PCURVE('',#3329,#5416);
#5416 = DEFINITIONAL_REPRESENTATION('',(#5417),#5421);
#5417 = LINE('',#5418,#5419);
#5418 = CARTESIAN_POINT('',(6.28318530718,0.));
#5419 = VECTOR('',#5420,1.);
#5420 = DIRECTION('',(-1.,0.));
#5421 = ( GEOMETRIC_REPRESENTATION_CONTEXT(2) 
PARAMETRIC_REPRESENTATION_CONTEXT() REPRESENTATION_CONTEXT('2D SPACE',''
  ) );
#5422 = PCURVE('',#3766,#5423);
#5423 = DEFINITIONAL_REPRESENTATION('',(#5424),#5428);
#5424 = CIRCLE('',#5425,15.5);
#5425 = AXIS2_PLACEMENT_2D('',#5426,#5427);
#5426 = CARTESIAN_POINT('',(7.057755522784E-16,-7.78816925E-16));
#5427 = DIRECTION('',(1.,0.));
#5428 = ( GEOMETRIC_REPRESENTATION_CONTEXT(2) 
PARAMETRIC_REPRESENTATION_CONTEXT() REPRESENTATION_CONTEXT('2D SPACE',''
  ) );
#5429 = ORIENTED_EDGE('',*,*,#3727,.F.);
#5430 = ORIENTED_EDGE('',*,*,#5431,.F.);
#5431 = EDGE_CURVE('',#5325,#3700,#5432,.T.);
#5432 = SURFACE_CURVE('',#5433,(#5438,#5445),.PCURVE_S1.);
#5433 = CIRCLE('',#5434,15.5);
#5434 = AXIS2_PLACEMENT_3D('',#5435,#5436,#5437);
#5435 = CARTESIAN_POINT('',(64.589,0.,-1.43416389875E-14));
#5436 = DIRECTION('',(-1.,-2.22044604925E-16,-4.930380657631E-32));
#5437 = DIRECTION('',(-2.22044604925E-16,1.,0.));
#5438 = PCURVE('',#3329,#5439);
#5439 = DEFINITIONAL_REPRESENTATION('',(#5440),#5444);
#5440 = LINE('',#5441,#5442);
#5441 = CARTESIAN_POINT('',(-4.138911435803E-13,-1.));
#5442 = VECTOR('',#5443,1.);
#5443 = DIRECTION('',(1.,-0.));
#5444 = ( GEOMETRIC_REPRESENTATION_CONTEXT(2) 
PARAMETRIC_REPRESENTATION_CONTEXT() REPRESENTATION_CONTEXT('2D SPACE',''
  ) );
#5445 = PCURVE('',#3715,#5446);
#5446 = DEFINITIONAL_REPRESENTATION('',(#5447),#5455);
#5447 = ( BOUNDED_CURVE() B_SPLINE_CURVE(2,(#5448,#5449,#5450,#5451,
#5452,#5453,#5454),.UNSPECIFIED.,.T.,.F.) B_SPLINE_CURVE_WITH_KNOTS((1,2
    ,2,2,2,1),(-2.094395102393,0.,2.094395102393,4.188790204786,
6.28318530718,8.377580409573),.UNSPECIFIED.) CURVE() 
GEOMETRIC_REPRESENTATION_ITEM() RATIONAL_B_SPLINE_CURVE((1.,0.5,1.,0.5,
1.,0.5,1.)) REPRESENTATION_ITEM('') );
#5448 = CARTESIAN_POINT('',(2.801,11.125));
#5449 = CARTESIAN_POINT('',(2.801,-15.72178751731));
#5450 = CARTESIAN_POINT('',(-20.449,-2.298393758659));
#5451 = CARTESIAN_POINT('',(-43.699,11.125));
#5452 = CARTESIAN_POINT('',(-20.449,24.548393758659));
#5453 = CARTESIAN_POINT('',(2.801,37.971787517318));
#5454 = CARTESIAN_POINT('',(2.801,11.125));
#5455 = ( GEOMETRIC_REPRESENTATION_CONTEXT(2) 
PARAMETRIC_REPRESENTATION_CONTEXT() REPRESENTATION_CONTEXT('2D SPACE',''
  ) );
#5456 = ADVANCED_FACE('',(#5457),#3301,.F.);
#5457 = FACE_BOUND('',#5458,.F.);
#5458 = EDGE_LOOP('',(#5459,#5460,#5461));
#5459 = ORIENTED_EDGE('',*,*,#3285,.T.);
#5460 = ORIENTED_EDGE('',*,*,#3801,.T.);
#5461 = ORIENTED_EDGE('',*,*,#5381,.T.);
#5462 = ADVANCED_FACE('',(#5463),#3631,.F.);
#5463 = FACE_BOUND('',#5464,.F.);
#5464 = EDGE_LOOP('',(#5465,#5495,#5523,#5544,#5545,#5568,#5596,#5624,
    #5652,#5673,#5674,#5675));
#5465 = ORIENTED_EDGE('',*,*,#5466,.F.);
#5466 = EDGE_CURVE('',#5467,#5469,#5471,.T.);
#5467 = VERTEX_POINT('',#5468);
#5468 = CARTESIAN_POINT('',(27.2,28.55,15.));
#5469 = VERTEX_POINT('',#5470);
#5470 = CARTESIAN_POINT('',(27.2,28.55,-15.));
#5471 = SURFACE_CURVE('',#5472,(#5476,#5483),.PCURVE_S1.);
#5472 = LINE('',#5473,#5474);
#5473 = CARTESIAN_POINT('',(27.2,28.55,15.));
#5474 = VECTOR('',#5475,1.);
#5475 = DIRECTION('',(0.,2.22044604925E-16,-1.));
#5476 = PCURVE('',#3631,#5477);
#5477 = DEFINITIONAL_REPRESENTATION('',(#5478),#5482);
#5478 = LINE('',#5479,#5480);
#5479 = CARTESIAN_POINT('',(0.,-0.));
#5480 = VECTOR('',#5481,1.);
#5481 = DIRECTION('',(1.,0.));
#5482 = ( GEOMETRIC_REPRESENTATION_CONTEXT(2) 
PARAMETRIC_REPRESENTATION_CONTEXT() REPRESENTATION_CONTEXT('2D SPACE',''
  ) );
#5483 = PCURVE('',#5484,#5489);
#5484 = PLANE('',#5485);
#5485 = AXIS2_PLACEMENT_3D('',#5486,#5487,#5488);
#5486 = CARTESIAN_POINT('',(27.2,32.03,-6.039613253961E-15));
#5487 = DIRECTION('',(1.,0.,-2.22044604925E-16));
#5488 = DIRECTION('',(-1.094764425253E-47,1.,-4.93038065763E-32));
#5489 = DEFINITIONAL_REPRESENTATION('',(#5490),#5494);
#5490 = LINE('',#5491,#5492);
#5491 = CARTESIAN_POINT('',(-3.48,15.));
#5492 = VECTOR('',#5493,1.);
#5493 = DIRECTION('',(2.22044604925E-16,-1.));
#5494 = ( GEOMETRIC_REPRESENTATION_CONTEXT(2) 
PARAMETRIC_REPRESENTATION_CONTEXT() REPRESENTATION_CONTEXT('2D SPACE',''
  ) );
#5495 = ORIENTED_EDGE('',*,*,#5496,.T.);
#5496 = EDGE_CURVE('',#5467,#5497,#5499,.T.);
#5497 = VERTEX_POINT('',#5498);
#5498 = CARTESIAN_POINT('',(29.5,28.55,15.));
#5499 = SURFACE_CURVE('',#5500,(#5504,#5511),.PCURVE_S1.);
#5500 = LINE('',#5501,#5502);
#5501 = CARTESIAN_POINT('',(27.2,28.55,15.));
#5502 = VECTOR('',#5503,1.);
#5503 = DIRECTION('',(1.,0.,-2.22044604925E-16));
#5504 = PCURVE('',#3631,#5505);
#5505 = DEFINITIONAL_REPRESENTATION('',(#5506),#5510);
#5506 = LINE('',#5507,#5508);
#5507 = CARTESIAN_POINT('',(0.,-0.));
#5508 = VECTOR('',#5509,1.);
#5509 = DIRECTION('',(2.22044604925E-16,-1.));
#5510 = ( GEOMETRIC_REPRESENTATION_CONTEXT(2) 
PARAMETRIC_REPRESENTATION_CONTEXT() REPRESENTATION_CONTEXT('2D SPACE',''
  ) );
#5511 = PCURVE('',#5512,#5517);
#5512 = PLANE('',#5513);
#5513 = AXIS2_PLACEMENT_3D('',#5514,#5515,#5516);
#5514 = CARTESIAN_POINT('',(27.2,35.51,15.));
#5515 = DIRECTION('',(0.,2.22044604925E-16,-1.));
#5516 = DIRECTION('',(2.22044604925E-16,-1.,-2.22044604925E-16));
#5517 = DEFINITIONAL_REPRESENTATION('',(#5518),#5522);
#5518 = LINE('',#5519,#5520);
#5519 = CARTESIAN_POINT('',(6.96,1.545430450278E-15));
#5520 = VECTOR('',#5521,1.);
#5521 = DIRECTION('',(2.22044604925E-16,-1.));
#5522 = ( GEOMETRIC_REPRESENTATION_CONTEXT(2) 
PARAMETRIC_REPRESENTATION_CONTEXT() REPRESENTATION_CONTEXT('2D SPACE',''
  ) );
#5523 = ORIENTED_EDGE('',*,*,#5524,.F.);
#5524 = EDGE_CURVE('',#4842,#5497,#5525,.T.);
#5525 = SURFACE_CURVE('',#5526,(#5530,#5537),.PCURVE_S1.);
#5526 = LINE('',#5527,#5528);
#5527 = CARTESIAN_POINT('',(29.5,28.55,7.5));
#5528 = VECTOR('',#5529,1.);
#5529 = DIRECTION('',(0.,-2.22044604925E-16,1.));
#5530 = PCURVE('',#3631,#5531);
#5531 = DEFINITIONAL_REPRESENTATION('',(#5532),#5536);
#5532 = LINE('',#5533,#5534);
#5533 = CARTESIAN_POINT('',(7.5,-2.3));
#5534 = VECTOR('',#5535,1.);
#5535 = DIRECTION('',(-1.,0.));
#5536 = ( GEOMETRIC_REPRESENTATION_CONTEXT(2) 
PARAMETRIC_REPRESENTATION_CONTEXT() REPRESENTATION_CONTEXT('2D SPACE',''
  ) );
#5537 = PCURVE('',#4615,#5538);
#5538 = DEFINITIONAL_REPRESENTATION('',(#5539),#5543);
#5539 = LINE('',#5540,#5541);
#5540 = CARTESIAN_POINT('',(28.55,7.5));
#5541 = VECTOR('',#5542,1.);
#5542 = DIRECTION('',(-2.22044604925E-16,1.));
#5543 = ( GEOMETRIC_REPRESENTATION_CONTEXT(2) 
PARAMETRIC_REPRESENTATION_CONTEXT() REPRESENTATION_CONTEXT('2D SPACE',''
  ) );
#5544 = ORIENTED_EDGE('',*,*,#4841,.F.);
#5545 = ORIENTED_EDGE('',*,*,#5546,.T.);
#5546 = EDGE_CURVE('',#4814,#5547,#5549,.T.);
#5547 = VERTEX_POINT('',#5548);
#5548 = CARTESIAN_POINT('',(32.589,28.55,9.9));
#5549 = SURFACE_CURVE('',#5550,(#5554,#5561),.PCURVE_S1.);
#5550 = LINE('',#5551,#5552);
#5551 = CARTESIAN_POINT('',(32.589,28.55,15.));
#5552 = VECTOR('',#5553,1.);
#5553 = DIRECTION('',(0.,2.22044604925E-16,-1.));
#5554 = PCURVE('',#3631,#5555);
#5555 = DEFINITIONAL_REPRESENTATION('',(#5556),#5560);
#5556 = LINE('',#5557,#5558);
#5557 = CARTESIAN_POINT('',(2.656982136397E-31,-5.389));
#5558 = VECTOR('',#5559,1.);
#5559 = DIRECTION('',(1.,0.));
#5560 = ( GEOMETRIC_REPRESENTATION_CONTEXT(2) 
PARAMETRIC_REPRESENTATION_CONTEXT() REPRESENTATION_CONTEXT('2D SPACE',''
  ) );
#5561 = PCURVE('',#4829,#5562);
#5562 = DEFINITIONAL_REPRESENTATION('',(#5563),#5567);
#5563 = LINE('',#5564,#5565);
#5564 = CARTESIAN_POINT('',(-3.48,15.));
#5565 = VECTOR('',#5566,1.);
#5566 = DIRECTION('',(2.22044604925E-16,-1.));
#5567 = ( GEOMETRIC_REPRESENTATION_CONTEXT(2) 
PARAMETRIC_REPRESENTATION_CONTEXT() REPRESENTATION_CONTEXT('2D SPACE',''
  ) );
#5568 = ORIENTED_EDGE('',*,*,#5569,.T.);
#5569 = EDGE_CURVE('',#5547,#5570,#5572,.T.);
#5570 = VERTEX_POINT('',#5571);
#5571 = CARTESIAN_POINT('',(29.689,28.55,9.9));
#5572 = SURFACE_CURVE('',#5573,(#5577,#5584),.PCURVE_S1.);
#5573 = LINE('',#5574,#5575);
#5574 = CARTESIAN_POINT('',(28.4445,28.55,9.9));
#5575 = VECTOR('',#5576,1.);
#5576 = DIRECTION('',(-1.,0.,2.22044604925E-16));
#5577 = PCURVE('',#3631,#5578);
#5578 = DEFINITIONAL_REPRESENTATION('',(#5579),#5583);
#5579 = LINE('',#5580,#5581);
#5580 = CARTESIAN_POINT('',(5.1,-1.2445));
#5581 = VECTOR('',#5582,1.);
#5582 = DIRECTION('',(-2.22044604925E-16,1.));
#5583 = ( GEOMETRIC_REPRESENTATION_CONTEXT(2) 
PARAMETRIC_REPRESENTATION_CONTEXT() REPRESENTATION_CONTEXT('2D SPACE',''
  ) );
#5584 = PCURVE('',#5585,#5590);
#5585 = PLANE('',#5586);
#5586 = AXIS2_PLACEMENT_3D('',#5587,#5588,#5589);
#5587 = CARTESIAN_POINT('',(29.689,60.,9.9));
#5588 = DIRECTION('',(0.,2.22044604925E-16,-1.));
#5589 = DIRECTION('',(2.22044604925E-16,-1.,-2.22044604925E-16));
#5590 = DEFINITIONAL_REPRESENTATION('',(#5591),#5595);
#5591 = LINE('',#5592,#5593);
#5592 = CARTESIAN_POINT('',(31.45,1.2445));
#5593 = VECTOR('',#5594,1.);
#5594 = DIRECTION('',(-2.22044604925E-16,1.));
#5595 = ( GEOMETRIC_REPRESENTATION_CONTEXT(2) 
PARAMETRIC_REPRESENTATION_CONTEXT() REPRESENTATION_CONTEXT('2D SPACE',''
  ) );
#5596 = ORIENTED_EDGE('',*,*,#5597,.T.);
#5597 = EDGE_CURVE('',#5570,#5598,#5600,.T.);
#5598 = VERTEX_POINT('',#5599);
#5599 = CARTESIAN_POINT('',(29.689,28.55,-9.9));
#5600 = SURFACE_CURVE('',#5601,(#5605,#5612),.PCURVE_S1.);
#5601 = LINE('',#5602,#5603);
#5602 = CARTESIAN_POINT('',(29.689,28.55,7.5));
#5603 = VECTOR('',#5604,1.);
#5604 = DIRECTION('',(0.,2.22044604925E-16,-1.));
#5605 = PCURVE('',#3631,#5606);
#5606 = DEFINITIONAL_REPRESENTATION('',(#5607),#5611);
#5607 = LINE('',#5608,#5609);
#5608 = CARTESIAN_POINT('',(7.5,-2.489));
#5609 = VECTOR('',#5610,1.);
#5610 = DIRECTION('',(1.,0.));
#5611 = ( GEOMETRIC_REPRESENTATION_CONTEXT(2) 
PARAMETRIC_REPRESENTATION_CONTEXT() REPRESENTATION_CONTEXT('2D SPACE',''
  ) );
#5612 = PCURVE('',#5613,#5618);
#5613 = PLANE('',#5614);
#5614 = AXIS2_PLACEMENT_3D('',#5615,#5616,#5617);
#5615 = CARTESIAN_POINT('',(29.689,20.,-6.592282275619E-15));
#5616 = DIRECTION('',(1.,0.,-2.22044604925E-16));
#5617 = DIRECTION('',(-1.094764425253E-47,1.,-4.93038065763E-32));
#5618 = DEFINITIONAL_REPRESENTATION('',(#5619),#5623);
#5619 = LINE('',#5620,#5621);
#5620 = CARTESIAN_POINT('',(8.55,7.5));
#5621 = VECTOR('',#5622,1.);
#5622 = DIRECTION('',(2.22044604925E-16,-1.));
#5623 = ( GEOMETRIC_REPRESENTATION_CONTEXT(2) 
PARAMETRIC_REPRESENTATION_CONTEXT() REPRESENTATION_CONTEXT('2D SPACE',''
  ) );
#5624 = ORIENTED_EDGE('',*,*,#5625,.T.);
#5625 = EDGE_CURVE('',#5598,#5626,#5628,.T.);
#5626 = VERTEX_POINT('',#5627);
#5627 = CARTESIAN_POINT('',(32.589,28.55,-9.9));
#5628 = SURFACE_CURVE('',#5629,(#5633,#5640),.PCURVE_S1.);
#5629 = LINE('',#5630,#5631);
#5630 = CARTESIAN_POINT('',(28.4445,28.55,-9.9));
#5631 = VECTOR('',#5632,1.);
#5632 = DIRECTION('',(1.,0.,-2.22044604925E-16));
#5633 = PCURVE('',#3631,#5634);
#5634 = DEFINITIONAL_REPRESENTATION('',(#5635),#5639);
#5635 = LINE('',#5636,#5637);
#5636 = CARTESIAN_POINT('',(24.9,-1.2445));
#5637 = VECTOR('',#5638,1.);
#5638 = DIRECTION('',(2.22044604925E-16,-1.));
#5639 = ( GEOMETRIC_REPRESENTATION_CONTEXT(2) 
PARAMETRIC_REPRESENTATION_CONTEXT() REPRESENTATION_CONTEXT('2D SPACE',''
  ) );
#5640 = PCURVE('',#5641,#5646);
#5641 = PLANE('',#5642);
#5642 = AXIS2_PLACEMENT_3D('',#5643,#5644,#5645);
#5643 = CARTESIAN_POINT('',(29.689,-20.,-9.9));
#5644 = DIRECTION('',(0.,-2.22044604925E-16,1.));
#5645 = DIRECTION('',(-2.22044604925E-16,1.,2.22044604925E-16));
#5646 = DEFINITIONAL_REPRESENTATION('',(#5647),#5651);
#5647 = LINE('',#5648,#5649);
#5648 = CARTESIAN_POINT('',(48.55,1.2445));
#5649 = VECTOR('',#5650,1.);
#5650 = DIRECTION('',(-2.22044604925E-16,-1.));
#5651 = ( GEOMETRIC_REPRESENTATION_CONTEXT(2) 
PARAMETRIC_REPRESENTATION_CONTEXT() REPRESENTATION_CONTEXT('2D SPACE',''
  ) );
#5652 = ORIENTED_EDGE('',*,*,#5653,.T.);
#5653 = EDGE_CURVE('',#5626,#3616,#5654,.T.);
#5654 = SURFACE_CURVE('',#5655,(#5659,#5666),.PCURVE_S1.);
#5655 = LINE('',#5656,#5657);
#5656 = CARTESIAN_POINT('',(32.589,28.55,15.));
#5657 = VECTOR('',#5658,1.);
#5658 = DIRECTION('',(0.,2.22044604925E-16,-1.));
#5659 = PCURVE('',#3631,#5660);
#5660 = DEFINITIONAL_REPRESENTATION('',(#5661),#5665);
#5661 = LINE('',#5662,#5663);
#5662 = CARTESIAN_POINT('',(2.656982136397E-31,-5.389));
#5663 = VECTOR('',#5664,1.);
#5664 = DIRECTION('',(1.,0.));
#5665 = ( GEOMETRIC_REPRESENTATION_CONTEXT(2) 
PARAMETRIC_REPRESENTATION_CONTEXT() REPRESENTATION_CONTEXT('2D SPACE',''
  ) );
#5666 = PCURVE('',#3659,#5667);
#5667 = DEFINITIONAL_REPRESENTATION('',(#5668),#5672);
#5668 = LINE('',#5669,#5670);
#5669 = CARTESIAN_POINT('',(-3.48,15.));
#5670 = VECTOR('',#5671,1.);
#5671 = DIRECTION('',(2.22044604925E-16,-1.));
#5672 = ( GEOMETRIC_REPRESENTATION_CONTEXT(2) 
PARAMETRIC_REPRESENTATION_CONTEXT() REPRESENTATION_CONTEXT('2D SPACE',''
  ) );
#5673 = ORIENTED_EDGE('',*,*,#3615,.F.);
#5674 = ORIENTED_EDGE('',*,*,#3972,.F.);
#5675 = ORIENTED_EDGE('',*,*,#5676,.F.);
#5676 = EDGE_CURVE('',#5469,#3945,#5677,.T.);
#5677 = SURFACE_CURVE('',#5678,(#5682,#5689),.PCURVE_S1.);
#5678 = LINE('',#5679,#5680);
#5679 = CARTESIAN_POINT('',(27.2,28.55,-15.));
#5680 = VECTOR('',#5681,1.);
#5681 = DIRECTION('',(1.,0.,-2.22044604925E-16));
#5682 = PCURVE('',#3631,#5683);
#5683 = DEFINITIONAL_REPRESENTATION('',(#5684),#5688);
#5684 = LINE('',#5685,#5686);
#5685 = CARTESIAN_POINT('',(30.,1.479114197289E-30));
#5686 = VECTOR('',#5687,1.);
#5687 = DIRECTION('',(2.22044604925E-16,-1.));
#5688 = ( GEOMETRIC_REPRESENTATION_CONTEXT(2) 
PARAMETRIC_REPRESENTATION_CONTEXT() REPRESENTATION_CONTEXT('2D SPACE',''
  ) );
#5689 = PCURVE('',#5690,#5695);
#5690 = PLANE('',#5691);
#5691 = AXIS2_PLACEMENT_3D('',#5692,#5693,#5694);
#5692 = CARTESIAN_POINT('',(27.2,28.55,-15.));
#5693 = DIRECTION('',(0.,-2.22044604925E-16,1.));
#5694 = DIRECTION('',(-2.22044604925E-16,1.,2.22044604925E-16));
#5695 = DEFINITIONAL_REPRESENTATION('',(#5696),#5700);
#5696 = LINE('',#5697,#5698);
#5697 = CARTESIAN_POINT('',(0.,-0.));
#5698 = VECTOR('',#5699,1.);
#5699 = DIRECTION('',(-2.22044604925E-16,-1.));
#5700 = ( GEOMETRIC_REPRESENTATION_CONTEXT(2) 
PARAMETRIC_REPRESENTATION_CONTEXT() REPRESENTATION_CONTEXT('2D SPACE',''
  ) );
#5701 = ADVANCED_FACE('',(#5702),#3659,.T.);
#5702 = FACE_BOUND('',#5703,.T.);
#5703 = EDGE_LOOP('',(#5704,#5732,#5760,#5793,#5821,#5842,#5843));
#5704 = ORIENTED_EDGE('',*,*,#5705,.T.);
#5705 = EDGE_CURVE('',#3644,#5706,#5708,.T.);
#5706 = VERTEX_POINT('',#5707);
#5707 = CARTESIAN_POINT('',(32.589,35.51,-9.9));
#5708 = SURFACE_CURVE('',#5709,(#5713,#5720),.PCURVE_S1.);
#5709 = LINE('',#5710,#5711);
#5710 = CARTESIAN_POINT('',(32.589,35.51,-15.));
#5711 = VECTOR('',#5712,1.);
#5712 = DIRECTION('',(0.,-2.22044604925E-16,1.));
#5713 = PCURVE('',#3659,#5714);
#5714 = DEFINITIONAL_REPRESENTATION('',(#5715),#5719);
#5715 = LINE('',#5716,#5717);
#5716 = CARTESIAN_POINT('',(3.48,-15.));
#5717 = VECTOR('',#5718,1.);
#5718 = DIRECTION('',(-2.22044604925E-16,1.));
#5719 = ( GEOMETRIC_REPRESENTATION_CONTEXT(2) 
PARAMETRIC_REPRESENTATION_CONTEXT() REPRESENTATION_CONTEXT('2D SPACE',''
  ) );
#5720 = PCURVE('',#5721,#5726);
#5721 = PLANE('',#5722);
#5722 = AXIS2_PLACEMENT_3D('',#5723,#5724,#5725);
#5723 = CARTESIAN_POINT('',(27.2,35.51,-15.));
#5724 = DIRECTION('',(2.22044604925E-16,-1.,0.));
#5725 = DIRECTION('',(-4.93038065763E-32,-1.094764425253E-47,1.));
#5726 = DEFINITIONAL_REPRESENTATION('',(#5727),#5731);
#5727 = LINE('',#5728,#5729);
#5728 = CARTESIAN_POINT('',(-2.656982136397E-31,-5.389));
#5729 = VECTOR('',#5730,1.);
#5730 = DIRECTION('',(1.,0.));
#5731 = ( GEOMETRIC_REPRESENTATION_CONTEXT(2) 
PARAMETRIC_REPRESENTATION_CONTEXT() REPRESENTATION_CONTEXT('2D SPACE',''
  ) );
#5732 = ORIENTED_EDGE('',*,*,#5733,.T.);
#5733 = EDGE_CURVE('',#5706,#5734,#5736,.T.);
#5734 = VERTEX_POINT('',#5735);
#5735 = CARTESIAN_POINT('',(32.589,34.413580475961,-9.9));
#5736 = SURFACE_CURVE('',#5737,(#5741,#5748),.PCURVE_S1.);
#5737 = LINE('',#5738,#5739);
#5738 = CARTESIAN_POINT('',(32.589,6.015,-9.9));
#5739 = VECTOR('',#5740,1.);
#5740 = DIRECTION('',(2.22044604925E-16,-1.,0.));
#5741 = PCURVE('',#3659,#5742);
#5742 = DEFINITIONAL_REPRESENTATION('',(#5743),#5747);
#5743 = LINE('',#5744,#5745);
#5744 = CARTESIAN_POINT('',(-26.015,-9.9));
#5745 = VECTOR('',#5746,1.);
#5746 = DIRECTION('',(-1.,0.));
#5747 = ( GEOMETRIC_REPRESENTATION_CONTEXT(2) 
PARAMETRIC_REPRESENTATION_CONTEXT() REPRESENTATION_CONTEXT('2D SPACE',''
  ) );
#5748 = PCURVE('',#5749,#5754);
#5749 = PLANE('',#5750);
#5750 = AXIS2_PLACEMENT_3D('',#5751,#5752,#5753);
#5751 = CARTESIAN_POINT('',(29.689,-20.,-9.9));
#5752 = DIRECTION('',(0.,-2.22044604925E-16,1.));
#5753 = DIRECTION('',(-2.22044604925E-16,1.,2.22044604925E-16));
#5754 = DEFINITIONAL_REPRESENTATION('',(#5755),#5759);
#5755 = LINE('',#5756,#5757);
#5756 = CARTESIAN_POINT('',(26.015,-2.9));
#5757 = VECTOR('',#5758,1.);
#5758 = DIRECTION('',(-1.,1.094764425253E-47));
#5759 = ( GEOMETRIC_REPRESENTATION_CONTEXT(2) 
PARAMETRIC_REPRESENTATION_CONTEXT() REPRESENTATION_CONTEXT('2D SPACE',''
  ) );
#5760 = ORIENTED_EDGE('',*,*,#5761,.T.);
#5761 = EDGE_CURVE('',#5734,#5762,#5764,.T.);
#5762 = VERTEX_POINT('',#5763);
#5763 = CARTESIAN_POINT('',(32.589,34.45,-10.25));
#5764 = SURFACE_CURVE('',#5765,(#5770,#5781),.PCURVE_S1.);
#5765 = CIRCLE('',#5766,1.7);
#5766 = AXIS2_PLACEMENT_3D('',#5767,#5768,#5769);
#5767 = CARTESIAN_POINT('',(32.589,32.75,-10.25));
#5768 = DIRECTION('',(-1.,-2.22044604925E-16,-4.930380657631E-32));
#5769 = DIRECTION('',(-2.22044604925E-16,1.,0.));
#5770 = PCURVE('',#3659,#5771);
#5771 = DEFINITIONAL_REPRESENTATION('',(#5772),#5780);
#5772 = ( BOUNDED_CURVE() B_SPLINE_CURVE(2,(#5773,#5774,#5775,#5776,
#5777,#5778,#5779),.UNSPECIFIED.,.T.,.F.) B_SPLINE_CURVE_WITH_KNOTS((1,2
    ,2,2,2,1),(-2.094395102393,0.,2.094395102393,4.188790204786,
6.28318530718,8.377580409573),.UNSPECIFIED.) CURVE() 
GEOMETRIC_REPRESENTATION_ITEM() RATIONAL_B_SPLINE_CURVE((1.,0.5,1.,0.5,
1.,0.5,1.)) REPRESENTATION_ITEM('') );
#5773 = CARTESIAN_POINT('',(2.42,-10.25));
#5774 = CARTESIAN_POINT('',(2.42,-13.19448637286));
#5775 = CARTESIAN_POINT('',(-0.13,-11.72224318643));
#5776 = CARTESIAN_POINT('',(-2.68,-10.25));
#5777 = CARTESIAN_POINT('',(-0.13,-8.777756813566));
#5778 = CARTESIAN_POINT('',(2.42,-7.305513627133));
#5779 = CARTESIAN_POINT('',(2.42,-10.25));
#5780 = ( GEOMETRIC_REPRESENTATION_CONTEXT(2) 
PARAMETRIC_REPRESENTATION_CONTEXT() REPRESENTATION_CONTEXT('2D SPACE',''
  ) );
#5781 = PCURVE('',#5782,#5787);
#5782 = CYLINDRICAL_SURFACE('',#5783,1.7);
#5783 = AXIS2_PLACEMENT_3D('',#5784,#5785,#5786);
#5784 = CARTESIAN_POINT('',(26.2,32.75,-10.25));
#5785 = DIRECTION('',(-1.,0.,2.22044604925E-16));
#5786 = DIRECTION('',(-1.094764425253E-47,1.,-4.93038065763E-32));
#5787 = DEFINITIONAL_REPRESENTATION('',(#5788),#5792);
#5788 = LINE('',#5789,#5790);
#5789 = CARTESIAN_POINT('',(-4.138911435803E-13,-6.389));
#5790 = VECTOR('',#5791,1.);
#5791 = DIRECTION('',(1.,-0.));
#5792 = ( GEOMETRIC_REPRESENTATION_CONTEXT(2) 
PARAMETRIC_REPRESENTATION_CONTEXT() REPRESENTATION_CONTEXT('2D SPACE',''
  ) );
#5793 = ORIENTED_EDGE('',*,*,#5794,.T.);
#5794 = EDGE_CURVE('',#5762,#5795,#5797,.T.);
#5795 = VERTEX_POINT('',#5796);
#5796 = CARTESIAN_POINT('',(32.589,31.086419524039,-9.9));
#5797 = SURFACE_CURVE('',#5798,(#5803,#5814),.PCURVE_S1.);
#5798 = CIRCLE('',#5799,1.7);
#5799 = AXIS2_PLACEMENT_3D('',#5800,#5801,#5802);
#5800 = CARTESIAN_POINT('',(32.589,32.75,-10.25));
#5801 = DIRECTION('',(-1.,-2.22044604925E-16,-4.930380657631E-32));
#5802 = DIRECTION('',(-2.22044604925E-16,1.,0.));
#5803 = PCURVE('',#3659,#5804);
#5804 = DEFINITIONAL_REPRESENTATION('',(#5805),#5813);
#5805 = ( BOUNDED_CURVE() B_SPLINE_CURVE(2,(#5806,#5807,#5808,#5809,
#5810,#5811,#5812),.UNSPECIFIED.,.T.,.F.) B_SPLINE_CURVE_WITH_KNOTS((1,2
    ,2,2,2,1),(-2.094395102393,0.,2.094395102393,4.188790204786,
6.28318530718,8.377580409573),.UNSPECIFIED.) CURVE() 
GEOMETRIC_REPRESENTATION_ITEM() RATIONAL_B_SPLINE_CURVE((1.,0.5,1.,0.5,
1.,0.5,1.)) REPRESENTATION_ITEM('') );
#5806 = CARTESIAN_POINT('',(2.42,-10.25));
#5807 = CARTESIAN_POINT('',(2.42,-13.19448637286));
#5808 = CARTESIAN_POINT('',(-0.13,-11.72224318643));
#5809 = CARTESIAN_POINT('',(-2.68,-10.25));
#5810 = CARTESIAN_POINT('',(-0.13,-8.777756813566));
#5811 = CARTESIAN_POINT('',(2.42,-7.305513627133));
#5812 = CARTESIAN_POINT('',(2.42,-10.25));
#5813 = ( GEOMETRIC_REPRESENTATION_CONTEXT(2) 
PARAMETRIC_REPRESENTATION_CONTEXT() REPRESENTATION_CONTEXT('2D SPACE',''
  ) );
#5814 = PCURVE('',#5782,#5815);
#5815 = DEFINITIONAL_REPRESENTATION('',(#5816),#5820);
#5816 = LINE('',#5817,#5818);
#5817 = CARTESIAN_POINT('',(-4.138911435803E-13,-6.389));
#5818 = VECTOR('',#5819,1.);
#5819 = DIRECTION('',(1.,-0.));
#5820 = ( GEOMETRIC_REPRESENTATION_CONTEXT(2) 
PARAMETRIC_REPRESENTATION_CONTEXT() REPRESENTATION_CONTEXT('2D SPACE',''
  ) );
#5821 = ORIENTED_EDGE('',*,*,#5822,.T.);
#5822 = EDGE_CURVE('',#5795,#5626,#5823,.T.);
#5823 = SURFACE_CURVE('',#5824,(#5828,#5835),.PCURVE_S1.);
#5824 = LINE('',#5825,#5826);
#5825 = CARTESIAN_POINT('',(32.589,6.015,-9.9));
#5826 = VECTOR('',#5827,1.);
#5827 = DIRECTION('',(2.22044604925E-16,-1.,0.));
#5828 = PCURVE('',#3659,#5829);
#5829 = DEFINITIONAL_REPRESENTATION('',(#5830),#5834);
#5830 = LINE('',#5831,#5832);
#5831 = CARTESIAN_POINT('',(-26.015,-9.9));
#5832 = VECTOR('',#5833,1.);
#5833 = DIRECTION('',(-1.,0.));
#5834 = ( GEOMETRIC_REPRESENTATION_CONTEXT(2) 
PARAMETRIC_REPRESENTATION_CONTEXT() REPRESENTATION_CONTEXT('2D SPACE',''
  ) );
#5835 = PCURVE('',#5641,#5836);
#5836 = DEFINITIONAL_REPRESENTATION('',(#5837),#5841);
#5837 = LINE('',#5838,#5839);
#5838 = CARTESIAN_POINT('',(26.015,-2.9));
#5839 = VECTOR('',#5840,1.);
#5840 = DIRECTION('',(-1.,1.094764425253E-47));
#5841 = ( GEOMETRIC_REPRESENTATION_CONTEXT(2) 
PARAMETRIC_REPRESENTATION_CONTEXT() REPRESENTATION_CONTEXT('2D SPACE',''
  ) );
#5842 = ORIENTED_EDGE('',*,*,#5653,.T.);
#5843 = ORIENTED_EDGE('',*,*,#3643,.F.);
#5844 = ADVANCED_FACE('',(#5845),#3687,.F.);
#5845 = FACE_BOUND('',#5846,.F.);
#5846 = EDGE_LOOP('',(#5847,#5875,#5898,#5926,#5954,#5980));
#5847 = ORIENTED_EDGE('',*,*,#5848,.F.);
#5848 = EDGE_CURVE('',#5849,#3644,#5851,.T.);
#5849 = VERTEX_POINT('',#5850);
#5850 = CARTESIAN_POINT('',(32.589,35.51,-15.));
#5851 = SURFACE_CURVE('',#5852,(#5856,#5863),.PCURVE_S1.);
#5852 = LINE('',#5853,#5854);
#5853 = CARTESIAN_POINT('',(32.589,35.51,-15.));
#5854 = VECTOR('',#5855,1.);
#5855 = DIRECTION('',(0.,-2.22044604925E-16,1.));
#5856 = PCURVE('',#3687,#5857);
#5857 = DEFINITIONAL_REPRESENTATION('',(#5858),#5862);
#5858 = LINE('',#5859,#5860);
#5859 = CARTESIAN_POINT('',(-1.606761752515E-30,-32.589));
#5860 = VECTOR('',#5861,1.);
#5861 = DIRECTION('',(1.,0.));
#5862 = ( GEOMETRIC_REPRESENTATION_CONTEXT(2) 
PARAMETRIC_REPRESENTATION_CONTEXT() REPRESENTATION_CONTEXT('2D SPACE',''
  ) );
#5863 = PCURVE('',#5864,#5869);
#5864 = PLANE('',#5865);
#5865 = AXIS2_PLACEMENT_3D('',#5866,#5867,#5868);
#5866 = CARTESIAN_POINT('',(-7.884803920888E-15,35.51,-15.));
#5867 = DIRECTION('',(2.22044604925E-16,-1.,0.));
#5868 = DIRECTION('',(-4.93038065763E-32,-1.094764425253E-47,1.));
#5869 = DEFINITIONAL_REPRESENTATION('',(#5870),#5874);
#5870 = LINE('',#5871,#5872);
#5871 = CARTESIAN_POINT('',(-1.606761752515E-30,-32.589));
#5872 = VECTOR('',#5873,1.);
#5873 = DIRECTION('',(1.,0.));
#5874 = ( GEOMETRIC_REPRESENTATION_CONTEXT(2) 
PARAMETRIC_REPRESENTATION_CONTEXT() REPRESENTATION_CONTEXT('2D SPACE',''
  ) );
#5875 = ORIENTED_EDGE('',*,*,#5876,.T.);
#5876 = EDGE_CURVE('',#5849,#5877,#5879,.T.);
#5877 = VERTEX_POINT('',#5878);
#5878 = CARTESIAN_POINT('',(50.,35.51,-15.));
#5879 = SURFACE_CURVE('',#5880,(#5884,#5891),.PCURVE_S1.);
#5880 = LINE('',#5881,#5882);
#5881 = CARTESIAN_POINT('',(-7.884803920888E-15,35.51,-15.));
#5882 = VECTOR('',#5883,1.);
#5883 = DIRECTION('',(1.,0.,-2.22044604925E-16));
#5884 = PCURVE('',#3687,#5885);
#5885 = DEFINITIONAL_REPRESENTATION('',(#5886),#5890);
#5886 = LINE('',#5887,#5888);
#5887 = CARTESIAN_POINT('',(0.,-0.));
#5888 = VECTOR('',#5889,1.);
#5889 = DIRECTION('',(-2.22044604925E-16,-1.));
#5890 = ( GEOMETRIC_REPRESENTATION_CONTEXT(2) 
PARAMETRIC_REPRESENTATION_CONTEXT() REPRESENTATION_CONTEXT('2D SPACE',''
  ) );
#5891 = PCURVE('',#3960,#5892);
#5892 = DEFINITIONAL_REPRESENTATION('',(#5893),#5897);
#5893 = LINE('',#5894,#5895);
#5894 = CARTESIAN_POINT('',(45.622,1.648719291912E-27));
#5895 = VECTOR('',#5896,1.);
#5896 = DIRECTION('',(-2.22044604925E-16,-1.));
#5897 = ( GEOMETRIC_REPRESENTATION_CONTEXT(2) 
PARAMETRIC_REPRESENTATION_CONTEXT() REPRESENTATION_CONTEXT('2D SPACE',''
  ) );
#5898 = ORIENTED_EDGE('',*,*,#5899,.T.);
#5899 = EDGE_CURVE('',#5877,#5900,#5902,.T.);
#5900 = VERTEX_POINT('',#5901);
#5901 = CARTESIAN_POINT('',(68.589,35.51,-15.));
#5902 = SURFACE_CURVE('',#5903,(#5907,#5914),.PCURVE_S1.);
#5903 = LINE('',#5904,#5905);
#5904 = CARTESIAN_POINT('',(-7.884803920888E-15,35.51,-15.));
#5905 = VECTOR('',#5906,1.);
#5906 = DIRECTION('',(1.,0.,-2.22044604925E-16));
#5907 = PCURVE('',#3687,#5908);
#5908 = DEFINITIONAL_REPRESENTATION('',(#5909),#5913);
#5909 = LINE('',#5910,#5911);
#5910 = CARTESIAN_POINT('',(0.,-0.));
#5911 = VECTOR('',#5912,1.);
#5912 = DIRECTION('',(-2.22044604925E-16,-1.));
#5913 = ( GEOMETRIC_REPRESENTATION_CONTEXT(2) 
PARAMETRIC_REPRESENTATION_CONTEXT() REPRESENTATION_CONTEXT('2D SPACE',''
  ) );
#5914 = PCURVE('',#5915,#5920);
#5915 = PLANE('',#5916);
#5916 = AXIS2_PLACEMENT_3D('',#5917,#5918,#5919);
#5917 = CARTESIAN_POINT('',(50.,35.51,-21.6));
#5918 = DIRECTION('',(2.22044604925E-16,-1.,0.));
#5919 = DIRECTION('',(-4.93038065763E-32,-1.094764425253E-47,1.));
#5920 = DEFINITIONAL_REPRESENTATION('',(#5921),#5925);
#5921 = LINE('',#5922,#5923);
#5922 = CARTESIAN_POINT('',(6.6,50.));
#5923 = VECTOR('',#5924,1.);
#5924 = DIRECTION('',(-2.22044604925E-16,-1.));
#5925 = ( GEOMETRIC_REPRESENTATION_CONTEXT(2) 
PARAMETRIC_REPRESENTATION_CONTEXT() REPRESENTATION_CONTEXT('2D SPACE',''
  ) );
#5926 = ORIENTED_EDGE('',*,*,#5927,.T.);
#5927 = EDGE_CURVE('',#5900,#5928,#5930,.T.);
#5928 = VERTEX_POINT('',#5929);
#5929 = CARTESIAN_POINT('',(68.589,35.51,-12.25));
#5930 = SURFACE_CURVE('',#5931,(#5935,#5942),.PCURVE_S1.);
#5931 = LINE('',#5932,#5933);
#5932 = CARTESIAN_POINT('',(68.589,35.51,-15.));
#5933 = VECTOR('',#5934,1.);
#5934 = DIRECTION('',(0.,-2.22044604925E-16,1.));
#5935 = PCURVE('',#3687,#5936);
#5936 = DEFINITIONAL_REPRESENTATION('',(#5937),#5941);
#5937 = LINE('',#5938,#5939);
#5938 = CARTESIAN_POINT('',(-3.381698789262E-30,-68.589));
#5939 = VECTOR('',#5940,1.);
#5940 = DIRECTION('',(1.,0.));
#5941 = ( GEOMETRIC_REPRESENTATION_CONTEXT(2) 
PARAMETRIC_REPRESENTATION_CONTEXT() REPRESENTATION_CONTEXT('2D SPACE',''
  ) );
#5942 = PCURVE('',#5943,#5948);
#5943 = PLANE('',#5944);
#5944 = AXIS2_PLACEMENT_3D('',#5945,#5946,#5947);
#5945 = CARTESIAN_POINT('',(68.589,12.699,-13.625));
#5946 = DIRECTION('',(1.,0.,-2.22044604925E-16));
#5947 = DIRECTION('',(-1.094764425253E-47,1.,-4.93038065763E-32));
#5948 = DEFINITIONAL_REPRESENTATION('',(#5949),#5953);
#5949 = LINE('',#5950,#5951);
#5950 = CARTESIAN_POINT('',(22.811,-1.375));
#5951 = VECTOR('',#5952,1.);
#5952 = DIRECTION('',(-2.22044604925E-16,1.));
#5953 = ( GEOMETRIC_REPRESENTATION_CONTEXT(2) 
PARAMETRIC_REPRESENTATION_CONTEXT() REPRESENTATION_CONTEXT('2D SPACE',''
  ) );
#5954 = ORIENTED_EDGE('',*,*,#5955,.F.);
#5955 = EDGE_CURVE('',#3672,#5928,#5956,.T.);
#5956 = SURFACE_CURVE('',#5957,(#5961,#5968),.PCURVE_S1.);
#5957 = LINE('',#5958,#5959);
#5958 = CARTESIAN_POINT('',(-7.884803920888E-15,35.51,-12.25));
#5959 = VECTOR('',#5960,1.);
#5960 = DIRECTION('',(1.,0.,-2.22044604925E-16));
#5961 = PCURVE('',#3687,#5962);
#5962 = DEFINITIONAL_REPRESENTATION('',(#5963),#5967);
#5963 = LINE('',#5964,#5965);
#5964 = CARTESIAN_POINT('',(2.75,-1.355854680848E-31));
#5965 = VECTOR('',#5966,1.);
#5966 = DIRECTION('',(-2.22044604925E-16,-1.));
#5967 = ( GEOMETRIC_REPRESENTATION_CONTEXT(2) 
PARAMETRIC_REPRESENTATION_CONTEXT() REPRESENTATION_CONTEXT('2D SPACE',''
  ) );
#5968 = PCURVE('',#5969,#5974);
#5969 = PLANE('',#5970);
#5970 = AXIS2_PLACEMENT_3D('',#5971,#5972,#5973);
#5971 = CARTESIAN_POINT('',(64.589,35.51,-12.25));
#5972 = DIRECTION('',(2.22044604925E-16,-1.,0.));
#5973 = DIRECTION('',(-4.93038065763E-32,-1.094764425253E-47,1.));
#5974 = DEFINITIONAL_REPRESENTATION('',(#5975),#5979);
#5975 = LINE('',#5976,#5977);
#5976 = CARTESIAN_POINT('',(3.184483562957E-30,64.589));
#5977 = VECTOR('',#5978,1.);
#5978 = DIRECTION('',(-2.22044604925E-16,-1.));
#5979 = ( GEOMETRIC_REPRESENTATION_CONTEXT(2) 
PARAMETRIC_REPRESENTATION_CONTEXT() REPRESENTATION_CONTEXT('2D SPACE',''
  ) );
#5980 = ORIENTED_EDGE('',*,*,#3671,.F.);
#5981 = ADVANCED_FACE('',(#5982),#3715,.F.);
#5982 = FACE_BOUND('',#5983,.F.);
#5983 = EDGE_LOOP('',(#5984,#5985,#5986,#6009));
#5984 = ORIENTED_EDGE('',*,*,#5431,.T.);
#5985 = ORIENTED_EDGE('',*,*,#3699,.T.);
#5986 = ORIENTED_EDGE('',*,*,#5987,.T.);
#5987 = EDGE_CURVE('',#3672,#5988,#5990,.T.);
#5988 = VERTEX_POINT('',#5989);
#5989 = CARTESIAN_POINT('',(64.589,35.51,-10.));
#5990 = SURFACE_CURVE('',#5991,(#5995,#6002),.PCURVE_S1.);
#5991 = LINE('',#5992,#5993);
#5992 = CARTESIAN_POINT('',(64.589,35.51,-12.25));
#5993 = VECTOR('',#5994,1.);
#5994 = DIRECTION('',(0.,-2.22044604925E-16,1.));
#5995 = PCURVE('',#3715,#5996);
#5996 = DEFINITIONAL_REPRESENTATION('',(#5997),#6001);
#5997 = LINE('',#5998,#5999);
#5998 = CARTESIAN_POINT('',(22.811,-1.125));
#5999 = VECTOR('',#6000,1.);
#6000 = DIRECTION('',(-2.22044604925E-16,1.));
#6001 = ( GEOMETRIC_REPRESENTATION_CONTEXT(2) 
PARAMETRIC_REPRESENTATION_CONTEXT() REPRESENTATION_CONTEXT('2D SPACE',''
  ) );
#6002 = PCURVE('',#5969,#6003);
#6003 = DEFINITIONAL_REPRESENTATION('',(#6004),#6008);
#6004 = LINE('',#6005,#6006);
#6005 = CARTESIAN_POINT('',(0.,-0.));
#6006 = VECTOR('',#6007,1.);
#6007 = DIRECTION('',(1.,0.));
#6008 = ( GEOMETRIC_REPRESENTATION_CONTEXT(2) 
PARAMETRIC_REPRESENTATION_CONTEXT() REPRESENTATION_CONTEXT('2D SPACE',''
  ) );
#6009 = ORIENTED_EDGE('',*,*,#6010,.T.);
#6010 = EDGE_CURVE('',#5988,#5325,#6011,.T.);
#6011 = SURFACE_CURVE('',#6012,(#6016,#6023),.PCURVE_S1.);
#6012 = LINE('',#6013,#6014);
#6013 = CARTESIAN_POINT('',(64.589,35.51,-10.));
#6014 = VECTOR('',#6015,1.);
#6015 = DIRECTION('',(2.22044604925E-16,-1.,0.));
#6016 = PCURVE('',#3715,#6017);
#6017 = DEFINITIONAL_REPRESENTATION('',(#6018),#6022);
#6018 = LINE('',#6019,#6020);
#6019 = CARTESIAN_POINT('',(22.811,1.125));
#6020 = VECTOR('',#6021,1.);
#6021 = DIRECTION('',(-1.,0.));
#6022 = ( GEOMETRIC_REPRESENTATION_CONTEXT(2) 
PARAMETRIC_REPRESENTATION_CONTEXT() REPRESENTATION_CONTEXT('2D SPACE',''
  ) );
#6023 = PCURVE('',#5340,#6024);
#6024 = DEFINITIONAL_REPRESENTATION('',(#6025),#6029);
#6025 = LINE('',#6026,#6027);
#6026 = CARTESIAN_POINT('',(0.,-0.));
#6027 = VECTOR('',#6028,1.);
#6028 = DIRECTION('',(1.,1.094764425253E-47));
#6029 = ( GEOMETRIC_REPRESENTATION_CONTEXT(2) 
PARAMETRIC_REPRESENTATION_CONTEXT() REPRESENTATION_CONTEXT('2D SPACE',''
  ) );
#6030 = ADVANCED_FACE('',(#6031),#3766,.T.);
#6031 = FACE_BOUND('',#6032,.T.);
#6032 = EDGE_LOOP('',(#6033,#6034));
#6033 = ORIENTED_EDGE('',*,*,#5408,.T.);
#6034 = ORIENTED_EDGE('',*,*,#3750,.T.);
#6035 = ADVANCED_FACE('',(#6036),#3845,.T.);
#6036 = FACE_BOUND('',#6037,.T.);
#6037 = EDGE_LOOP('',(#6038,#6068,#6096,#6118,#6119,#6143));
#6038 = ORIENTED_EDGE('',*,*,#6039,.T.);
#6039 = EDGE_CURVE('',#6040,#6042,#6044,.T.);
#6040 = VERTEX_POINT('',#6041);
#6041 = CARTESIAN_POINT('',(32.589,11.,-10.7));
#6042 = VERTEX_POINT('',#6043);
#6043 = CARTESIAN_POINT('',(32.589,11.,-9.9));
#6044 = SURFACE_CURVE('',#6045,(#6049,#6056),.PCURVE_S1.);
#6045 = LINE('',#6046,#6047);
#6046 = CARTESIAN_POINT('',(32.589,11.,0.225));
#6047 = VECTOR('',#6048,1.);
#6048 = DIRECTION('',(0.,-2.22044604925E-16,1.));
#6049 = PCURVE('',#3845,#6050);
#6050 = DEFINITIONAL_REPRESENTATION('',(#6051),#6055);
#6051 = LINE('',#6052,#6053);
#6052 = CARTESIAN_POINT('',(2.7,10.475));
#6053 = VECTOR('',#6054,1.);
#6054 = DIRECTION('',(-2.22044604925E-16,1.));
#6055 = ( GEOMETRIC_REPRESENTATION_CONTEXT(2) 
PARAMETRIC_REPRESENTATION_CONTEXT() REPRESENTATION_CONTEXT('2D SPACE',''
  ) );
#6056 = PCURVE('',#6057,#6062);
#6057 = PLANE('',#6058);
#6058 = AXIS2_PLACEMENT_3D('',#6059,#6060,#6061);
#6059 = CARTESIAN_POINT('',(-7.411,11.,10.7));
#6060 = DIRECTION('',(-2.22044604925E-16,1.,0.));
#6061 = DIRECTION('',(4.93038065763E-32,1.094764425253E-47,-1.));
#6062 = DEFINITIONAL_REPRESENTATION('',(#6063),#6067);
#6063 = LINE('',#6064,#6065);
#6064 = CARTESIAN_POINT('',(10.475,-40.));
#6065 = VECTOR('',#6066,1.);
#6066 = DIRECTION('',(-1.,0.));
#6067 = ( GEOMETRIC_REPRESENTATION_CONTEXT(2) 
PARAMETRIC_REPRESENTATION_CONTEXT() REPRESENTATION_CONTEXT('2D SPACE',''
  ) );
#6068 = ORIENTED_EDGE('',*,*,#6069,.T.);
#6069 = EDGE_CURVE('',#6042,#6070,#6072,.T.);
#6070 = VERTEX_POINT('',#6071);
#6071 = CARTESIAN_POINT('',(32.589,4.516152751497,-9.9));
#6072 = SURFACE_CURVE('',#6073,(#6077,#6084),.PCURVE_S1.);
#6073 = LINE('',#6074,#6075);
#6074 = CARTESIAN_POINT('',(32.589,-9.6,-9.9));
#6075 = VECTOR('',#6076,1.);
#6076 = DIRECTION('',(2.22044604925E-16,-1.,0.));
#6077 = PCURVE('',#3845,#6078);
#6078 = DEFINITIONAL_REPRESENTATION('',(#6079),#6083);
#6079 = LINE('',#6080,#6081);
#6080 = CARTESIAN_POINT('',(-17.9,0.35));
#6081 = VECTOR('',#6082,1.);
#6082 = DIRECTION('',(-1.,0.));
#6083 = ( GEOMETRIC_REPRESENTATION_CONTEXT(2) 
PARAMETRIC_REPRESENTATION_CONTEXT() REPRESENTATION_CONTEXT('2D SPACE',''
  ) );
#6084 = PCURVE('',#6085,#6090);
#6085 = PLANE('',#6086);
#6086 = AXIS2_PLACEMENT_3D('',#6087,#6088,#6089);
#6087 = CARTESIAN_POINT('',(29.689,-27.5,-9.9));
#6088 = DIRECTION('',(0.,-2.22044604925E-16,1.));
#6089 = DIRECTION('',(-2.22044604925E-16,1.,2.22044604925E-16));
#6090 = DEFINITIONAL_REPRESENTATION('',(#6091),#6095);
#6091 = LINE('',#6092,#6093);
#6092 = CARTESIAN_POINT('',(17.9,-2.9));
#6093 = VECTOR('',#6094,1.);
#6094 = DIRECTION('',(-1.,1.094764425253E-47));
#6095 = ( GEOMETRIC_REPRESENTATION_CONTEXT(2) 
PARAMETRIC_REPRESENTATION_CONTEXT() REPRESENTATION_CONTEXT('2D SPACE',''
  ) );
#6096 = ORIENTED_EDGE('',*,*,#6097,.T.);
#6097 = EDGE_CURVE('',#6070,#3830,#6098,.T.);
#6098 = SURFACE_CURVE('',#6099,(#6104,#6111),.PCURVE_S1.);
#6099 = CIRCLE('',#6100,3.8);
#6100 = AXIS2_PLACEMENT_3D('',#6101,#6102,#6103);
#6101 = CARTESIAN_POINT('',(32.589,8.3,-10.25));
#6102 = DIRECTION('',(1.,2.22044604925E-16,4.930380657631E-32));
#6103 = DIRECTION('',(-2.22044604925E-16,1.,0.));
#6104 = PCURVE('',#3845,#6105);
#6105 = DEFINITIONAL_REPRESENTATION('',(#6106),#6110);
#6106 = CIRCLE('',#6107,3.8);
#6107 = AXIS2_PLACEMENT_2D('',#6108,#6109);
#6108 = CARTESIAN_POINT('',(0.,0.));
#6109 = DIRECTION('',(1.,0.));
#6110 = ( GEOMETRIC_REPRESENTATION_CONTEXT(2) 
PARAMETRIC_REPRESENTATION_CONTEXT() REPRESENTATION_CONTEXT('2D SPACE',''
  ) );
#6111 = PCURVE('',#3927,#6112);
#6112 = DEFINITIONAL_REPRESENTATION('',(#6113),#6117);
#6113 = LINE('',#6114,#6115);
#6114 = CARTESIAN_POINT('',(6.28318530718,-5.389));
#6115 = VECTOR('',#6116,1.);
#6116 = DIRECTION('',(-1.,0.));
#6117 = ( GEOMETRIC_REPRESENTATION_CONTEXT(2) 
PARAMETRIC_REPRESENTATION_CONTEXT() REPRESENTATION_CONTEXT('2D SPACE',''
  ) );
#6118 = ORIENTED_EDGE('',*,*,#3827,.F.);
#6119 = ORIENTED_EDGE('',*,*,#6120,.T.);
#6120 = EDGE_CURVE('',#3828,#6121,#6123,.T.);
#6121 = VERTEX_POINT('',#6122);
#6122 = CARTESIAN_POINT('',(32.589,12.073261188945,-10.7));
#6123 = SURFACE_CURVE('',#6124,(#6129,#6136),.PCURVE_S1.);
#6124 = CIRCLE('',#6125,3.8);
#6125 = AXIS2_PLACEMENT_3D('',#6126,#6127,#6128);
#6126 = CARTESIAN_POINT('',(32.589,8.3,-10.25));
#6127 = DIRECTION('',(1.,2.22044604925E-16,4.930380657631E-32));
#6128 = DIRECTION('',(-2.22044604925E-16,1.,0.));
#6129 = PCURVE('',#3845,#6130);
#6130 = DEFINITIONAL_REPRESENTATION('',(#6131),#6135);
#6131 = CIRCLE('',#6132,3.8);
#6132 = AXIS2_PLACEMENT_2D('',#6133,#6134);
#6133 = CARTESIAN_POINT('',(0.,0.));
#6134 = DIRECTION('',(1.,0.));
#6135 = ( GEOMETRIC_REPRESENTATION_CONTEXT(2) 
PARAMETRIC_REPRESENTATION_CONTEXT() REPRESENTATION_CONTEXT('2D SPACE',''
  ) );
#6136 = PCURVE('',#3873,#6137);
#6137 = DEFINITIONAL_REPRESENTATION('',(#6138),#6142);
#6138 = LINE('',#6139,#6140);
#6139 = CARTESIAN_POINT('',(6.28318530718,-5.389));
#6140 = VECTOR('',#6141,1.);
#6141 = DIRECTION('',(-1.,0.));
#6142 = ( GEOMETRIC_REPRESENTATION_CONTEXT(2) 
PARAMETRIC_REPRESENTATION_CONTEXT() REPRESENTATION_CONTEXT('2D SPACE',''
  ) );
#6143 = ORIENTED_EDGE('',*,*,#6144,.T.);
#6144 = EDGE_CURVE('',#6121,#6040,#6145,.T.);
#6145 = SURFACE_CURVE('',#6146,(#6150,#6157),.PCURVE_S1.);
#6146 = LINE('',#6147,#6148);
#6147 = CARTESIAN_POINT('',(32.589,9.65,-10.7));
#6148 = VECTOR('',#6149,1.);
#6149 = DIRECTION('',(2.22044604925E-16,-1.,0.));
#6150 = PCURVE('',#3845,#6151);
#6151 = DEFINITIONAL_REPRESENTATION('',(#6152),#6156);
#6152 = LINE('',#6153,#6154);
#6153 = CARTESIAN_POINT('',(1.35,-0.45));
#6154 = VECTOR('',#6155,1.);
#6155 = DIRECTION('',(-1.,0.));
#6156 = ( GEOMETRIC_REPRESENTATION_CONTEXT(2) 
PARAMETRIC_REPRESENTATION_CONTEXT() REPRESENTATION_CONTEXT('2D SPACE',''
  ) );
#6157 = PCURVE('',#6158,#6163);
#6158 = PLANE('',#6159);
#6159 = AXIS2_PLACEMENT_3D('',#6160,#6161,#6162);
#6160 = CARTESIAN_POINT('',(-7.411,11.,-10.7));
#6161 = DIRECTION('',(0.,-2.22044604925E-16,1.));
#6162 = DIRECTION('',(-2.22044604925E-16,1.,2.22044604925E-16));
#6163 = DEFINITIONAL_REPRESENTATION('',(#6164),#6168);
#6164 = LINE('',#6165,#6166);
#6165 = CARTESIAN_POINT('',(-1.35,-40.));
#6166 = VECTOR('',#6167,1.);
#6167 = DIRECTION('',(-1.,1.094764425253E-47));
#6168 = ( GEOMETRIC_REPRESENTATION_CONTEXT(2) 
PARAMETRIC_REPRESENTATION_CONTEXT() REPRESENTATION_CONTEXT('2D SPACE',''
  ) );
#6169 = ADVANCED_FACE('',(#6170),#3927,.T.);
#6170 = FACE_BOUND('',#6171,.T.);
#6171 = EDGE_LOOP('',(#6172,#6173,#6174,#6197,#6230,#6253));
#6172 = ORIENTED_EDGE('',*,*,#3913,.F.);
#6173 = ORIENTED_EDGE('',*,*,#6097,.F.);
#6174 = ORIENTED_EDGE('',*,*,#6175,.T.);
#6175 = EDGE_CURVE('',#6070,#6176,#6178,.T.);
#6176 = VERTEX_POINT('',#6177);
#6177 = CARTESIAN_POINT('',(29.689,4.516152751498,-9.9));
#6178 = SURFACE_CURVE('',#6179,(#6183,#6190),.PCURVE_S1.);
#6179 = LINE('',#6180,#6181);
#6180 = CARTESIAN_POINT('',(27.2,4.516152751497,-9.9));
#6181 = VECTOR('',#6182,1.);
#6182 = DIRECTION('',(-1.,0.,2.22044604925E-16));
#6183 = PCURVE('',#3927,#6184);
#6184 = DEFINITIONAL_REPRESENTATION('',(#6185),#6189);
#6185 = LINE('',#6186,#6187);
#6186 = CARTESIAN_POINT('',(3.233828643735,0.));
#6187 = VECTOR('',#6188,1.);
#6188 = DIRECTION('',(-0.,1.));
#6189 = ( GEOMETRIC_REPRESENTATION_CONTEXT(2) 
PARAMETRIC_REPRESENTATION_CONTEXT() REPRESENTATION_CONTEXT('2D SPACE',''
  ) );
#6190 = PCURVE('',#6085,#6191);
#6191 = DEFINITIONAL_REPRESENTATION('',(#6192),#6196);
#6192 = LINE('',#6193,#6194);
#6193 = CARTESIAN_POINT('',(32.016152751497,2.489));
#6194 = VECTOR('',#6195,1.);
#6195 = DIRECTION('',(2.22044604925E-16,1.));
#6196 = ( GEOMETRIC_REPRESENTATION_CONTEXT(2) 
PARAMETRIC_REPRESENTATION_CONTEXT() REPRESENTATION_CONTEXT('2D SPACE',''
  ) );
#6197 = ORIENTED_EDGE('',*,*,#6198,.T.);
#6198 = EDGE_CURVE('',#6176,#6199,#6201,.T.);
#6199 = VERTEX_POINT('',#6200);
#6200 = CARTESIAN_POINT('',(29.689,11.,-7.576051608576));
#6201 = SURFACE_CURVE('',#6202,(#6207,#6214),.PCURVE_S1.);
#6202 = CIRCLE('',#6203,3.8);
#6203 = AXIS2_PLACEMENT_3D('',#6204,#6205,#6206);
#6204 = CARTESIAN_POINT('',(29.689,8.3,-10.25));
#6205 = DIRECTION('',(-1.,-2.22044604925E-16,-4.930380657631E-32));
#6206 = DIRECTION('',(-2.22044604925E-16,1.,0.));
#6207 = PCURVE('',#3927,#6208);
#6208 = DEFINITIONAL_REPRESENTATION('',(#6209),#6213);
#6209 = LINE('',#6210,#6211);
#6210 = CARTESIAN_POINT('',(-4.138911435803E-13,-2.489));
#6211 = VECTOR('',#6212,1.);
#6212 = DIRECTION('',(1.,-0.));
#6213 = ( GEOMETRIC_REPRESENTATION_CONTEXT(2) 
PARAMETRIC_REPRESENTATION_CONTEXT() REPRESENTATION_CONTEXT('2D SPACE',''
  ) );
#6214 = PCURVE('',#6215,#6220);
#6215 = PLANE('',#6216);
#6216 = AXIS2_PLACEMENT_3D('',#6217,#6218,#6219);
#6217 = CARTESIAN_POINT('',(29.689,12.5,-6.592282275619E-15));
#6218 = DIRECTION('',(1.,0.,-2.22044604925E-16));
#6219 = DIRECTION('',(-1.094764425253E-47,1.,-4.93038065763E-32));
#6220 = DEFINITIONAL_REPRESENTATION('',(#6221),#6229);
#6221 = ( BOUNDED_CURVE() B_SPLINE_CURVE(2,(#6222,#6223,#6224,#6225,
#6226,#6227,#6228),.UNSPECIFIED.,.T.,.F.) B_SPLINE_CURVE_WITH_KNOTS((1,2
    ,2,2,2,1),(-2.094395102393,0.,2.094395102393,4.188790204786,
6.28318530718,8.377580409573),.UNSPECIFIED.) CURVE() 
GEOMETRIC_REPRESENTATION_ITEM() RATIONAL_B_SPLINE_CURVE((1.,0.5,1.,0.5,
1.,0.5,1.)) REPRESENTATION_ITEM('') );
#6222 = CARTESIAN_POINT('',(-0.4,-10.25));
#6223 = CARTESIAN_POINT('',(-0.4,-16.83179306876));
#6224 = CARTESIAN_POINT('',(-6.1,-13.54089653438));
#6225 = CARTESIAN_POINT('',(-11.8,-10.25));
#6226 = CARTESIAN_POINT('',(-6.1,-6.959103465619));
#6227 = CARTESIAN_POINT('',(-0.4,-3.668206931238));
#6228 = CARTESIAN_POINT('',(-0.4,-10.25));
#6229 = ( GEOMETRIC_REPRESENTATION_CONTEXT(2) 
PARAMETRIC_REPRESENTATION_CONTEXT() REPRESENTATION_CONTEXT('2D SPACE',''
  ) );
#6230 = ORIENTED_EDGE('',*,*,#6231,.T.);
#6231 = EDGE_CURVE('',#6199,#6232,#6234,.T.);
#6232 = VERTEX_POINT('',#6233);
#6233 = CARTESIAN_POINT('',(27.2,11.,-7.576051608576));
#6234 = SURFACE_CURVE('',#6235,(#6239,#6246),.PCURVE_S1.);
#6235 = LINE('',#6236,#6237);
#6236 = CARTESIAN_POINT('',(27.2,11.,-7.576051608576));
#6237 = VECTOR('',#6238,1.);
#6238 = DIRECTION('',(-1.,0.,2.22044604925E-16));
#6239 = PCURVE('',#3927,#6240);
#6240 = DEFINITIONAL_REPRESENTATION('',(#6241),#6245);
#6241 = LINE('',#6242,#6243);
#6242 = CARTESIAN_POINT('',(5.50263486516,0.));
#6243 = VECTOR('',#6244,1.);
#6244 = DIRECTION('',(-0.,1.));
#6245 = ( GEOMETRIC_REPRESENTATION_CONTEXT(2) 
PARAMETRIC_REPRESENTATION_CONTEXT() REPRESENTATION_CONTEXT('2D SPACE',''
  ) );
#6246 = PCURVE('',#6057,#6247);
#6247 = DEFINITIONAL_REPRESENTATION('',(#6248),#6252);
#6248 = LINE('',#6249,#6250);
#6249 = CARTESIAN_POINT('',(18.276051608576,-34.611));
#6250 = VECTOR('',#6251,1.);
#6251 = DIRECTION('',(-2.22044604925E-16,1.));
#6252 = ( GEOMETRIC_REPRESENTATION_CONTEXT(2) 
PARAMETRIC_REPRESENTATION_CONTEXT() REPRESENTATION_CONTEXT('2D SPACE',''
  ) );
#6253 = ORIENTED_EDGE('',*,*,#6254,.T.);
#6254 = EDGE_CURVE('',#6232,#3886,#6255,.T.);
#6255 = SURFACE_CURVE('',#6256,(#6261,#6268),.PCURVE_S1.);
#6256 = CIRCLE('',#6257,3.8);
#6257 = AXIS2_PLACEMENT_3D('',#6258,#6259,#6260);
#6258 = CARTESIAN_POINT('',(27.2,8.3,-10.25));
#6259 = DIRECTION('',(1.,2.22044604925E-16,4.930380657631E-32));
#6260 = DIRECTION('',(-2.22044604925E-16,1.,0.));
#6261 = PCURVE('',#3927,#6262);
#6262 = DEFINITIONAL_REPRESENTATION('',(#6263),#6267);
#6263 = LINE('',#6264,#6265);
#6264 = CARTESIAN_POINT('',(6.28318530718,0.));
#6265 = VECTOR('',#6266,1.);
#6266 = DIRECTION('',(-1.,0.));
#6267 = ( GEOMETRIC_REPRESENTATION_CONTEXT(2) 
PARAMETRIC_REPRESENTATION_CONTEXT() REPRESENTATION_CONTEXT('2D SPACE',''
  ) );
#6268 = PCURVE('',#3901,#6269);
#6269 = DEFINITIONAL_REPRESENTATION('',(#6270),#6274);
#6270 = CIRCLE('',#6271,3.8);
#6271 = AXIS2_PLACEMENT_2D('',#6272,#6273);
#6272 = CARTESIAN_POINT('',(0.,0.));
#6273 = DIRECTION('',(1.,0.));
#6274 = ( GEOMETRIC_REPRESENTATION_CONTEXT(2) 
PARAMETRIC_REPRESENTATION_CONTEXT() REPRESENTATION_CONTEXT('2D SPACE',''
  ) );
#6275 = ADVANCED_FACE('',(#6276),#3901,.F.);
#6276 = FACE_BOUND('',#6277,.F.);
#6277 = EDGE_LOOP('',(#6278,#6303,#6324,#6325,#6326));
#6278 = ORIENTED_EDGE('',*,*,#6279,.T.);
#6279 = EDGE_CURVE('',#6280,#6282,#6284,.T.);
#6280 = VERTEX_POINT('',#6281);
#6281 = CARTESIAN_POINT('',(27.2,12.073261188945,-10.7));
#6282 = VERTEX_POINT('',#6283);
#6283 = CARTESIAN_POINT('',(27.2,11.,-10.7));
#6284 = SURFACE_CURVE('',#6285,(#6289,#6296),.PCURVE_S1.);
#6285 = LINE('',#6286,#6287);
#6286 = CARTESIAN_POINT('',(27.2,9.65,-10.7));
#6287 = VECTOR('',#6288,1.);
#6288 = DIRECTION('',(2.22044604925E-16,-1.,0.));
#6289 = PCURVE('',#3901,#6290);
#6290 = DEFINITIONAL_REPRESENTATION('',(#6291),#6295);
#6291 = LINE('',#6292,#6293);
#6292 = CARTESIAN_POINT('',(1.35,-0.45));
#6293 = VECTOR('',#6294,1.);
#6294 = DIRECTION('',(-1.,0.));
#6295 = ( GEOMETRIC_REPRESENTATION_CONTEXT(2) 
PARAMETRIC_REPRESENTATION_CONTEXT() REPRESENTATION_CONTEXT('2D SPACE',''
  ) );
#6296 = PCURVE('',#6158,#6297);
#6297 = DEFINITIONAL_REPRESENTATION('',(#6298),#6302);
#6298 = LINE('',#6299,#6300);
#6299 = CARTESIAN_POINT('',(-1.35,-34.611));
#6300 = VECTOR('',#6301,1.);
#6301 = DIRECTION('',(-1.,1.094764425253E-47));
#6302 = ( GEOMETRIC_REPRESENTATION_CONTEXT(2) 
PARAMETRIC_REPRESENTATION_CONTEXT() REPRESENTATION_CONTEXT('2D SPACE',''
  ) );
#6303 = ORIENTED_EDGE('',*,*,#6304,.T.);
#6304 = EDGE_CURVE('',#6282,#6232,#6305,.T.);
#6305 = SURFACE_CURVE('',#6306,(#6310,#6317),.PCURVE_S1.);
#6306 = LINE('',#6307,#6308);
#6307 = CARTESIAN_POINT('',(27.2,11.,0.225));
#6308 = VECTOR('',#6309,1.);
#6309 = DIRECTION('',(0.,-2.22044604925E-16,1.));
#6310 = PCURVE('',#3901,#6311);
#6311 = DEFINITIONAL_REPRESENTATION('',(#6312),#6316);
#6312 = LINE('',#6313,#6314);
#6313 = CARTESIAN_POINT('',(2.7,10.475));
#6314 = VECTOR('',#6315,1.);
#6315 = DIRECTION('',(-2.22044604925E-16,1.));
#6316 = ( GEOMETRIC_REPRESENTATION_CONTEXT(2) 
PARAMETRIC_REPRESENTATION_CONTEXT() REPRESENTATION_CONTEXT('2D SPACE',''
  ) );
#6317 = PCURVE('',#6057,#6318);
#6318 = DEFINITIONAL_REPRESENTATION('',(#6319),#6323);
#6319 = LINE('',#6320,#6321);
#6320 = CARTESIAN_POINT('',(10.475,-34.611));
#6321 = VECTOR('',#6322,1.);
#6322 = DIRECTION('',(-1.,0.));
#6323 = ( GEOMETRIC_REPRESENTATION_CONTEXT(2) 
PARAMETRIC_REPRESENTATION_CONTEXT() REPRESENTATION_CONTEXT('2D SPACE',''
  ) );
#6324 = ORIENTED_EDGE('',*,*,#6254,.T.);
#6325 = ORIENTED_EDGE('',*,*,#3885,.F.);
#6326 = ORIENTED_EDGE('',*,*,#6327,.T.);
#6327 = EDGE_CURVE('',#3858,#6280,#6328,.T.);
#6328 = SURFACE_CURVE('',#6329,(#6334,#6341),.PCURVE_S1.);
#6329 = CIRCLE('',#6330,3.8);
#6330 = AXIS2_PLACEMENT_3D('',#6331,#6332,#6333);
#6331 = CARTESIAN_POINT('',(27.2,8.3,-10.25));
#6332 = DIRECTION('',(1.,2.22044604925E-16,4.930380657631E-32));
#6333 = DIRECTION('',(-2.22044604925E-16,1.,0.));
#6334 = PCURVE('',#3901,#6335);
#6335 = DEFINITIONAL_REPRESENTATION('',(#6336),#6340);
#6336 = CIRCLE('',#6337,3.8);
#6337 = AXIS2_PLACEMENT_2D('',#6338,#6339);
#6338 = CARTESIAN_POINT('',(0.,0.));
#6339 = DIRECTION('',(1.,0.));
#6340 = ( GEOMETRIC_REPRESENTATION_CONTEXT(2) 
PARAMETRIC_REPRESENTATION_CONTEXT() REPRESENTATION_CONTEXT('2D SPACE',''
  ) );
#6341 = PCURVE('',#3873,#6342);
#6342 = DEFINITIONAL_REPRESENTATION('',(#6343),#6347);
#6343 = LINE('',#6344,#6345);
#6344 = CARTESIAN_POINT('',(6.28318530718,0.));
#6345 = VECTOR('',#6346,1.);
#6346 = DIRECTION('',(-1.,0.));
#6347 = ( GEOMETRIC_REPRESENTATION_CONTEXT(2) 
PARAMETRIC_REPRESENTATION_CONTEXT() REPRESENTATION_CONTEXT('2D SPACE',''
  ) );
#6348 = ADVANCED_FACE('',(#6349),#3873,.T.);
#6349 = FACE_BOUND('',#6350,.T.);
#6350 = EDGE_LOOP('',(#6351,#6372,#6373,#6374));
#6351 = ORIENTED_EDGE('',*,*,#6352,.F.);
#6352 = EDGE_CURVE('',#6121,#6280,#6353,.T.);
#6353 = SURFACE_CURVE('',#6354,(#6358,#6365),.PCURVE_S1.);
#6354 = LINE('',#6355,#6356);
#6355 = CARTESIAN_POINT('',(27.2,12.073261188945,-10.7));
#6356 = VECTOR('',#6357,1.);
#6357 = DIRECTION('',(-1.,0.,2.22044604925E-16));
#6358 = PCURVE('',#3873,#6359);
#6359 = DEFINITIONAL_REPRESENTATION('',(#6360),#6364);
#6360 = LINE('',#6361,#6362);
#6361 = CARTESIAN_POINT('',(0.11869959451,0.));
#6362 = VECTOR('',#6363,1.);
#6363 = DIRECTION('',(-0.,1.));
#6364 = ( GEOMETRIC_REPRESENTATION_CONTEXT(2) 
PARAMETRIC_REPRESENTATION_CONTEXT() REPRESENTATION_CONTEXT('2D SPACE',''
  ) );
#6365 = PCURVE('',#6158,#6366);
#6366 = DEFINITIONAL_REPRESENTATION('',(#6367),#6371);
#6367 = LINE('',#6368,#6369);
#6368 = CARTESIAN_POINT('',(1.073261188945,-34.611));
#6369 = VECTOR('',#6370,1.);
#6370 = DIRECTION('',(2.22044604925E-16,1.));
#6371 = ( GEOMETRIC_REPRESENTATION_CONTEXT(2) 
PARAMETRIC_REPRESENTATION_CONTEXT() REPRESENTATION_CONTEXT('2D SPACE',''
  ) );
#6372 = ORIENTED_EDGE('',*,*,#6120,.F.);
#6373 = ORIENTED_EDGE('',*,*,#3857,.T.);
#6374 = ORIENTED_EDGE('',*,*,#6327,.T.);
#6375 = ADVANCED_FACE('',(#6376),#3960,.F.);
#6376 = FACE_BOUND('',#6377,.F.);
#6377 = EDGE_LOOP('',(#6378,#6379,#6407,#6428,#6429,#6430,#6453));
#6378 = ORIENTED_EDGE('',*,*,#5876,.F.);
#6379 = ORIENTED_EDGE('',*,*,#6380,.F.);
#6380 = EDGE_CURVE('',#6381,#5849,#6383,.T.);
#6381 = VERTEX_POINT('',#6382);
#6382 = CARTESIAN_POINT('',(32.589,28.55,-15.));
#6383 = SURFACE_CURVE('',#6384,(#6388,#6395),.PCURVE_S1.);
#6384 = LINE('',#6385,#6386);
#6385 = CARTESIAN_POINT('',(32.589,28.55,-15.));
#6386 = VECTOR('',#6387,1.);
#6387 = DIRECTION('',(-2.22044604925E-16,1.,0.));
#6388 = PCURVE('',#3960,#6389);
#6389 = DEFINITIONAL_REPRESENTATION('',(#6390),#6394);
#6390 = LINE('',#6391,#6392);
#6391 = CARTESIAN_POINT('',(38.662,-32.589));
#6392 = VECTOR('',#6393,1.);
#6393 = DIRECTION('',(1.,-1.094764425253E-47));
#6394 = ( GEOMETRIC_REPRESENTATION_CONTEXT(2) 
PARAMETRIC_REPRESENTATION_CONTEXT() REPRESENTATION_CONTEXT('2D SPACE',''
  ) );
#6395 = PCURVE('',#6396,#6401);
#6396 = PLANE('',#6397);
#6397 = AXIS2_PLACEMENT_3D('',#6398,#6399,#6400);
#6398 = CARTESIAN_POINT('',(2.245315045002E-15,-10.112,-15.));
#6399 = DIRECTION('',(0.,-2.22044604925E-16,1.));
#6400 = DIRECTION('',(-2.22044604925E-16,1.,2.22044604925E-16));
#6401 = DEFINITIONAL_REPRESENTATION('',(#6402),#6406);
#6402 = LINE('',#6403,#6404);
#6403 = CARTESIAN_POINT('',(38.662,-32.589));
#6404 = VECTOR('',#6405,1.);
#6405 = DIRECTION('',(1.,-1.094764425253E-47));
#6406 = ( GEOMETRIC_REPRESENTATION_CONTEXT(2) 
PARAMETRIC_REPRESENTATION_CONTEXT() REPRESENTATION_CONTEXT('2D SPACE',''
  ) );
#6407 = ORIENTED_EDGE('',*,*,#6408,.F.);
#6408 = EDGE_CURVE('',#3945,#6381,#6409,.T.);
#6409 = SURFACE_CURVE('',#6410,(#6414,#6421),.PCURVE_S1.);
#6410 = LINE('',#6411,#6412);
#6411 = CARTESIAN_POINT('',(27.2,28.55,-15.));
#6412 = VECTOR('',#6413,1.);
#6413 = DIRECTION('',(1.,0.,-2.22044604925E-16));
#6414 = PCURVE('',#3960,#6415);
#6415 = DEFINITIONAL_REPRESENTATION('',(#6416),#6420);
#6416 = LINE('',#6417,#6418);
#6417 = CARTESIAN_POINT('',(38.662,-27.2));
#6418 = VECTOR('',#6419,1.);
#6419 = DIRECTION('',(-2.22044604925E-16,-1.));
#6420 = ( GEOMETRIC_REPRESENTATION_CONTEXT(2) 
PARAMETRIC_REPRESENTATION_CONTEXT() REPRESENTATION_CONTEXT('2D SPACE',''
  ) );
#6421 = PCURVE('',#6396,#6422);
#6422 = DEFINITIONAL_REPRESENTATION('',(#6423),#6427);
#6423 = LINE('',#6424,#6425);
#6424 = CARTESIAN_POINT('',(38.662,-27.2));
#6425 = VECTOR('',#6426,1.);
#6426 = DIRECTION('',(-2.22044604925E-16,-1.));
#6427 = ( GEOMETRIC_REPRESENTATION_CONTEXT(2) 
PARAMETRIC_REPRESENTATION_CONTEXT() REPRESENTATION_CONTEXT('2D SPACE',''
  ) );
#6428 = ORIENTED_EDGE('',*,*,#3944,.F.);
#6429 = ORIENTED_EDGE('',*,*,#4021,.F.);
#6430 = ORIENTED_EDGE('',*,*,#6431,.T.);
#6431 = EDGE_CURVE('',#3999,#6432,#6434,.T.);
#6432 = VERTEX_POINT('',#6433);
#6433 = CARTESIAN_POINT('',(50.,-10.112,-15.));
#6434 = SURFACE_CURVE('',#6435,(#6439,#6446),.PCURVE_S1.);
#6435 = LINE('',#6436,#6437);
#6436 = CARTESIAN_POINT('',(2.245315045002E-15,-10.112,-15.));
#6437 = VECTOR('',#6438,1.);
#6438 = DIRECTION('',(1.,0.,-2.22044604925E-16));
#6439 = PCURVE('',#3960,#6440);
#6440 = DEFINITIONAL_REPRESENTATION('',(#6441),#6445);
#6441 = LINE('',#6442,#6443);
#6442 = CARTESIAN_POINT('',(0.,-0.));
#6443 = VECTOR('',#6444,1.);
#6444 = DIRECTION('',(-2.22044604925E-16,-1.));
#6445 = ( GEOMETRIC_REPRESENTATION_CONTEXT(2) 
PARAMETRIC_REPRESENTATION_CONTEXT() REPRESENTATION_CONTEXT('2D SPACE',''
  ) );
#6446 = PCURVE('',#4119,#6447);
#6447 = DEFINITIONAL_REPRESENTATION('',(#6448),#6452);
#6448 = LINE('',#6449,#6450);
#6449 = CARTESIAN_POINT('',(3.8,-9.860761315263E-32));
#6450 = VECTOR('',#6451,1.);
#6451 = DIRECTION('',(-2.22044604925E-16,-1.));
#6452 = ( GEOMETRIC_REPRESENTATION_CONTEXT(2) 
PARAMETRIC_REPRESENTATION_CONTEXT() REPRESENTATION_CONTEXT('2D SPACE',''
  ) );
#6453 = ORIENTED_EDGE('',*,*,#6454,.F.);
#6454 = EDGE_CURVE('',#5877,#6432,#6455,.T.);
#6455 = SURFACE_CURVE('',#6456,(#6460,#6467),.PCURVE_S1.);
#6456 = LINE('',#6457,#6458);
#6457 = CARTESIAN_POINT('',(50.,35.51,-15.));
#6458 = VECTOR('',#6459,1.);
#6459 = DIRECTION('',(2.22044604925E-16,-1.,0.));
#6460 = PCURVE('',#3960,#6461);
#6461 = DEFINITIONAL_REPRESENTATION('',(#6462),#6466);
#6462 = LINE('',#6463,#6464);
#6463 = CARTESIAN_POINT('',(45.622,-50.));
#6464 = VECTOR('',#6465,1.);
#6465 = DIRECTION('',(-1.,1.094764425253E-47));
#6466 = ( GEOMETRIC_REPRESENTATION_CONTEXT(2) 
PARAMETRIC_REPRESENTATION_CONTEXT() REPRESENTATION_CONTEXT('2D SPACE',''
  ) );
#6467 = PCURVE('',#6468,#6473);
#6468 = PLANE('',#6469);
#6469 = AXIS2_PLACEMENT_3D('',#6470,#6471,#6472);
#6470 = CARTESIAN_POINT('',(50.,10.255,-18.3));
#6471 = DIRECTION('',(1.,0.,-2.22044604925E-16));
#6472 = DIRECTION('',(-1.094764425253E-47,1.,-4.93038065763E-32));
#6473 = DEFINITIONAL_REPRESENTATION('',(#6474),#6478);
#6474 = LINE('',#6475,#6476);
#6475 = CARTESIAN_POINT('',(25.255,3.3));
#6476 = VECTOR('',#6477,1.);
#6477 = DIRECTION('',(-1.,0.));
#6478 = ( GEOMETRIC_REPRESENTATION_CONTEXT(2) 
PARAMETRIC_REPRESENTATION_CONTEXT() REPRESENTATION_CONTEXT('2D SPACE',''
  ) );
#6479 = ADVANCED_FACE('',(#6480),#4062,.F.);
#6480 = FACE_BOUND('',#6481,.F.);
#6481 = EDGE_LOOP('',(#6482,#6483,#6484,#6510));
#6482 = ORIENTED_EDGE('',*,*,#4047,.F.);
#6483 = ORIENTED_EDGE('',*,*,#4554,.T.);
#6484 = ORIENTED_EDGE('',*,*,#6485,.F.);
#6485 = EDGE_CURVE('',#4136,#4555,#6486,.T.);
#6486 = SURFACE_CURVE('',#6487,(#6491,#6498),.PCURVE_S1.);
#6487 = LINE('',#6488,#6489);
#6488 = CARTESIAN_POINT('',(29.5,-3.330669073875E-15,15.));
#6489 = VECTOR('',#6490,1.);
#6490 = DIRECTION('',(-2.22044604925E-16,1.,0.));
#6491 = PCURVE('',#4062,#6492);
#6492 = DEFINITIONAL_REPRESENTATION('',(#6493),#6497);
#6493 = LINE('',#6494,#6495);
#6494 = CARTESIAN_POINT('',(35.51,-29.5));
#6495 = VECTOR('',#6496,1.);
#6496 = DIRECTION('',(-1.,-1.094764425253E-47));
#6497 = ( GEOMETRIC_REPRESENTATION_CONTEXT(2) 
PARAMETRIC_REPRESENTATION_CONTEXT() REPRESENTATION_CONTEXT('2D SPACE',''
  ) );
#6498 = PCURVE('',#6499,#6504);
#6499 = PLANE('',#6500);
#6500 = AXIS2_PLACEMENT_3D('',#6501,#6502,#6503);
#6501 = CARTESIAN_POINT('',(-7.884803920888E-15,35.51,15.));
#6502 = DIRECTION('',(0.,2.22044604925E-16,-1.));
#6503 = DIRECTION('',(2.22044604925E-16,-1.,-2.22044604925E-16));
#6504 = DEFINITIONAL_REPRESENTATION('',(#6505),#6509);
#6505 = LINE('',#6506,#6507);
#6506 = CARTESIAN_POINT('',(35.51,-29.5));
#6507 = VECTOR('',#6508,1.);
#6508 = DIRECTION('',(-1.,-1.094764425253E-47));
#6509 = ( GEOMETRIC_REPRESENTATION_CONTEXT(2) 
PARAMETRIC_REPRESENTATION_CONTEXT() REPRESENTATION_CONTEXT('2D SPACE',''
  ) );
#6510 = ORIENTED_EDGE('',*,*,#4135,.F.);
#6511 = ADVANCED_FACE('',(#6512),#4119,.F.);
#6512 = FACE_BOUND('',#6513,.F.);
#6513 = EDGE_LOOP('',(#6514,#6515,#6516,#6517));
#6514 = ORIENTED_EDGE('',*,*,#6431,.F.);
#6515 = ORIENTED_EDGE('',*,*,#4105,.F.);
#6516 = ORIENTED_EDGE('',*,*,#4529,.T.);
#6517 = ORIENTED_EDGE('',*,*,#6518,.F.);
#6518 = EDGE_CURVE('',#6432,#4502,#6519,.T.);
#6519 = SURFACE_CURVE('',#6520,(#6524,#6531),.PCURVE_S1.);
#6520 = LINE('',#6521,#6522);
#6521 = CARTESIAN_POINT('',(50.,35.51,-15.));
#6522 = VECTOR('',#6523,1.);
#6523 = DIRECTION('',(2.22044604925E-16,-1.,0.));
#6524 = PCURVE('',#4119,#6525);
#6525 = DEFINITIONAL_REPRESENTATION('',(#6526),#6530);
#6526 = LINE('',#6527,#6528);
#6527 = CARTESIAN_POINT('',(49.422,-50.));
#6528 = VECTOR('',#6529,1.);
#6529 = DIRECTION('',(-1.,1.094764425253E-47));
#6530 = ( GEOMETRIC_REPRESENTATION_CONTEXT(2) 
PARAMETRIC_REPRESENTATION_CONTEXT() REPRESENTATION_CONTEXT('2D SPACE',''
  ) );
#6531 = PCURVE('',#6468,#6532);
#6532 = DEFINITIONAL_REPRESENTATION('',(#6533),#6537);
#6533 = LINE('',#6534,#6535);
#6534 = CARTESIAN_POINT('',(25.255,3.3));
#6535 = VECTOR('',#6536,1.);
#6536 = DIRECTION('',(-1.,0.));
#6537 = ( GEOMETRIC_REPRESENTATION_CONTEXT(2) 
PARAMETRIC_REPRESENTATION_CONTEXT() REPRESENTATION_CONTEXT('2D SPACE',''
  ) );
#6538 = ADVANCED_FACE('',(#6539),#4174,.F.);
#6539 = FACE_BOUND('',#6540,.F.);
#6540 = EDGE_LOOP('',(#6541,#6542,#6565,#6591));
#6541 = ORIENTED_EDGE('',*,*,#4158,.T.);
#6542 = ORIENTED_EDGE('',*,*,#6543,.T.);
#6543 = EDGE_CURVE('',#4136,#6544,#6546,.T.);
#6544 = VERTEX_POINT('',#6545);
#6545 = CARTESIAN_POINT('',(50.,-10.112,15.));
#6546 = SURFACE_CURVE('',#6547,(#6551,#6558),.PCURVE_S1.);
#6547 = LINE('',#6548,#6549);
#6548 = CARTESIAN_POINT('',(2.245315045002E-15,-10.112,15.));
#6549 = VECTOR('',#6550,1.);
#6550 = DIRECTION('',(1.,0.,-2.22044604925E-16));
#6551 = PCURVE('',#4174,#6552);
#6552 = DEFINITIONAL_REPRESENTATION('',(#6553),#6557);
#6553 = LINE('',#6554,#6555);
#6554 = CARTESIAN_POINT('',(0.,-0.));
#6555 = VECTOR('',#6556,1.);
#6556 = DIRECTION('',(2.22044604925E-16,-1.));
#6557 = ( GEOMETRIC_REPRESENTATION_CONTEXT(2) 
PARAMETRIC_REPRESENTATION_CONTEXT() REPRESENTATION_CONTEXT('2D SPACE',''
  ) );
#6558 = PCURVE('',#6499,#6559);
#6559 = DEFINITIONAL_REPRESENTATION('',(#6560),#6564);
#6560 = LINE('',#6561,#6562);
#6561 = CARTESIAN_POINT('',(45.622,-1.648719291912E-27));
#6562 = VECTOR('',#6563,1.);
#6563 = DIRECTION('',(2.22044604925E-16,-1.));
#6564 = ( GEOMETRIC_REPRESENTATION_CONTEXT(2) 
PARAMETRIC_REPRESENTATION_CONTEXT() REPRESENTATION_CONTEXT('2D SPACE',''
  ) );
#6565 = ORIENTED_EDGE('',*,*,#6566,.F.);
#6566 = EDGE_CURVE('',#4214,#6544,#6567,.T.);
#6567 = SURFACE_CURVE('',#6568,(#6572,#6579),.PCURVE_S1.);
#6568 = LINE('',#6569,#6570);
#6569 = CARTESIAN_POINT('',(50.,-15.,15.));
#6570 = VECTOR('',#6571,1.);
#6571 = DIRECTION('',(-2.22044604925E-16,1.,0.));
#6572 = PCURVE('',#4174,#6573);
#6573 = DEFINITIONAL_REPRESENTATION('',(#6574),#6578);
#6574 = LINE('',#6575,#6576);
#6575 = CARTESIAN_POINT('',(4.888,-50.));
#6576 = VECTOR('',#6577,1.);
#6577 = DIRECTION('',(-1.,-1.094764425253E-47));
#6578 = ( GEOMETRIC_REPRESENTATION_CONTEXT(2) 
PARAMETRIC_REPRESENTATION_CONTEXT() REPRESENTATION_CONTEXT('2D SPACE',''
  ) );
#6579 = PCURVE('',#6580,#6585);
#6580 = PLANE('',#6581);
#6581 = AXIS2_PLACEMENT_3D('',#6582,#6583,#6584);
#6582 = CARTESIAN_POINT('',(50.,10.255,18.3));
#6583 = DIRECTION('',(1.,0.,-2.22044604925E-16));
#6584 = DIRECTION('',(-1.094764425253E-47,1.,-4.93038065763E-32));
#6585 = DEFINITIONAL_REPRESENTATION('',(#6586),#6590);
#6586 = LINE('',#6587,#6588);
#6587 = CARTESIAN_POINT('',(-25.255,-3.3));
#6588 = VECTOR('',#6589,1.);
#6589 = DIRECTION('',(1.,0.));
#6590 = ( GEOMETRIC_REPRESENTATION_CONTEXT(2) 
PARAMETRIC_REPRESENTATION_CONTEXT() REPRESENTATION_CONTEXT('2D SPACE',''
  ) );
#6591 = ORIENTED_EDGE('',*,*,#4213,.F.);
#6592 = ADVANCED_FACE('',(#6593),#4517,.F.);
#6593 = FACE_BOUND('',#6594,.F.);
#6594 = EDGE_LOOP('',(#6595,#6618,#6619,#6647));
#6595 = ORIENTED_EDGE('',*,*,#6596,.F.);
#6596 = EDGE_CURVE('',#4502,#6597,#6599,.T.);
#6597 = VERTEX_POINT('',#6598);
#6598 = CARTESIAN_POINT('',(50.,-15.,-15.));
#6599 = SURFACE_CURVE('',#6600,(#6604,#6611),.PCURVE_S1.);
#6600 = LINE('',#6601,#6602);
#6601 = CARTESIAN_POINT('',(50.,35.51,-15.));
#6602 = VECTOR('',#6603,1.);
#6603 = DIRECTION('',(2.22044604925E-16,-1.,0.));
#6604 = PCURVE('',#4517,#6605);
#6605 = DEFINITIONAL_REPRESENTATION('',(#6606),#6610);
#6606 = LINE('',#6607,#6608);
#6607 = CARTESIAN_POINT('',(0.,-0.));
#6608 = VECTOR('',#6609,1.);
#6609 = DIRECTION('',(1.,1.094764425253E-47));
#6610 = ( GEOMETRIC_REPRESENTATION_CONTEXT(2) 
PARAMETRIC_REPRESENTATION_CONTEXT() REPRESENTATION_CONTEXT('2D SPACE',''
  ) );
#6611 = PCURVE('',#6468,#6612);
#6612 = DEFINITIONAL_REPRESENTATION('',(#6613),#6617);
#6613 = LINE('',#6614,#6615);
#6614 = CARTESIAN_POINT('',(25.255,3.3));
#6615 = VECTOR('',#6616,1.);
#6616 = DIRECTION('',(-1.,0.));
#6617 = ( GEOMETRIC_REPRESENTATION_CONTEXT(2) 
PARAMETRIC_REPRESENTATION_CONTEXT() REPRESENTATION_CONTEXT('2D SPACE',''
  ) );
#6618 = ORIENTED_EDGE('',*,*,#4501,.T.);
#6619 = ORIENTED_EDGE('',*,*,#6620,.T.);
#6620 = EDGE_CURVE('',#4474,#6621,#6623,.T.);
#6621 = VERTEX_POINT('',#6622);
#6622 = CARTESIAN_POINT('',(68.589,-15.,-15.));
#6623 = SURFACE_CURVE('',#6624,(#6628,#6635),.PCURVE_S1.);
#6624 = LINE('',#6625,#6626);
#6625 = CARTESIAN_POINT('',(68.589,35.51,-15.));
#6626 = VECTOR('',#6627,1.);
#6627 = DIRECTION('',(2.22044604925E-16,-1.,0.));
#6628 = PCURVE('',#4517,#6629);
#6629 = DEFINITIONAL_REPRESENTATION('',(#6630),#6634);
#6630 = LINE('',#6631,#6632);
#6631 = CARTESIAN_POINT('',(4.127587160951E-15,-18.589));
#6632 = VECTOR('',#6633,1.);
#6633 = DIRECTION('',(1.,1.094764425253E-47));
#6634 = ( GEOMETRIC_REPRESENTATION_CONTEXT(2) 
PARAMETRIC_REPRESENTATION_CONTEXT() REPRESENTATION_CONTEXT('2D SPACE',''
  ) );
#6635 = PCURVE('',#6636,#6641);
#6636 = PLANE('',#6637);
#6637 = AXIS2_PLACEMENT_3D('',#6638,#6639,#6640);
#6638 = CARTESIAN_POINT('',(68.589,10.255,-18.3));
#6639 = DIRECTION('',(1.,0.,-2.22044604925E-16));
#6640 = DIRECTION('',(-1.094764425253E-47,1.,-4.93038065763E-32));
#6641 = DEFINITIONAL_REPRESENTATION('',(#6642),#6646);
#6642 = LINE('',#6643,#6644);
#6643 = CARTESIAN_POINT('',(25.255,3.3));
#6644 = VECTOR('',#6645,1.);
#6645 = DIRECTION('',(-1.,0.));
#6646 = ( GEOMETRIC_REPRESENTATION_CONTEXT(2) 
PARAMETRIC_REPRESENTATION_CONTEXT() REPRESENTATION_CONTEXT('2D SPACE',''
  ) );
#6647 = ORIENTED_EDGE('',*,*,#6648,.F.);
#6648 = EDGE_CURVE('',#6597,#6621,#6649,.T.);
#6649 = SURFACE_CURVE('',#6650,(#6654,#6661),.PCURVE_S1.);
#6650 = LINE('',#6651,#6652);
#6651 = CARTESIAN_POINT('',(50.,-15.,-15.));
#6652 = VECTOR('',#6653,1.);
#6653 = DIRECTION('',(1.,0.,-2.22044604925E-16));
#6654 = PCURVE('',#4517,#6655);
#6655 = DEFINITIONAL_REPRESENTATION('',(#6656),#6660);
#6656 = LINE('',#6657,#6658);
#6657 = CARTESIAN_POINT('',(50.51,1.121547299476E-14));
#6658 = VECTOR('',#6659,1.);
#6659 = DIRECTION('',(2.22044604925E-16,-1.));
#6660 = ( GEOMETRIC_REPRESENTATION_CONTEXT(2) 
PARAMETRIC_REPRESENTATION_CONTEXT() REPRESENTATION_CONTEXT('2D SPACE',''
  ) );
#6661 = PCURVE('',#6662,#6667);
#6662 = PLANE('',#6663);
#6663 = AXIS2_PLACEMENT_3D('',#6664,#6665,#6666);
#6664 = CARTESIAN_POINT('',(50.,-15.,-15.));
#6665 = DIRECTION('',(-2.22044604925E-16,1.,0.));
#6666 = DIRECTION('',(4.93038065763E-32,1.094764425253E-47,-1.));
#6667 = DEFINITIONAL_REPRESENTATION('',(#6668),#6672);
#6668 = LINE('',#6669,#6670);
#6669 = CARTESIAN_POINT('',(0.,-0.));
#6670 = VECTOR('',#6671,1.);
#6671 = DIRECTION('',(2.22044604925E-16,-1.));
#6672 = ( GEOMETRIC_REPRESENTATION_CONTEXT(2) 
PARAMETRIC_REPRESENTATION_CONTEXT() REPRESENTATION_CONTEXT('2D SPACE',''
  ) );
#6673 = ADVANCED_FACE('',(#6674),#4489,.T.);
#6674 = FACE_BOUND('',#6675,.T.);
#6675 = EDGE_LOOP('',(#6676,#6699,#6727,#6753));
#6676 = ORIENTED_EDGE('',*,*,#6677,.F.);
#6677 = EDGE_CURVE('',#6678,#4474,#6680,.T.);
#6678 = VERTEX_POINT('',#6679);
#6679 = CARTESIAN_POINT('',(68.589,-10.112,-15.));
#6680 = SURFACE_CURVE('',#6681,(#6685,#6692),.PCURVE_S1.);
#6681 = LINE('',#6682,#6683);
#6682 = CARTESIAN_POINT('',(68.589,35.51,-15.));
#6683 = VECTOR('',#6684,1.);
#6684 = DIRECTION('',(2.22044604925E-16,-1.,0.));
#6685 = PCURVE('',#4489,#6686);
#6686 = DEFINITIONAL_REPRESENTATION('',(#6687),#6691);
#6687 = LINE('',#6688,#6689);
#6688 = CARTESIAN_POINT('',(47.522,-15.));
#6689 = VECTOR('',#6690,1.);
#6690 = DIRECTION('',(-1.,0.));
#6691 = ( GEOMETRIC_REPRESENTATION_CONTEXT(2) 
PARAMETRIC_REPRESENTATION_CONTEXT() REPRESENTATION_CONTEXT('2D SPACE',''
  ) );
#6692 = PCURVE('',#6636,#6693);
#6693 = DEFINITIONAL_REPRESENTATION('',(#6694),#6698);
#6694 = LINE('',#6695,#6696);
#6695 = CARTESIAN_POINT('',(25.255,3.3));
#6696 = VECTOR('',#6697,1.);
#6697 = DIRECTION('',(-1.,0.));
#6698 = ( GEOMETRIC_REPRESENTATION_CONTEXT(2) 
PARAMETRIC_REPRESENTATION_CONTEXT() REPRESENTATION_CONTEXT('2D SPACE',''
  ) );
#6699 = ORIENTED_EDGE('',*,*,#6700,.F.);
#6700 = EDGE_CURVE('',#6701,#6678,#6703,.T.);
#6701 = VERTEX_POINT('',#6702);
#6702 = CARTESIAN_POINT('',(68.589,-10.112,-13.35327510388));
#6703 = SURFACE_CURVE('',#6704,(#6708,#6715),.PCURVE_S1.);
#6704 = LINE('',#6705,#6706);
#6705 = CARTESIAN_POINT('',(68.589,-10.112,-12.25));
#6706 = VECTOR('',#6707,1.);
#6707 = DIRECTION('',(0.,2.22044604925E-16,-1.));
#6708 = PCURVE('',#4489,#6709);
#6709 = DEFINITIONAL_REPRESENTATION('',(#6710),#6714);
#6710 = LINE('',#6711,#6712);
#6711 = CARTESIAN_POINT('',(1.9,-12.25));
#6712 = VECTOR('',#6713,1.);
#6713 = DIRECTION('',(2.22044604925E-16,-1.));
#6714 = ( GEOMETRIC_REPRESENTATION_CONTEXT(2) 
PARAMETRIC_REPRESENTATION_CONTEXT() REPRESENTATION_CONTEXT('2D SPACE',''
  ) );
#6715 = PCURVE('',#6716,#6721);
#6716 = PLANE('',#6717);
#6717 = AXIS2_PLACEMENT_3D('',#6718,#6719,#6720);
#6718 = CARTESIAN_POINT('',(68.589,12.699,-13.625));
#6719 = DIRECTION('',(1.,0.,-2.22044604925E-16));
#6720 = DIRECTION('',(-1.094764425253E-47,1.,-4.93038065763E-32));
#6721 = DEFINITIONAL_REPRESENTATION('',(#6722),#6726);
#6722 = LINE('',#6723,#6724);
#6723 = CARTESIAN_POINT('',(-22.811,1.375));
#6724 = VECTOR('',#6725,1.);
#6725 = DIRECTION('',(2.22044604925E-16,-1.));
#6726 = ( GEOMETRIC_REPRESENTATION_CONTEXT(2) 
PARAMETRIC_REPRESENTATION_CONTEXT() REPRESENTATION_CONTEXT('2D SPACE',''
  ) );
#6727 = ORIENTED_EDGE('',*,*,#6728,.T.);
#6728 = EDGE_CURVE('',#6701,#4446,#6729,.T.);
#6729 = SURFACE_CURVE('',#6730,(#6735,#6746),.PCURVE_S1.);
#6730 = CIRCLE('',#6731,16.75);
#6731 = AXIS2_PLACEMENT_3D('',#6732,#6733,#6734);
#6732 = CARTESIAN_POINT('',(68.589,0.,-1.52298174072E-14));
#6733 = DIRECTION('',(-1.,-2.22044604925E-16,-4.930380657631E-32));
#6734 = DIRECTION('',(-2.22044604925E-16,1.,0.));
#6735 = PCURVE('',#4489,#6736);
#6736 = DEFINITIONAL_REPRESENTATION('',(#6737),#6745);
#6737 = ( BOUNDED_CURVE() B_SPLINE_CURVE(2,(#6738,#6739,#6740,#6741,
#6742,#6743,#6744),.UNSPECIFIED.,.T.,.F.) B_SPLINE_CURVE_WITH_KNOTS((1,2
    ,2,2,2,1),(-2.094395102393,0.,2.094395102393,4.188790204786,
6.28318530718,8.377580409573),.UNSPECIFIED.) CURVE() 
GEOMETRIC_REPRESENTATION_ITEM() RATIONAL_B_SPLINE_CURVE((1.,0.5,1.,0.5,
1.,0.5,1.)) REPRESENTATION_ITEM('') );
#6738 = CARTESIAN_POINT('',(28.762,5.922373245945E-31));
#6739 = CARTESIAN_POINT('',(28.762,-29.01185102677));
#6740 = CARTESIAN_POINT('',(3.637,-14.50592551338));
#6741 = CARTESIAN_POINT('',(-21.488,-4.102566777144E-15));
#6742 = CARTESIAN_POINT('',(3.637,14.505925513389));
#6743 = CARTESIAN_POINT('',(28.762,29.011851026779));
#6744 = CARTESIAN_POINT('',(28.762,5.922373245945E-31));
#6745 = ( GEOMETRIC_REPRESENTATION_CONTEXT(2) 
PARAMETRIC_REPRESENTATION_CONTEXT() REPRESENTATION_CONTEXT('2D SPACE',''
  ) );
#6746 = PCURVE('',#4461,#6747);
#6747 = DEFINITIONAL_REPRESENTATION('',(#6748),#6752);
#6748 = LINE('',#6749,#6750);
#6749 = CARTESIAN_POINT('',(-4.138911435803E-13,-0.5));
#6750 = VECTOR('',#6751,1.);
#6751 = DIRECTION('',(1.,-0.));
#6752 = ( GEOMETRIC_REPRESENTATION_CONTEXT(2) 
PARAMETRIC_REPRESENTATION_CONTEXT() REPRESENTATION_CONTEXT('2D SPACE',''
  ) );
#6753 = ORIENTED_EDGE('',*,*,#4473,.T.);
#6754 = ADVANCED_FACE('',(#6755),#4461,.F.);
#6755 = FACE_BOUND('',#6756,.F.);
#6756 = EDGE_LOOP('',(#6757,#6792,#6820,#6848,#6874,#6875,#6876,#6900));
#6757 = ORIENTED_EDGE('',*,*,#6758,.T.);
#6758 = EDGE_CURVE('',#6759,#6761,#6763,.T.);
#6759 = VERTEX_POINT('',#6760);
#6760 = CARTESIAN_POINT('',(68.589,13.437354650377,-10.));
#6761 = VERTEX_POINT('',#6762);
#6762 = CARTESIAN_POINT('',(68.589,11.423659658796,-12.25));
#6763 = SURFACE_CURVE('',#6764,(#6769,#6776),.PCURVE_S1.);
#6764 = CIRCLE('',#6765,16.75);
#6765 = AXIS2_PLACEMENT_3D('',#6766,#6767,#6768);
#6766 = CARTESIAN_POINT('',(68.589,0.,-1.52298174072E-14));
#6767 = DIRECTION('',(-1.,-2.22044604925E-16,-4.930380657631E-32));
#6768 = DIRECTION('',(-2.22044604925E-16,1.,0.));
#6769 = PCURVE('',#4461,#6770);
#6770 = DEFINITIONAL_REPRESENTATION('',(#6771),#6775);
#6771 = LINE('',#6772,#6773);
#6772 = CARTESIAN_POINT('',(-4.138911435803E-13,-0.5));
#6773 = VECTOR('',#6774,1.);
#6774 = DIRECTION('',(1.,-0.));
#6775 = ( GEOMETRIC_REPRESENTATION_CONTEXT(2) 
PARAMETRIC_REPRESENTATION_CONTEXT() REPRESENTATION_CONTEXT('2D SPACE',''
  ) );
#6776 = PCURVE('',#6777,#6782);
#6777 = PLANE('',#6778);
#6778 = AXIS2_PLACEMENT_3D('',#6779,#6780,#6781);
#6779 = CARTESIAN_POINT('',(68.589,12.699,-11.125));
#6780 = DIRECTION('',(1.,0.,-2.22044604925E-16));
#6781 = DIRECTION('',(-1.094764425253E-47,1.,-4.93038065763E-32));
#6782 = DEFINITIONAL_REPRESENTATION('',(#6783),#6791);
#6783 = ( BOUNDED_CURVE() B_SPLINE_CURVE(2,(#6784,#6785,#6786,#6787,
#6788,#6789,#6790),.UNSPECIFIED.,.T.,.F.) B_SPLINE_CURVE_WITH_KNOTS((1,2
    ,2,2,2,1),(-2.094395102393,0.,2.094395102393,4.188790204786,
6.28318530718,8.377580409573),.UNSPECIFIED.) CURVE() 
GEOMETRIC_REPRESENTATION_ITEM() RATIONAL_B_SPLINE_CURVE((1.,0.5,1.,0.5,
1.,0.5,1.)) REPRESENTATION_ITEM('') );
#6784 = CARTESIAN_POINT('',(4.051,11.125));
#6785 = CARTESIAN_POINT('',(4.051,-17.88685102677));
#6786 = CARTESIAN_POINT('',(-21.074,-3.380925513389));
#6787 = CARTESIAN_POINT('',(-46.199,11.125));
#6788 = CARTESIAN_POINT('',(-21.074,25.630925513389));
#6789 = CARTESIAN_POINT('',(4.051,40.136851026779));
#6790 = CARTESIAN_POINT('',(4.051,11.125));
#6791 = ( GEOMETRIC_REPRESENTATION_CONTEXT(2) 
PARAMETRIC_REPRESENTATION_CONTEXT() REPRESENTATION_CONTEXT('2D SPACE',''
  ) );
#6792 = ORIENTED_EDGE('',*,*,#6793,.T.);
#6793 = EDGE_CURVE('',#6761,#6794,#6796,.T.);
#6794 = VERTEX_POINT('',#6795);
#6795 = CARTESIAN_POINT('',(68.589,7.454025757938,-15.));
#6796 = SURFACE_CURVE('',#6797,(#6802,#6809),.PCURVE_S1.);
#6797 = CIRCLE('',#6798,16.75);
#6798 = AXIS2_PLACEMENT_3D('',#6799,#6800,#6801);
#6799 = CARTESIAN_POINT('',(68.589,0.,-1.52298174072E-14));
#6800 = DIRECTION('',(-1.,-2.22044604925E-16,-4.930380657631E-32));
#6801 = DIRECTION('',(-2.22044604925E-16,1.,0.));
#6802 = PCURVE('',#4461,#6803);
#6803 = DEFINITIONAL_REPRESENTATION('',(#6804),#6808);
#6804 = LINE('',#6805,#6806);
#6805 = CARTESIAN_POINT('',(-4.138911435803E-13,-0.5));
#6806 = VECTOR('',#6807,1.);
#6807 = DIRECTION('',(1.,-0.));
#6808 = ( GEOMETRIC_REPRESENTATION_CONTEXT(2) 
PARAMETRIC_REPRESENTATION_CONTEXT() REPRESENTATION_CONTEXT('2D SPACE',''
  ) );
#6809 = PCURVE('',#5943,#6810);
#6810 = DEFINITIONAL_REPRESENTATION('',(#6811),#6819);
#6811 = ( BOUNDED_CURVE() B_SPLINE_CURVE(2,(#6812,#6813,#6814,#6815,
#6816,#6817,#6818),.UNSPECIFIED.,.T.,.F.) B_SPLINE_CURVE_WITH_KNOTS((1,2
    ,2,2,2,1),(-2.094395102393,0.,2.094395102393,4.188790204786,
6.28318530718,8.377580409573),.UNSPECIFIED.) CURVE() 
GEOMETRIC_REPRESENTATION_ITEM() RATIONAL_B_SPLINE_CURVE((1.,0.5,1.,0.5,
1.,0.5,1.)) REPRESENTATION_ITEM('') );
#6812 = CARTESIAN_POINT('',(4.051,13.625));
#6813 = CARTESIAN_POINT('',(4.051,-15.38685102677));
#6814 = CARTESIAN_POINT('',(-21.074,-0.880925513389));
#6815 = CARTESIAN_POINT('',(-46.199,13.625));
#6816 = CARTESIAN_POINT('',(-21.074,28.130925513389));
#6817 = CARTESIAN_POINT('',(4.051,42.636851026779));
#6818 = CARTESIAN_POINT('',(4.051,13.625));
#6819 = ( GEOMETRIC_REPRESENTATION_CONTEXT(2) 
PARAMETRIC_REPRESENTATION_CONTEXT() REPRESENTATION_CONTEXT('2D SPACE',''
  ) );
#6820 = ORIENTED_EDGE('',*,*,#6821,.T.);
#6821 = EDGE_CURVE('',#6794,#6822,#6824,.T.);
#6822 = VERTEX_POINT('',#6823);
#6823 = CARTESIAN_POINT('',(68.589,-7.454025757938,-15.));
#6824 = SURFACE_CURVE('',#6825,(#6830,#6837),.PCURVE_S1.);
#6825 = CIRCLE('',#6826,16.75);
#6826 = AXIS2_PLACEMENT_3D('',#6827,#6828,#6829);
#6827 = CARTESIAN_POINT('',(68.589,0.,-1.52298174072E-14));
#6828 = DIRECTION('',(-1.,-2.22044604925E-16,-4.930380657631E-32));
#6829 = DIRECTION('',(-2.22044604925E-16,1.,0.));
#6830 = PCURVE('',#4461,#6831);
#6831 = DEFINITIONAL_REPRESENTATION('',(#6832),#6836);
#6832 = LINE('',#6833,#6834);
#6833 = CARTESIAN_POINT('',(-4.138911435803E-13,-0.5));
#6834 = VECTOR('',#6835,1.);
#6835 = DIRECTION('',(1.,-0.));
#6836 = ( GEOMETRIC_REPRESENTATION_CONTEXT(2) 
PARAMETRIC_REPRESENTATION_CONTEXT() REPRESENTATION_CONTEXT('2D SPACE',''
  ) );
#6837 = PCURVE('',#6636,#6838);
#6838 = DEFINITIONAL_REPRESENTATION('',(#6839),#6847);
#6839 = ( BOUNDED_CURVE() B_SPLINE_CURVE(2,(#6840,#6841,#6842,#6843,
#6844,#6845,#6846),.UNSPECIFIED.,.T.,.F.) B_SPLINE_CURVE_WITH_KNOTS((1,2
    ,2,2,2,1),(-2.094395102393,0.,2.094395102393,4.188790204786,
6.28318530718,8.377580409573),.UNSPECIFIED.) CURVE() 
GEOMETRIC_REPRESENTATION_ITEM() RATIONAL_B_SPLINE_CURVE((1.,0.5,1.,0.5,
1.,0.5,1.)) REPRESENTATION_ITEM('') );
#6840 = CARTESIAN_POINT('',(6.495,18.3));
#6841 = CARTESIAN_POINT('',(6.495,-10.71185102677));
#6842 = CARTESIAN_POINT('',(-18.63,3.794074486611));
#6843 = CARTESIAN_POINT('',(-43.755,18.3));
#6844 = CARTESIAN_POINT('',(-18.63,32.805925513389));
#6845 = CARTESIAN_POINT('',(6.495,47.311851026779));
#6846 = CARTESIAN_POINT('',(6.495,18.3));
#6847 = ( GEOMETRIC_REPRESENTATION_CONTEXT(2) 
PARAMETRIC_REPRESENTATION_CONTEXT() REPRESENTATION_CONTEXT('2D SPACE',''
  ) );
#6848 = ORIENTED_EDGE('',*,*,#6849,.T.);
#6849 = EDGE_CURVE('',#6822,#6701,#6850,.T.);
#6850 = SURFACE_CURVE('',#6851,(#6856,#6863),.PCURVE_S1.);
#6851 = CIRCLE('',#6852,16.75);
#6852 = AXIS2_PLACEMENT_3D('',#6853,#6854,#6855);
#6853 = CARTESIAN_POINT('',(68.589,0.,-1.52298174072E-14));
#6854 = DIRECTION('',(-1.,-2.22044604925E-16,-4.930380657631E-32));
#6855 = DIRECTION('',(-2.22044604925E-16,1.,0.));
#6856 = PCURVE('',#4461,#6857);
#6857 = DEFINITIONAL_REPRESENTATION('',(#6858),#6862);
#6858 = LINE('',#6859,#6860);
#6859 = CARTESIAN_POINT('',(-4.138911435803E-13,-0.5));
#6860 = VECTOR('',#6861,1.);
#6861 = DIRECTION('',(1.,-0.));
#6862 = ( GEOMETRIC_REPRESENTATION_CONTEXT(2) 
PARAMETRIC_REPRESENTATION_CONTEXT() REPRESENTATION_CONTEXT('2D SPACE',''
  ) );
#6863 = PCURVE('',#6716,#6864);
#6864 = DEFINITIONAL_REPRESENTATION('',(#6865),#6873);
#6865 = ( BOUNDED_CURVE() B_SPLINE_CURVE(2,(#6866,#6867,#6868,#6869,
#6870,#6871,#6872),.UNSPECIFIED.,.T.,.F.) B_SPLINE_CURVE_WITH_KNOTS((1,2
    ,2,2,2,1),(-2.094395102393,0.,2.094395102393,4.188790204786,
6.28318530718,8.377580409573),.UNSPECIFIED.) CURVE() 
GEOMETRIC_REPRESENTATION_ITEM() RATIONAL_B_SPLINE_CURVE((1.,0.5,1.,0.5,
1.,0.5,1.)) REPRESENTATION_ITEM('') );
#6866 = CARTESIAN_POINT('',(4.051,13.625));
#6867 = CARTESIAN_POINT('',(4.051,-15.38685102677));
#6868 = CARTESIAN_POINT('',(-21.074,-0.880925513389));
#6869 = CARTESIAN_POINT('',(-46.199,13.625));
#6870 = CARTESIAN_POINT('',(-21.074,28.130925513389));
#6871 = CARTESIAN_POINT('',(4.051,42.636851026779));
#6872 = CARTESIAN_POINT('',(4.051,13.625));
#6873 = ( GEOMETRIC_REPRESENTATION_CONTEXT(2) 
PARAMETRIC_REPRESENTATION_CONTEXT() REPRESENTATION_CONTEXT('2D SPACE',''
  ) );
#6874 = ORIENTED_EDGE('',*,*,#6728,.T.);
#6875 = ORIENTED_EDGE('',*,*,#4445,.T.);
#6876 = ORIENTED_EDGE('',*,*,#6877,.T.);
#6877 = EDGE_CURVE('',#4418,#6878,#6880,.T.);
#6878 = VERTEX_POINT('',#6879);
#6879 = CARTESIAN_POINT('',(68.089,13.437354650377,-10.));
#6880 = SURFACE_CURVE('',#6881,(#6886,#6893),.PCURVE_S1.);
#6881 = CIRCLE('',#6882,16.75);
#6882 = AXIS2_PLACEMENT_3D('',#6883,#6884,#6885);
#6883 = CARTESIAN_POINT('',(68.089,0.,-1.511879510474E-14));
#6884 = DIRECTION('',(1.,2.22044604925E-16,4.930380657631E-32));
#6885 = DIRECTION('',(-2.22044604925E-16,1.,0.));
#6886 = PCURVE('',#4461,#6887);
#6887 = DEFINITIONAL_REPRESENTATION('',(#6888),#6892);
#6888 = LINE('',#6889,#6890);
#6889 = CARTESIAN_POINT('',(6.28318530718,0.));
#6890 = VECTOR('',#6891,1.);
#6891 = DIRECTION('',(-1.,0.));
#6892 = ( GEOMETRIC_REPRESENTATION_CONTEXT(2) 
PARAMETRIC_REPRESENTATION_CONTEXT() REPRESENTATION_CONTEXT('2D SPACE',''
  ) );
#6893 = PCURVE('',#4433,#6894);
#6894 = DEFINITIONAL_REPRESENTATION('',(#6895),#6899);
#6895 = CIRCLE('',#6896,16.75);
#6896 = AXIS2_PLACEMENT_2D('',#6897,#6898);
#6897 = CARTESIAN_POINT('',(9.796586024163E-16,-1.27555607531E-15));
#6898 = DIRECTION('',(1.,0.));
#6899 = ( GEOMETRIC_REPRESENTATION_CONTEXT(2) 
PARAMETRIC_REPRESENTATION_CONTEXT() REPRESENTATION_CONTEXT('2D SPACE',''
  ) );
#6900 = ORIENTED_EDGE('',*,*,#6901,.F.);
#6901 = EDGE_CURVE('',#6759,#6878,#6902,.T.);
#6902 = SURFACE_CURVE('',#6903,(#6907,#6914),.PCURVE_S1.);
#6903 = LINE('',#6904,#6905);
#6904 = CARTESIAN_POINT('',(68.089,13.437354650377,-10.));
#6905 = VECTOR('',#6906,1.);
#6906 = DIRECTION('',(-1.,0.,2.22044604925E-16));
#6907 = PCURVE('',#4461,#6908);
#6908 = DEFINITIONAL_REPRESENTATION('',(#6909),#6913);
#6909 = LINE('',#6910,#6911);
#6910 = CARTESIAN_POINT('',(0.639774963441,0.));
#6911 = VECTOR('',#6912,1.);
#6912 = DIRECTION('',(-0.,1.));
#6913 = ( GEOMETRIC_REPRESENTATION_CONTEXT(2) 
PARAMETRIC_REPRESENTATION_CONTEXT() REPRESENTATION_CONTEXT('2D SPACE',''
  ) );
#6914 = PCURVE('',#5340,#6915);
#6915 = DEFINITIONAL_REPRESENTATION('',(#6916),#6920);
#6916 = LINE('',#6917,#6918);
#6917 = CARTESIAN_POINT('',(22.072645349623,-3.5));
#6918 = VECTOR('',#6919,1.);
#6919 = DIRECTION('',(-2.22044604925E-16,1.));
#6920 = ( GEOMETRIC_REPRESENTATION_CONTEXT(2) 
PARAMETRIC_REPRESENTATION_CONTEXT() REPRESENTATION_CONTEXT('2D SPACE',''
  ) );
#6921 = ADVANCED_FACE('',(#6922),#4433,.T.);
#6922 = FACE_BOUND('',#6923,.T.);
#6923 = EDGE_LOOP('',(#6924,#6925,#6946,#6947));
#6924 = ORIENTED_EDGE('',*,*,#6877,.T.);
#6925 = ORIENTED_EDGE('',*,*,#6926,.T.);
#6926 = EDGE_CURVE('',#6878,#5323,#6927,.T.);
#6927 = SURFACE_CURVE('',#6928,(#6932,#6939),.PCURVE_S1.);
#6928 = LINE('',#6929,#6930);
#6929 = CARTESIAN_POINT('',(68.089,17.755,-10.));
#6930 = VECTOR('',#6931,1.);
#6931 = DIRECTION('',(2.22044604925E-16,-1.,0.));
#6932 = PCURVE('',#4433,#6933);
#6933 = DEFINITIONAL_REPRESENTATION('',(#6934),#6938);
#6934 = LINE('',#6935,#6936);
#6935 = CARTESIAN_POINT('',(17.755,-10.));
#6936 = VECTOR('',#6937,1.);
#6937 = DIRECTION('',(-1.,0.));
#6938 = ( GEOMETRIC_REPRESENTATION_CONTEXT(2) 
PARAMETRIC_REPRESENTATION_CONTEXT() REPRESENTATION_CONTEXT('2D SPACE',''
  ) );
#6939 = PCURVE('',#5340,#6940);
#6940 = DEFINITIONAL_REPRESENTATION('',(#6941),#6945);
#6941 = LINE('',#6942,#6943);
#6942 = CARTESIAN_POINT('',(17.755,-3.5));
#6943 = VECTOR('',#6944,1.);
#6944 = DIRECTION('',(1.,1.094764425253E-47));
#6945 = ( GEOMETRIC_REPRESENTATION_CONTEXT(2) 
PARAMETRIC_REPRESENTATION_CONTEXT() REPRESENTATION_CONTEXT('2D SPACE',''
  ) );
#6946 = ORIENTED_EDGE('',*,*,#5352,.T.);
#6947 = ORIENTED_EDGE('',*,*,#4417,.T.);
#6948 = ADVANCED_FACE('',(#6949),#4336,.T.);
#6949 = FACE_BOUND('',#6950,.T.);
#6950 = EDGE_LOOP('',(#6951,#6974,#6996,#6997));
#6951 = ORIENTED_EDGE('',*,*,#6952,.T.);
#6952 = EDGE_CURVE('',#5187,#6953,#6955,.T.);
#6953 = VERTEX_POINT('',#6954);
#6954 = CARTESIAN_POINT('',(68.089,13.437354650377,10.));
#6955 = SURFACE_CURVE('',#6956,(#6960,#6967),.PCURVE_S1.);
#6956 = LINE('',#6957,#6958);
#6957 = CARTESIAN_POINT('',(68.089,-5.056,10.));
#6958 = VECTOR('',#6959,1.);
#6959 = DIRECTION('',(-2.22044604925E-16,1.,0.));
#6960 = PCURVE('',#4336,#6961);
#6961 = DEFINITIONAL_REPRESENTATION('',(#6962),#6966);
#6962 = LINE('',#6963,#6964);
#6963 = CARTESIAN_POINT('',(-5.056,10.));
#6964 = VECTOR('',#6965,1.);
#6965 = DIRECTION('',(1.,0.));
#6966 = ( GEOMETRIC_REPRESENTATION_CONTEXT(2) 
PARAMETRIC_REPRESENTATION_CONTEXT() REPRESENTATION_CONTEXT('2D SPACE',''
  ) );
#6967 = PCURVE('',#5230,#6968);
#6968 = DEFINITIONAL_REPRESENTATION('',(#6969),#6973);
#6969 = LINE('',#6970,#6971);
#6970 = CARTESIAN_POINT('',(5.056,-3.5));
#6971 = VECTOR('',#6972,1.);
#6972 = DIRECTION('',(1.,-1.094764425253E-47));
#6973 = ( GEOMETRIC_REPRESENTATION_CONTEXT(2) 
PARAMETRIC_REPRESENTATION_CONTEXT() REPRESENTATION_CONTEXT('2D SPACE',''
  ) );
#6974 = ORIENTED_EDGE('',*,*,#6975,.T.);
#6975 = EDGE_CURVE('',#6953,#4293,#6976,.T.);
#6976 = SURFACE_CURVE('',#6977,(#6982,#6989),.PCURVE_S1.);
#6977 = CIRCLE('',#6978,16.75);
#6978 = AXIS2_PLACEMENT_3D('',#6979,#6980,#6981);
#6979 = CARTESIAN_POINT('',(68.089,0.,-1.511879510474E-14));
#6980 = DIRECTION('',(1.,2.22044604925E-16,4.930380657631E-32));
#6981 = DIRECTION('',(-2.22044604925E-16,1.,0.));
#6982 = PCURVE('',#4336,#6983);
#6983 = DEFINITIONAL_REPRESENTATION('',(#6984),#6988);
#6984 = CIRCLE('',#6985,16.75);
#6985 = AXIS2_PLACEMENT_2D('',#6986,#6987);
#6986 = CARTESIAN_POINT('',(9.796586024163E-16,-1.27555607531E-15));
#6987 = DIRECTION('',(1.,0.));
#6988 = ( GEOMETRIC_REPRESENTATION_CONTEXT(2) 
PARAMETRIC_REPRESENTATION_CONTEXT() REPRESENTATION_CONTEXT('2D SPACE',''
  ) );
#6989 = PCURVE('',#4308,#6990);
#6990 = DEFINITIONAL_REPRESENTATION('',(#6991),#6995);
#6991 = LINE('',#6992,#6993);
#6992 = CARTESIAN_POINT('',(6.28318530718,0.));
#6993 = VECTOR('',#6994,1.);
#6994 = DIRECTION('',(-1.,0.));
#6995 = ( GEOMETRIC_REPRESENTATION_CONTEXT(2) 
PARAMETRIC_REPRESENTATION_CONTEXT() REPRESENTATION_CONTEXT('2D SPACE',''
  ) );
#6996 = ORIENTED_EDGE('',*,*,#4320,.T.);
#6997 = ORIENTED_EDGE('',*,*,#5186,.T.);
#6998 = ADVANCED_FACE('',(#6999),#4308,.F.);
#6999 = FACE_BOUND('',#7000,.F.);
#7000 = EDGE_LOOP('',(#7001,#7002,#7030,#7063,#7096,#7129,#7162,#7183));
#7001 = ORIENTED_EDGE('',*,*,#4292,.F.);
#7002 = ORIENTED_EDGE('',*,*,#7003,.T.);
#7003 = EDGE_CURVE('',#4265,#7004,#7006,.T.);
#7004 = VERTEX_POINT('',#7005);
#7005 = CARTESIAN_POINT('',(68.589,-10.112,13.353275103884));
#7006 = SURFACE_CURVE('',#7007,(#7012,#7019),.PCURVE_S1.);
#7007 = CIRCLE('',#7008,16.75);
#7008 = AXIS2_PLACEMENT_3D('',#7009,#7010,#7011);
#7009 = CARTESIAN_POINT('',(68.589,0.,-1.52298174072E-14));
#7010 = DIRECTION('',(-1.,-2.22044604925E-16,-4.930380657631E-32));
#7011 = DIRECTION('',(-2.22044604925E-16,1.,0.));
#7012 = PCURVE('',#4308,#7013);
#7013 = DEFINITIONAL_REPRESENTATION('',(#7014),#7018);
#7014 = LINE('',#7015,#7016);
#7015 = CARTESIAN_POINT('',(-4.138911435803E-13,-0.5));
#7016 = VECTOR('',#7017,1.);
#7017 = DIRECTION('',(1.,-0.));
#7018 = ( GEOMETRIC_REPRESENTATION_CONTEXT(2) 
PARAMETRIC_REPRESENTATION_CONTEXT() REPRESENTATION_CONTEXT('2D SPACE',''
  ) );
#7019 = PCURVE('',#4280,#7020);
#7020 = DEFINITIONAL_REPRESENTATION('',(#7021),#7029);
#7021 = ( BOUNDED_CURVE() B_SPLINE_CURVE(2,(#7022,#7023,#7024,#7025,
#7026,#7027,#7028),.UNSPECIFIED.,.T.,.F.) B_SPLINE_CURVE_WITH_KNOTS((1,2
    ,2,2,2,1),(-2.094395102393,0.,2.094395102393,4.188790204786,
6.28318530718,8.377580409573),.UNSPECIFIED.) CURVE() 
GEOMETRIC_REPRESENTATION_ITEM() RATIONAL_B_SPLINE_CURVE((1.,0.5,1.,0.5,
1.,0.5,1.)) REPRESENTATION_ITEM('') );
#7022 = CARTESIAN_POINT('',(28.762,5.922373245945E-31));
#7023 = CARTESIAN_POINT('',(28.762,-29.01185102677));
#7024 = CARTESIAN_POINT('',(3.637,-14.50592551338));
#7025 = CARTESIAN_POINT('',(-21.488,-4.102566777144E-15));
#7026 = CARTESIAN_POINT('',(3.637,14.505925513389));
#7027 = CARTESIAN_POINT('',(28.762,29.011851026779));
#7028 = CARTESIAN_POINT('',(28.762,5.922373245945E-31));
#7029 = ( GEOMETRIC_REPRESENTATION_CONTEXT(2) 
PARAMETRIC_REPRESENTATION_CONTEXT() REPRESENTATION_CONTEXT('2D SPACE',''
  ) );
#7030 = ORIENTED_EDGE('',*,*,#7031,.T.);
#7031 = EDGE_CURVE('',#7004,#7032,#7034,.T.);
#7032 = VERTEX_POINT('',#7033);
#7033 = CARTESIAN_POINT('',(68.589,-7.454025757938,15.));
#7034 = SURFACE_CURVE('',#7035,(#7040,#7047),.PCURVE_S1.);
#7035 = CIRCLE('',#7036,16.75);
#7036 = AXIS2_PLACEMENT_3D('',#7037,#7038,#7039);
#7037 = CARTESIAN_POINT('',(68.589,0.,-1.52298174072E-14));
#7038 = DIRECTION('',(-1.,-2.22044604925E-16,-4.930380657631E-32));
#7039 = DIRECTION('',(-2.22044604925E-16,1.,0.));
#7040 = PCURVE('',#4308,#7041);
#7041 = DEFINITIONAL_REPRESENTATION('',(#7042),#7046);
#7042 = LINE('',#7043,#7044);
#7043 = CARTESIAN_POINT('',(-4.138911435803E-13,-0.5));
#7044 = VECTOR('',#7045,1.);
#7045 = DIRECTION('',(1.,-0.));
#7046 = ( GEOMETRIC_REPRESENTATION_CONTEXT(2) 
PARAMETRIC_REPRESENTATION_CONTEXT() REPRESENTATION_CONTEXT('2D SPACE',''
  ) );
#7047 = PCURVE('',#7048,#7053);
#7048 = PLANE('',#7049);
#7049 = AXIS2_PLACEMENT_3D('',#7050,#7051,#7052);
#7050 = CARTESIAN_POINT('',(68.589,12.699,13.625));
#7051 = DIRECTION('',(1.,0.,-2.22044604925E-16));
#7052 = DIRECTION('',(-1.094764425253E-47,1.,-4.93038065763E-32));
#7053 = DEFINITIONAL_REPRESENTATION('',(#7054),#7062);
#7054 = ( BOUNDED_CURVE() B_SPLINE_CURVE(2,(#7055,#7056,#7057,#7058,
#7059,#7060,#7061),.UNSPECIFIED.,.T.,.F.) B_SPLINE_CURVE_WITH_KNOTS((1,2
    ,2,2,2,1),(-2.094395102393,0.,2.094395102393,4.188790204786,
6.28318530718,8.377580409573),.UNSPECIFIED.) CURVE() 
GEOMETRIC_REPRESENTATION_ITEM() RATIONAL_B_SPLINE_CURVE((1.,0.5,1.,0.5,
1.,0.5,1.)) REPRESENTATION_ITEM('') );
#7055 = CARTESIAN_POINT('',(4.051,-13.625));
#7056 = CARTESIAN_POINT('',(4.051,-42.63685102677));
#7057 = CARTESIAN_POINT('',(-21.074,-28.13092551338));
#7058 = CARTESIAN_POINT('',(-46.199,-13.625));
#7059 = CARTESIAN_POINT('',(-21.074,0.880925513389));
#7060 = CARTESIAN_POINT('',(4.051,15.386851026779));
#7061 = CARTESIAN_POINT('',(4.051,-13.625));
#7062 = ( GEOMETRIC_REPRESENTATION_CONTEXT(2) 
PARAMETRIC_REPRESENTATION_CONTEXT() REPRESENTATION_CONTEXT('2D SPACE',''
  ) );
#7063 = ORIENTED_EDGE('',*,*,#7064,.T.);
#7064 = EDGE_CURVE('',#7032,#7065,#7067,.T.);
#7065 = VERTEX_POINT('',#7066);
#7066 = CARTESIAN_POINT('',(68.589,7.454025757938,15.));
#7067 = SURFACE_CURVE('',#7068,(#7073,#7080),.PCURVE_S1.);
#7068 = CIRCLE('',#7069,16.75);
#7069 = AXIS2_PLACEMENT_3D('',#7070,#7071,#7072);
#7070 = CARTESIAN_POINT('',(68.589,0.,-1.52298174072E-14));
#7071 = DIRECTION('',(-1.,-2.22044604925E-16,-4.930380657631E-32));
#7072 = DIRECTION('',(-2.22044604925E-16,1.,0.));
#7073 = PCURVE('',#4308,#7074);
#7074 = DEFINITIONAL_REPRESENTATION('',(#7075),#7079);
#7075 = LINE('',#7076,#7077);
#7076 = CARTESIAN_POINT('',(-4.138911435803E-13,-0.5));
#7077 = VECTOR('',#7078,1.);
#7078 = DIRECTION('',(1.,-0.));
#7079 = ( GEOMETRIC_REPRESENTATION_CONTEXT(2) 
PARAMETRIC_REPRESENTATION_CONTEXT() REPRESENTATION_CONTEXT('2D SPACE',''
  ) );
#7080 = PCURVE('',#7081,#7086);
#7081 = PLANE('',#7082);
#7082 = AXIS2_PLACEMENT_3D('',#7083,#7084,#7085);
#7083 = CARTESIAN_POINT('',(68.589,10.255,18.3));
#7084 = DIRECTION('',(1.,0.,-2.22044604925E-16));
#7085 = DIRECTION('',(-1.094764425253E-47,1.,-4.93038065763E-32));
#7086 = DEFINITIONAL_REPRESENTATION('',(#7087),#7095);
#7087 = ( BOUNDED_CURVE() B_SPLINE_CURVE(2,(#7088,#7089,#7090,#7091,
#7092,#7093,#7094),.UNSPECIFIED.,.T.,.F.) B_SPLINE_CURVE_WITH_KNOTS((1,2
    ,2,2,2,1),(-2.094395102393,0.,2.094395102393,4.188790204786,
6.28318530718,8.377580409573),.UNSPECIFIED.) CURVE() 
GEOMETRIC_REPRESENTATION_ITEM() RATIONAL_B_SPLINE_CURVE((1.,0.5,1.,0.5,
1.,0.5,1.)) REPRESENTATION_ITEM('') );
#7088 = CARTESIAN_POINT('',(6.495,-18.3));
#7089 = CARTESIAN_POINT('',(6.495,-47.31185102677));
#7090 = CARTESIAN_POINT('',(-18.63,-32.80592551338));
#7091 = CARTESIAN_POINT('',(-43.755,-18.3));
#7092 = CARTESIAN_POINT('',(-18.63,-3.794074486611));
#7093 = CARTESIAN_POINT('',(6.495,10.711851026779));
#7094 = CARTESIAN_POINT('',(6.495,-18.3));
#7095 = ( GEOMETRIC_REPRESENTATION_CONTEXT(2) 
PARAMETRIC_REPRESENTATION_CONTEXT() REPRESENTATION_CONTEXT('2D SPACE',''
  ) );
#7096 = ORIENTED_EDGE('',*,*,#7097,.T.);
#7097 = EDGE_CURVE('',#7065,#7098,#7100,.T.);
#7098 = VERTEX_POINT('',#7099);
#7099 = CARTESIAN_POINT('',(68.589,11.423659658796,12.25));
#7100 = SURFACE_CURVE('',#7101,(#7106,#7113),.PCURVE_S1.);
#7101 = CIRCLE('',#7102,16.75);
#7102 = AXIS2_PLACEMENT_3D('',#7103,#7104,#7105);
#7103 = CARTESIAN_POINT('',(68.589,0.,-1.52298174072E-14));
#7104 = DIRECTION('',(-1.,-2.22044604925E-16,-4.930380657631E-32));
#7105 = DIRECTION('',(-2.22044604925E-16,1.,0.));
#7106 = PCURVE('',#4308,#7107);
#7107 = DEFINITIONAL_REPRESENTATION('',(#7108),#7112);
#7108 = LINE('',#7109,#7110);
#7109 = CARTESIAN_POINT('',(-4.138911435803E-13,-0.5));
#7110 = VECTOR('',#7111,1.);
#7111 = DIRECTION('',(1.,-0.));
#7112 = ( GEOMETRIC_REPRESENTATION_CONTEXT(2) 
PARAMETRIC_REPRESENTATION_CONTEXT() REPRESENTATION_CONTEXT('2D SPACE',''
  ) );
#7113 = PCURVE('',#7114,#7119);
#7114 = PLANE('',#7115);
#7115 = AXIS2_PLACEMENT_3D('',#7116,#7117,#7118);
#7116 = CARTESIAN_POINT('',(68.589,12.699,13.625));
#7117 = DIRECTION('',(1.,0.,-2.22044604925E-16));
#7118 = DIRECTION('',(-1.094764425253E-47,1.,-4.93038065763E-32));
#7119 = DEFINITIONAL_REPRESENTATION('',(#7120),#7128);
#7120 = ( BOUNDED_CURVE() B_SPLINE_CURVE(2,(#7121,#7122,#7123,#7124,
#7125,#7126,#7127),.UNSPECIFIED.,.T.,.F.) B_SPLINE_CURVE_WITH_KNOTS((1,2
    ,2,2,2,1),(-2.094395102393,0.,2.094395102393,4.188790204786,
6.28318530718,8.377580409573),.UNSPECIFIED.) CURVE() 
GEOMETRIC_REPRESENTATION_ITEM() RATIONAL_B_SPLINE_CURVE((1.,0.5,1.,0.5,
1.,0.5,1.)) REPRESENTATION_ITEM('') );
#7121 = CARTESIAN_POINT('',(4.051,-13.625));
#7122 = CARTESIAN_POINT('',(4.051,-42.63685102677));
#7123 = CARTESIAN_POINT('',(-21.074,-28.13092551338));
#7124 = CARTESIAN_POINT('',(-46.199,-13.625));
#7125 = CARTESIAN_POINT('',(-21.074,0.880925513389));
#7126 = CARTESIAN_POINT('',(4.051,15.386851026779));
#7127 = CARTESIAN_POINT('',(4.051,-13.625));
#7128 = ( GEOMETRIC_REPRESENTATION_CONTEXT(2) 
PARAMETRIC_REPRESENTATION_CONTEXT() REPRESENTATION_CONTEXT('2D SPACE',''
  ) );
#7129 = ORIENTED_EDGE('',*,*,#7130,.T.);
#7130 = EDGE_CURVE('',#7098,#7131,#7133,.T.);
#7131 = VERTEX_POINT('',#7132);
#7132 = CARTESIAN_POINT('',(68.589,13.437354650377,10.));
#7133 = SURFACE_CURVE('',#7134,(#7139,#7146),.PCURVE_S1.);
#7134 = CIRCLE('',#7135,16.75);
#7135 = AXIS2_PLACEMENT_3D('',#7136,#7137,#7138);
#7136 = CARTESIAN_POINT('',(68.589,0.,-1.52298174072E-14));
#7137 = DIRECTION('',(-1.,-2.22044604925E-16,-4.930380657631E-32));
#7138 = DIRECTION('',(-2.22044604925E-16,1.,0.));
#7139 = PCURVE('',#4308,#7140);
#7140 = DEFINITIONAL_REPRESENTATION('',(#7141),#7145);
#7141 = LINE('',#7142,#7143);
#7142 = CARTESIAN_POINT('',(-4.138911435803E-13,-0.5));
#7143 = VECTOR('',#7144,1.);
#7144 = DIRECTION('',(1.,-0.));
#7145 = ( GEOMETRIC_REPRESENTATION_CONTEXT(2) 
PARAMETRIC_REPRESENTATION_CONTEXT() REPRESENTATION_CONTEXT('2D SPACE',''
  ) );
#7146 = PCURVE('',#7147,#7152);
#7147 = PLANE('',#7148);
#7148 = AXIS2_PLACEMENT_3D('',#7149,#7150,#7151);
#7149 = CARTESIAN_POINT('',(68.589,12.699,11.125));
#7150 = DIRECTION('',(1.,0.,-2.22044604925E-16));
#7151 = DIRECTION('',(-1.094764425253E-47,1.,-4.93038065763E-32));
#7152 = DEFINITIONAL_REPRESENTATION('',(#7153),#7161);
#7153 = ( BOUNDED_CURVE() B_SPLINE_CURVE(2,(#7154,#7155,#7156,#7157,
#7158,#7159,#7160),.UNSPECIFIED.,.T.,.F.) B_SPLINE_CURVE_WITH_KNOTS((1,2
    ,2,2,2,1),(-2.094395102393,0.,2.094395102393,4.188790204786,
6.28318530718,8.377580409573),.UNSPECIFIED.) CURVE() 
GEOMETRIC_REPRESENTATION_ITEM() RATIONAL_B_SPLINE_CURVE((1.,0.5,1.,0.5,
1.,0.5,1.)) REPRESENTATION_ITEM('') );
#7154 = CARTESIAN_POINT('',(4.051,-11.125));
#7155 = CARTESIAN_POINT('',(4.051,-40.13685102677));
#7156 = CARTESIAN_POINT('',(-21.074,-25.63092551338));
#7157 = CARTESIAN_POINT('',(-46.199,-11.125));
#7158 = CARTESIAN_POINT('',(-21.074,3.380925513389));
#7159 = CARTESIAN_POINT('',(4.051,17.886851026779));
#7160 = CARTESIAN_POINT('',(4.051,-11.125));
#7161 = ( GEOMETRIC_REPRESENTATION_CONTEXT(2) 
PARAMETRIC_REPRESENTATION_CONTEXT() REPRESENTATION_CONTEXT('2D SPACE',''
  ) );
#7162 = ORIENTED_EDGE('',*,*,#7163,.T.);
#7163 = EDGE_CURVE('',#7131,#6953,#7164,.T.);
#7164 = SURFACE_CURVE('',#7165,(#7169,#7176),.PCURVE_S1.);
#7165 = LINE('',#7166,#7167);
#7166 = CARTESIAN_POINT('',(68.089,13.437354650377,10.));
#7167 = VECTOR('',#7168,1.);
#7168 = DIRECTION('',(-1.,0.,2.22044604925E-16));
#7169 = PCURVE('',#4308,#7170);
#7170 = DEFINITIONAL_REPRESENTATION('',(#7171),#7175);
#7171 = LINE('',#7172,#7173);
#7172 = CARTESIAN_POINT('',(5.643410343739,0.));
#7173 = VECTOR('',#7174,1.);
#7174 = DIRECTION('',(-0.,1.));
#7175 = ( GEOMETRIC_REPRESENTATION_CONTEXT(2) 
PARAMETRIC_REPRESENTATION_CONTEXT() REPRESENTATION_CONTEXT('2D SPACE',''
  ) );
#7176 = PCURVE('',#5230,#7177);
#7177 = DEFINITIONAL_REPRESENTATION('',(#7178),#7182);
#7178 = LINE('',#7179,#7180);
#7179 = CARTESIAN_POINT('',(23.549354650377,-3.5));
#7180 = VECTOR('',#7181,1.);
#7181 = DIRECTION('',(2.22044604925E-16,1.));
#7182 = ( GEOMETRIC_REPRESENTATION_CONTEXT(2) 
PARAMETRIC_REPRESENTATION_CONTEXT() REPRESENTATION_CONTEXT('2D SPACE',''
  ) );
#7183 = ORIENTED_EDGE('',*,*,#6975,.T.);
#7184 = ADVANCED_FACE('',(#7185),#4280,.T.);
#7185 = FACE_BOUND('',#7186,.T.);
#7186 = EDGE_LOOP('',(#7187,#7210,#7211,#7212));
#7187 = ORIENTED_EDGE('',*,*,#7188,.F.);
#7188 = EDGE_CURVE('',#4237,#7189,#7191,.T.);
#7189 = VERTEX_POINT('',#7190);
#7190 = CARTESIAN_POINT('',(68.589,-10.112,15.));
#7191 = SURFACE_CURVE('',#7192,(#7196,#7203),.PCURVE_S1.);
#7192 = LINE('',#7193,#7194);
#7193 = CARTESIAN_POINT('',(68.589,-15.,15.));
#7194 = VECTOR('',#7195,1.);
#7195 = DIRECTION('',(-2.22044604925E-16,1.,0.));
#7196 = PCURVE('',#4280,#7197);
#7197 = DEFINITIONAL_REPRESENTATION('',(#7198),#7202);
#7198 = LINE('',#7199,#7200);
#7199 = CARTESIAN_POINT('',(-2.988,15.));
#7200 = VECTOR('',#7201,1.);
#7201 = DIRECTION('',(1.,0.));
#7202 = ( GEOMETRIC_REPRESENTATION_CONTEXT(2) 
PARAMETRIC_REPRESENTATION_CONTEXT() REPRESENTATION_CONTEXT('2D SPACE',''
  ) );
#7203 = PCURVE('',#7081,#7204);
#7204 = DEFINITIONAL_REPRESENTATION('',(#7205),#7209);
#7205 = LINE('',#7206,#7207);
#7206 = CARTESIAN_POINT('',(-25.255,-3.3));
#7207 = VECTOR('',#7208,1.);
#7208 = DIRECTION('',(1.,0.));
#7209 = ( GEOMETRIC_REPRESENTATION_CONTEXT(2) 
PARAMETRIC_REPRESENTATION_CONTEXT() REPRESENTATION_CONTEXT('2D SPACE',''
  ) );
#7210 = ORIENTED_EDGE('',*,*,#4264,.T.);
#7211 = ORIENTED_EDGE('',*,*,#7003,.T.);
#7212 = ORIENTED_EDGE('',*,*,#7213,.F.);
#7213 = EDGE_CURVE('',#7189,#7004,#7214,.T.);
#7214 = SURFACE_CURVE('',#7215,(#7219,#7226),.PCURVE_S1.);
#7215 = LINE('',#7216,#7217);
#7216 = CARTESIAN_POINT('',(68.589,-10.112,15.));
#7217 = VECTOR('',#7218,1.);
#7218 = DIRECTION('',(0.,2.22044604925E-16,-1.));
#7219 = PCURVE('',#4280,#7220);
#7220 = DEFINITIONAL_REPRESENTATION('',(#7221),#7225);
#7221 = LINE('',#7222,#7223);
#7222 = CARTESIAN_POINT('',(1.9,15.));
#7223 = VECTOR('',#7224,1.);
#7224 = DIRECTION('',(2.22044604925E-16,-1.));
#7225 = ( GEOMETRIC_REPRESENTATION_CONTEXT(2) 
PARAMETRIC_REPRESENTATION_CONTEXT() REPRESENTATION_CONTEXT('2D SPACE',''
  ) );
#7226 = PCURVE('',#7048,#7227);
#7227 = DEFINITIONAL_REPRESENTATION('',(#7228),#7232);
#7228 = LINE('',#7229,#7230);
#7229 = CARTESIAN_POINT('',(-22.811,1.375));
#7230 = VECTOR('',#7231,1.);
#7231 = DIRECTION('',(2.22044604925E-16,-1.));
#7232 = ( GEOMETRIC_REPRESENTATION_CONTEXT(2) 
PARAMETRIC_REPRESENTATION_CONTEXT() REPRESENTATION_CONTEXT('2D SPACE',''
  ) );
#7233 = ADVANCED_FACE('',(#7234),#4252,.F.);
#7234 = FACE_BOUND('',#7235,.F.);
#7235 = EDGE_LOOP('',(#7236,#7259,#7287,#7308));
#7236 = ORIENTED_EDGE('',*,*,#7237,.F.);
#7237 = EDGE_CURVE('',#7238,#4214,#7240,.T.);
#7238 = VERTEX_POINT('',#7239);
#7239 = CARTESIAN_POINT('',(50.,-15.,15.));
#7240 = SURFACE_CURVE('',#7241,(#7245,#7252),.PCURVE_S1.);
#7241 = LINE('',#7242,#7243);
#7242 = CARTESIAN_POINT('',(50.,-15.,15.));
#7243 = VECTOR('',#7244,1.);
#7244 = DIRECTION('',(-2.22044604925E-16,1.,0.));
#7245 = PCURVE('',#4252,#7246);
#7246 = DEFINITIONAL_REPRESENTATION('',(#7247),#7251);
#7247 = LINE('',#7248,#7249);
#7248 = CARTESIAN_POINT('',(0.,-0.));
#7249 = VECTOR('',#7250,1.);
#7250 = DIRECTION('',(1.,-1.094764425253E-47));
#7251 = ( GEOMETRIC_REPRESENTATION_CONTEXT(2) 
PARAMETRIC_REPRESENTATION_CONTEXT() REPRESENTATION_CONTEXT('2D SPACE',''
  ) );
#7252 = PCURVE('',#6580,#7253);
#7253 = DEFINITIONAL_REPRESENTATION('',(#7254),#7258);
#7254 = LINE('',#7255,#7256);
#7255 = CARTESIAN_POINT('',(-25.255,-3.3));
#7256 = VECTOR('',#7257,1.);
#7257 = DIRECTION('',(1.,0.));
#7258 = ( GEOMETRIC_REPRESENTATION_CONTEXT(2) 
PARAMETRIC_REPRESENTATION_CONTEXT() REPRESENTATION_CONTEXT('2D SPACE',''
  ) );
#7259 = ORIENTED_EDGE('',*,*,#7260,.T.);
#7260 = EDGE_CURVE('',#7238,#7261,#7263,.T.);
#7261 = VERTEX_POINT('',#7262);
#7262 = CARTESIAN_POINT('',(68.589,-15.,15.));
#7263 = SURFACE_CURVE('',#7264,(#7268,#7275),.PCURVE_S1.);
#7264 = LINE('',#7265,#7266);
#7265 = CARTESIAN_POINT('',(50.,-15.,15.));
#7266 = VECTOR('',#7267,1.);
#7267 = DIRECTION('',(1.,0.,-2.22044604925E-16));
#7268 = PCURVE('',#4252,#7269);
#7269 = DEFINITIONAL_REPRESENTATION('',(#7270),#7274);
#7270 = LINE('',#7271,#7272);
#7271 = CARTESIAN_POINT('',(0.,-0.));
#7272 = VECTOR('',#7273,1.);
#7273 = DIRECTION('',(-2.22044604925E-16,-1.));
#7274 = ( GEOMETRIC_REPRESENTATION_CONTEXT(2) 
PARAMETRIC_REPRESENTATION_CONTEXT() REPRESENTATION_CONTEXT('2D SPACE',''
  ) );
#7275 = PCURVE('',#7276,#7281);
#7276 = PLANE('',#7277);
#7277 = AXIS2_PLACEMENT_3D('',#7278,#7279,#7280);
#7278 = CARTESIAN_POINT('',(50.,-15.,21.6));
#7279 = DIRECTION('',(-2.22044604925E-16,1.,0.));
#7280 = DIRECTION('',(4.93038065763E-32,1.094764425253E-47,-1.));
#7281 = DEFINITIONAL_REPRESENTATION('',(#7282),#7286);
#7282 = LINE('',#7283,#7284);
#7283 = CARTESIAN_POINT('',(6.6,3.254051234036E-31));
#7284 = VECTOR('',#7285,1.);
#7285 = DIRECTION('',(2.22044604925E-16,-1.));
#7286 = ( GEOMETRIC_REPRESENTATION_CONTEXT(2) 
PARAMETRIC_REPRESENTATION_CONTEXT() REPRESENTATION_CONTEXT('2D SPACE',''
  ) );
#7287 = ORIENTED_EDGE('',*,*,#7288,.T.);
#7288 = EDGE_CURVE('',#7261,#4237,#7289,.T.);
#7289 = SURFACE_CURVE('',#7290,(#7294,#7301),.PCURVE_S1.);
#7290 = LINE('',#7291,#7292);
#7291 = CARTESIAN_POINT('',(68.589,-15.,15.));
#7292 = VECTOR('',#7293,1.);
#7293 = DIRECTION('',(-2.22044604925E-16,1.,0.));
#7294 = PCURVE('',#4252,#7295);
#7295 = DEFINITIONAL_REPRESENTATION('',(#7296),#7300);
#7296 = LINE('',#7297,#7298);
#7297 = CARTESIAN_POINT('',(-4.127587160951E-15,-18.589));
#7298 = VECTOR('',#7299,1.);
#7299 = DIRECTION('',(1.,-1.094764425253E-47));
#7300 = ( GEOMETRIC_REPRESENTATION_CONTEXT(2) 
PARAMETRIC_REPRESENTATION_CONTEXT() REPRESENTATION_CONTEXT('2D SPACE',''
  ) );
#7301 = PCURVE('',#7081,#7302);
#7302 = DEFINITIONAL_REPRESENTATION('',(#7303),#7307);
#7303 = LINE('',#7304,#7305);
#7304 = CARTESIAN_POINT('',(-25.255,-3.3));
#7305 = VECTOR('',#7306,1.);
#7306 = DIRECTION('',(1.,0.));
#7307 = ( GEOMETRIC_REPRESENTATION_CONTEXT(2) 
PARAMETRIC_REPRESENTATION_CONTEXT() REPRESENTATION_CONTEXT('2D SPACE',''
  ) );
#7308 = ORIENTED_EDGE('',*,*,#4236,.F.);
#7309 = ADVANCED_FACE('',(#7310),#4615,.F.);
#7310 = FACE_BOUND('',#7311,.F.);
#7311 = EDGE_LOOP('',(#7312,#7313,#7334,#7335));
#7312 = ORIENTED_EDGE('',*,*,#5524,.T.);
#7313 = ORIENTED_EDGE('',*,*,#7314,.T.);
#7314 = EDGE_CURVE('',#5497,#4555,#7315,.T.);
#7315 = SURFACE_CURVE('',#7316,(#7320,#7327),.PCURVE_S1.);
#7316 = LINE('',#7317,#7318);
#7317 = CARTESIAN_POINT('',(29.5,17.755,15.));
#7318 = VECTOR('',#7319,1.);
#7319 = DIRECTION('',(2.22044604925E-16,-1.,0.));
#7320 = PCURVE('',#4615,#7321);
#7321 = DEFINITIONAL_REPRESENTATION('',(#7322),#7326);
#7322 = LINE('',#7323,#7324);
#7323 = CARTESIAN_POINT('',(17.755,15.));
#7324 = VECTOR('',#7325,1.);
#7325 = DIRECTION('',(-1.,0.));
#7326 = ( GEOMETRIC_REPRESENTATION_CONTEXT(2) 
PARAMETRIC_REPRESENTATION_CONTEXT() REPRESENTATION_CONTEXT('2D SPACE',''
  ) );
#7327 = PCURVE('',#6499,#7328);
#7328 = DEFINITIONAL_REPRESENTATION('',(#7329),#7333);
#7329 = LINE('',#7330,#7331);
#7330 = CARTESIAN_POINT('',(17.755,-29.5));
#7331 = VECTOR('',#7332,1.);
#7332 = DIRECTION('',(1.,1.094764425253E-47));
#7333 = ( GEOMETRIC_REPRESENTATION_CONTEXT(2) 
PARAMETRIC_REPRESENTATION_CONTEXT() REPRESENTATION_CONTEXT('2D SPACE',''
  ) );
#7334 = ORIENTED_EDGE('',*,*,#4601,.T.);
#7335 = ORIENTED_EDGE('',*,*,#4864,.T.);
#7336 = ADVANCED_FACE('',(#7337),#4829,.T.);
#7337 = FACE_BOUND('',#7338,.T.);
#7338 = EDGE_LOOP('',(#7339,#7340,#7341,#7364,#7397,#7425,#7453));
#7339 = ORIENTED_EDGE('',*,*,#4813,.F.);
#7340 = ORIENTED_EDGE('',*,*,#5546,.T.);
#7341 = ORIENTED_EDGE('',*,*,#7342,.T.);
#7342 = EDGE_CURVE('',#5547,#7343,#7345,.T.);
#7343 = VERTEX_POINT('',#7344);
#7344 = CARTESIAN_POINT('',(32.589,31.086419524039,9.9));
#7345 = SURFACE_CURVE('',#7346,(#7350,#7357),.PCURVE_S1.);
#7346 = LINE('',#7347,#7348);
#7347 = CARTESIAN_POINT('',(32.589,46.015,9.9));
#7348 = VECTOR('',#7349,1.);
#7349 = DIRECTION('',(-2.22044604925E-16,1.,0.));
#7350 = PCURVE('',#4829,#7351);
#7351 = DEFINITIONAL_REPRESENTATION('',(#7352),#7356);
#7352 = LINE('',#7353,#7354);
#7353 = CARTESIAN_POINT('',(13.985,9.9));
#7354 = VECTOR('',#7355,1.);
#7355 = DIRECTION('',(1.,0.));
#7356 = ( GEOMETRIC_REPRESENTATION_CONTEXT(2) 
PARAMETRIC_REPRESENTATION_CONTEXT() REPRESENTATION_CONTEXT('2D SPACE',''
  ) );
#7357 = PCURVE('',#5585,#7358);
#7358 = DEFINITIONAL_REPRESENTATION('',(#7359),#7363);
#7359 = LINE('',#7360,#7361);
#7360 = CARTESIAN_POINT('',(13.985,-2.9));
#7361 = VECTOR('',#7362,1.);
#7362 = DIRECTION('',(-1.,-1.094764425253E-47));
#7363 = ( GEOMETRIC_REPRESENTATION_CONTEXT(2) 
PARAMETRIC_REPRESENTATION_CONTEXT() REPRESENTATION_CONTEXT('2D SPACE',''
  ) );
#7364 = ORIENTED_EDGE('',*,*,#7365,.T.);
#7365 = EDGE_CURVE('',#7343,#7366,#7368,.T.);
#7366 = VERTEX_POINT('',#7367);
#7367 = CARTESIAN_POINT('',(32.589,34.45,10.25));
#7368 = SURFACE_CURVE('',#7369,(#7374,#7385),.PCURVE_S1.);
#7369 = CIRCLE('',#7370,1.7);
#7370 = AXIS2_PLACEMENT_3D('',#7371,#7372,#7373);
#7371 = CARTESIAN_POINT('',(32.589,32.75,10.25));
#7372 = DIRECTION('',(-1.,-2.22044604925E-16,-4.930380657631E-32));
#7373 = DIRECTION('',(-2.22044604925E-16,1.,0.));
#7374 = PCURVE('',#4829,#7375);
#7375 = DEFINITIONAL_REPRESENTATION('',(#7376),#7384);
#7376 = ( BOUNDED_CURVE() B_SPLINE_CURVE(2,(#7377,#7378,#7379,#7380,
#7381,#7382,#7383),.UNSPECIFIED.,.T.,.F.) B_SPLINE_CURVE_WITH_KNOTS((1,2
    ,2,2,2,1),(-2.094395102393,0.,2.094395102393,4.188790204786,
6.28318530718,8.377580409573),.UNSPECIFIED.) CURVE() 
GEOMETRIC_REPRESENTATION_ITEM() RATIONAL_B_SPLINE_CURVE((1.,0.5,1.,0.5,
1.,0.5,1.)) REPRESENTATION_ITEM('') );
#7377 = CARTESIAN_POINT('',(2.42,10.25));
#7378 = CARTESIAN_POINT('',(2.42,7.305513627133));
#7379 = CARTESIAN_POINT('',(-0.13,8.777756813566));
#7380 = CARTESIAN_POINT('',(-2.68,10.25));
#7381 = CARTESIAN_POINT('',(-0.13,11.722243186434));
#7382 = CARTESIAN_POINT('',(2.42,13.194486372867));
#7383 = CARTESIAN_POINT('',(2.42,10.25));
#7384 = ( GEOMETRIC_REPRESENTATION_CONTEXT(2) 
PARAMETRIC_REPRESENTATION_CONTEXT() REPRESENTATION_CONTEXT('2D SPACE',''
  ) );
#7385 = PCURVE('',#7386,#7391);
#7386 = CYLINDRICAL_SURFACE('',#7387,1.7);
#7387 = AXIS2_PLACEMENT_3D('',#7388,#7389,#7390);
#7388 = CARTESIAN_POINT('',(26.2,32.75,10.25));
#7389 = DIRECTION('',(-1.,0.,2.22044604925E-16));
#7390 = DIRECTION('',(-1.094764425253E-47,1.,-4.93038065763E-32));
#7391 = DEFINITIONAL_REPRESENTATION('',(#7392),#7396);
#7392 = LINE('',#7393,#7394);
#7393 = CARTESIAN_POINT('',(-4.138911435803E-13,-6.389));
#7394 = VECTOR('',#7395,1.);
#7395 = DIRECTION('',(1.,-0.));
#7396 = ( GEOMETRIC_REPRESENTATION_CONTEXT(2) 
PARAMETRIC_REPRESENTATION_CONTEXT() REPRESENTATION_CONTEXT('2D SPACE',''
  ) );
#7397 = ORIENTED_EDGE('',*,*,#7398,.T.);
#7398 = EDGE_CURVE('',#7366,#7399,#7401,.T.);
#7399 = VERTEX_POINT('',#7400);
#7400 = CARTESIAN_POINT('',(32.589,34.413580475961,9.9));
#7401 = SURFACE_CURVE('',#7402,(#7407,#7418),.PCURVE_S1.);
#7402 = CIRCLE('',#7403,1.7);
#7403 = AXIS2_PLACEMENT_3D('',#7404,#7405,#7406);
#7404 = CARTESIAN_POINT('',(32.589,32.75,10.25));
#7405 = DIRECTION('',(-1.,-2.22044604925E-16,-4.930380657631E-32));
#7406 = DIRECTION('',(-2.22044604925E-16,1.,0.));
#7407 = PCURVE('',#4829,#7408);
#7408 = DEFINITIONAL_REPRESENTATION('',(#7409),#7417);
#7409 = ( BOUNDED_CURVE() B_SPLINE_CURVE(2,(#7410,#7411,#7412,#7413,
#7414,#7415,#7416),.UNSPECIFIED.,.T.,.F.) B_SPLINE_CURVE_WITH_KNOTS((1,2
    ,2,2,2,1),(-2.094395102393,0.,2.094395102393,4.188790204786,
6.28318530718,8.377580409573),.UNSPECIFIED.) CURVE() 
GEOMETRIC_REPRESENTATION_ITEM() RATIONAL_B_SPLINE_CURVE((1.,0.5,1.,0.5,
1.,0.5,1.)) REPRESENTATION_ITEM('') );
#7410 = CARTESIAN_POINT('',(2.42,10.25));
#7411 = CARTESIAN_POINT('',(2.42,7.305513627133));
#7412 = CARTESIAN_POINT('',(-0.13,8.777756813566));
#7413 = CARTESIAN_POINT('',(-2.68,10.25));
#7414 = CARTESIAN_POINT('',(-0.13,11.722243186434));
#7415 = CARTESIAN_POINT('',(2.42,13.194486372867));
#7416 = CARTESIAN_POINT('',(2.42,10.25));
#7417 = ( GEOMETRIC_REPRESENTATION_CONTEXT(2) 
PARAMETRIC_REPRESENTATION_CONTEXT() REPRESENTATION_CONTEXT('2D SPACE',''
  ) );
#7418 = PCURVE('',#7386,#7419);
#7419 = DEFINITIONAL_REPRESENTATION('',(#7420),#7424);
#7420 = LINE('',#7421,#7422);
#7421 = CARTESIAN_POINT('',(-4.138911435803E-13,-6.389));
#7422 = VECTOR('',#7423,1.);
#7423 = DIRECTION('',(1.,-0.));
#7424 = ( GEOMETRIC_REPRESENTATION_CONTEXT(2) 
PARAMETRIC_REPRESENTATION_CONTEXT() REPRESENTATION_CONTEXT('2D SPACE',''
  ) );
#7425 = ORIENTED_EDGE('',*,*,#7426,.T.);
#7426 = EDGE_CURVE('',#7399,#7427,#7429,.T.);
#7427 = VERTEX_POINT('',#7428);
#7428 = CARTESIAN_POINT('',(32.589,35.51,9.9));
#7429 = SURFACE_CURVE('',#7430,(#7434,#7441),.PCURVE_S1.);
#7430 = LINE('',#7431,#7432);
#7431 = CARTESIAN_POINT('',(32.589,46.015,9.9));
#7432 = VECTOR('',#7433,1.);
#7433 = DIRECTION('',(-2.22044604925E-16,1.,0.));
#7434 = PCURVE('',#4829,#7435);
#7435 = DEFINITIONAL_REPRESENTATION('',(#7436),#7440);
#7436 = LINE('',#7437,#7438);
#7437 = CARTESIAN_POINT('',(13.985,9.9));
#7438 = VECTOR('',#7439,1.);
#7439 = DIRECTION('',(1.,0.));
#7440 = ( GEOMETRIC_REPRESENTATION_CONTEXT(2) 
PARAMETRIC_REPRESENTATION_CONTEXT() REPRESENTATION_CONTEXT('2D SPACE',''
  ) );
#7441 = PCURVE('',#7442,#7447);
#7442 = PLANE('',#7443);
#7443 = AXIS2_PLACEMENT_3D('',#7444,#7445,#7446);
#7444 = CARTESIAN_POINT('',(29.689,60.,9.9));
#7445 = DIRECTION('',(0.,2.22044604925E-16,-1.));
#7446 = DIRECTION('',(2.22044604925E-16,-1.,-2.22044604925E-16));
#7447 = DEFINITIONAL_REPRESENTATION('',(#7448),#7452);
#7448 = LINE('',#7449,#7450);
#7449 = CARTESIAN_POINT('',(13.985,-2.9));
#7450 = VECTOR('',#7451,1.);
#7451 = DIRECTION('',(-1.,-1.094764425253E-47));
#7452 = ( GEOMETRIC_REPRESENTATION_CONTEXT(2) 
PARAMETRIC_REPRESENTATION_CONTEXT() REPRESENTATION_CONTEXT('2D SPACE',''
  ) );
#7453 = ORIENTED_EDGE('',*,*,#7454,.T.);
#7454 = EDGE_CURVE('',#7427,#4786,#7455,.T.);
#7455 = SURFACE_CURVE('',#7456,(#7460,#7467),.PCURVE_S1.);
#7456 = LINE('',#7457,#7458);
#7457 = CARTESIAN_POINT('',(32.589,35.51,-15.));
#7458 = VECTOR('',#7459,1.);
#7459 = DIRECTION('',(0.,-2.22044604925E-16,1.));
#7460 = PCURVE('',#4829,#7461);
#7461 = DEFINITIONAL_REPRESENTATION('',(#7462),#7466);
#7462 = LINE('',#7463,#7464);
#7463 = CARTESIAN_POINT('',(3.48,-15.));
#7464 = VECTOR('',#7465,1.);
#7465 = DIRECTION('',(-2.22044604925E-16,1.));
#7466 = ( GEOMETRIC_REPRESENTATION_CONTEXT(2) 
PARAMETRIC_REPRESENTATION_CONTEXT() REPRESENTATION_CONTEXT('2D SPACE',''
  ) );
#7467 = PCURVE('',#5721,#7468);
#7468 = DEFINITIONAL_REPRESENTATION('',(#7469),#7473);
#7469 = LINE('',#7470,#7471);
#7470 = CARTESIAN_POINT('',(-2.656982136397E-31,-5.389));
#7471 = VECTOR('',#7472,1.);
#7472 = DIRECTION('',(1.,0.));
#7473 = ( GEOMETRIC_REPRESENTATION_CONTEXT(2) 
PARAMETRIC_REPRESENTATION_CONTEXT() REPRESENTATION_CONTEXT('2D SPACE',''
  ) );
#7474 = ADVANCED_FACE('',(#7475),#4801,.F.);
#7475 = FACE_BOUND('',#7476,.F.);
#7476 = EDGE_LOOP('',(#7477,#7505,#7506,#7534,#7557,#7585));
#7477 = ORIENTED_EDGE('',*,*,#7478,.F.);
#7478 = EDGE_CURVE('',#4786,#7479,#7481,.T.);
#7479 = VERTEX_POINT('',#7480);
#7480 = CARTESIAN_POINT('',(32.589,35.51,15.));
#7481 = SURFACE_CURVE('',#7482,(#7486,#7493),.PCURVE_S1.);
#7482 = LINE('',#7483,#7484);
#7483 = CARTESIAN_POINT('',(32.589,35.51,-15.));
#7484 = VECTOR('',#7485,1.);
#7485 = DIRECTION('',(0.,-2.22044604925E-16,1.));
#7486 = PCURVE('',#4801,#7487);
#7487 = DEFINITIONAL_REPRESENTATION('',(#7488),#7492);
#7488 = LINE('',#7489,#7490);
#7489 = CARTESIAN_POINT('',(-27.25,-32.589));
#7490 = VECTOR('',#7491,1.);
#7491 = DIRECTION('',(1.,0.));
#7492 = ( GEOMETRIC_REPRESENTATION_CONTEXT(2) 
PARAMETRIC_REPRESENTATION_CONTEXT() REPRESENTATION_CONTEXT('2D SPACE',''
  ) );
#7493 = PCURVE('',#7494,#7499);
#7494 = PLANE('',#7495);
#7495 = AXIS2_PLACEMENT_3D('',#7496,#7497,#7498);
#7496 = CARTESIAN_POINT('',(-7.884803920888E-15,35.51,12.25));
#7497 = DIRECTION('',(2.22044604925E-16,-1.,0.));
#7498 = DIRECTION('',(-4.93038065763E-32,-1.094764425253E-47,1.));
#7499 = DEFINITIONAL_REPRESENTATION('',(#7500),#7504);
#7500 = LINE('',#7501,#7502);
#7501 = CARTESIAN_POINT('',(-27.25,-32.589));
#7502 = VECTOR('',#7503,1.);
#7503 = DIRECTION('',(1.,0.));
#7504 = ( GEOMETRIC_REPRESENTATION_CONTEXT(2) 
PARAMETRIC_REPRESENTATION_CONTEXT() REPRESENTATION_CONTEXT('2D SPACE',''
  ) );
#7505 = ORIENTED_EDGE('',*,*,#4785,.T.);
#7506 = ORIENTED_EDGE('',*,*,#7507,.T.);
#7507 = EDGE_CURVE('',#4758,#7508,#7510,.T.);
#7508 = VERTEX_POINT('',#7509);
#7509 = CARTESIAN_POINT('',(68.589,35.51,12.25));
#7510 = SURFACE_CURVE('',#7511,(#7515,#7522),.PCURVE_S1.);
#7511 = LINE('',#7512,#7513);
#7512 = CARTESIAN_POINT('',(-7.884803920888E-15,35.51,12.25));
#7513 = VECTOR('',#7514,1.);
#7514 = DIRECTION('',(1.,0.,-2.22044604925E-16));
#7515 = PCURVE('',#4801,#7516);
#7516 = DEFINITIONAL_REPRESENTATION('',(#7517),#7521);
#7517 = LINE('',#7518,#7519);
#7518 = CARTESIAN_POINT('',(0.,-0.));
#7519 = VECTOR('',#7520,1.);
#7520 = DIRECTION('',(-2.22044604925E-16,-1.));
#7521 = ( GEOMETRIC_REPRESENTATION_CONTEXT(2) 
PARAMETRIC_REPRESENTATION_CONTEXT() REPRESENTATION_CONTEXT('2D SPACE',''
  ) );
#7522 = PCURVE('',#7523,#7528);
#7523 = PLANE('',#7524);
#7524 = AXIS2_PLACEMENT_3D('',#7525,#7526,#7527);
#7525 = CARTESIAN_POINT('',(64.589,35.51,10.));
#7526 = DIRECTION('',(2.22044604925E-16,-1.,0.));
#7527 = DIRECTION('',(-4.93038065763E-32,-1.094764425253E-47,1.));
#7528 = DEFINITIONAL_REPRESENTATION('',(#7529),#7533);
#7529 = LINE('',#7530,#7531);
#7530 = CARTESIAN_POINT('',(2.25,64.589));
#7531 = VECTOR('',#7532,1.);
#7532 = DIRECTION('',(-2.22044604925E-16,-1.));
#7533 = ( GEOMETRIC_REPRESENTATION_CONTEXT(2) 
PARAMETRIC_REPRESENTATION_CONTEXT() REPRESENTATION_CONTEXT('2D SPACE',''
  ) );
#7534 = ORIENTED_EDGE('',*,*,#7535,.T.);
#7535 = EDGE_CURVE('',#7508,#7536,#7538,.T.);
#7536 = VERTEX_POINT('',#7537);
#7537 = CARTESIAN_POINT('',(68.589,35.51,15.));
#7538 = SURFACE_CURVE('',#7539,(#7543,#7550),.PCURVE_S1.);
#7539 = LINE('',#7540,#7541);
#7540 = CARTESIAN_POINT('',(68.589,35.51,12.25));
#7541 = VECTOR('',#7542,1.);
#7542 = DIRECTION('',(0.,-2.22044604925E-16,1.));
#7543 = PCURVE('',#4801,#7544);
#7544 = DEFINITIONAL_REPRESENTATION('',(#7545),#7549);
#7545 = LINE('',#7546,#7547);
#7546 = CARTESIAN_POINT('',(-3.381698789262E-30,-68.589));
#7547 = VECTOR('',#7548,1.);
#7548 = DIRECTION('',(1.,0.));
#7549 = ( GEOMETRIC_REPRESENTATION_CONTEXT(2) 
PARAMETRIC_REPRESENTATION_CONTEXT() REPRESENTATION_CONTEXT('2D SPACE',''
  ) );
#7550 = PCURVE('',#7114,#7551);
#7551 = DEFINITIONAL_REPRESENTATION('',(#7552),#7556);
#7552 = LINE('',#7553,#7554);
#7553 = CARTESIAN_POINT('',(22.811,-1.375));
#7554 = VECTOR('',#7555,1.);
#7555 = DIRECTION('',(-2.22044604925E-16,1.));
#7556 = ( GEOMETRIC_REPRESENTATION_CONTEXT(2) 
PARAMETRIC_REPRESENTATION_CONTEXT() REPRESENTATION_CONTEXT('2D SPACE',''
  ) );
#7557 = ORIENTED_EDGE('',*,*,#7558,.F.);
#7558 = EDGE_CURVE('',#7559,#7536,#7561,.T.);
#7559 = VERTEX_POINT('',#7560);
#7560 = CARTESIAN_POINT('',(50.,35.51,15.));
#7561 = SURFACE_CURVE('',#7562,(#7566,#7573),.PCURVE_S1.);
#7562 = LINE('',#7563,#7564);
#7563 = CARTESIAN_POINT('',(-7.884803920888E-15,35.51,15.));
#7564 = VECTOR('',#7565,1.);
#7565 = DIRECTION('',(1.,0.,-2.22044604925E-16));
#7566 = PCURVE('',#4801,#7567);
#7567 = DEFINITIONAL_REPRESENTATION('',(#7568),#7572);
#7568 = LINE('',#7569,#7570);
#7569 = CARTESIAN_POINT('',(2.75,-1.355854680848E-31));
#7570 = VECTOR('',#7571,1.);
#7571 = DIRECTION('',(-2.22044604925E-16,-1.));
#7572 = ( GEOMETRIC_REPRESENTATION_CONTEXT(2) 
PARAMETRIC_REPRESENTATION_CONTEXT() REPRESENTATION_CONTEXT('2D SPACE',''
  ) );
#7573 = PCURVE('',#7574,#7579);
#7574 = PLANE('',#7575);
#7575 = AXIS2_PLACEMENT_3D('',#7576,#7577,#7578);
#7576 = CARTESIAN_POINT('',(50.,35.51,15.));
#7577 = DIRECTION('',(2.22044604925E-16,-1.,0.));
#7578 = DIRECTION('',(-4.93038065763E-32,-1.094764425253E-47,1.));
#7579 = DEFINITIONAL_REPRESENTATION('',(#7580),#7584);
#7580 = LINE('',#7581,#7582);
#7581 = CARTESIAN_POINT('',(2.465190328815E-30,50.));
#7582 = VECTOR('',#7583,1.);
#7583 = DIRECTION('',(-2.22044604925E-16,-1.));
#7584 = ( GEOMETRIC_REPRESENTATION_CONTEXT(2) 
PARAMETRIC_REPRESENTATION_CONTEXT() REPRESENTATION_CONTEXT('2D SPACE',''
  ) );
#7585 = ORIENTED_EDGE('',*,*,#7586,.F.);
#7586 = EDGE_CURVE('',#7479,#7559,#7587,.T.);
#7587 = SURFACE_CURVE('',#7588,(#7592,#7599),.PCURVE_S1.);
#7588 = LINE('',#7589,#7590);
#7589 = CARTESIAN_POINT('',(-7.884803920888E-15,35.51,15.));
#7590 = VECTOR('',#7591,1.);
#7591 = DIRECTION('',(1.,0.,-2.22044604925E-16));
#7592 = PCURVE('',#4801,#7593);
#7593 = DEFINITIONAL_REPRESENTATION('',(#7594),#7598);
#7594 = LINE('',#7595,#7596);
#7595 = CARTESIAN_POINT('',(2.75,-1.355854680848E-31));
#7596 = VECTOR('',#7597,1.);
#7597 = DIRECTION('',(-2.22044604925E-16,-1.));
#7598 = ( GEOMETRIC_REPRESENTATION_CONTEXT(2) 
PARAMETRIC_REPRESENTATION_CONTEXT() REPRESENTATION_CONTEXT('2D SPACE',''
  ) );
#7599 = PCURVE('',#6499,#7600);
#7600 = DEFINITIONAL_REPRESENTATION('',(#7601),#7605);
#7601 = LINE('',#7602,#7603);
#7602 = CARTESIAN_POINT('',(0.,-0.));
#7603 = VECTOR('',#7604,1.);
#7604 = DIRECTION('',(2.22044604925E-16,-1.));
#7605 = ( GEOMETRIC_REPRESENTATION_CONTEXT(2) 
PARAMETRIC_REPRESENTATION_CONTEXT() REPRESENTATION_CONTEXT('2D SPACE',''
  ) );
#7606 = ADVANCED_FACE('',(#7607),#4722,.T.);
#7607 = FACE_BOUND('',#7608,.T.);
#7608 = EDGE_LOOP('',(#7609,#7610));
#7609 = ORIENTED_EDGE('',*,*,#4706,.T.);
#7610 = ORIENTED_EDGE('',*,*,#5269,.T.);
#7611 = ADVANCED_FACE('',(#7612),#4773,.F.);
#7612 = FACE_BOUND('',#7613,.F.);
#7613 = EDGE_LOOP('',(#7614,#7615,#7638,#7659));
#7614 = ORIENTED_EDGE('',*,*,#5242,.T.);
#7615 = ORIENTED_EDGE('',*,*,#7616,.T.);
#7616 = EDGE_CURVE('',#5215,#7617,#7619,.T.);
#7617 = VERTEX_POINT('',#7618);
#7618 = CARTESIAN_POINT('',(64.589,35.51,10.));
#7619 = SURFACE_CURVE('',#7620,(#7624,#7631),.PCURVE_S1.);
#7620 = LINE('',#7621,#7622);
#7621 = CARTESIAN_POINT('',(64.589,-10.112,10.));
#7622 = VECTOR('',#7623,1.);
#7623 = DIRECTION('',(-2.22044604925E-16,1.,0.));
#7624 = PCURVE('',#4773,#7625);
#7625 = DEFINITIONAL_REPRESENTATION('',(#7626),#7630);
#7626 = LINE('',#7627,#7628);
#7627 = CARTESIAN_POINT('',(-22.811,-1.125));
#7628 = VECTOR('',#7629,1.);
#7629 = DIRECTION('',(1.,0.));
#7630 = ( GEOMETRIC_REPRESENTATION_CONTEXT(2) 
PARAMETRIC_REPRESENTATION_CONTEXT() REPRESENTATION_CONTEXT('2D SPACE',''
  ) );
#7631 = PCURVE('',#5230,#7632);
#7632 = DEFINITIONAL_REPRESENTATION('',(#7633),#7637);
#7633 = LINE('',#7634,#7635);
#7634 = CARTESIAN_POINT('',(0.,-0.));
#7635 = VECTOR('',#7636,1.);
#7636 = DIRECTION('',(1.,-1.094764425253E-47));
#7637 = ( GEOMETRIC_REPRESENTATION_CONTEXT(2) 
PARAMETRIC_REPRESENTATION_CONTEXT() REPRESENTATION_CONTEXT('2D SPACE',''
  ) );
#7638 = ORIENTED_EDGE('',*,*,#7639,.T.);
#7639 = EDGE_CURVE('',#7617,#4758,#7640,.T.);
#7640 = SURFACE_CURVE('',#7641,(#7645,#7652),.PCURVE_S1.);
#7641 = LINE('',#7642,#7643);
#7642 = CARTESIAN_POINT('',(64.589,35.51,10.));
#7643 = VECTOR('',#7644,1.);
#7644 = DIRECTION('',(0.,-2.22044604925E-16,1.));
#7645 = PCURVE('',#4773,#7646);
#7646 = DEFINITIONAL_REPRESENTATION('',(#7647),#7651);
#7647 = LINE('',#7648,#7649);
#7648 = CARTESIAN_POINT('',(22.811,-1.125));
#7649 = VECTOR('',#7650,1.);
#7650 = DIRECTION('',(-2.22044604925E-16,1.));
#7651 = ( GEOMETRIC_REPRESENTATION_CONTEXT(2) 
PARAMETRIC_REPRESENTATION_CONTEXT() REPRESENTATION_CONTEXT('2D SPACE',''
  ) );
#7652 = PCURVE('',#7523,#7653);
#7653 = DEFINITIONAL_REPRESENTATION('',(#7654),#7658);
#7654 = LINE('',#7655,#7656);
#7655 = CARTESIAN_POINT('',(0.,-0.));
#7656 = VECTOR('',#7657,1.);
#7657 = DIRECTION('',(1.,0.));
#7658 = ( GEOMETRIC_REPRESENTATION_CONTEXT(2) 
PARAMETRIC_REPRESENTATION_CONTEXT() REPRESENTATION_CONTEXT('2D SPACE',''
  ) );
#7659 = ORIENTED_EDGE('',*,*,#4757,.T.);
#7660 = ADVANCED_FACE('',(#7661),#4905,.T.);
#7661 = FACE_BOUND('',#7662,.T.);
#7662 = EDGE_LOOP('',(#7663,#7687,#7715,#7743,#7771,#7793));
#7663 = ORIENTED_EDGE('',*,*,#7664,.T.);
#7664 = EDGE_CURVE('',#4888,#7665,#7667,.T.);
#7665 = VERTEX_POINT('',#7666);
#7666 = CARTESIAN_POINT('',(32.589,4.516152751497,9.9));
#7667 = SURFACE_CURVE('',#7668,(#7673,#7680),.PCURVE_S1.);
#7668 = CIRCLE('',#7669,3.8);
#7669 = AXIS2_PLACEMENT_3D('',#7670,#7671,#7672);
#7670 = CARTESIAN_POINT('',(32.589,8.3,10.25));
#7671 = DIRECTION('',(1.,2.22044604925E-16,4.930380657631E-32));
#7672 = DIRECTION('',(-2.22044604925E-16,1.,0.));
#7673 = PCURVE('',#4905,#7674);
#7674 = DEFINITIONAL_REPRESENTATION('',(#7675),#7679);
#7675 = CIRCLE('',#7676,3.8);
#7676 = AXIS2_PLACEMENT_2D('',#7677,#7678);
#7677 = CARTESIAN_POINT('',(0.,0.));
#7678 = DIRECTION('',(1.,0.));
#7679 = ( GEOMETRIC_REPRESENTATION_CONTEXT(2) 
PARAMETRIC_REPRESENTATION_CONTEXT() REPRESENTATION_CONTEXT('2D SPACE',''
  ) );
#7680 = PCURVE('',#4933,#7681);
#7681 = DEFINITIONAL_REPRESENTATION('',(#7682),#7686);
#7682 = LINE('',#7683,#7684);
#7683 = CARTESIAN_POINT('',(6.28318530718,-5.389));
#7684 = VECTOR('',#7685,1.);
#7685 = DIRECTION('',(-1.,0.));
#7686 = ( GEOMETRIC_REPRESENTATION_CONTEXT(2) 
PARAMETRIC_REPRESENTATION_CONTEXT() REPRESENTATION_CONTEXT('2D SPACE',''
  ) );
#7687 = ORIENTED_EDGE('',*,*,#7688,.T.);
#7688 = EDGE_CURVE('',#7665,#7689,#7691,.T.);
#7689 = VERTEX_POINT('',#7690);
#7690 = CARTESIAN_POINT('',(32.589,11.,9.9));
#7691 = SURFACE_CURVE('',#7692,(#7696,#7703),.PCURVE_S1.);
#7692 = LINE('',#7693,#7694);
#7693 = CARTESIAN_POINT('',(32.589,30.4,9.9));
#7694 = VECTOR('',#7695,1.);
#7695 = DIRECTION('',(-2.22044604925E-16,1.,0.));
#7696 = PCURVE('',#4905,#7697);
#7697 = DEFINITIONAL_REPRESENTATION('',(#7698),#7702);
#7698 = LINE('',#7699,#7700);
#7699 = CARTESIAN_POINT('',(22.1,-0.35));
#7700 = VECTOR('',#7701,1.);
#7701 = DIRECTION('',(1.,0.));
#7702 = ( GEOMETRIC_REPRESENTATION_CONTEXT(2) 
PARAMETRIC_REPRESENTATION_CONTEXT() REPRESENTATION_CONTEXT('2D SPACE',''
  ) );
#7703 = PCURVE('',#7704,#7709);
#7704 = PLANE('',#7705);
#7705 = AXIS2_PLACEMENT_3D('',#7706,#7707,#7708);
#7706 = CARTESIAN_POINT('',(29.689,52.5,9.9));
#7707 = DIRECTION('',(0.,2.22044604925E-16,-1.));
#7708 = DIRECTION('',(2.22044604925E-16,-1.,-2.22044604925E-16));
#7709 = DEFINITIONAL_REPRESENTATION('',(#7710),#7714);
#7710 = LINE('',#7711,#7712);
#7711 = CARTESIAN_POINT('',(22.1,-2.9));
#7712 = VECTOR('',#7713,1.);
#7713 = DIRECTION('',(-1.,-1.094764425253E-47));
#7714 = ( GEOMETRIC_REPRESENTATION_CONTEXT(2) 
PARAMETRIC_REPRESENTATION_CONTEXT() REPRESENTATION_CONTEXT('2D SPACE',''
  ) );
#7715 = ORIENTED_EDGE('',*,*,#7716,.T.);
#7716 = EDGE_CURVE('',#7689,#7717,#7719,.T.);
#7717 = VERTEX_POINT('',#7718);
#7718 = CARTESIAN_POINT('',(32.589,11.,10.7));
#7719 = SURFACE_CURVE('',#7720,(#7724,#7731),.PCURVE_S1.);
#7720 = LINE('',#7721,#7722);
#7721 = CARTESIAN_POINT('',(32.589,11.,10.475));
#7722 = VECTOR('',#7723,1.);
#7723 = DIRECTION('',(0.,-2.22044604925E-16,1.));
#7724 = PCURVE('',#4905,#7725);
#7725 = DEFINITIONAL_REPRESENTATION('',(#7726),#7730);
#7726 = LINE('',#7727,#7728);
#7727 = CARTESIAN_POINT('',(2.7,0.225));
#7728 = VECTOR('',#7729,1.);
#7729 = DIRECTION('',(-2.22044604925E-16,1.));
#7730 = ( GEOMETRIC_REPRESENTATION_CONTEXT(2) 
PARAMETRIC_REPRESENTATION_CONTEXT() REPRESENTATION_CONTEXT('2D SPACE',''
  ) );
#7731 = PCURVE('',#7732,#7737);
#7732 = PLANE('',#7733);
#7733 = AXIS2_PLACEMENT_3D('',#7734,#7735,#7736);
#7734 = CARTESIAN_POINT('',(-7.411,11.,10.7));
#7735 = DIRECTION('',(-2.22044604925E-16,1.,0.));
#7736 = DIRECTION('',(4.93038065763E-32,1.094764425253E-47,-1.));
#7737 = DEFINITIONAL_REPRESENTATION('',(#7738),#7742);
#7738 = LINE('',#7739,#7740);
#7739 = CARTESIAN_POINT('',(0.225,-40.));
#7740 = VECTOR('',#7741,1.);
#7741 = DIRECTION('',(-1.,0.));
#7742 = ( GEOMETRIC_REPRESENTATION_CONTEXT(2) 
PARAMETRIC_REPRESENTATION_CONTEXT() REPRESENTATION_CONTEXT('2D SPACE',''
  ) );
#7743 = ORIENTED_EDGE('',*,*,#7744,.T.);
#7744 = EDGE_CURVE('',#7717,#7745,#7747,.T.);
#7745 = VERTEX_POINT('',#7746);
#7746 = CARTESIAN_POINT('',(32.589,12.073261188945,10.7));
#7747 = SURFACE_CURVE('',#7748,(#7752,#7759),.PCURVE_S1.);
#7748 = LINE('',#7749,#7750);
#7749 = CARTESIAN_POINT('',(32.589,12.8,10.7));
#7750 = VECTOR('',#7751,1.);
#7751 = DIRECTION('',(-2.22044604925E-16,1.,0.));
#7752 = PCURVE('',#4905,#7753);
#7753 = DEFINITIONAL_REPRESENTATION('',(#7754),#7758);
#7754 = LINE('',#7755,#7756);
#7755 = CARTESIAN_POINT('',(4.5,0.45));
#7756 = VECTOR('',#7757,1.);
#7757 = DIRECTION('',(1.,0.));
#7758 = ( GEOMETRIC_REPRESENTATION_CONTEXT(2) 
PARAMETRIC_REPRESENTATION_CONTEXT() REPRESENTATION_CONTEXT('2D SPACE',''
  ) );
#7759 = PCURVE('',#7760,#7765);
#7760 = PLANE('',#7761);
#7761 = AXIS2_PLACEMENT_3D('',#7762,#7763,#7764);
#7762 = CARTESIAN_POINT('',(-7.411,17.3,10.7));
#7763 = DIRECTION('',(0.,2.22044604925E-16,-1.));
#7764 = DIRECTION('',(2.22044604925E-16,-1.,-2.22044604925E-16));
#7765 = DEFINITIONAL_REPRESENTATION('',(#7766),#7770);
#7766 = LINE('',#7767,#7768);
#7767 = CARTESIAN_POINT('',(4.5,-40.));
#7768 = VECTOR('',#7769,1.);
#7769 = DIRECTION('',(-1.,-1.094764425253E-47));
#7770 = ( GEOMETRIC_REPRESENTATION_CONTEXT(2) 
PARAMETRIC_REPRESENTATION_CONTEXT() REPRESENTATION_CONTEXT('2D SPACE',''
  ) );
#7771 = ORIENTED_EDGE('',*,*,#7772,.T.);
#7772 = EDGE_CURVE('',#7745,#4890,#7773,.T.);
#7773 = SURFACE_CURVE('',#7774,(#7779,#7786),.PCURVE_S1.);
#7774 = CIRCLE('',#7775,3.8);
#7775 = AXIS2_PLACEMENT_3D('',#7776,#7777,#7778);
#7776 = CARTESIAN_POINT('',(32.589,8.3,10.25));
#7777 = DIRECTION('',(1.,2.22044604925E-16,4.930380657631E-32));
#7778 = DIRECTION('',(-2.22044604925E-16,1.,0.));
#7779 = PCURVE('',#4905,#7780);
#7780 = DEFINITIONAL_REPRESENTATION('',(#7781),#7785);
#7781 = CIRCLE('',#7782,3.8);
#7782 = AXIS2_PLACEMENT_2D('',#7783,#7784);
#7783 = CARTESIAN_POINT('',(0.,0.));
#7784 = DIRECTION('',(1.,0.));
#7785 = ( GEOMETRIC_REPRESENTATION_CONTEXT(2) 
PARAMETRIC_REPRESENTATION_CONTEXT() REPRESENTATION_CONTEXT('2D SPACE',''
  ) );
#7786 = PCURVE('',#4987,#7787);
#7787 = DEFINITIONAL_REPRESENTATION('',(#7788),#7792);
#7788 = LINE('',#7789,#7790);
#7789 = CARTESIAN_POINT('',(6.28318530718,-5.389));
#7790 = VECTOR('',#7791,1.);
#7791 = DIRECTION('',(-1.,0.));
#7792 = ( GEOMETRIC_REPRESENTATION_CONTEXT(2) 
PARAMETRIC_REPRESENTATION_CONTEXT() REPRESENTATION_CONTEXT('2D SPACE',''
  ) );
#7793 = ORIENTED_EDGE('',*,*,#4887,.F.);
#7794 = ADVANCED_FACE('',(#7795),#4987,.T.);
#7795 = FACE_BOUND('',#7796,.T.);
#7796 = EDGE_LOOP('',(#7797,#7798,#7799,#7822));
#7797 = ORIENTED_EDGE('',*,*,#4973,.F.);
#7798 = ORIENTED_EDGE('',*,*,#7772,.F.);
#7799 = ORIENTED_EDGE('',*,*,#7800,.T.);
#7800 = EDGE_CURVE('',#7745,#7801,#7803,.T.);
#7801 = VERTEX_POINT('',#7802);
#7802 = CARTESIAN_POINT('',(27.2,12.073261188945,10.7));
#7803 = SURFACE_CURVE('',#7804,(#7808,#7815),.PCURVE_S1.);
#7804 = LINE('',#7805,#7806);
#7805 = CARTESIAN_POINT('',(27.2,12.073261188945,10.7));
#7806 = VECTOR('',#7807,1.);
#7807 = DIRECTION('',(-1.,0.,2.22044604925E-16));
#7808 = PCURVE('',#4987,#7809);
#7809 = DEFINITIONAL_REPRESENTATION('',(#7810),#7814);
#7810 = LINE('',#7811,#7812);
#7811 = CARTESIAN_POINT('',(6.164485712671,0.));
#7812 = VECTOR('',#7813,1.);
#7813 = DIRECTION('',(-0.,1.));
#7814 = ( GEOMETRIC_REPRESENTATION_CONTEXT(2) 
PARAMETRIC_REPRESENTATION_CONTEXT() REPRESENTATION_CONTEXT('2D SPACE',''
  ) );
#7815 = PCURVE('',#7760,#7816);
#7816 = DEFINITIONAL_REPRESENTATION('',(#7817),#7821);
#7817 = LINE('',#7818,#7819);
#7818 = CARTESIAN_POINT('',(5.226738811055,-34.611));
#7819 = VECTOR('',#7820,1.);
#7820 = DIRECTION('',(-2.22044604925E-16,1.));
#7821 = ( GEOMETRIC_REPRESENTATION_CONTEXT(2) 
PARAMETRIC_REPRESENTATION_CONTEXT() REPRESENTATION_CONTEXT('2D SPACE',''
  ) );
#7822 = ORIENTED_EDGE('',*,*,#7823,.T.);
#7823 = EDGE_CURVE('',#7801,#4946,#7824,.T.);
#7824 = SURFACE_CURVE('',#7825,(#7830,#7837),.PCURVE_S1.);
#7825 = CIRCLE('',#7826,3.8);
#7826 = AXIS2_PLACEMENT_3D('',#7827,#7828,#7829);
#7827 = CARTESIAN_POINT('',(27.2,8.3,10.25));
#7828 = DIRECTION('',(1.,2.22044604925E-16,4.930380657631E-32));
#7829 = DIRECTION('',(-2.22044604925E-16,1.,0.));
#7830 = PCURVE('',#4987,#7831);
#7831 = DEFINITIONAL_REPRESENTATION('',(#7832),#7836);
#7832 = LINE('',#7833,#7834);
#7833 = CARTESIAN_POINT('',(6.28318530718,0.));
#7834 = VECTOR('',#7835,1.);
#7835 = DIRECTION('',(-1.,0.));
#7836 = ( GEOMETRIC_REPRESENTATION_CONTEXT(2) 
PARAMETRIC_REPRESENTATION_CONTEXT() REPRESENTATION_CONTEXT('2D SPACE',''
  ) );
#7837 = PCURVE('',#4961,#7838);
#7838 = DEFINITIONAL_REPRESENTATION('',(#7839),#7843);
#7839 = CIRCLE('',#7840,3.8);
#7840 = AXIS2_PLACEMENT_2D('',#7841,#7842);
#7841 = CARTESIAN_POINT('',(0.,0.));
#7842 = DIRECTION('',(1.,0.));
#7843 = ( GEOMETRIC_REPRESENTATION_CONTEXT(2) 
PARAMETRIC_REPRESENTATION_CONTEXT() REPRESENTATION_CONTEXT('2D SPACE',''
  ) );
#7844 = ADVANCED_FACE('',(#7845),#4961,.F.);
#7845 = FACE_BOUND('',#7846,.F.);
#7846 = EDGE_LOOP('',(#7847,#7872,#7893,#7894,#7895));
#7847 = ORIENTED_EDGE('',*,*,#7848,.T.);
#7848 = EDGE_CURVE('',#7849,#7851,#7853,.T.);
#7849 = VERTEX_POINT('',#7850);
#7850 = CARTESIAN_POINT('',(27.2,11.,7.576051608576));
#7851 = VERTEX_POINT('',#7852);
#7852 = CARTESIAN_POINT('',(27.2,11.,10.7));
#7853 = SURFACE_CURVE('',#7854,(#7858,#7865),.PCURVE_S1.);
#7854 = LINE('',#7855,#7856);
#7855 = CARTESIAN_POINT('',(27.2,11.,10.475));
#7856 = VECTOR('',#7857,1.);
#7857 = DIRECTION('',(0.,-2.22044604925E-16,1.));
#7858 = PCURVE('',#4961,#7859);
#7859 = DEFINITIONAL_REPRESENTATION('',(#7860),#7864);
#7860 = LINE('',#7861,#7862);
#7861 = CARTESIAN_POINT('',(2.7,0.225));
#7862 = VECTOR('',#7863,1.);
#7863 = DIRECTION('',(-2.22044604925E-16,1.));
#7864 = ( GEOMETRIC_REPRESENTATION_CONTEXT(2) 
PARAMETRIC_REPRESENTATION_CONTEXT() REPRESENTATION_CONTEXT('2D SPACE',''
  ) );
#7865 = PCURVE('',#7732,#7866);
#7866 = DEFINITIONAL_REPRESENTATION('',(#7867),#7871);
#7867 = LINE('',#7868,#7869);
#7868 = CARTESIAN_POINT('',(0.225,-34.611));
#7869 = VECTOR('',#7870,1.);
#7870 = DIRECTION('',(-1.,0.));
#7871 = ( GEOMETRIC_REPRESENTATION_CONTEXT(2) 
PARAMETRIC_REPRESENTATION_CONTEXT() REPRESENTATION_CONTEXT('2D SPACE',''
  ) );
#7872 = ORIENTED_EDGE('',*,*,#7873,.T.);
#7873 = EDGE_CURVE('',#7851,#7801,#7874,.T.);
#7874 = SURFACE_CURVE('',#7875,(#7879,#7886),.PCURVE_S1.);
#7875 = LINE('',#7876,#7877);
#7876 = CARTESIAN_POINT('',(27.2,12.8,10.7));
#7877 = VECTOR('',#7878,1.);
#7878 = DIRECTION('',(-2.22044604925E-16,1.,0.));
#7879 = PCURVE('',#4961,#7880);
#7880 = DEFINITIONAL_REPRESENTATION('',(#7881),#7885);
#7881 = LINE('',#7882,#7883);
#7882 = CARTESIAN_POINT('',(4.5,0.45));
#7883 = VECTOR('',#7884,1.);
#7884 = DIRECTION('',(1.,0.));
#7885 = ( GEOMETRIC_REPRESENTATION_CONTEXT(2) 
PARAMETRIC_REPRESENTATION_CONTEXT() REPRESENTATION_CONTEXT('2D SPACE',''
  ) );
#7886 = PCURVE('',#7760,#7887);
#7887 = DEFINITIONAL_REPRESENTATION('',(#7888),#7892);
#7888 = LINE('',#7889,#7890);
#7889 = CARTESIAN_POINT('',(4.5,-34.611));
#7890 = VECTOR('',#7891,1.);
#7891 = DIRECTION('',(-1.,-1.094764425253E-47));
#7892 = ( GEOMETRIC_REPRESENTATION_CONTEXT(2) 
PARAMETRIC_REPRESENTATION_CONTEXT() REPRESENTATION_CONTEXT('2D SPACE',''
  ) );
#7893 = ORIENTED_EDGE('',*,*,#7823,.T.);
#7894 = ORIENTED_EDGE('',*,*,#4945,.F.);
#7895 = ORIENTED_EDGE('',*,*,#7896,.T.);
#7896 = EDGE_CURVE('',#4918,#7849,#7897,.T.);
#7897 = SURFACE_CURVE('',#7898,(#7903,#7910),.PCURVE_S1.);
#7898 = CIRCLE('',#7899,3.8);
#7899 = AXIS2_PLACEMENT_3D('',#7900,#7901,#7902);
#7900 = CARTESIAN_POINT('',(27.2,8.3,10.25));
#7901 = DIRECTION('',(1.,2.22044604925E-16,4.930380657631E-32));
#7902 = DIRECTION('',(-2.22044604925E-16,1.,0.));
#7903 = PCURVE('',#4961,#7904);
#7904 = DEFINITIONAL_REPRESENTATION('',(#7905),#7909);
#7905 = CIRCLE('',#7906,3.8);
#7906 = AXIS2_PLACEMENT_2D('',#7907,#7908);
#7907 = CARTESIAN_POINT('',(0.,0.));
#7908 = DIRECTION('',(1.,0.));
#7909 = ( GEOMETRIC_REPRESENTATION_CONTEXT(2) 
PARAMETRIC_REPRESENTATION_CONTEXT() REPRESENTATION_CONTEXT('2D SPACE',''
  ) );
#7910 = PCURVE('',#4933,#7911);
#7911 = DEFINITIONAL_REPRESENTATION('',(#7912),#7916);
#7912 = LINE('',#7913,#7914);
#7913 = CARTESIAN_POINT('',(6.28318530718,0.));
#7914 = VECTOR('',#7915,1.);
#7915 = DIRECTION('',(-1.,0.));
#7916 = ( GEOMETRIC_REPRESENTATION_CONTEXT(2) 
PARAMETRIC_REPRESENTATION_CONTEXT() REPRESENTATION_CONTEXT('2D SPACE',''
  ) );
#7917 = ADVANCED_FACE('',(#7918),#4933,.T.);
#7918 = FACE_BOUND('',#7919,.T.);
#7919 = EDGE_LOOP('',(#7920,#7943,#7976,#7997,#7998,#7999));
#7920 = ORIENTED_EDGE('',*,*,#7921,.F.);
#7921 = EDGE_CURVE('',#7922,#7849,#7924,.T.);
#7922 = VERTEX_POINT('',#7923);
#7923 = CARTESIAN_POINT('',(29.689,11.,7.576051608576));
#7924 = SURFACE_CURVE('',#7925,(#7929,#7936),.PCURVE_S1.);
#7925 = LINE('',#7926,#7927);
#7926 = CARTESIAN_POINT('',(27.2,11.,7.576051608576));
#7927 = VECTOR('',#7928,1.);
#7928 = DIRECTION('',(-1.,0.,2.22044604925E-16));
#7929 = PCURVE('',#4933,#7930);
#7930 = DEFINITIONAL_REPRESENTATION('',(#7931),#7935);
#7931 = LINE('',#7932,#7933);
#7932 = CARTESIAN_POINT('',(0.78055044202,0.));
#7933 = VECTOR('',#7934,1.);
#7934 = DIRECTION('',(-0.,1.));
#7935 = ( GEOMETRIC_REPRESENTATION_CONTEXT(2) 
PARAMETRIC_REPRESENTATION_CONTEXT() REPRESENTATION_CONTEXT('2D SPACE',''
  ) );
#7936 = PCURVE('',#7732,#7937);
#7937 = DEFINITIONAL_REPRESENTATION('',(#7938),#7942);
#7938 = LINE('',#7939,#7940);
#7939 = CARTESIAN_POINT('',(3.123948391424,-34.611));
#7940 = VECTOR('',#7941,1.);
#7941 = DIRECTION('',(-2.22044604925E-16,1.));
#7942 = ( GEOMETRIC_REPRESENTATION_CONTEXT(2) 
PARAMETRIC_REPRESENTATION_CONTEXT() REPRESENTATION_CONTEXT('2D SPACE',''
  ) );
#7943 = ORIENTED_EDGE('',*,*,#7944,.T.);
#7944 = EDGE_CURVE('',#7922,#7945,#7947,.T.);
#7945 = VERTEX_POINT('',#7946);
#7946 = CARTESIAN_POINT('',(29.689,4.516152751497,9.9));
#7947 = SURFACE_CURVE('',#7948,(#7953,#7960),.PCURVE_S1.);
#7948 = CIRCLE('',#7949,3.8);
#7949 = AXIS2_PLACEMENT_3D('',#7950,#7951,#7952);
#7950 = CARTESIAN_POINT('',(29.689,8.3,10.25));
#7951 = DIRECTION('',(-1.,-2.22044604925E-16,-4.930380657631E-32));
#7952 = DIRECTION('',(-2.22044604925E-16,1.,0.));
#7953 = PCURVE('',#4933,#7954);
#7954 = DEFINITIONAL_REPRESENTATION('',(#7955),#7959);
#7955 = LINE('',#7956,#7957);
#7956 = CARTESIAN_POINT('',(-4.138911435803E-13,-2.489));
#7957 = VECTOR('',#7958,1.);
#7958 = DIRECTION('',(1.,-0.));
#7959 = ( GEOMETRIC_REPRESENTATION_CONTEXT(2) 
PARAMETRIC_REPRESENTATION_CONTEXT() REPRESENTATION_CONTEXT('2D SPACE',''
  ) );
#7960 = PCURVE('',#7961,#7966);
#7961 = PLANE('',#7962);
#7962 = AXIS2_PLACEMENT_3D('',#7963,#7964,#7965);
#7963 = CARTESIAN_POINT('',(29.689,12.5,-6.592282275619E-15));
#7964 = DIRECTION('',(1.,0.,-2.22044604925E-16));
#7965 = DIRECTION('',(-1.094764425253E-47,1.,-4.93038065763E-32));
#7966 = DEFINITIONAL_REPRESENTATION('',(#7967),#7975);
#7967 = ( BOUNDED_CURVE() B_SPLINE_CURVE(2,(#7968,#7969,#7970,#7971,
#7972,#7973,#7974),.UNSPECIFIED.,.T.,.F.) B_SPLINE_CURVE_WITH_KNOTS((1,2
    ,2,2,2,1),(-2.094395102393,0.,2.094395102393,4.188790204786,
6.28318530718,8.377580409573),.UNSPECIFIED.) CURVE() 
GEOMETRIC_REPRESENTATION_ITEM() RATIONAL_B_SPLINE_CURVE((1.,0.5,1.,0.5,
1.,0.5,1.)) REPRESENTATION_ITEM('') );
#7968 = CARTESIAN_POINT('',(-0.4,10.25));
#7969 = CARTESIAN_POINT('',(-0.4,3.668206931238));
#7970 = CARTESIAN_POINT('',(-6.1,6.959103465619));
#7971 = CARTESIAN_POINT('',(-11.8,10.25));
#7972 = CARTESIAN_POINT('',(-6.1,13.540896534381));
#7973 = CARTESIAN_POINT('',(-0.4,16.831793068762));
#7974 = CARTESIAN_POINT('',(-0.4,10.25));
#7975 = ( GEOMETRIC_REPRESENTATION_CONTEXT(2) 
PARAMETRIC_REPRESENTATION_CONTEXT() REPRESENTATION_CONTEXT('2D SPACE',''
  ) );
#7976 = ORIENTED_EDGE('',*,*,#7977,.F.);
#7977 = EDGE_CURVE('',#7665,#7945,#7978,.T.);
#7978 = SURFACE_CURVE('',#7979,(#7983,#7990),.PCURVE_S1.);
#7979 = LINE('',#7980,#7981);
#7980 = CARTESIAN_POINT('',(27.2,4.516152751497,9.9));
#7981 = VECTOR('',#7982,1.);
#7982 = DIRECTION('',(-1.,0.,2.22044604925E-16));
#7983 = PCURVE('',#4933,#7984);
#7984 = DEFINITIONAL_REPRESENTATION('',(#7985),#7989);
#7985 = LINE('',#7986,#7987);
#7986 = CARTESIAN_POINT('',(3.049356663445,0.));
#7987 = VECTOR('',#7988,1.);
#7988 = DIRECTION('',(-0.,1.));
#7989 = ( GEOMETRIC_REPRESENTATION_CONTEXT(2) 
PARAMETRIC_REPRESENTATION_CONTEXT() REPRESENTATION_CONTEXT('2D SPACE',''
  ) );
#7990 = PCURVE('',#7704,#7991);
#7991 = DEFINITIONAL_REPRESENTATION('',(#7992),#7996);
#7992 = LINE('',#7993,#7994);
#7993 = CARTESIAN_POINT('',(47.983847248503,2.489));
#7994 = VECTOR('',#7995,1.);
#7995 = DIRECTION('',(-2.22044604925E-16,1.));
#7996 = ( GEOMETRIC_REPRESENTATION_CONTEXT(2) 
PARAMETRIC_REPRESENTATION_CONTEXT() REPRESENTATION_CONTEXT('2D SPACE',''
  ) );
#7997 = ORIENTED_EDGE('',*,*,#7664,.F.);
#7998 = ORIENTED_EDGE('',*,*,#4917,.T.);
#7999 = ORIENTED_EDGE('',*,*,#7896,.T.);
#8000 = ADVANCED_FACE('',(#8001),#5230,.F.);
#8001 = FACE_BOUND('',#8002,.F.);
#8002 = EDGE_LOOP('',(#8003,#8004,#8005,#8006,#8007,#8030));
#8003 = ORIENTED_EDGE('',*,*,#7616,.F.);
#8004 = ORIENTED_EDGE('',*,*,#5214,.F.);
#8005 = ORIENTED_EDGE('',*,*,#6952,.T.);
#8006 = ORIENTED_EDGE('',*,*,#7163,.F.);
#8007 = ORIENTED_EDGE('',*,*,#8008,.T.);
#8008 = EDGE_CURVE('',#7131,#8009,#8011,.T.);
#8009 = VERTEX_POINT('',#8010);
#8010 = CARTESIAN_POINT('',(68.589,35.51,10.));
#8011 = SURFACE_CURVE('',#8012,(#8016,#8023),.PCURVE_S1.);
#8012 = LINE('',#8013,#8014);
#8013 = CARTESIAN_POINT('',(68.589,-10.112,10.));
#8014 = VECTOR('',#8015,1.);
#8015 = DIRECTION('',(-2.22044604925E-16,1.,0.));
#8016 = PCURVE('',#5230,#8017);
#8017 = DEFINITIONAL_REPRESENTATION('',(#8018),#8022);
#8018 = LINE('',#8019,#8020);
#8019 = CARTESIAN_POINT('',(-8.881784197E-16,-4.));
#8020 = VECTOR('',#8021,1.);
#8021 = DIRECTION('',(1.,-1.094764425253E-47));
#8022 = ( GEOMETRIC_REPRESENTATION_CONTEXT(2) 
PARAMETRIC_REPRESENTATION_CONTEXT() REPRESENTATION_CONTEXT('2D SPACE',''
  ) );
#8023 = PCURVE('',#7147,#8024);
#8024 = DEFINITIONAL_REPRESENTATION('',(#8025),#8029);
#8025 = LINE('',#8026,#8027);
#8026 = CARTESIAN_POINT('',(-22.811,-1.125));
#8027 = VECTOR('',#8028,1.);
#8028 = DIRECTION('',(1.,0.));
#8029 = ( GEOMETRIC_REPRESENTATION_CONTEXT(2) 
PARAMETRIC_REPRESENTATION_CONTEXT() REPRESENTATION_CONTEXT('2D SPACE',''
  ) );
#8030 = ORIENTED_EDGE('',*,*,#8031,.F.);
#8031 = EDGE_CURVE('',#7617,#8009,#8032,.T.);
#8032 = SURFACE_CURVE('',#8033,(#8037,#8044),.PCURVE_S1.);
#8033 = LINE('',#8034,#8035);
#8034 = CARTESIAN_POINT('',(64.589,35.51,10.));
#8035 = VECTOR('',#8036,1.);
#8036 = DIRECTION('',(1.,0.,-2.22044604925E-16));
#8037 = PCURVE('',#5230,#8038);
#8038 = DEFINITIONAL_REPRESENTATION('',(#8039),#8043);
#8039 = LINE('',#8040,#8041);
#8040 = CARTESIAN_POINT('',(45.622,-1.013011896589E-14));
#8041 = VECTOR('',#8042,1.);
#8042 = DIRECTION('',(-2.22044604925E-16,-1.));
#8043 = ( GEOMETRIC_REPRESENTATION_CONTEXT(2) 
PARAMETRIC_REPRESENTATION_CONTEXT() REPRESENTATION_CONTEXT('2D SPACE',''
  ) );
#8044 = PCURVE('',#7523,#8045);
#8045 = DEFINITIONAL_REPRESENTATION('',(#8046),#8050);
#8046 = LINE('',#8047,#8048);
#8047 = CARTESIAN_POINT('',(0.,-0.));
#8048 = VECTOR('',#8049,1.);
#8049 = DIRECTION('',(-2.22044604925E-16,-1.));
#8050 = ( GEOMETRIC_REPRESENTATION_CONTEXT(2) 
PARAMETRIC_REPRESENTATION_CONTEXT() REPRESENTATION_CONTEXT('2D SPACE',''
  ) );
#8051 = ADVANCED_FACE('',(#8052),#5340,.F.);
#8052 = FACE_BOUND('',#8053,.F.);
#8053 = EDGE_LOOP('',(#8054,#8055,#8078,#8099,#8100,#8101));
#8054 = ORIENTED_EDGE('',*,*,#6010,.F.);
#8055 = ORIENTED_EDGE('',*,*,#8056,.T.);
#8056 = EDGE_CURVE('',#5988,#8057,#8059,.T.);
#8057 = VERTEX_POINT('',#8058);
#8058 = CARTESIAN_POINT('',(68.589,35.51,-10.));
#8059 = SURFACE_CURVE('',#8060,(#8064,#8071),.PCURVE_S1.);
#8060 = LINE('',#8061,#8062);
#8061 = CARTESIAN_POINT('',(64.589,35.51,-10.));
#8062 = VECTOR('',#8063,1.);
#8063 = DIRECTION('',(1.,0.,-2.22044604925E-16));
#8064 = PCURVE('',#5340,#8065);
#8065 = DEFINITIONAL_REPRESENTATION('',(#8066),#8070);
#8066 = LINE('',#8067,#8068);
#8067 = CARTESIAN_POINT('',(0.,-0.));
#8068 = VECTOR('',#8069,1.);
#8069 = DIRECTION('',(2.22044604925E-16,-1.));
#8070 = ( GEOMETRIC_REPRESENTATION_CONTEXT(2) 
PARAMETRIC_REPRESENTATION_CONTEXT() REPRESENTATION_CONTEXT('2D SPACE',''
  ) );
#8071 = PCURVE('',#5969,#8072);
#8072 = DEFINITIONAL_REPRESENTATION('',(#8073),#8077);
#8073 = LINE('',#8074,#8075);
#8074 = CARTESIAN_POINT('',(2.25,-1.109335647967E-31));
#8075 = VECTOR('',#8076,1.);
#8076 = DIRECTION('',(-2.22044604925E-16,-1.));
#8077 = ( GEOMETRIC_REPRESENTATION_CONTEXT(2) 
PARAMETRIC_REPRESENTATION_CONTEXT() REPRESENTATION_CONTEXT('2D SPACE',''
  ) );
#8078 = ORIENTED_EDGE('',*,*,#8079,.T.);
#8079 = EDGE_CURVE('',#8057,#6759,#8080,.T.);
#8080 = SURFACE_CURVE('',#8081,(#8085,#8092),.PCURVE_S1.);
#8081 = LINE('',#8082,#8083);
#8082 = CARTESIAN_POINT('',(68.589,35.51,-10.));
#8083 = VECTOR('',#8084,1.);
#8084 = DIRECTION('',(2.22044604925E-16,-1.,0.));
#8085 = PCURVE('',#5340,#8086);
#8086 = DEFINITIONAL_REPRESENTATION('',(#8087),#8091);
#8087 = LINE('',#8088,#8089);
#8088 = CARTESIAN_POINT('',(8.881784197E-16,-4.));
#8089 = VECTOR('',#8090,1.);
#8090 = DIRECTION('',(1.,1.094764425253E-47));
#8091 = ( GEOMETRIC_REPRESENTATION_CONTEXT(2) 
PARAMETRIC_REPRESENTATION_CONTEXT() REPRESENTATION_CONTEXT('2D SPACE',''
  ) );
#8092 = PCURVE('',#6777,#8093);
#8093 = DEFINITIONAL_REPRESENTATION('',(#8094),#8098);
#8094 = LINE('',#8095,#8096);
#8095 = CARTESIAN_POINT('',(22.811,1.125));
#8096 = VECTOR('',#8097,1.);
#8097 = DIRECTION('',(-1.,0.));
#8098 = ( GEOMETRIC_REPRESENTATION_CONTEXT(2) 
PARAMETRIC_REPRESENTATION_CONTEXT() REPRESENTATION_CONTEXT('2D SPACE',''
  ) );
#8099 = ORIENTED_EDGE('',*,*,#6901,.T.);
#8100 = ORIENTED_EDGE('',*,*,#6926,.T.);
#8101 = ORIENTED_EDGE('',*,*,#5322,.T.);
#8102 = ADVANCED_FACE('',(#8103,#8173,#8203),#5484,.F.);
#8103 = FACE_BOUND('',#8104,.F.);
#8104 = EDGE_LOOP('',(#8105,#8128,#8151,#8172));
#8105 = ORIENTED_EDGE('',*,*,#8106,.T.);
#8106 = EDGE_CURVE('',#5469,#8107,#8109,.T.);
#8107 = VERTEX_POINT('',#8108);
#8108 = CARTESIAN_POINT('',(27.2,35.51,-15.));
#8109 = SURFACE_CURVE('',#8110,(#8114,#8121),.PCURVE_S1.);
#8110 = LINE('',#8111,#8112);
#8111 = CARTESIAN_POINT('',(27.2,28.55,-15.));
#8112 = VECTOR('',#8113,1.);
#8113 = DIRECTION('',(-2.22044604925E-16,1.,0.));
#8114 = PCURVE('',#5484,#8115);
#8115 = DEFINITIONAL_REPRESENTATION('',(#8116),#8120);
#8116 = LINE('',#8117,#8118);
#8117 = CARTESIAN_POINT('',(-3.48,-15.));
#8118 = VECTOR('',#8119,1.);
#8119 = DIRECTION('',(1.,0.));
#8120 = ( GEOMETRIC_REPRESENTATION_CONTEXT(2) 
PARAMETRIC_REPRESENTATION_CONTEXT() REPRESENTATION_CONTEXT('2D SPACE',''
  ) );
#8121 = PCURVE('',#5690,#8122);
#8122 = DEFINITIONAL_REPRESENTATION('',(#8123),#8127);
#8123 = LINE('',#8124,#8125);
#8124 = CARTESIAN_POINT('',(0.,-0.));
#8125 = VECTOR('',#8126,1.);
#8126 = DIRECTION('',(1.,-1.094764425253E-47));
#8127 = ( GEOMETRIC_REPRESENTATION_CONTEXT(2) 
PARAMETRIC_REPRESENTATION_CONTEXT() REPRESENTATION_CONTEXT('2D SPACE',''
  ) );
#8128 = ORIENTED_EDGE('',*,*,#8129,.T.);
#8129 = EDGE_CURVE('',#8107,#8130,#8132,.T.);
#8130 = VERTEX_POINT('',#8131);
#8131 = CARTESIAN_POINT('',(27.2,35.51,15.));
#8132 = SURFACE_CURVE('',#8133,(#8137,#8144),.PCURVE_S1.);
#8133 = LINE('',#8134,#8135);
#8134 = CARTESIAN_POINT('',(27.2,35.51,-15.));
#8135 = VECTOR('',#8136,1.);
#8136 = DIRECTION('',(0.,-2.22044604925E-16,1.));
#8137 = PCURVE('',#5484,#8138);
#8138 = DEFINITIONAL_REPRESENTATION('',(#8139),#8143);
#8139 = LINE('',#8140,#8141);
#8140 = CARTESIAN_POINT('',(3.48,-15.));
#8141 = VECTOR('',#8142,1.);
#8142 = DIRECTION('',(-2.22044604925E-16,1.));
#8143 = ( GEOMETRIC_REPRESENTATION_CONTEXT(2) 
PARAMETRIC_REPRESENTATION_CONTEXT() REPRESENTATION_CONTEXT('2D SPACE',''
  ) );
#8144 = PCURVE('',#5721,#8145);
#8145 = DEFINITIONAL_REPRESENTATION('',(#8146),#8150);
#8146 = LINE('',#8147,#8148);
#8147 = CARTESIAN_POINT('',(0.,-0.));
#8148 = VECTOR('',#8149,1.);
#8149 = DIRECTION('',(1.,0.));
#8150 = ( GEOMETRIC_REPRESENTATION_CONTEXT(2) 
PARAMETRIC_REPRESENTATION_CONTEXT() REPRESENTATION_CONTEXT('2D SPACE',''
  ) );
#8151 = ORIENTED_EDGE('',*,*,#8152,.T.);
#8152 = EDGE_CURVE('',#8130,#5467,#8153,.T.);
#8153 = SURFACE_CURVE('',#8154,(#8158,#8165),.PCURVE_S1.);
#8154 = LINE('',#8155,#8156);
#8155 = CARTESIAN_POINT('',(27.2,35.51,15.));
#8156 = VECTOR('',#8157,1.);
#8157 = DIRECTION('',(2.22044604925E-16,-1.,0.));
#8158 = PCURVE('',#5484,#8159);
#8159 = DEFINITIONAL_REPRESENTATION('',(#8160),#8164);
#8160 = LINE('',#8161,#8162);
#8161 = CARTESIAN_POINT('',(3.48,15.));
#8162 = VECTOR('',#8163,1.);
#8163 = DIRECTION('',(-1.,0.));
#8164 = ( GEOMETRIC_REPRESENTATION_CONTEXT(2) 
PARAMETRIC_REPRESENTATION_CONTEXT() REPRESENTATION_CONTEXT('2D SPACE',''
  ) );
#8165 = PCURVE('',#5512,#8166);
#8166 = DEFINITIONAL_REPRESENTATION('',(#8167),#8171);
#8167 = LINE('',#8168,#8169);
#8168 = CARTESIAN_POINT('',(0.,-0.));
#8169 = VECTOR('',#8170,1.);
#8170 = DIRECTION('',(1.,1.094764425253E-47));
#8171 = ( GEOMETRIC_REPRESENTATION_CONTEXT(2) 
PARAMETRIC_REPRESENTATION_CONTEXT() REPRESENTATION_CONTEXT('2D SPACE',''
  ) );
#8172 = ORIENTED_EDGE('',*,*,#5466,.T.);
#8173 = FACE_BOUND('',#8174,.F.);
#8174 = EDGE_LOOP('',(#8175));
#8175 = ORIENTED_EDGE('',*,*,#8176,.T.);
#8176 = EDGE_CURVE('',#8177,#8177,#8179,.T.);
#8177 = VERTEX_POINT('',#8178);
#8178 = CARTESIAN_POINT('',(27.2,34.45,-10.25));
#8179 = SURFACE_CURVE('',#8180,(#8185,#8196),.PCURVE_S1.);
#8180 = CIRCLE('',#8181,1.7);
#8181 = AXIS2_PLACEMENT_3D('',#8182,#8183,#8184);
#8182 = CARTESIAN_POINT('',(27.2,32.75,-10.25));
#8183 = DIRECTION('',(-1.,-2.22044604925E-16,-4.930380657631E-32));
#8184 = DIRECTION('',(-2.22044604925E-16,1.,0.));
#8185 = PCURVE('',#5484,#8186);
#8186 = DEFINITIONAL_REPRESENTATION('',(#8187),#8195);
#8187 = ( BOUNDED_CURVE() B_SPLINE_CURVE(2,(#8188,#8189,#8190,#8191,
#8192,#8193,#8194),.UNSPECIFIED.,.T.,.F.) B_SPLINE_CURVE_WITH_KNOTS((1,2
    ,2,2,2,1),(-2.094395102393,0.,2.094395102393,4.188790204786,
6.28318530718,8.377580409573),.UNSPECIFIED.) CURVE() 
GEOMETRIC_REPRESENTATION_ITEM() RATIONAL_B_SPLINE_CURVE((1.,0.5,1.,0.5,
1.,0.5,1.)) REPRESENTATION_ITEM('') );
#8188 = CARTESIAN_POINT('',(2.42,-10.25));
#8189 = CARTESIAN_POINT('',(2.42,-13.19448637286));
#8190 = CARTESIAN_POINT('',(-0.13,-11.72224318643));
#8191 = CARTESIAN_POINT('',(-2.68,-10.25));
#8192 = CARTESIAN_POINT('',(-0.13,-8.777756813566));
#8193 = CARTESIAN_POINT('',(2.42,-7.305513627133));
#8194 = CARTESIAN_POINT('',(2.42,-10.25));
#8195 = ( GEOMETRIC_REPRESENTATION_CONTEXT(2) 
PARAMETRIC_REPRESENTATION_CONTEXT() REPRESENTATION_CONTEXT('2D SPACE',''
  ) );
#8196 = PCURVE('',#5782,#8197);
#8197 = DEFINITIONAL_REPRESENTATION('',(#8198),#8202);
#8198 = LINE('',#8199,#8200);
#8199 = CARTESIAN_POINT('',(-4.138911435803E-13,-1.));
#8200 = VECTOR('',#8201,1.);
#8201 = DIRECTION('',(1.,-0.));
#8202 = ( GEOMETRIC_REPRESENTATION_CONTEXT(2) 
PARAMETRIC_REPRESENTATION_CONTEXT() REPRESENTATION_CONTEXT('2D SPACE',''
  ) );
#8203 = FACE_BOUND('',#8204,.F.);
#8204 = EDGE_LOOP('',(#8205));
#8205 = ORIENTED_EDGE('',*,*,#8206,.T.);
#8206 = EDGE_CURVE('',#8207,#8207,#8209,.T.);
#8207 = VERTEX_POINT('',#8208);
#8208 = CARTESIAN_POINT('',(27.2,34.45,10.25));
#8209 = SURFACE_CURVE('',#8210,(#8215,#8226),.PCURVE_S1.);
#8210 = CIRCLE('',#8211,1.7);
#8211 = AXIS2_PLACEMENT_3D('',#8212,#8213,#8214);
#8212 = CARTESIAN_POINT('',(27.2,32.75,10.25));
#8213 = DIRECTION('',(-1.,-2.22044604925E-16,-4.930380657631E-32));
#8214 = DIRECTION('',(-2.22044604925E-16,1.,0.));
#8215 = PCURVE('',#5484,#8216);
#8216 = DEFINITIONAL_REPRESENTATION('',(#8217),#8225);
#8217 = ( BOUNDED_CURVE() B_SPLINE_CURVE(2,(#8218,#8219,#8220,#8221,
#8222,#8223,#8224),.UNSPECIFIED.,.T.,.F.) B_SPLINE_CURVE_WITH_KNOTS((1,2
    ,2,2,2,1),(-2.094395102393,0.,2.094395102393,4.188790204786,
6.28318530718,8.377580409573),.UNSPECIFIED.) CURVE() 
GEOMETRIC_REPRESENTATION_ITEM() RATIONAL_B_SPLINE_CURVE((1.,0.5,1.,0.5,
1.,0.5,1.)) REPRESENTATION_ITEM('') );
#8218 = CARTESIAN_POINT('',(2.42,10.25));
#8219 = CARTESIAN_POINT('',(2.42,7.305513627133));
#8220 = CARTESIAN_POINT('',(-0.13,8.777756813566));
#8221 = CARTESIAN_POINT('',(-2.68,10.25));
#8222 = CARTESIAN_POINT('',(-0.13,11.722243186434));
#8223 = CARTESIAN_POINT('',(2.42,13.194486372867));
#8224 = CARTESIAN_POINT('',(2.42,10.25));
#8225 = ( GEOMETRIC_REPRESENTATION_CONTEXT(2) 
PARAMETRIC_REPRESENTATION_CONTEXT() REPRESENTATION_CONTEXT('2D SPACE',''
  ) );
#8226 = PCURVE('',#7386,#8227);
#8227 = DEFINITIONAL_REPRESENTATION('',(#8228),#8232);
#8228 = LINE('',#8229,#8230);
#8229 = CARTESIAN_POINT('',(-4.138911435803E-13,-1.));
#8230 = VECTOR('',#8231,1.);
#8231 = DIRECTION('',(1.,-0.));
#8232 = ( GEOMETRIC_REPRESENTATION_CONTEXT(2) 
PARAMETRIC_REPRESENTATION_CONTEXT() REPRESENTATION_CONTEXT('2D SPACE',''
  ) );
#8233 = ADVANCED_FACE('',(#8234),#5690,.F.);
#8234 = FACE_BOUND('',#8235,.F.);
#8235 = EDGE_LOOP('',(#8236,#8237,#8238,#8261));
#8236 = ORIENTED_EDGE('',*,*,#8106,.F.);
#8237 = ORIENTED_EDGE('',*,*,#5676,.T.);
#8238 = ORIENTED_EDGE('',*,*,#8239,.T.);
#8239 = EDGE_CURVE('',#3945,#8240,#8242,.T.);
#8240 = VERTEX_POINT('',#8241);
#8241 = CARTESIAN_POINT('',(29.5,35.51,-15.));
#8242 = SURFACE_CURVE('',#8243,(#8247,#8254),.PCURVE_S1.);
#8243 = LINE('',#8244,#8245);
#8244 = CARTESIAN_POINT('',(29.5,-5.056,-15.));
#8245 = VECTOR('',#8246,1.);
#8246 = DIRECTION('',(-2.22044604925E-16,1.,0.));
#8247 = PCURVE('',#5690,#8248);
#8248 = DEFINITIONAL_REPRESENTATION('',(#8249),#8253);
#8249 = LINE('',#8250,#8251);
#8250 = CARTESIAN_POINT('',(-33.606,-2.3));
#8251 = VECTOR('',#8252,1.);
#8252 = DIRECTION('',(1.,-1.094764425253E-47));
#8253 = ( GEOMETRIC_REPRESENTATION_CONTEXT(2) 
PARAMETRIC_REPRESENTATION_CONTEXT() REPRESENTATION_CONTEXT('2D SPACE',''
  ) );
#8254 = PCURVE('',#6396,#8255);
#8255 = DEFINITIONAL_REPRESENTATION('',(#8256),#8260);
#8256 = LINE('',#8257,#8258);
#8257 = CARTESIAN_POINT('',(5.056,-29.5));
#8258 = VECTOR('',#8259,1.);
#8259 = DIRECTION('',(1.,-1.094764425253E-47));
#8260 = ( GEOMETRIC_REPRESENTATION_CONTEXT(2) 
PARAMETRIC_REPRESENTATION_CONTEXT() REPRESENTATION_CONTEXT('2D SPACE',''
  ) );
#8261 = ORIENTED_EDGE('',*,*,#8262,.F.);
#8262 = EDGE_CURVE('',#8107,#8240,#8263,.T.);
#8263 = SURFACE_CURVE('',#8264,(#8268,#8275),.PCURVE_S1.);
#8264 = LINE('',#8265,#8266);
#8265 = CARTESIAN_POINT('',(27.2,35.51,-15.));
#8266 = VECTOR('',#8267,1.);
#8267 = DIRECTION('',(1.,0.,-2.22044604925E-16));
#8268 = PCURVE('',#5690,#8269);
#8269 = DEFINITIONAL_REPRESENTATION('',(#8270),#8274);
#8270 = LINE('',#8271,#8272);
#8271 = CARTESIAN_POINT('',(6.96,-1.545430450278E-15));
#8272 = VECTOR('',#8273,1.);
#8273 = DIRECTION('',(-2.22044604925E-16,-1.));
#8274 = ( GEOMETRIC_REPRESENTATION_CONTEXT(2) 
PARAMETRIC_REPRESENTATION_CONTEXT() REPRESENTATION_CONTEXT('2D SPACE',''
  ) );
#8275 = PCURVE('',#5721,#8276);
#8276 = DEFINITIONAL_REPRESENTATION('',(#8277),#8281);
#8277 = LINE('',#8278,#8279);
#8278 = CARTESIAN_POINT('',(0.,-0.));
#8279 = VECTOR('',#8280,1.);
#8280 = DIRECTION('',(-2.22044604925E-16,-1.));
#8281 = ( GEOMETRIC_REPRESENTATION_CONTEXT(2) 
PARAMETRIC_REPRESENTATION_CONTEXT() REPRESENTATION_CONTEXT('2D SPACE',''
  ) );
#8282 = ADVANCED_FACE('',(#8283),#5641,.T.);
#8283 = FACE_BOUND('',#8284,.T.);
#8284 = EDGE_LOOP('',(#8285,#8308,#8309,#8310));
#8285 = ORIENTED_EDGE('',*,*,#8286,.F.);
#8286 = EDGE_CURVE('',#5598,#8287,#8289,.T.);
#8287 = VERTEX_POINT('',#8288);
#8288 = CARTESIAN_POINT('',(29.689,31.086419524039,-9.9));
#8289 = SURFACE_CURVE('',#8290,(#8294,#8301),.PCURVE_S1.);
#8290 = LINE('',#8291,#8292);
#8291 = CARTESIAN_POINT('',(29.689,-20.,-9.9));
#8292 = VECTOR('',#8293,1.);
#8293 = DIRECTION('',(-2.22044604925E-16,1.,0.));
#8294 = PCURVE('',#5641,#8295);
#8295 = DEFINITIONAL_REPRESENTATION('',(#8296),#8300);
#8296 = LINE('',#8297,#8298);
#8297 = CARTESIAN_POINT('',(0.,-0.));
#8298 = VECTOR('',#8299,1.);
#8299 = DIRECTION('',(1.,-1.094764425253E-47));
#8300 = ( GEOMETRIC_REPRESENTATION_CONTEXT(2) 
PARAMETRIC_REPRESENTATION_CONTEXT() REPRESENTATION_CONTEXT('2D SPACE',''
  ) );
#8301 = PCURVE('',#5613,#8302);
#8302 = DEFINITIONAL_REPRESENTATION('',(#8303),#8307);
#8303 = LINE('',#8304,#8305);
#8304 = CARTESIAN_POINT('',(-40.,-9.9));
#8305 = VECTOR('',#8306,1.);
#8306 = DIRECTION('',(1.,0.));
#8307 = ( GEOMETRIC_REPRESENTATION_CONTEXT(2) 
PARAMETRIC_REPRESENTATION_CONTEXT() REPRESENTATION_CONTEXT('2D SPACE',''
  ) );
#8308 = ORIENTED_EDGE('',*,*,#5625,.T.);
#8309 = ORIENTED_EDGE('',*,*,#5822,.F.);
#8310 = ORIENTED_EDGE('',*,*,#8311,.T.);
#8311 = EDGE_CURVE('',#5795,#8287,#8312,.T.);
#8312 = SURFACE_CURVE('',#8313,(#8317,#8324),.PCURVE_S1.);
#8313 = LINE('',#8314,#8315);
#8314 = CARTESIAN_POINT('',(26.2,31.086419524039,-9.9));
#8315 = VECTOR('',#8316,1.);
#8316 = DIRECTION('',(-1.,0.,2.22044604925E-16));
#8317 = PCURVE('',#5641,#8318);
#8318 = DEFINITIONAL_REPRESENTATION('',(#8319),#8323);
#8319 = LINE('',#8320,#8321);
#8320 = CARTESIAN_POINT('',(51.086419524039,3.489));
#8321 = VECTOR('',#8322,1.);
#8322 = DIRECTION('',(2.22044604925E-16,1.));
#8323 = ( GEOMETRIC_REPRESENTATION_CONTEXT(2) 
PARAMETRIC_REPRESENTATION_CONTEXT() REPRESENTATION_CONTEXT('2D SPACE',''
  ) );
#8324 = PCURVE('',#5782,#8325);
#8325 = DEFINITIONAL_REPRESENTATION('',(#8326),#8330);
#8326 = LINE('',#8327,#8328);
#8327 = CARTESIAN_POINT('',(3.3489579451,0.));
#8328 = VECTOR('',#8329,1.);
#8329 = DIRECTION('',(-0.,1.));
#8330 = ( GEOMETRIC_REPRESENTATION_CONTEXT(2) 
PARAMETRIC_REPRESENTATION_CONTEXT() REPRESENTATION_CONTEXT('2D SPACE',''
  ) );
#8331 = ADVANCED_FACE('',(#8332),#5613,.T.);
#8332 = FACE_BOUND('',#8333,.T.);
#8333 = EDGE_LOOP('',(#8334,#8364,#8385,#8386,#8387,#8415,#8438,#8461));
#8334 = ORIENTED_EDGE('',*,*,#8335,.T.);
#8335 = EDGE_CURVE('',#8336,#8338,#8340,.T.);
#8336 = VERTEX_POINT('',#8337);
#8337 = CARTESIAN_POINT('',(29.689,34.413580475961,9.9));
#8338 = VERTEX_POINT('',#8339);
#8339 = CARTESIAN_POINT('',(29.689,31.086419524039,9.9));
#8340 = SURFACE_CURVE('',#8341,(#8346,#8357),.PCURVE_S1.);
#8341 = CIRCLE('',#8342,1.7);
#8342 = AXIS2_PLACEMENT_3D('',#8343,#8344,#8345);
#8343 = CARTESIAN_POINT('',(29.689,32.75,10.25));
#8344 = DIRECTION('',(-1.,-2.22044604925E-16,-4.930380657631E-32));
#8345 = DIRECTION('',(-2.22044604925E-16,1.,0.));
#8346 = PCURVE('',#5613,#8347);
#8347 = DEFINITIONAL_REPRESENTATION('',(#8348),#8356);
#8348 = ( BOUNDED_CURVE() B_SPLINE_CURVE(2,(#8349,#8350,#8351,#8352,
#8353,#8354,#8355),.UNSPECIFIED.,.T.,.F.) B_SPLINE_CURVE_WITH_KNOTS((1,2
    ,2,2,2,1),(-2.094395102393,0.,2.094395102393,4.188790204786,
6.28318530718,8.377580409573),.UNSPECIFIED.) CURVE() 
GEOMETRIC_REPRESENTATION_ITEM() RATIONAL_B_SPLINE_CURVE((1.,0.5,1.,0.5,
1.,0.5,1.)) REPRESENTATION_ITEM('') );
#8349 = CARTESIAN_POINT('',(14.45,10.25));
#8350 = CARTESIAN_POINT('',(14.45,7.305513627133));
#8351 = CARTESIAN_POINT('',(11.9,8.777756813566));
#8352 = CARTESIAN_POINT('',(9.35,10.25));
#8353 = CARTESIAN_POINT('',(11.9,11.722243186434));
#8354 = CARTESIAN_POINT('',(14.45,13.194486372867));
#8355 = CARTESIAN_POINT('',(14.45,10.25));
#8356 = ( GEOMETRIC_REPRESENTATION_CONTEXT(2) 
PARAMETRIC_REPRESENTATION_CONTEXT() REPRESENTATION_CONTEXT('2D SPACE',''
  ) );
#8357 = PCURVE('',#7386,#8358);
#8358 = DEFINITIONAL_REPRESENTATION('',(#8359),#8363);
#8359 = LINE('',#8360,#8361);
#8360 = CARTESIAN_POINT('',(-4.138911435803E-13,-3.489));
#8361 = VECTOR('',#8362,1.);
#8362 = DIRECTION('',(1.,-0.));
#8363 = ( GEOMETRIC_REPRESENTATION_CONTEXT(2) 
PARAMETRIC_REPRESENTATION_CONTEXT() REPRESENTATION_CONTEXT('2D SPACE',''
  ) );
#8364 = ORIENTED_EDGE('',*,*,#8365,.T.);
#8365 = EDGE_CURVE('',#8338,#5570,#8366,.T.);
#8366 = SURFACE_CURVE('',#8367,(#8371,#8378),.PCURVE_S1.);
#8367 = LINE('',#8368,#8369);
#8368 = CARTESIAN_POINT('',(29.689,60.,9.9));
#8369 = VECTOR('',#8370,1.);
#8370 = DIRECTION('',(2.22044604925E-16,-1.,0.));
#8371 = PCURVE('',#5613,#8372);
#8372 = DEFINITIONAL_REPRESENTATION('',(#8373),#8377);
#8373 = LINE('',#8374,#8375);
#8374 = CARTESIAN_POINT('',(40.,9.9));
#8375 = VECTOR('',#8376,1.);
#8376 = DIRECTION('',(-1.,0.));
#8377 = ( GEOMETRIC_REPRESENTATION_CONTEXT(2) 
PARAMETRIC_REPRESENTATION_CONTEXT() REPRESENTATION_CONTEXT('2D SPACE',''
  ) );
#8378 = PCURVE('',#5585,#8379);
#8379 = DEFINITIONAL_REPRESENTATION('',(#8380),#8384);
#8380 = LINE('',#8381,#8382);
#8381 = CARTESIAN_POINT('',(0.,-0.));
#8382 = VECTOR('',#8383,1.);
#8383 = DIRECTION('',(1.,1.094764425253E-47));
#8384 = ( GEOMETRIC_REPRESENTATION_CONTEXT(2) 
PARAMETRIC_REPRESENTATION_CONTEXT() REPRESENTATION_CONTEXT('2D SPACE',''
  ) );
#8385 = ORIENTED_EDGE('',*,*,#5597,.T.);
#8386 = ORIENTED_EDGE('',*,*,#8286,.T.);
#8387 = ORIENTED_EDGE('',*,*,#8388,.T.);
#8388 = EDGE_CURVE('',#8287,#8389,#8391,.T.);
#8389 = VERTEX_POINT('',#8390);
#8390 = CARTESIAN_POINT('',(29.689,34.413580475961,-9.9));
#8391 = SURFACE_CURVE('',#8392,(#8397,#8408),.PCURVE_S1.);
#8392 = CIRCLE('',#8393,1.7);
#8393 = AXIS2_PLACEMENT_3D('',#8394,#8395,#8396);
#8394 = CARTESIAN_POINT('',(29.689,32.75,-10.25));
#8395 = DIRECTION('',(-1.,-2.22044604925E-16,-4.930380657631E-32));
#8396 = DIRECTION('',(-2.22044604925E-16,1.,0.));
#8397 = PCURVE('',#5613,#8398);
#8398 = DEFINITIONAL_REPRESENTATION('',(#8399),#8407);
#8399 = ( BOUNDED_CURVE() B_SPLINE_CURVE(2,(#8400,#8401,#8402,#8403,
#8404,#8405,#8406),.UNSPECIFIED.,.T.,.F.) B_SPLINE_CURVE_WITH_KNOTS((1,2
    ,2,2,2,1),(-2.094395102393,0.,2.094395102393,4.188790204786,
6.28318530718,8.377580409573),.UNSPECIFIED.) CURVE() 
GEOMETRIC_REPRESENTATION_ITEM() RATIONAL_B_SPLINE_CURVE((1.,0.5,1.,0.5,
1.,0.5,1.)) REPRESENTATION_ITEM('') );
#8400 = CARTESIAN_POINT('',(14.45,-10.25));
#8401 = CARTESIAN_POINT('',(14.45,-13.19448637286));
#8402 = CARTESIAN_POINT('',(11.9,-11.72224318643));
#8403 = CARTESIAN_POINT('',(9.35,-10.25));
#8404 = CARTESIAN_POINT('',(11.9,-8.777756813566));
#8405 = CARTESIAN_POINT('',(14.45,-7.305513627133));
#8406 = CARTESIAN_POINT('',(14.45,-10.25));
#8407 = ( GEOMETRIC_REPRESENTATION_CONTEXT(2) 
PARAMETRIC_REPRESENTATION_CONTEXT() REPRESENTATION_CONTEXT('2D SPACE',''
  ) );
#8408 = PCURVE('',#5782,#8409);
#8409 = DEFINITIONAL_REPRESENTATION('',(#8410),#8414);
#8410 = LINE('',#8411,#8412);
#8411 = CARTESIAN_POINT('',(-4.138911435803E-13,-3.489));
#8412 = VECTOR('',#8413,1.);
#8413 = DIRECTION('',(1.,-0.));
#8414 = ( GEOMETRIC_REPRESENTATION_CONTEXT(2) 
PARAMETRIC_REPRESENTATION_CONTEXT() REPRESENTATION_CONTEXT('2D SPACE',''
  ) );
#8415 = ORIENTED_EDGE('',*,*,#8416,.T.);
#8416 = EDGE_CURVE('',#8389,#8417,#8419,.T.);
#8417 = VERTEX_POINT('',#8418);
#8418 = CARTESIAN_POINT('',(29.689,35.51,-9.9));
#8419 = SURFACE_CURVE('',#8420,(#8424,#8431),.PCURVE_S1.);
#8420 = LINE('',#8421,#8422);
#8421 = CARTESIAN_POINT('',(29.689,-20.,-9.9));
#8422 = VECTOR('',#8423,1.);
#8423 = DIRECTION('',(-2.22044604925E-16,1.,0.));
#8424 = PCURVE('',#5613,#8425);
#8425 = DEFINITIONAL_REPRESENTATION('',(#8426),#8430);
#8426 = LINE('',#8427,#8428);
#8427 = CARTESIAN_POINT('',(-40.,-9.9));
#8428 = VECTOR('',#8429,1.);
#8429 = DIRECTION('',(1.,0.));
#8430 = ( GEOMETRIC_REPRESENTATION_CONTEXT(2) 
PARAMETRIC_REPRESENTATION_CONTEXT() REPRESENTATION_CONTEXT('2D SPACE',''
  ) );
#8431 = PCURVE('',#5749,#8432);
#8432 = DEFINITIONAL_REPRESENTATION('',(#8433),#8437);
#8433 = LINE('',#8434,#8435);
#8434 = CARTESIAN_POINT('',(0.,-0.));
#8435 = VECTOR('',#8436,1.);
#8436 = DIRECTION('',(1.,-1.094764425253E-47));
#8437 = ( GEOMETRIC_REPRESENTATION_CONTEXT(2) 
PARAMETRIC_REPRESENTATION_CONTEXT() REPRESENTATION_CONTEXT('2D SPACE',''
  ) );
#8438 = ORIENTED_EDGE('',*,*,#8439,.T.);
#8439 = EDGE_CURVE('',#8417,#8440,#8442,.T.);
#8440 = VERTEX_POINT('',#8441);
#8441 = CARTESIAN_POINT('',(29.689,35.51,9.9));
#8442 = SURFACE_CURVE('',#8443,(#8447,#8454),.PCURVE_S1.);
#8443 = LINE('',#8444,#8445);
#8444 = CARTESIAN_POINT('',(29.689,35.51,-7.5));
#8445 = VECTOR('',#8446,1.);
#8446 = DIRECTION('',(0.,-2.22044604925E-16,1.));
#8447 = PCURVE('',#5613,#8448);
#8448 = DEFINITIONAL_REPRESENTATION('',(#8449),#8453);
#8449 = LINE('',#8450,#8451);
#8450 = CARTESIAN_POINT('',(15.51,-7.5));
#8451 = VECTOR('',#8452,1.);
#8452 = DIRECTION('',(-2.22044604925E-16,1.));
#8453 = ( GEOMETRIC_REPRESENTATION_CONTEXT(2) 
PARAMETRIC_REPRESENTATION_CONTEXT() REPRESENTATION_CONTEXT('2D SPACE',''
  ) );
#8454 = PCURVE('',#5721,#8455);
#8455 = DEFINITIONAL_REPRESENTATION('',(#8456),#8460);
#8456 = LINE('',#8457,#8458);
#8457 = CARTESIAN_POINT('',(7.5,-2.489));
#8458 = VECTOR('',#8459,1.);
#8459 = DIRECTION('',(1.,0.));
#8460 = ( GEOMETRIC_REPRESENTATION_CONTEXT(2) 
PARAMETRIC_REPRESENTATION_CONTEXT() REPRESENTATION_CONTEXT('2D SPACE',''
  ) );
#8461 = ORIENTED_EDGE('',*,*,#8462,.T.);
#8462 = EDGE_CURVE('',#8440,#8336,#8463,.T.);
#8463 = SURFACE_CURVE('',#8464,(#8468,#8475),.PCURVE_S1.);
#8464 = LINE('',#8465,#8466);
#8465 = CARTESIAN_POINT('',(29.689,60.,9.9));
#8466 = VECTOR('',#8467,1.);
#8467 = DIRECTION('',(2.22044604925E-16,-1.,0.));
#8468 = PCURVE('',#5613,#8469);
#8469 = DEFINITIONAL_REPRESENTATION('',(#8470),#8474);
#8470 = LINE('',#8471,#8472);
#8471 = CARTESIAN_POINT('',(40.,9.9));
#8472 = VECTOR('',#8473,1.);
#8473 = DIRECTION('',(-1.,0.));
#8474 = ( GEOMETRIC_REPRESENTATION_CONTEXT(2) 
PARAMETRIC_REPRESENTATION_CONTEXT() REPRESENTATION_CONTEXT('2D SPACE',''
  ) );
#8475 = PCURVE('',#7442,#8476);
#8476 = DEFINITIONAL_REPRESENTATION('',(#8477),#8481);
#8477 = LINE('',#8478,#8479);
#8478 = CARTESIAN_POINT('',(0.,-0.));
#8479 = VECTOR('',#8480,1.);
#8480 = DIRECTION('',(1.,1.094764425253E-47));
#8481 = ( GEOMETRIC_REPRESENTATION_CONTEXT(2) 
PARAMETRIC_REPRESENTATION_CONTEXT() REPRESENTATION_CONTEXT('2D SPACE',''
  ) );
#8482 = ADVANCED_FACE('',(#8483),#5585,.T.);
#8483 = FACE_BOUND('',#8484,.T.);
#8484 = EDGE_LOOP('',(#8485,#8486,#8507,#8508));
#8485 = ORIENTED_EDGE('',*,*,#8365,.F.);
#8486 = ORIENTED_EDGE('',*,*,#8487,.F.);
#8487 = EDGE_CURVE('',#7343,#8338,#8488,.T.);
#8488 = SURFACE_CURVE('',#8489,(#8493,#8500),.PCURVE_S1.);
#8489 = LINE('',#8490,#8491);
#8490 = CARTESIAN_POINT('',(26.2,31.086419524039,9.9));
#8491 = VECTOR('',#8492,1.);
#8492 = DIRECTION('',(-1.,0.,2.22044604925E-16));
#8493 = PCURVE('',#5585,#8494);
#8494 = DEFINITIONAL_REPRESENTATION('',(#8495),#8499);
#8495 = LINE('',#8496,#8497);
#8496 = CARTESIAN_POINT('',(28.913580475961,3.489));
#8497 = VECTOR('',#8498,1.);
#8498 = DIRECTION('',(-2.22044604925E-16,1.));
#8499 = ( GEOMETRIC_REPRESENTATION_CONTEXT(2) 
PARAMETRIC_REPRESENTATION_CONTEXT() REPRESENTATION_CONTEXT('2D SPACE',''
  ) );
#8500 = PCURVE('',#7386,#8501);
#8501 = DEFINITIONAL_REPRESENTATION('',(#8502),#8506);
#8502 = LINE('',#8503,#8504);
#8503 = CARTESIAN_POINT('',(2.93422736208,0.));
#8504 = VECTOR('',#8505,1.);
#8505 = DIRECTION('',(-0.,1.));
#8506 = ( GEOMETRIC_REPRESENTATION_CONTEXT(2) 
PARAMETRIC_REPRESENTATION_CONTEXT() REPRESENTATION_CONTEXT('2D SPACE',''
  ) );
#8507 = ORIENTED_EDGE('',*,*,#7342,.F.);
#8508 = ORIENTED_EDGE('',*,*,#5569,.T.);
#8509 = ADVANCED_FACE('',(#8510),#5512,.F.);
#8510 = FACE_BOUND('',#8511,.F.);
#8511 = EDGE_LOOP('',(#8512,#8513,#8536,#8562));
#8512 = ORIENTED_EDGE('',*,*,#8152,.F.);
#8513 = ORIENTED_EDGE('',*,*,#8514,.T.);
#8514 = EDGE_CURVE('',#8130,#8515,#8517,.T.);
#8515 = VERTEX_POINT('',#8516);
#8516 = CARTESIAN_POINT('',(29.5,35.51,15.));
#8517 = SURFACE_CURVE('',#8518,(#8522,#8529),.PCURVE_S1.);
#8518 = LINE('',#8519,#8520);
#8519 = CARTESIAN_POINT('',(27.2,35.51,15.));
#8520 = VECTOR('',#8521,1.);
#8521 = DIRECTION('',(1.,0.,-2.22044604925E-16));
#8522 = PCURVE('',#5512,#8523);
#8523 = DEFINITIONAL_REPRESENTATION('',(#8524),#8528);
#8524 = LINE('',#8525,#8526);
#8525 = CARTESIAN_POINT('',(0.,-0.));
#8526 = VECTOR('',#8527,1.);
#8527 = DIRECTION('',(2.22044604925E-16,-1.));
#8528 = ( GEOMETRIC_REPRESENTATION_CONTEXT(2) 
PARAMETRIC_REPRESENTATION_CONTEXT() REPRESENTATION_CONTEXT('2D SPACE',''
  ) );
#8529 = PCURVE('',#5721,#8530);
#8530 = DEFINITIONAL_REPRESENTATION('',(#8531),#8535);
#8531 = LINE('',#8532,#8533);
#8532 = CARTESIAN_POINT('',(30.,-1.479114197289E-30));
#8533 = VECTOR('',#8534,1.);
#8534 = DIRECTION('',(-2.22044604925E-16,-1.));
#8535 = ( GEOMETRIC_REPRESENTATION_CONTEXT(2) 
PARAMETRIC_REPRESENTATION_CONTEXT() REPRESENTATION_CONTEXT('2D SPACE',''
  ) );
#8536 = ORIENTED_EDGE('',*,*,#8537,.T.);
#8537 = EDGE_CURVE('',#8515,#5497,#8538,.T.);
#8538 = SURFACE_CURVE('',#8539,(#8543,#8550),.PCURVE_S1.);
#8539 = LINE('',#8540,#8541);
#8540 = CARTESIAN_POINT('',(29.5,17.755,15.));
#8541 = VECTOR('',#8542,1.);
#8542 = DIRECTION('',(2.22044604925E-16,-1.,0.));
#8543 = PCURVE('',#5512,#8544);
#8544 = DEFINITIONAL_REPRESENTATION('',(#8545),#8549);
#8545 = LINE('',#8546,#8547);
#8546 = CARTESIAN_POINT('',(17.755,-2.3));
#8547 = VECTOR('',#8548,1.);
#8548 = DIRECTION('',(1.,1.094764425253E-47));
#8549 = ( GEOMETRIC_REPRESENTATION_CONTEXT(2) 
PARAMETRIC_REPRESENTATION_CONTEXT() REPRESENTATION_CONTEXT('2D SPACE',''
  ) );
#8550 = PCURVE('',#8551,#8556);
#8551 = PLANE('',#8552);
#8552 = AXIS2_PLACEMENT_3D('',#8553,#8554,#8555);
#8553 = CARTESIAN_POINT('',(-7.884803920888E-15,35.51,15.));
#8554 = DIRECTION('',(0.,2.22044604925E-16,-1.));
#8555 = DIRECTION('',(2.22044604925E-16,-1.,-2.22044604925E-16));
#8556 = DEFINITIONAL_REPRESENTATION('',(#8557),#8561);
#8557 = LINE('',#8558,#8559);
#8558 = CARTESIAN_POINT('',(17.755,-29.5));
#8559 = VECTOR('',#8560,1.);
#8560 = DIRECTION('',(1.,1.094764425253E-47));
#8561 = ( GEOMETRIC_REPRESENTATION_CONTEXT(2) 
PARAMETRIC_REPRESENTATION_CONTEXT() REPRESENTATION_CONTEXT('2D SPACE',''
  ) );
#8562 = ORIENTED_EDGE('',*,*,#5496,.F.);
#8563 = ADVANCED_FACE('',(#8564),#5721,.F.);
#8564 = FACE_BOUND('',#8565,.F.);
#8565 = EDGE_LOOP('',(#8566,#8567,#8568,#8591,#8612,#8613,#8634,#8635,
    #8656,#8657,#8680,#8701));
#8566 = ORIENTED_EDGE('',*,*,#8129,.F.);
#8567 = ORIENTED_EDGE('',*,*,#8262,.T.);
#8568 = ORIENTED_EDGE('',*,*,#8569,.T.);
#8569 = EDGE_CURVE('',#8240,#8570,#8572,.T.);
#8570 = VERTEX_POINT('',#8571);
#8571 = CARTESIAN_POINT('',(29.5,35.51,-12.25));
#8572 = SURFACE_CURVE('',#8573,(#8577,#8584),.PCURVE_S1.);
#8573 = LINE('',#8574,#8575);
#8574 = CARTESIAN_POINT('',(29.5,35.51,-7.5));
#8575 = VECTOR('',#8576,1.);
#8576 = DIRECTION('',(0.,-2.22044604925E-16,1.));
#8577 = PCURVE('',#5721,#8578);
#8578 = DEFINITIONAL_REPRESENTATION('',(#8579),#8583);
#8579 = LINE('',#8580,#8581);
#8580 = CARTESIAN_POINT('',(7.5,-2.3));
#8581 = VECTOR('',#8582,1.);
#8582 = DIRECTION('',(1.,0.));
#8583 = ( GEOMETRIC_REPRESENTATION_CONTEXT(2) 
PARAMETRIC_REPRESENTATION_CONTEXT() REPRESENTATION_CONTEXT('2D SPACE',''
  ) );
#8584 = PCURVE('',#5864,#8585);
#8585 = DEFINITIONAL_REPRESENTATION('',(#8586),#8590);
#8586 = LINE('',#8587,#8588);
#8587 = CARTESIAN_POINT('',(7.5,-29.5));
#8588 = VECTOR('',#8589,1.);
#8589 = DIRECTION('',(1.,0.));
#8590 = ( GEOMETRIC_REPRESENTATION_CONTEXT(2) 
PARAMETRIC_REPRESENTATION_CONTEXT() REPRESENTATION_CONTEXT('2D SPACE',''
  ) );
#8591 = ORIENTED_EDGE('',*,*,#8592,.T.);
#8592 = EDGE_CURVE('',#8570,#3644,#8593,.T.);
#8593 = SURFACE_CURVE('',#8594,(#8598,#8605),.PCURVE_S1.);
#8594 = LINE('',#8595,#8596);
#8595 = CARTESIAN_POINT('',(-7.884803920888E-15,35.51,-12.25));
#8596 = VECTOR('',#8597,1.);
#8597 = DIRECTION('',(1.,0.,-2.22044604925E-16));
#8598 = PCURVE('',#5721,#8599);
#8599 = DEFINITIONAL_REPRESENTATION('',(#8600),#8604);
#8600 = LINE('',#8601,#8602);
#8601 = CARTESIAN_POINT('',(2.75,27.2));
#8602 = VECTOR('',#8603,1.);
#8603 = DIRECTION('',(-2.22044604925E-16,-1.));
#8604 = ( GEOMETRIC_REPRESENTATION_CONTEXT(2) 
PARAMETRIC_REPRESENTATION_CONTEXT() REPRESENTATION_CONTEXT('2D SPACE',''
  ) );
#8605 = PCURVE('',#5864,#8606);
#8606 = DEFINITIONAL_REPRESENTATION('',(#8607),#8611);
#8607 = LINE('',#8608,#8609);
#8608 = CARTESIAN_POINT('',(2.75,-1.355854680848E-31));
#8609 = VECTOR('',#8610,1.);
#8610 = DIRECTION('',(-2.22044604925E-16,-1.));
#8611 = ( GEOMETRIC_REPRESENTATION_CONTEXT(2) 
PARAMETRIC_REPRESENTATION_CONTEXT() REPRESENTATION_CONTEXT('2D SPACE',''
  ) );
#8612 = ORIENTED_EDGE('',*,*,#5705,.T.);
#8613 = ORIENTED_EDGE('',*,*,#8614,.T.);
#8614 = EDGE_CURVE('',#5706,#8417,#8615,.T.);
#8615 = SURFACE_CURVE('',#8616,(#8620,#8627),.PCURVE_S1.);
#8616 = LINE('',#8617,#8618);
#8617 = CARTESIAN_POINT('',(28.4445,35.51,-9.9));
#8618 = VECTOR('',#8619,1.);
#8619 = DIRECTION('',(-1.,0.,2.22044604925E-16));
#8620 = PCURVE('',#5721,#8621);
#8621 = DEFINITIONAL_REPRESENTATION('',(#8622),#8626);
#8622 = LINE('',#8623,#8624);
#8623 = CARTESIAN_POINT('',(5.1,-1.2445));
#8624 = VECTOR('',#8625,1.);
#8625 = DIRECTION('',(2.22044604925E-16,1.));
#8626 = ( GEOMETRIC_REPRESENTATION_CONTEXT(2) 
PARAMETRIC_REPRESENTATION_CONTEXT() REPRESENTATION_CONTEXT('2D SPACE',''
  ) );
#8627 = PCURVE('',#5749,#8628);
#8628 = DEFINITIONAL_REPRESENTATION('',(#8629),#8633);
#8629 = LINE('',#8630,#8631);
#8630 = CARTESIAN_POINT('',(55.51,1.2445));
#8631 = VECTOR('',#8632,1.);
#8632 = DIRECTION('',(2.22044604925E-16,1.));
#8633 = ( GEOMETRIC_REPRESENTATION_CONTEXT(2) 
PARAMETRIC_REPRESENTATION_CONTEXT() REPRESENTATION_CONTEXT('2D SPACE',''
  ) );
#8634 = ORIENTED_EDGE('',*,*,#8439,.T.);
#8635 = ORIENTED_EDGE('',*,*,#8636,.T.);
#8636 = EDGE_CURVE('',#8440,#7427,#8637,.T.);
#8637 = SURFACE_CURVE('',#8638,(#8642,#8649),.PCURVE_S1.);
#8638 = LINE('',#8639,#8640);
#8639 = CARTESIAN_POINT('',(28.4445,35.51,9.9));
#8640 = VECTOR('',#8641,1.);
#8641 = DIRECTION('',(1.,0.,-2.22044604925E-16));
#8642 = PCURVE('',#5721,#8643);
#8643 = DEFINITIONAL_REPRESENTATION('',(#8644),#8648);
#8644 = LINE('',#8645,#8646);
#8645 = CARTESIAN_POINT('',(24.9,-1.2445));
#8646 = VECTOR('',#8647,1.);
#8647 = DIRECTION('',(-2.22044604925E-16,-1.));
#8648 = ( GEOMETRIC_REPRESENTATION_CONTEXT(2) 
PARAMETRIC_REPRESENTATION_CONTEXT() REPRESENTATION_CONTEXT('2D SPACE',''
  ) );
#8649 = PCURVE('',#7442,#8650);
#8650 = DEFINITIONAL_REPRESENTATION('',(#8651),#8655);
#8651 = LINE('',#8652,#8653);
#8652 = CARTESIAN_POINT('',(24.49,1.2445));
#8653 = VECTOR('',#8654,1.);
#8654 = DIRECTION('',(2.22044604925E-16,-1.));
#8655 = ( GEOMETRIC_REPRESENTATION_CONTEXT(2) 
PARAMETRIC_REPRESENTATION_CONTEXT() REPRESENTATION_CONTEXT('2D SPACE',''
  ) );
#8656 = ORIENTED_EDGE('',*,*,#7454,.T.);
#8657 = ORIENTED_EDGE('',*,*,#8658,.F.);
#8658 = EDGE_CURVE('',#8659,#4786,#8661,.T.);
#8659 = VERTEX_POINT('',#8660);
#8660 = CARTESIAN_POINT('',(29.5,35.51,12.25));
#8661 = SURFACE_CURVE('',#8662,(#8666,#8673),.PCURVE_S1.);
#8662 = LINE('',#8663,#8664);
#8663 = CARTESIAN_POINT('',(-7.884803920888E-15,35.51,12.25));
#8664 = VECTOR('',#8665,1.);
#8665 = DIRECTION('',(1.,0.,-2.22044604925E-16));
#8666 = PCURVE('',#5721,#8667);
#8667 = DEFINITIONAL_REPRESENTATION('',(#8668),#8672);
#8668 = LINE('',#8669,#8670);
#8669 = CARTESIAN_POINT('',(27.25,27.2));
#8670 = VECTOR('',#8671,1.);
#8671 = DIRECTION('',(-2.22044604925E-16,-1.));
#8672 = ( GEOMETRIC_REPRESENTATION_CONTEXT(2) 
PARAMETRIC_REPRESENTATION_CONTEXT() REPRESENTATION_CONTEXT('2D SPACE',''
  ) );
#8673 = PCURVE('',#7494,#8674);
#8674 = DEFINITIONAL_REPRESENTATION('',(#8675),#8679);
#8675 = LINE('',#8676,#8677);
#8676 = CARTESIAN_POINT('',(0.,-0.));
#8677 = VECTOR('',#8678,1.);
#8678 = DIRECTION('',(-2.22044604925E-16,-1.));
#8679 = ( GEOMETRIC_REPRESENTATION_CONTEXT(2) 
PARAMETRIC_REPRESENTATION_CONTEXT() REPRESENTATION_CONTEXT('2D SPACE',''
  ) );
#8680 = ORIENTED_EDGE('',*,*,#8681,.T.);
#8681 = EDGE_CURVE('',#8659,#8515,#8682,.T.);
#8682 = SURFACE_CURVE('',#8683,(#8687,#8694),.PCURVE_S1.);
#8683 = LINE('',#8684,#8685);
#8684 = CARTESIAN_POINT('',(29.5,35.51,6.125));
#8685 = VECTOR('',#8686,1.);
#8686 = DIRECTION('',(0.,-2.22044604925E-16,1.));
#8687 = PCURVE('',#5721,#8688);
#8688 = DEFINITIONAL_REPRESENTATION('',(#8689),#8693);
#8689 = LINE('',#8690,#8691);
#8690 = CARTESIAN_POINT('',(21.125,-2.3));
#8691 = VECTOR('',#8692,1.);
#8692 = DIRECTION('',(1.,0.));
#8693 = ( GEOMETRIC_REPRESENTATION_CONTEXT(2) 
PARAMETRIC_REPRESENTATION_CONTEXT() REPRESENTATION_CONTEXT('2D SPACE',''
  ) );
#8694 = PCURVE('',#7494,#8695);
#8695 = DEFINITIONAL_REPRESENTATION('',(#8696),#8700);
#8696 = LINE('',#8697,#8698);
#8697 = CARTESIAN_POINT('',(-6.125,-29.5));
#8698 = VECTOR('',#8699,1.);
#8699 = DIRECTION('',(1.,0.));
#8700 = ( GEOMETRIC_REPRESENTATION_CONTEXT(2) 
PARAMETRIC_REPRESENTATION_CONTEXT() REPRESENTATION_CONTEXT('2D SPACE',''
  ) );
#8701 = ORIENTED_EDGE('',*,*,#8514,.F.);
#8702 = ADVANCED_FACE('',(#8703),#5782,.F.);
#8703 = FACE_BOUND('',#8704,.F.);
#8704 = EDGE_LOOP('',(#8705,#8726,#8727,#8728,#8729,#8750,#8751,#8752));
#8705 = ORIENTED_EDGE('',*,*,#8706,.T.);
#8706 = EDGE_CURVE('',#8177,#5762,#8707,.T.);
#8707 = SEAM_CURVE('',#8708,(#8712,#8719),.PCURVE_S1.);
#8708 = LINE('',#8709,#8710);
#8709 = CARTESIAN_POINT('',(26.2,34.45,-10.25));
#8710 = VECTOR('',#8711,1.);
#8711 = DIRECTION('',(1.,0.,-2.22044604925E-16));
#8712 = PCURVE('',#5782,#8713);
#8713 = DEFINITIONAL_REPRESENTATION('',(#8714),#8718);
#8714 = LINE('',#8715,#8716);
#8715 = CARTESIAN_POINT('',(-4.138911435803E-13,0.));
#8716 = VECTOR('',#8717,1.);
#8717 = DIRECTION('',(-0.,-1.));
#8718 = ( GEOMETRIC_REPRESENTATION_CONTEXT(2) 
PARAMETRIC_REPRESENTATION_CONTEXT() REPRESENTATION_CONTEXT('2D SPACE',''
  ) );
#8719 = PCURVE('',#5782,#8720);
#8720 = DEFINITIONAL_REPRESENTATION('',(#8721),#8725);
#8721 = LINE('',#8722,#8723);
#8722 = CARTESIAN_POINT('',(6.28318530718,0.));
#8723 = VECTOR('',#8724,1.);
#8724 = DIRECTION('',(-0.,-1.));
#8725 = ( GEOMETRIC_REPRESENTATION_CONTEXT(2) 
PARAMETRIC_REPRESENTATION_CONTEXT() REPRESENTATION_CONTEXT('2D SPACE',''
  ) );
#8726 = ORIENTED_EDGE('',*,*,#5794,.T.);
#8727 = ORIENTED_EDGE('',*,*,#8311,.T.);
#8728 = ORIENTED_EDGE('',*,*,#8388,.T.);
#8729 = ORIENTED_EDGE('',*,*,#8730,.F.);
#8730 = EDGE_CURVE('',#5734,#8389,#8731,.T.);
#8731 = SURFACE_CURVE('',#8732,(#8736,#8743),.PCURVE_S1.);
#8732 = LINE('',#8733,#8734);
#8733 = CARTESIAN_POINT('',(26.2,34.413580475961,-9.9));
#8734 = VECTOR('',#8735,1.);
#8735 = DIRECTION('',(-1.,0.,2.22044604925E-16));
#8736 = PCURVE('',#5782,#8737);
#8737 = DEFINITIONAL_REPRESENTATION('',(#8738),#8742);
#8738 = LINE('',#8739,#8740);
#8739 = CARTESIAN_POINT('',(6.07582001567,0.));
#8740 = VECTOR('',#8741,1.);
#8741 = DIRECTION('',(-0.,1.));
#8742 = ( GEOMETRIC_REPRESENTATION_CONTEXT(2) 
PARAMETRIC_REPRESENTATION_CONTEXT() REPRESENTATION_CONTEXT('2D SPACE',''
  ) );
#8743 = PCURVE('',#5749,#8744);
#8744 = DEFINITIONAL_REPRESENTATION('',(#8745),#8749);
#8745 = LINE('',#8746,#8747);
#8746 = CARTESIAN_POINT('',(54.413580475961,3.489));
#8747 = VECTOR('',#8748,1.);
#8748 = DIRECTION('',(2.22044604925E-16,1.));
#8749 = ( GEOMETRIC_REPRESENTATION_CONTEXT(2) 
PARAMETRIC_REPRESENTATION_CONTEXT() REPRESENTATION_CONTEXT('2D SPACE',''
  ) );
#8750 = ORIENTED_EDGE('',*,*,#5761,.T.);
#8751 = ORIENTED_EDGE('',*,*,#8706,.F.);
#8752 = ORIENTED_EDGE('',*,*,#8176,.F.);
#8753 = ADVANCED_FACE('',(#8754),#5749,.T.);
#8754 = FACE_BOUND('',#8755,.T.);
#8755 = EDGE_LOOP('',(#8756,#8757,#8758,#8759));
#8756 = ORIENTED_EDGE('',*,*,#8416,.F.);
#8757 = ORIENTED_EDGE('',*,*,#8730,.F.);
#8758 = ORIENTED_EDGE('',*,*,#5733,.F.);
#8759 = ORIENTED_EDGE('',*,*,#8614,.T.);
#8760 = ADVANCED_FACE('',(#8761),#5864,.F.);
#8761 = FACE_BOUND('',#8762,.F.);
#8762 = EDGE_LOOP('',(#8763,#8764,#8785,#8786));
#8763 = ORIENTED_EDGE('',*,*,#8569,.F.);
#8764 = ORIENTED_EDGE('',*,*,#8765,.T.);
#8765 = EDGE_CURVE('',#8240,#5849,#8766,.T.);
#8766 = SURFACE_CURVE('',#8767,(#8771,#8778),.PCURVE_S1.);
#8767 = LINE('',#8768,#8769);
#8768 = CARTESIAN_POINT('',(-7.884803920888E-15,35.51,-15.));
#8769 = VECTOR('',#8770,1.);
#8770 = DIRECTION('',(1.,0.,-2.22044604925E-16));
#8771 = PCURVE('',#5864,#8772);
#8772 = DEFINITIONAL_REPRESENTATION('',(#8773),#8777);
#8773 = LINE('',#8774,#8775);
#8774 = CARTESIAN_POINT('',(0.,-0.));
#8775 = VECTOR('',#8776,1.);
#8776 = DIRECTION('',(-2.22044604925E-16,-1.));
#8777 = ( GEOMETRIC_REPRESENTATION_CONTEXT(2) 
PARAMETRIC_REPRESENTATION_CONTEXT() REPRESENTATION_CONTEXT('2D SPACE',''
  ) );
#8778 = PCURVE('',#6396,#8779);
#8779 = DEFINITIONAL_REPRESENTATION('',(#8780),#8784);
#8780 = LINE('',#8781,#8782);
#8781 = CARTESIAN_POINT('',(45.622,1.648719291912E-27));
#8782 = VECTOR('',#8783,1.);
#8783 = DIRECTION('',(-2.22044604925E-16,-1.));
#8784 = ( GEOMETRIC_REPRESENTATION_CONTEXT(2) 
PARAMETRIC_REPRESENTATION_CONTEXT() REPRESENTATION_CONTEXT('2D SPACE',''
  ) );
#8785 = ORIENTED_EDGE('',*,*,#5848,.T.);
#8786 = ORIENTED_EDGE('',*,*,#8592,.F.);
#8787 = ADVANCED_FACE('',(#8788),#5969,.F.);
#8788 = FACE_BOUND('',#8789,.F.);
#8789 = EDGE_LOOP('',(#8790,#8791,#8812,#8813));
#8790 = ORIENTED_EDGE('',*,*,#5955,.T.);
#8791 = ORIENTED_EDGE('',*,*,#8792,.T.);
#8792 = EDGE_CURVE('',#5928,#8057,#8793,.T.);
#8793 = SURFACE_CURVE('',#8794,(#8798,#8805),.PCURVE_S1.);
#8794 = LINE('',#8795,#8796);
#8795 = CARTESIAN_POINT('',(68.589,35.51,-12.25));
#8796 = VECTOR('',#8797,1.);
#8797 = DIRECTION('',(0.,-2.22044604925E-16,1.));
#8798 = PCURVE('',#5969,#8799);
#8799 = DEFINITIONAL_REPRESENTATION('',(#8800),#8804);
#8800 = LINE('',#8801,#8802);
#8801 = CARTESIAN_POINT('',(-1.972152263052E-31,-4.));
#8802 = VECTOR('',#8803,1.);
#8803 = DIRECTION('',(1.,0.));
#8804 = ( GEOMETRIC_REPRESENTATION_CONTEXT(2) 
PARAMETRIC_REPRESENTATION_CONTEXT() REPRESENTATION_CONTEXT('2D SPACE',''
  ) );
#8805 = PCURVE('',#6777,#8806);
#8806 = DEFINITIONAL_REPRESENTATION('',(#8807),#8811);
#8807 = LINE('',#8808,#8809);
#8808 = CARTESIAN_POINT('',(22.811,-1.125));
#8809 = VECTOR('',#8810,1.);
#8810 = DIRECTION('',(-2.22044604925E-16,1.));
#8811 = ( GEOMETRIC_REPRESENTATION_CONTEXT(2) 
PARAMETRIC_REPRESENTATION_CONTEXT() REPRESENTATION_CONTEXT('2D SPACE',''
  ) );
#8812 = ORIENTED_EDGE('',*,*,#8056,.F.);
#8813 = ORIENTED_EDGE('',*,*,#5987,.F.);
#8814 = ADVANCED_FACE('',(#8815),#5943,.T.);
#8815 = FACE_BOUND('',#8816,.T.);
#8816 = EDGE_LOOP('',(#8817,#8838,#8839,#8860));
#8817 = ORIENTED_EDGE('',*,*,#8818,.T.);
#8818 = EDGE_CURVE('',#5928,#6761,#8819,.T.);
#8819 = SURFACE_CURVE('',#8820,(#8824,#8831),.PCURVE_S1.);
#8820 = LINE('',#8821,#8822);
#8821 = CARTESIAN_POINT('',(68.589,35.51,-12.25));
#8822 = VECTOR('',#8823,1.);
#8823 = DIRECTION('',(2.22044604925E-16,-1.,0.));
#8824 = PCURVE('',#5943,#8825);
#8825 = DEFINITIONAL_REPRESENTATION('',(#8826),#8830);
#8826 = LINE('',#8827,#8828);
#8827 = CARTESIAN_POINT('',(22.811,1.375));
#8828 = VECTOR('',#8829,1.);
#8829 = DIRECTION('',(-1.,0.));
#8830 = ( GEOMETRIC_REPRESENTATION_CONTEXT(2) 
PARAMETRIC_REPRESENTATION_CONTEXT() REPRESENTATION_CONTEXT('2D SPACE',''
  ) );
#8831 = PCURVE('',#6777,#8832);
#8832 = DEFINITIONAL_REPRESENTATION('',(#8833),#8837);
#8833 = LINE('',#8834,#8835);
#8834 = CARTESIAN_POINT('',(22.811,-1.125));
#8835 = VECTOR('',#8836,1.);
#8836 = DIRECTION('',(-1.,0.));
#8837 = ( GEOMETRIC_REPRESENTATION_CONTEXT(2) 
PARAMETRIC_REPRESENTATION_CONTEXT() REPRESENTATION_CONTEXT('2D SPACE',''
  ) );
#8838 = ORIENTED_EDGE('',*,*,#6793,.T.);
#8839 = ORIENTED_EDGE('',*,*,#8840,.T.);
#8840 = EDGE_CURVE('',#6794,#5900,#8841,.T.);
#8841 = SURFACE_CURVE('',#8842,(#8846,#8853),.PCURVE_S1.);
#8842 = LINE('',#8843,#8844);
#8843 = CARTESIAN_POINT('',(68.589,-10.112,-15.));
#8844 = VECTOR('',#8845,1.);
#8845 = DIRECTION('',(-2.22044604925E-16,1.,0.));
#8846 = PCURVE('',#5943,#8847);
#8847 = DEFINITIONAL_REPRESENTATION('',(#8848),#8852);
#8848 = LINE('',#8849,#8850);
#8849 = CARTESIAN_POINT('',(-22.811,-1.375));
#8850 = VECTOR('',#8851,1.);
#8851 = DIRECTION('',(1.,0.));
#8852 = ( GEOMETRIC_REPRESENTATION_CONTEXT(2) 
PARAMETRIC_REPRESENTATION_CONTEXT() REPRESENTATION_CONTEXT('2D SPACE',''
  ) );
#8853 = PCURVE('',#6636,#8854);
#8854 = DEFINITIONAL_REPRESENTATION('',(#8855),#8859);
#8855 = LINE('',#8856,#8857);
#8856 = CARTESIAN_POINT('',(-20.367,3.3));
#8857 = VECTOR('',#8858,1.);
#8858 = DIRECTION('',(1.,0.));
#8859 = ( GEOMETRIC_REPRESENTATION_CONTEXT(2) 
PARAMETRIC_REPRESENTATION_CONTEXT() REPRESENTATION_CONTEXT('2D SPACE',''
  ) );
#8860 = ORIENTED_EDGE('',*,*,#5927,.T.);
#8861 = ADVANCED_FACE('',(#8862),#5915,.F.);
#8862 = FACE_BOUND('',#8863,.F.);
#8863 = EDGE_LOOP('',(#8864,#8894,#8915,#8916));
#8864 = ORIENTED_EDGE('',*,*,#8865,.T.);
#8865 = EDGE_CURVE('',#8866,#8868,#8870,.T.);
#8866 = VERTEX_POINT('',#8867);
#8867 = CARTESIAN_POINT('',(50.,35.51,-21.6));
#8868 = VERTEX_POINT('',#8869);
#8869 = CARTESIAN_POINT('',(68.589,35.51,-21.6));
#8870 = SURFACE_CURVE('',#8871,(#8875,#8882),.PCURVE_S1.);
#8871 = LINE('',#8872,#8873);
#8872 = CARTESIAN_POINT('',(50.,35.51,-21.6));
#8873 = VECTOR('',#8874,1.);
#8874 = DIRECTION('',(1.,0.,-2.22044604925E-16));
#8875 = PCURVE('',#5915,#8876);
#8876 = DEFINITIONAL_REPRESENTATION('',(#8877),#8881);
#8877 = LINE('',#8878,#8879);
#8878 = CARTESIAN_POINT('',(0.,-0.));
#8879 = VECTOR('',#8880,1.);
#8880 = DIRECTION('',(-2.22044604925E-16,-1.));
#8881 = ( GEOMETRIC_REPRESENTATION_CONTEXT(2) 
PARAMETRIC_REPRESENTATION_CONTEXT() REPRESENTATION_CONTEXT('2D SPACE',''
  ) );
#8882 = PCURVE('',#8883,#8888);
#8883 = PLANE('',#8884);
#8884 = AXIS2_PLACEMENT_3D('',#8885,#8886,#8887);
#8885 = CARTESIAN_POINT('',(50.,-15.,-21.6));
#8886 = DIRECTION('',(0.,-2.22044604925E-16,1.));
#8887 = DIRECTION('',(-2.22044604925E-16,1.,2.22044604925E-16));
#8888 = DEFINITIONAL_REPRESENTATION('',(#8889),#8893);
#8889 = LINE('',#8890,#8891);
#8890 = CARTESIAN_POINT('',(50.51,-1.121547299476E-14));
#8891 = VECTOR('',#8892,1.);
#8892 = DIRECTION('',(-2.22044604925E-16,-1.));
#8893 = ( GEOMETRIC_REPRESENTATION_CONTEXT(2) 
PARAMETRIC_REPRESENTATION_CONTEXT() REPRESENTATION_CONTEXT('2D SPACE',''
  ) );
#8894 = ORIENTED_EDGE('',*,*,#8895,.T.);
#8895 = EDGE_CURVE('',#8868,#5900,#8896,.T.);
#8896 = SURFACE_CURVE('',#8897,(#8901,#8908),.PCURVE_S1.);
#8897 = LINE('',#8898,#8899);
#8898 = CARTESIAN_POINT('',(68.589,35.51,-21.6));
#8899 = VECTOR('',#8900,1.);
#8900 = DIRECTION('',(0.,-2.22044604925E-16,1.));
#8901 = PCURVE('',#5915,#8902);
#8902 = DEFINITIONAL_REPRESENTATION('',(#8903),#8907);
#8903 = LINE('',#8904,#8905);
#8904 = CARTESIAN_POINT('',(-9.165084604468E-31,-18.589));
#8905 = VECTOR('',#8906,1.);
#8906 = DIRECTION('',(1.,0.));
#8907 = ( GEOMETRIC_REPRESENTATION_CONTEXT(2) 
PARAMETRIC_REPRESENTATION_CONTEXT() REPRESENTATION_CONTEXT('2D SPACE',''
  ) );
#8908 = PCURVE('',#6636,#8909);
#8909 = DEFINITIONAL_REPRESENTATION('',(#8910),#8914);
#8910 = LINE('',#8911,#8912);
#8911 = CARTESIAN_POINT('',(25.255,-3.3));
#8912 = VECTOR('',#8913,1.);
#8913 = DIRECTION('',(-2.22044604925E-16,1.));
#8914 = ( GEOMETRIC_REPRESENTATION_CONTEXT(2) 
PARAMETRIC_REPRESENTATION_CONTEXT() REPRESENTATION_CONTEXT('2D SPACE',''
  ) );
#8915 = ORIENTED_EDGE('',*,*,#5899,.F.);
#8916 = ORIENTED_EDGE('',*,*,#8917,.F.);
#8917 = EDGE_CURVE('',#8866,#5877,#8918,.T.);
#8918 = SURFACE_CURVE('',#8919,(#8923,#8930),.PCURVE_S1.);
#8919 = LINE('',#8920,#8921);
#8920 = CARTESIAN_POINT('',(50.,35.51,-21.6));
#8921 = VECTOR('',#8922,1.);
#8922 = DIRECTION('',(0.,-2.22044604925E-16,1.));
#8923 = PCURVE('',#5915,#8924);
#8924 = DEFINITIONAL_REPRESENTATION('',(#8925),#8929);
#8925 = LINE('',#8926,#8927);
#8926 = CARTESIAN_POINT('',(0.,-0.));
#8927 = VECTOR('',#8928,1.);
#8928 = DIRECTION('',(1.,0.));
#8929 = ( GEOMETRIC_REPRESENTATION_CONTEXT(2) 
PARAMETRIC_REPRESENTATION_CONTEXT() REPRESENTATION_CONTEXT('2D SPACE',''
  ) );
#8930 = PCURVE('',#6468,#8931);
#8931 = DEFINITIONAL_REPRESENTATION('',(#8932),#8936);
#8932 = LINE('',#8933,#8934);
#8933 = CARTESIAN_POINT('',(25.255,-3.3));
#8934 = VECTOR('',#8935,1.);
#8935 = DIRECTION('',(-2.22044604925E-16,1.));
#8936 = ( GEOMETRIC_REPRESENTATION_CONTEXT(2) 
PARAMETRIC_REPRESENTATION_CONTEXT() REPRESENTATION_CONTEXT('2D SPACE',''
  ) );
#8937 = ADVANCED_FACE('',(#8938),#6057,.T.);
#8938 = FACE_BOUND('',#8939,.T.);
#8939 = EDGE_LOOP('',(#8940,#8961,#8962,#8963,#8986,#9007));
#8940 = ORIENTED_EDGE('',*,*,#8941,.F.);
#8941 = EDGE_CURVE('',#6282,#6040,#8942,.T.);
#8942 = SURFACE_CURVE('',#8943,(#8947,#8954),.PCURVE_S1.);
#8943 = LINE('',#8944,#8945);
#8944 = CARTESIAN_POINT('',(-7.411,11.,-10.7));
#8945 = VECTOR('',#8946,1.);
#8946 = DIRECTION('',(1.,0.,-2.22044604925E-16));
#8947 = PCURVE('',#6057,#8948);
#8948 = DEFINITIONAL_REPRESENTATION('',(#8949),#8953);
#8949 = LINE('',#8950,#8951);
#8950 = CARTESIAN_POINT('',(21.4,1.055101460733E-30));
#8951 = VECTOR('',#8952,1.);
#8952 = DIRECTION('',(2.22044604925E-16,-1.));
#8953 = ( GEOMETRIC_REPRESENTATION_CONTEXT(2) 
PARAMETRIC_REPRESENTATION_CONTEXT() REPRESENTATION_CONTEXT('2D SPACE',''
  ) );
#8954 = PCURVE('',#6158,#8955);
#8955 = DEFINITIONAL_REPRESENTATION('',(#8956),#8960);
#8956 = LINE('',#8957,#8958);
#8957 = CARTESIAN_POINT('',(0.,-0.));
#8958 = VECTOR('',#8959,1.);
#8959 = DIRECTION('',(-2.22044604925E-16,-1.));
#8960 = ( GEOMETRIC_REPRESENTATION_CONTEXT(2) 
PARAMETRIC_REPRESENTATION_CONTEXT() REPRESENTATION_CONTEXT('2D SPACE',''
  ) );
#8961 = ORIENTED_EDGE('',*,*,#6304,.T.);
#8962 = ORIENTED_EDGE('',*,*,#6231,.F.);
#8963 = ORIENTED_EDGE('',*,*,#8964,.F.);
#8964 = EDGE_CURVE('',#8965,#6199,#8967,.T.);
#8965 = VERTEX_POINT('',#8966);
#8966 = CARTESIAN_POINT('',(29.689,11.,-9.9));
#8967 = SURFACE_CURVE('',#8968,(#8972,#8979),.PCURVE_S1.);
#8968 = LINE('',#8969,#8970);
#8969 = CARTESIAN_POINT('',(29.689,11.,5.35));
#8970 = VECTOR('',#8971,1.);
#8971 = DIRECTION('',(0.,-2.22044604925E-16,1.));
#8972 = PCURVE('',#6057,#8973);
#8973 = DEFINITIONAL_REPRESENTATION('',(#8974),#8978);
#8974 = LINE('',#8975,#8976);
#8975 = CARTESIAN_POINT('',(5.35,-37.1));
#8976 = VECTOR('',#8977,1.);
#8977 = DIRECTION('',(-1.,0.));
#8978 = ( GEOMETRIC_REPRESENTATION_CONTEXT(2) 
PARAMETRIC_REPRESENTATION_CONTEXT() REPRESENTATION_CONTEXT('2D SPACE',''
  ) );
#8979 = PCURVE('',#6215,#8980);
#8980 = DEFINITIONAL_REPRESENTATION('',(#8981),#8985);
#8981 = LINE('',#8982,#8983);
#8982 = CARTESIAN_POINT('',(-1.5,5.35));
#8983 = VECTOR('',#8984,1.);
#8984 = DIRECTION('',(-2.22044604925E-16,1.));
#8985 = ( GEOMETRIC_REPRESENTATION_CONTEXT(2) 
PARAMETRIC_REPRESENTATION_CONTEXT() REPRESENTATION_CONTEXT('2D SPACE',''
  ) );
#8986 = ORIENTED_EDGE('',*,*,#8987,.F.);
#8987 = EDGE_CURVE('',#6042,#8965,#8988,.T.);
#8988 = SURFACE_CURVE('',#8989,(#8993,#9000),.PCURVE_S1.);
#8989 = LINE('',#8990,#8991);
#8990 = CARTESIAN_POINT('',(11.139,11.,-9.9));
#8991 = VECTOR('',#8992,1.);
#8992 = DIRECTION('',(-1.,-0.,2.22044604925E-16));
#8993 = PCURVE('',#6057,#8994);
#8994 = DEFINITIONAL_REPRESENTATION('',(#8995),#8999);
#8995 = LINE('',#8996,#8997);
#8996 = CARTESIAN_POINT('',(20.6,-18.55));
#8997 = VECTOR('',#8998,1.);
#8998 = DIRECTION('',(-2.22044604925E-16,1.));
#8999 = ( GEOMETRIC_REPRESENTATION_CONTEXT(2) 
PARAMETRIC_REPRESENTATION_CONTEXT() REPRESENTATION_CONTEXT('2D SPACE',''
  ) );
#9000 = PCURVE('',#6085,#9001);
#9001 = DEFINITIONAL_REPRESENTATION('',(#9002),#9006);
#9002 = LINE('',#9003,#9004);
#9003 = CARTESIAN_POINT('',(38.5,18.55));
#9004 = VECTOR('',#9005,1.);
#9005 = DIRECTION('',(2.22044604925E-16,1.));
#9006 = ( GEOMETRIC_REPRESENTATION_CONTEXT(2) 
PARAMETRIC_REPRESENTATION_CONTEXT() REPRESENTATION_CONTEXT('2D SPACE',''
  ) );
#9007 = ORIENTED_EDGE('',*,*,#6039,.F.);
#9008 = ADVANCED_FACE('',(#9009),#6158,.T.);
#9009 = FACE_BOUND('',#9010,.T.);
#9010 = EDGE_LOOP('',(#9011,#9012,#9013,#9014));
#9011 = ORIENTED_EDGE('',*,*,#6279,.T.);
#9012 = ORIENTED_EDGE('',*,*,#8941,.T.);
#9013 = ORIENTED_EDGE('',*,*,#6144,.F.);
#9014 = ORIENTED_EDGE('',*,*,#6352,.T.);
#9015 = ADVANCED_FACE('',(#9016),#6085,.T.);
#9016 = FACE_BOUND('',#9017,.T.);
#9017 = EDGE_LOOP('',(#9018,#9039,#9040,#9041));
#9018 = ORIENTED_EDGE('',*,*,#9019,.F.);
#9019 = EDGE_CURVE('',#6176,#8965,#9020,.T.);
#9020 = SURFACE_CURVE('',#9021,(#9025,#9032),.PCURVE_S1.);
#9021 = LINE('',#9022,#9023);
#9022 = CARTESIAN_POINT('',(29.689,-27.5,-9.9));
#9023 = VECTOR('',#9024,1.);
#9024 = DIRECTION('',(-2.22044604925E-16,1.,0.));
#9025 = PCURVE('',#6085,#9026);
#9026 = DEFINITIONAL_REPRESENTATION('',(#9027),#9031);
#9027 = LINE('',#9028,#9029);
#9028 = CARTESIAN_POINT('',(0.,-0.));
#9029 = VECTOR('',#9030,1.);
#9030 = DIRECTION('',(1.,-1.094764425253E-47));
#9031 = ( GEOMETRIC_REPRESENTATION_CONTEXT(2) 
PARAMETRIC_REPRESENTATION_CONTEXT() REPRESENTATION_CONTEXT('2D SPACE',''
  ) );
#9032 = PCURVE('',#6215,#9033);
#9033 = DEFINITIONAL_REPRESENTATION('',(#9034),#9038);
#9034 = LINE('',#9035,#9036);
#9035 = CARTESIAN_POINT('',(-40.,-9.9));
#9036 = VECTOR('',#9037,1.);
#9037 = DIRECTION('',(1.,0.));
#9038 = ( GEOMETRIC_REPRESENTATION_CONTEXT(2) 
PARAMETRIC_REPRESENTATION_CONTEXT() REPRESENTATION_CONTEXT('2D SPACE',''
  ) );
#9039 = ORIENTED_EDGE('',*,*,#6175,.F.);
#9040 = ORIENTED_EDGE('',*,*,#6069,.F.);
#9041 = ORIENTED_EDGE('',*,*,#8987,.T.);
#9042 = ADVANCED_FACE('',(#9043),#6215,.T.);
#9043 = FACE_BOUND('',#9044,.T.);
#9044 = EDGE_LOOP('',(#9045,#9046,#9047));
#9045 = ORIENTED_EDGE('',*,*,#6198,.F.);
#9046 = ORIENTED_EDGE('',*,*,#9019,.T.);
#9047 = ORIENTED_EDGE('',*,*,#8964,.T.);
#9048 = ADVANCED_FACE('',(#9049),#6468,.F.);
#9049 = FACE_BOUND('',#9050,.F.);
#9050 = EDGE_LOOP('',(#9051,#9074,#9075,#9076,#9077,#9078));
#9051 = ORIENTED_EDGE('',*,*,#9052,.T.);
#9052 = EDGE_CURVE('',#9053,#8866,#9055,.T.);
#9053 = VERTEX_POINT('',#9054);
#9054 = CARTESIAN_POINT('',(50.,-15.,-21.6));
#9055 = SURFACE_CURVE('',#9056,(#9060,#9067),.PCURVE_S1.);
#9056 = LINE('',#9057,#9058);
#9057 = CARTESIAN_POINT('',(50.,-15.,-21.6));
#9058 = VECTOR('',#9059,1.);
#9059 = DIRECTION('',(-2.22044604925E-16,1.,0.));
#9060 = PCURVE('',#6468,#9061);
#9061 = DEFINITIONAL_REPRESENTATION('',(#9062),#9066);
#9062 = LINE('',#9063,#9064);
#9063 = CARTESIAN_POINT('',(-25.255,-3.3));
#9064 = VECTOR('',#9065,1.);
#9065 = DIRECTION('',(1.,0.));
#9066 = ( GEOMETRIC_REPRESENTATION_CONTEXT(2) 
PARAMETRIC_REPRESENTATION_CONTEXT() REPRESENTATION_CONTEXT('2D SPACE',''
  ) );
#9067 = PCURVE('',#8883,#9068);
#9068 = DEFINITIONAL_REPRESENTATION('',(#9069),#9073);
#9069 = LINE('',#9070,#9071);
#9070 = CARTESIAN_POINT('',(0.,-0.));
#9071 = VECTOR('',#9072,1.);
#9072 = DIRECTION('',(1.,-1.094764425253E-47));
#9073 = ( GEOMETRIC_REPRESENTATION_CONTEXT(2) 
PARAMETRIC_REPRESENTATION_CONTEXT() REPRESENTATION_CONTEXT('2D SPACE',''
  ) );
#9074 = ORIENTED_EDGE('',*,*,#8917,.T.);
#9075 = ORIENTED_EDGE('',*,*,#6454,.T.);
#9076 = ORIENTED_EDGE('',*,*,#6518,.T.);
#9077 = ORIENTED_EDGE('',*,*,#6596,.T.);
#9078 = ORIENTED_EDGE('',*,*,#9079,.T.);
#9079 = EDGE_CURVE('',#6597,#9053,#9080,.T.);
#9080 = SURFACE_CURVE('',#9081,(#9085,#9092),.PCURVE_S1.);
#9081 = LINE('',#9082,#9083);
#9082 = CARTESIAN_POINT('',(50.,-15.,-15.));
#9083 = VECTOR('',#9084,1.);
#9084 = DIRECTION('',(0.,2.22044604925E-16,-1.));
#9085 = PCURVE('',#6468,#9086);
#9086 = DEFINITIONAL_REPRESENTATION('',(#9087),#9091);
#9087 = LINE('',#9088,#9089);
#9088 = CARTESIAN_POINT('',(-25.255,3.3));
#9089 = VECTOR('',#9090,1.);
#9090 = DIRECTION('',(2.22044604925E-16,-1.));
#9091 = ( GEOMETRIC_REPRESENTATION_CONTEXT(2) 
PARAMETRIC_REPRESENTATION_CONTEXT() REPRESENTATION_CONTEXT('2D SPACE',''
  ) );
#9092 = PCURVE('',#6662,#9093);
#9093 = DEFINITIONAL_REPRESENTATION('',(#9094),#9098);
#9094 = LINE('',#9095,#9096);
#9095 = CARTESIAN_POINT('',(0.,-0.));
#9096 = VECTOR('',#9097,1.);
#9097 = DIRECTION('',(1.,0.));
#9098 = ( GEOMETRIC_REPRESENTATION_CONTEXT(2) 
PARAMETRIC_REPRESENTATION_CONTEXT() REPRESENTATION_CONTEXT('2D SPACE',''
  ) );
#9099 = ADVANCED_FACE('',(#9100),#6396,.F.);
#9100 = FACE_BOUND('',#9101,.F.);
#9101 = EDGE_LOOP('',(#9102,#9103,#9104,#9105));
#9102 = ORIENTED_EDGE('',*,*,#8765,.F.);
#9103 = ORIENTED_EDGE('',*,*,#8239,.F.);
#9104 = ORIENTED_EDGE('',*,*,#6408,.T.);
#9105 = ORIENTED_EDGE('',*,*,#6380,.T.);
#9106 = ADVANCED_FACE('',(#9107),#6499,.F.);
#9107 = FACE_BOUND('',#9108,.F.);
#9108 = EDGE_LOOP('',(#9109,#9110,#9133,#9154,#9155,#9176,#9177));
#9109 = ORIENTED_EDGE('',*,*,#7314,.F.);
#9110 = ORIENTED_EDGE('',*,*,#9111,.T.);
#9111 = EDGE_CURVE('',#5497,#9112,#9114,.T.);
#9112 = VERTEX_POINT('',#9113);
#9113 = CARTESIAN_POINT('',(32.589,28.55,15.));
#9114 = SURFACE_CURVE('',#9115,(#9119,#9126),.PCURVE_S1.);
#9115 = LINE('',#9116,#9117);
#9116 = CARTESIAN_POINT('',(27.2,28.55,15.));
#9117 = VECTOR('',#9118,1.);
#9118 = DIRECTION('',(1.,0.,-2.22044604925E-16));
#9119 = PCURVE('',#6499,#9120);
#9120 = DEFINITIONAL_REPRESENTATION('',(#9121),#9125);
#9121 = LINE('',#9122,#9123);
#9122 = CARTESIAN_POINT('',(6.96,-27.2));
#9123 = VECTOR('',#9124,1.);
#9124 = DIRECTION('',(2.22044604925E-16,-1.));
#9125 = ( GEOMETRIC_REPRESENTATION_CONTEXT(2) 
PARAMETRIC_REPRESENTATION_CONTEXT() REPRESENTATION_CONTEXT('2D SPACE',''
  ) );
#9126 = PCURVE('',#8551,#9127);
#9127 = DEFINITIONAL_REPRESENTATION('',(#9128),#9132);
#9128 = LINE('',#9129,#9130);
#9129 = CARTESIAN_POINT('',(6.96,-27.2));
#9130 = VECTOR('',#9131,1.);
#9131 = DIRECTION('',(2.22044604925E-16,-1.));
#9132 = ( GEOMETRIC_REPRESENTATION_CONTEXT(2) 
PARAMETRIC_REPRESENTATION_CONTEXT() REPRESENTATION_CONTEXT('2D SPACE',''
  ) );
#9133 = ORIENTED_EDGE('',*,*,#9134,.F.);
#9134 = EDGE_CURVE('',#7479,#9112,#9135,.T.);
#9135 = SURFACE_CURVE('',#9136,(#9140,#9147),.PCURVE_S1.);
#9136 = LINE('',#9137,#9138);
#9137 = CARTESIAN_POINT('',(32.589,35.51,15.));
#9138 = VECTOR('',#9139,1.);
#9139 = DIRECTION('',(2.22044604925E-16,-1.,0.));
#9140 = PCURVE('',#6499,#9141);
#9141 = DEFINITIONAL_REPRESENTATION('',(#9142),#9146);
#9142 = LINE('',#9143,#9144);
#9143 = CARTESIAN_POINT('',(7.236211629901E-15,-32.589));
#9144 = VECTOR('',#9145,1.);
#9145 = DIRECTION('',(1.,1.094764425253E-47));
#9146 = ( GEOMETRIC_REPRESENTATION_CONTEXT(2) 
PARAMETRIC_REPRESENTATION_CONTEXT() REPRESENTATION_CONTEXT('2D SPACE',''
  ) );
#9147 = PCURVE('',#8551,#9148);
#9148 = DEFINITIONAL_REPRESENTATION('',(#9149),#9153);
#9149 = LINE('',#9150,#9151);
#9150 = CARTESIAN_POINT('',(7.236211629901E-15,-32.589));
#9151 = VECTOR('',#9152,1.);
#9152 = DIRECTION('',(1.,1.094764425253E-47));
#9153 = ( GEOMETRIC_REPRESENTATION_CONTEXT(2) 
PARAMETRIC_REPRESENTATION_CONTEXT() REPRESENTATION_CONTEXT('2D SPACE',''
  ) );
#9154 = ORIENTED_EDGE('',*,*,#7586,.T.);
#9155 = ORIENTED_EDGE('',*,*,#9156,.F.);
#9156 = EDGE_CURVE('',#6544,#7559,#9157,.T.);
#9157 = SURFACE_CURVE('',#9158,(#9162,#9169),.PCURVE_S1.);
#9158 = LINE('',#9159,#9160);
#9159 = CARTESIAN_POINT('',(50.,-15.,15.));
#9160 = VECTOR('',#9161,1.);
#9161 = DIRECTION('',(-2.22044604925E-16,1.,0.));
#9162 = PCURVE('',#6499,#9163);
#9163 = DEFINITIONAL_REPRESENTATION('',(#9164),#9168);
#9164 = LINE('',#9165,#9166);
#9165 = CARTESIAN_POINT('',(50.51,-50.));
#9166 = VECTOR('',#9167,1.);
#9167 = DIRECTION('',(-1.,-1.094764425253E-47));
#9168 = ( GEOMETRIC_REPRESENTATION_CONTEXT(2) 
PARAMETRIC_REPRESENTATION_CONTEXT() REPRESENTATION_CONTEXT('2D SPACE',''
  ) );
#9169 = PCURVE('',#6580,#9170);
#9170 = DEFINITIONAL_REPRESENTATION('',(#9171),#9175);
#9171 = LINE('',#9172,#9173);
#9172 = CARTESIAN_POINT('',(-25.255,-3.3));
#9173 = VECTOR('',#9174,1.);
#9174 = DIRECTION('',(1.,0.));
#9175 = ( GEOMETRIC_REPRESENTATION_CONTEXT(2) 
PARAMETRIC_REPRESENTATION_CONTEXT() REPRESENTATION_CONTEXT('2D SPACE',''
  ) );
#9176 = ORIENTED_EDGE('',*,*,#6543,.F.);
#9177 = ORIENTED_EDGE('',*,*,#6485,.T.);
#9178 = ADVANCED_FACE('',(#9179),#6580,.F.);
#9179 = FACE_BOUND('',#9180,.F.);
#9180 = EDGE_LOOP('',(#9181,#9182,#9183,#9184,#9207,#9235));
#9181 = ORIENTED_EDGE('',*,*,#7237,.T.);
#9182 = ORIENTED_EDGE('',*,*,#6566,.T.);
#9183 = ORIENTED_EDGE('',*,*,#9156,.T.);
#9184 = ORIENTED_EDGE('',*,*,#9185,.T.);
#9185 = EDGE_CURVE('',#7559,#9186,#9188,.T.);
#9186 = VERTEX_POINT('',#9187);
#9187 = CARTESIAN_POINT('',(50.,35.51,21.6));
#9188 = SURFACE_CURVE('',#9189,(#9193,#9200),.PCURVE_S1.);
#9189 = LINE('',#9190,#9191);
#9190 = CARTESIAN_POINT('',(50.,35.51,15.));
#9191 = VECTOR('',#9192,1.);
#9192 = DIRECTION('',(0.,-2.22044604925E-16,1.));
#9193 = PCURVE('',#6580,#9194);
#9194 = DEFINITIONAL_REPRESENTATION('',(#9195),#9199);
#9195 = LINE('',#9196,#9197);
#9196 = CARTESIAN_POINT('',(25.255,-3.3));
#9197 = VECTOR('',#9198,1.);
#9198 = DIRECTION('',(-2.22044604925E-16,1.));
#9199 = ( GEOMETRIC_REPRESENTATION_CONTEXT(2) 
PARAMETRIC_REPRESENTATION_CONTEXT() REPRESENTATION_CONTEXT('2D SPACE',''
  ) );
#9200 = PCURVE('',#7574,#9201);
#9201 = DEFINITIONAL_REPRESENTATION('',(#9202),#9206);
#9202 = LINE('',#9203,#9204);
#9203 = CARTESIAN_POINT('',(0.,-0.));
#9204 = VECTOR('',#9205,1.);
#9205 = DIRECTION('',(1.,0.));
#9206 = ( GEOMETRIC_REPRESENTATION_CONTEXT(2) 
PARAMETRIC_REPRESENTATION_CONTEXT() REPRESENTATION_CONTEXT('2D SPACE',''
  ) );
#9207 = ORIENTED_EDGE('',*,*,#9208,.T.);
#9208 = EDGE_CURVE('',#9186,#9209,#9211,.T.);
#9209 = VERTEX_POINT('',#9210);
#9210 = CARTESIAN_POINT('',(50.,-15.,21.6));
#9211 = SURFACE_CURVE('',#9212,(#9216,#9223),.PCURVE_S1.);
#9212 = LINE('',#9213,#9214);
#9213 = CARTESIAN_POINT('',(50.,35.51,21.6));
#9214 = VECTOR('',#9215,1.);
#9215 = DIRECTION('',(2.22044604925E-16,-1.,0.));
#9216 = PCURVE('',#6580,#9217);
#9217 = DEFINITIONAL_REPRESENTATION('',(#9218),#9222);
#9218 = LINE('',#9219,#9220);
#9219 = CARTESIAN_POINT('',(25.255,3.3));
#9220 = VECTOR('',#9221,1.);
#9221 = DIRECTION('',(-1.,0.));
#9222 = ( GEOMETRIC_REPRESENTATION_CONTEXT(2) 
PARAMETRIC_REPRESENTATION_CONTEXT() REPRESENTATION_CONTEXT('2D SPACE',''
  ) );
#9223 = PCURVE('',#9224,#9229);
#9224 = PLANE('',#9225);
#9225 = AXIS2_PLACEMENT_3D('',#9226,#9227,#9228);
#9226 = CARTESIAN_POINT('',(50.,35.51,21.6));
#9227 = DIRECTION('',(0.,2.22044604925E-16,-1.));
#9228 = DIRECTION('',(2.22044604925E-16,-1.,-2.22044604925E-16));
#9229 = DEFINITIONAL_REPRESENTATION('',(#9230),#9234);
#9230 = LINE('',#9231,#9232);
#9231 = CARTESIAN_POINT('',(0.,-0.));
#9232 = VECTOR('',#9233,1.);
#9233 = DIRECTION('',(1.,1.094764425253E-47));
#9234 = ( GEOMETRIC_REPRESENTATION_CONTEXT(2) 
PARAMETRIC_REPRESENTATION_CONTEXT() REPRESENTATION_CONTEXT('2D SPACE',''
  ) );
#9235 = ORIENTED_EDGE('',*,*,#9236,.T.);
#9236 = EDGE_CURVE('',#9209,#7238,#9237,.T.);
#9237 = SURFACE_CURVE('',#9238,(#9242,#9249),.PCURVE_S1.);
#9238 = LINE('',#9239,#9240);
#9239 = CARTESIAN_POINT('',(50.,-15.,21.6));
#9240 = VECTOR('',#9241,1.);
#9241 = DIRECTION('',(0.,2.22044604925E-16,-1.));
#9242 = PCURVE('',#6580,#9243);
#9243 = DEFINITIONAL_REPRESENTATION('',(#9244),#9248);
#9244 = LINE('',#9245,#9246);
#9245 = CARTESIAN_POINT('',(-25.255,3.3));
#9246 = VECTOR('',#9247,1.);
#9247 = DIRECTION('',(2.22044604925E-16,-1.));
#9248 = ( GEOMETRIC_REPRESENTATION_CONTEXT(2) 
PARAMETRIC_REPRESENTATION_CONTEXT() REPRESENTATION_CONTEXT('2D SPACE',''
  ) );
#9249 = PCURVE('',#7276,#9250);
#9250 = DEFINITIONAL_REPRESENTATION('',(#9251),#9255);
#9251 = LINE('',#9252,#9253);
#9252 = CARTESIAN_POINT('',(0.,-0.));
#9253 = VECTOR('',#9254,1.);
#9254 = DIRECTION('',(1.,0.));
#9255 = ( GEOMETRIC_REPRESENTATION_CONTEXT(2) 
PARAMETRIC_REPRESENTATION_CONTEXT() REPRESENTATION_CONTEXT('2D SPACE',''
  ) );
#9256 = ADVANCED_FACE('',(#9257),#6662,.F.);
#9257 = FACE_BOUND('',#9258,.F.);
#9258 = EDGE_LOOP('',(#9259,#9260,#9283,#9304));
#9259 = ORIENTED_EDGE('',*,*,#6648,.T.);
#9260 = ORIENTED_EDGE('',*,*,#9261,.T.);
#9261 = EDGE_CURVE('',#6621,#9262,#9264,.T.);
#9262 = VERTEX_POINT('',#9263);
#9263 = CARTESIAN_POINT('',(68.589,-15.,-21.6));
#9264 = SURFACE_CURVE('',#9265,(#9269,#9276),.PCURVE_S1.);
#9265 = LINE('',#9266,#9267);
#9266 = CARTESIAN_POINT('',(68.589,-15.,-15.));
#9267 = VECTOR('',#9268,1.);
#9268 = DIRECTION('',(0.,2.22044604925E-16,-1.));
#9269 = PCURVE('',#6662,#9270);
#9270 = DEFINITIONAL_REPRESENTATION('',(#9271),#9275);
#9271 = LINE('',#9272,#9273);
#9272 = CARTESIAN_POINT('',(9.165084604468E-31,-18.589));
#9273 = VECTOR('',#9274,1.);
#9274 = DIRECTION('',(1.,0.));
#9275 = ( GEOMETRIC_REPRESENTATION_CONTEXT(2) 
PARAMETRIC_REPRESENTATION_CONTEXT() REPRESENTATION_CONTEXT('2D SPACE',''
  ) );
#9276 = PCURVE('',#6636,#9277);
#9277 = DEFINITIONAL_REPRESENTATION('',(#9278),#9282);
#9278 = LINE('',#9279,#9280);
#9279 = CARTESIAN_POINT('',(-25.255,3.3));
#9280 = VECTOR('',#9281,1.);
#9281 = DIRECTION('',(2.22044604925E-16,-1.));
#9282 = ( GEOMETRIC_REPRESENTATION_CONTEXT(2) 
PARAMETRIC_REPRESENTATION_CONTEXT() REPRESENTATION_CONTEXT('2D SPACE',''
  ) );
#9283 = ORIENTED_EDGE('',*,*,#9284,.F.);
#9284 = EDGE_CURVE('',#9053,#9262,#9285,.T.);
#9285 = SURFACE_CURVE('',#9286,(#9290,#9297),.PCURVE_S1.);
#9286 = LINE('',#9287,#9288);
#9287 = CARTESIAN_POINT('',(50.,-15.,-21.6));
#9288 = VECTOR('',#9289,1.);
#9289 = DIRECTION('',(1.,0.,-2.22044604925E-16));
#9290 = PCURVE('',#6662,#9291);
#9291 = DEFINITIONAL_REPRESENTATION('',(#9292),#9296);
#9292 = LINE('',#9293,#9294);
#9293 = CARTESIAN_POINT('',(6.6,3.254051234036E-31));
#9294 = VECTOR('',#9295,1.);
#9295 = DIRECTION('',(2.22044604925E-16,-1.));
#9296 = ( GEOMETRIC_REPRESENTATION_CONTEXT(2) 
PARAMETRIC_REPRESENTATION_CONTEXT() REPRESENTATION_CONTEXT('2D SPACE',''
  ) );
#9297 = PCURVE('',#8883,#9298);
#9298 = DEFINITIONAL_REPRESENTATION('',(#9299),#9303);
#9299 = LINE('',#9300,#9301);
#9300 = CARTESIAN_POINT('',(0.,-0.));
#9301 = VECTOR('',#9302,1.);
#9302 = DIRECTION('',(-2.22044604925E-16,-1.));
#9303 = ( GEOMETRIC_REPRESENTATION_CONTEXT(2) 
PARAMETRIC_REPRESENTATION_CONTEXT() REPRESENTATION_CONTEXT('2D SPACE',''
  ) );
#9304 = ORIENTED_EDGE('',*,*,#9079,.F.);
#9305 = ADVANCED_FACE('',(#9306,#9356,#9391),#6636,.T.);
#9306 = FACE_BOUND('',#9307,.T.);
#9307 = EDGE_LOOP('',(#9308,#9309,#9310,#9331,#9332,#9333,#9334,#9355));
#9308 = ORIENTED_EDGE('',*,*,#6620,.T.);
#9309 = ORIENTED_EDGE('',*,*,#9261,.T.);
#9310 = ORIENTED_EDGE('',*,*,#9311,.T.);
#9311 = EDGE_CURVE('',#9262,#8868,#9312,.T.);
#9312 = SURFACE_CURVE('',#9313,(#9317,#9324),.PCURVE_S1.);
#9313 = LINE('',#9314,#9315);
#9314 = CARTESIAN_POINT('',(68.589,-15.,-21.6));
#9315 = VECTOR('',#9316,1.);
#9316 = DIRECTION('',(-2.22044604925E-16,1.,0.));
#9317 = PCURVE('',#6636,#9318);
#9318 = DEFINITIONAL_REPRESENTATION('',(#9319),#9323);
#9319 = LINE('',#9320,#9321);
#9320 = CARTESIAN_POINT('',(-25.255,-3.3));
#9321 = VECTOR('',#9322,1.);
#9322 = DIRECTION('',(1.,0.));
#9323 = ( GEOMETRIC_REPRESENTATION_CONTEXT(2) 
PARAMETRIC_REPRESENTATION_CONTEXT() REPRESENTATION_CONTEXT('2D SPACE',''
  ) );
#9324 = PCURVE('',#8883,#9325);
#9325 = DEFINITIONAL_REPRESENTATION('',(#9326),#9330);
#9326 = LINE('',#9327,#9328);
#9327 = CARTESIAN_POINT('',(-4.127587160951E-15,-18.589));
#9328 = VECTOR('',#9329,1.);
#9329 = DIRECTION('',(1.,-1.094764425253E-47));
#9330 = ( GEOMETRIC_REPRESENTATION_CONTEXT(2) 
PARAMETRIC_REPRESENTATION_CONTEXT() REPRESENTATION_CONTEXT('2D SPACE',''
  ) );
#9331 = ORIENTED_EDGE('',*,*,#8895,.T.);
#9332 = ORIENTED_EDGE('',*,*,#8840,.F.);
#9333 = ORIENTED_EDGE('',*,*,#6821,.T.);
#9334 = ORIENTED_EDGE('',*,*,#9335,.F.);
#9335 = EDGE_CURVE('',#6678,#6822,#9336,.T.);
#9336 = SURFACE_CURVE('',#9337,(#9341,#9348),.PCURVE_S1.);
#9337 = LINE('',#9338,#9339);
#9338 = CARTESIAN_POINT('',(68.589,-10.112,-15.));
#9339 = VECTOR('',#9340,1.);
#9340 = DIRECTION('',(-2.22044604925E-16,1.,0.));
#9341 = PCURVE('',#6636,#9342);
#9342 = DEFINITIONAL_REPRESENTATION('',(#9343),#9347);
#9343 = LINE('',#9344,#9345);
#9344 = CARTESIAN_POINT('',(-20.367,3.3));
#9345 = VECTOR('',#9346,1.);
#9346 = DIRECTION('',(1.,0.));
#9347 = ( GEOMETRIC_REPRESENTATION_CONTEXT(2) 
PARAMETRIC_REPRESENTATION_CONTEXT() REPRESENTATION_CONTEXT('2D SPACE',''
  ) );
#9348 = PCURVE('',#6716,#9349);
#9349 = DEFINITIONAL_REPRESENTATION('',(#9350),#9354);
#9350 = LINE('',#9351,#9352);
#9351 = CARTESIAN_POINT('',(-22.811,-1.375));
#9352 = VECTOR('',#9353,1.);
#9353 = DIRECTION('',(1.,0.));
#9354 = ( GEOMETRIC_REPRESENTATION_CONTEXT(2) 
PARAMETRIC_REPRESENTATION_CONTEXT() REPRESENTATION_CONTEXT('2D SPACE',''
  ) );
#9355 = ORIENTED_EDGE('',*,*,#6677,.T.);
#9356 = FACE_BOUND('',#9357,.T.);
#9357 = EDGE_LOOP('',(#9358));
#9358 = ORIENTED_EDGE('',*,*,#9359,.T.);
#9359 = EDGE_CURVE('',#9360,#9360,#9362,.T.);
#9360 = VERTEX_POINT('',#9361);
#9361 = CARTESIAN_POINT('',(68.589,16.55,-17.5));
#9362 = SURFACE_CURVE('',#9363,(#9368,#9379),.PCURVE_S1.);
#9363 = CIRCLE('',#9364,2.05);
#9364 = AXIS2_PLACEMENT_3D('',#9365,#9366,#9367);
#9365 = CARTESIAN_POINT('',(68.589,14.5,-17.5));
#9366 = DIRECTION('',(-1.,-2.22044604925E-16,-4.930380657631E-32));
#9367 = DIRECTION('',(-2.22044604925E-16,1.,0.));
#9368 = PCURVE('',#6636,#9369);
#9369 = DEFINITIONAL_REPRESENTATION('',(#9370),#9378);
#9370 = ( BOUNDED_CURVE() B_SPLINE_CURVE(2,(#9371,#9372,#9373,#9374,
#9375,#9376,#9377),.UNSPECIFIED.,.T.,.F.) B_SPLINE_CURVE_WITH_KNOTS((1,2
    ,2,2,2,1),(-2.094395102393,0.,2.094395102393,4.188790204786,
6.28318530718,8.377580409573),.UNSPECIFIED.) CURVE() 
GEOMETRIC_REPRESENTATION_ITEM() RATIONAL_B_SPLINE_CURVE((1.,0.5,1.,0.5,
1.,0.5,1.)) REPRESENTATION_ITEM('') );
#9371 = CARTESIAN_POINT('',(6.295,0.8));
#9372 = CARTESIAN_POINT('',(6.295,-2.750704155516));
#9373 = CARTESIAN_POINT('',(3.22,-0.975352077758));
#9374 = CARTESIAN_POINT('',(0.145,0.8));
#9375 = CARTESIAN_POINT('',(3.22,2.575352077758));
#9376 = CARTESIAN_POINT('',(6.295,4.350704155516));
#9377 = CARTESIAN_POINT('',(6.295,0.8));
#9378 = ( GEOMETRIC_REPRESENTATION_CONTEXT(2) 
PARAMETRIC_REPRESENTATION_CONTEXT() REPRESENTATION_CONTEXT('2D SPACE',''
  ) );
#9379 = PCURVE('',#9380,#9385);
#9380 = CYLINDRICAL_SURFACE('',#9381,2.05);
#9381 = AXIS2_PLACEMENT_3D('',#9382,#9383,#9384);
#9382 = CARTESIAN_POINT('',(61.089,14.5,-17.5));
#9383 = DIRECTION('',(-1.,0.,2.22044604925E-16));
#9384 = DIRECTION('',(-1.094764425253E-47,1.,-4.93038065763E-32));
#9385 = DEFINITIONAL_REPRESENTATION('',(#9386),#9390);
#9386 = LINE('',#9387,#9388);
#9387 = CARTESIAN_POINT('',(-4.138911435803E-13,-7.5));
#9388 = VECTOR('',#9389,1.);
#9389 = DIRECTION('',(1.,-0.));
#9390 = ( GEOMETRIC_REPRESENTATION_CONTEXT(2) 
PARAMETRIC_REPRESENTATION_CONTEXT() REPRESENTATION_CONTEXT('2D SPACE',''
  ) );
#9391 = FACE_BOUND('',#9392,.T.);
#9392 = EDGE_LOOP('',(#9393));
#9393 = ORIENTED_EDGE('',*,*,#9394,.T.);
#9394 = EDGE_CURVE('',#9395,#9395,#9397,.T.);
#9395 = VERTEX_POINT('',#9396);
#9396 = CARTESIAN_POINT('',(68.589,33.05,-17.5));
#9397 = SURFACE_CURVE('',#9398,(#9403,#9414),.PCURVE_S1.);
#9398 = CIRCLE('',#9399,2.05);
#9399 = AXIS2_PLACEMENT_3D('',#9400,#9401,#9402);
#9400 = CARTESIAN_POINT('',(68.589,31.,-17.5));
#9401 = DIRECTION('',(-1.,-2.22044604925E-16,-4.930380657631E-32));
#9402 = DIRECTION('',(-2.22044604925E-16,1.,0.));
#9403 = PCURVE('',#6636,#9404);
#9404 = DEFINITIONAL_REPRESENTATION('',(#9405),#9413);
#9405 = ( BOUNDED_CURVE() B_SPLINE_CURVE(2,(#9406,#9407,#9408,#9409,
#9410,#9411,#9412),.UNSPECIFIED.,.T.,.F.) B_SPLINE_CURVE_WITH_KNOTS((1,2
    ,2,2,2,1),(-2.094395102393,0.,2.094395102393,4.188790204786,
6.28318530718,8.377580409573),.UNSPECIFIED.) CURVE() 
GEOMETRIC_REPRESENTATION_ITEM() RATIONAL_B_SPLINE_CURVE((1.,0.5,1.,0.5,
1.,0.5,1.)) REPRESENTATION_ITEM('') );
#9406 = CARTESIAN_POINT('',(22.795,0.8));
#9407 = CARTESIAN_POINT('',(22.795,-2.750704155516));
#9408 = CARTESIAN_POINT('',(19.72,-0.975352077758));
#9409 = CARTESIAN_POINT('',(16.645,0.8));
#9410 = CARTESIAN_POINT('',(19.72,2.575352077758));
#9411 = CARTESIAN_POINT('',(22.795,4.350704155516));
#9412 = CARTESIAN_POINT('',(22.795,0.8));
#9413 = ( GEOMETRIC_REPRESENTATION_CONTEXT(2) 
PARAMETRIC_REPRESENTATION_CONTEXT() REPRESENTATION_CONTEXT('2D SPACE',''
  ) );
#9414 = PCURVE('',#9415,#9420);
#9415 = CYLINDRICAL_SURFACE('',#9416,2.05);
#9416 = AXIS2_PLACEMENT_3D('',#9417,#9418,#9419);
#9417 = CARTESIAN_POINT('',(61.089,31.,-17.5));
#9418 = DIRECTION('',(-1.,0.,2.22044604925E-16));
#9419 = DIRECTION('',(-1.094764425253E-47,1.,-4.93038065763E-32));
#9420 = DEFINITIONAL_REPRESENTATION('',(#9421),#9425);
#9421 = LINE('',#9422,#9423);
#9422 = CARTESIAN_POINT('',(-4.138911435803E-13,-7.5));
#9423 = VECTOR('',#9424,1.);
#9424 = DIRECTION('',(1.,-0.));
#9425 = ( GEOMETRIC_REPRESENTATION_CONTEXT(2) 
PARAMETRIC_REPRESENTATION_CONTEXT() REPRESENTATION_CONTEXT('2D SPACE',''
  ) );
#9426 = ADVANCED_FACE('',(#9427),#6716,.T.);
#9427 = FACE_BOUND('',#9428,.T.);
#9428 = EDGE_LOOP('',(#9429,#9430,#9431));
#9429 = ORIENTED_EDGE('',*,*,#6849,.T.);
#9430 = ORIENTED_EDGE('',*,*,#6700,.T.);
#9431 = ORIENTED_EDGE('',*,*,#9335,.T.);
#9432 = ADVANCED_FACE('',(#9433),#6777,.T.);
#9433 = FACE_BOUND('',#9434,.T.);
#9434 = EDGE_LOOP('',(#9435,#9436,#9437,#9438));
#9435 = ORIENTED_EDGE('',*,*,#8818,.F.);
#9436 = ORIENTED_EDGE('',*,*,#8792,.T.);
#9437 = ORIENTED_EDGE('',*,*,#8079,.T.);
#9438 = ORIENTED_EDGE('',*,*,#6758,.T.);
#9439 = ADVANCED_FACE('',(#9440),#7048,.T.);
#9440 = FACE_BOUND('',#9441,.T.);
#9441 = EDGE_LOOP('',(#9442,#9463,#9464));
#9442 = ORIENTED_EDGE('',*,*,#9443,.T.);
#9443 = EDGE_CURVE('',#7032,#7189,#9444,.T.);
#9444 = SURFACE_CURVE('',#9445,(#9449,#9456),.PCURVE_S1.);
#9445 = LINE('',#9446,#9447);
#9446 = CARTESIAN_POINT('',(68.589,35.51,15.));
#9447 = VECTOR('',#9448,1.);
#9448 = DIRECTION('',(2.22044604925E-16,-1.,0.));
#9449 = PCURVE('',#7048,#9450);
#9450 = DEFINITIONAL_REPRESENTATION('',(#9451),#9455);
#9451 = LINE('',#9452,#9453);
#9452 = CARTESIAN_POINT('',(22.811,1.375));
#9453 = VECTOR('',#9454,1.);
#9454 = DIRECTION('',(-1.,0.));
#9455 = ( GEOMETRIC_REPRESENTATION_CONTEXT(2) 
PARAMETRIC_REPRESENTATION_CONTEXT() REPRESENTATION_CONTEXT('2D SPACE',''
  ) );
#9456 = PCURVE('',#7081,#9457);
#9457 = DEFINITIONAL_REPRESENTATION('',(#9458),#9462);
#9458 = LINE('',#9459,#9460);
#9459 = CARTESIAN_POINT('',(25.255,-3.3));
#9460 = VECTOR('',#9461,1.);
#9461 = DIRECTION('',(-1.,0.));
#9462 = ( GEOMETRIC_REPRESENTATION_CONTEXT(2) 
PARAMETRIC_REPRESENTATION_CONTEXT() REPRESENTATION_CONTEXT('2D SPACE',''
  ) );
#9463 = ORIENTED_EDGE('',*,*,#7213,.T.);
#9464 = ORIENTED_EDGE('',*,*,#7031,.T.);
#9465 = ADVANCED_FACE('',(#9466,#9560,#9595),#7081,.T.);
#9466 = FACE_BOUND('',#9467,.T.);
#9467 = EDGE_LOOP('',(#9468,#9493,#9514,#9515,#9516,#9517,#9518,#9539));
#9468 = ORIENTED_EDGE('',*,*,#9469,.T.);
#9469 = EDGE_CURVE('',#9470,#9472,#9474,.T.);
#9470 = VERTEX_POINT('',#9471);
#9471 = CARTESIAN_POINT('',(68.589,35.51,21.6));
#9472 = VERTEX_POINT('',#9473);
#9473 = CARTESIAN_POINT('',(68.589,-15.,21.6));
#9474 = SURFACE_CURVE('',#9475,(#9479,#9486),.PCURVE_S1.);
#9475 = LINE('',#9476,#9477);
#9476 = CARTESIAN_POINT('',(68.589,35.51,21.6));
#9477 = VECTOR('',#9478,1.);
#9478 = DIRECTION('',(2.22044604925E-16,-1.,0.));
#9479 = PCURVE('',#7081,#9480);
#9480 = DEFINITIONAL_REPRESENTATION('',(#9481),#9485);
#9481 = LINE('',#9482,#9483);
#9482 = CARTESIAN_POINT('',(25.255,3.3));
#9483 = VECTOR('',#9484,1.);
#9484 = DIRECTION('',(-1.,0.));
#9485 = ( GEOMETRIC_REPRESENTATION_CONTEXT(2) 
PARAMETRIC_REPRESENTATION_CONTEXT() REPRESENTATION_CONTEXT('2D SPACE',''
  ) );
#9486 = PCURVE('',#9224,#9487);
#9487 = DEFINITIONAL_REPRESENTATION('',(#9488),#9492);
#9488 = LINE('',#9489,#9490);
#9489 = CARTESIAN_POINT('',(4.127587160951E-15,-18.589));
#9490 = VECTOR('',#9491,1.);
#9491 = DIRECTION('',(1.,1.094764425253E-47));
#9492 = ( GEOMETRIC_REPRESENTATION_CONTEXT(2) 
PARAMETRIC_REPRESENTATION_CONTEXT() REPRESENTATION_CONTEXT('2D SPACE',''
  ) );
#9493 = ORIENTED_EDGE('',*,*,#9494,.T.);
#9494 = EDGE_CURVE('',#9472,#7261,#9495,.T.);
#9495 = SURFACE_CURVE('',#9496,(#9500,#9507),.PCURVE_S1.);
#9496 = LINE('',#9497,#9498);
#9497 = CARTESIAN_POINT('',(68.589,-15.,21.6));
#9498 = VECTOR('',#9499,1.);
#9499 = DIRECTION('',(0.,2.22044604925E-16,-1.));
#9500 = PCURVE('',#7081,#9501);
#9501 = DEFINITIONAL_REPRESENTATION('',(#9502),#9506);
#9502 = LINE('',#9503,#9504);
#9503 = CARTESIAN_POINT('',(-25.255,3.3));
#9504 = VECTOR('',#9505,1.);
#9505 = DIRECTION('',(2.22044604925E-16,-1.));
#9506 = ( GEOMETRIC_REPRESENTATION_CONTEXT(2) 
PARAMETRIC_REPRESENTATION_CONTEXT() REPRESENTATION_CONTEXT('2D SPACE',''
  ) );
#9507 = PCURVE('',#7276,#9508);
#9508 = DEFINITIONAL_REPRESENTATION('',(#9509),#9513);
#9509 = LINE('',#9510,#9511);
#9510 = CARTESIAN_POINT('',(9.165084604468E-31,-18.589));
#9511 = VECTOR('',#9512,1.);
#9512 = DIRECTION('',(1.,0.));
#9513 = ( GEOMETRIC_REPRESENTATION_CONTEXT(2) 
PARAMETRIC_REPRESENTATION_CONTEXT() REPRESENTATION_CONTEXT('2D SPACE',''
  ) );
#9514 = ORIENTED_EDGE('',*,*,#7288,.T.);
#9515 = ORIENTED_EDGE('',*,*,#7188,.T.);
#9516 = ORIENTED_EDGE('',*,*,#9443,.F.);
#9517 = ORIENTED_EDGE('',*,*,#7064,.T.);
#9518 = ORIENTED_EDGE('',*,*,#9519,.F.);
#9519 = EDGE_CURVE('',#7536,#7065,#9520,.T.);
#9520 = SURFACE_CURVE('',#9521,(#9525,#9532),.PCURVE_S1.);
#9521 = LINE('',#9522,#9523);
#9522 = CARTESIAN_POINT('',(68.589,35.51,15.));
#9523 = VECTOR('',#9524,1.);
#9524 = DIRECTION('',(2.22044604925E-16,-1.,0.));
#9525 = PCURVE('',#7081,#9526);
#9526 = DEFINITIONAL_REPRESENTATION('',(#9527),#9531);
#9527 = LINE('',#9528,#9529);
#9528 = CARTESIAN_POINT('',(25.255,-3.3));
#9529 = VECTOR('',#9530,1.);
#9530 = DIRECTION('',(-1.,0.));
#9531 = ( GEOMETRIC_REPRESENTATION_CONTEXT(2) 
PARAMETRIC_REPRESENTATION_CONTEXT() REPRESENTATION_CONTEXT('2D SPACE',''
  ) );
#9532 = PCURVE('',#7114,#9533);
#9533 = DEFINITIONAL_REPRESENTATION('',(#9534),#9538);
#9534 = LINE('',#9535,#9536);
#9535 = CARTESIAN_POINT('',(22.811,1.375));
#9536 = VECTOR('',#9537,1.);
#9537 = DIRECTION('',(-1.,0.));
#9538 = ( GEOMETRIC_REPRESENTATION_CONTEXT(2) 
PARAMETRIC_REPRESENTATION_CONTEXT() REPRESENTATION_CONTEXT('2D SPACE',''
  ) );
#9539 = ORIENTED_EDGE('',*,*,#9540,.T.);
#9540 = EDGE_CURVE('',#7536,#9470,#9541,.T.);
#9541 = SURFACE_CURVE('',#9542,(#9546,#9553),.PCURVE_S1.);
#9542 = LINE('',#9543,#9544);
#9543 = CARTESIAN_POINT('',(68.589,35.51,15.));
#9544 = VECTOR('',#9545,1.);
#9545 = DIRECTION('',(0.,-2.22044604925E-16,1.));
#9546 = PCURVE('',#7081,#9547);
#9547 = DEFINITIONAL_REPRESENTATION('',(#9548),#9552);
#9548 = LINE('',#9549,#9550);
#9549 = CARTESIAN_POINT('',(25.255,-3.3));
#9550 = VECTOR('',#9551,1.);
#9551 = DIRECTION('',(-2.22044604925E-16,1.));
#9552 = ( GEOMETRIC_REPRESENTATION_CONTEXT(2) 
PARAMETRIC_REPRESENTATION_CONTEXT() REPRESENTATION_CONTEXT('2D SPACE',''
  ) );
#9553 = PCURVE('',#7574,#9554);
#9554 = DEFINITIONAL_REPRESENTATION('',(#9555),#9559);
#9555 = LINE('',#9556,#9557);
#9556 = CARTESIAN_POINT('',(-9.165084604468E-31,-18.589));
#9557 = VECTOR('',#9558,1.);
#9558 = DIRECTION('',(1.,0.));
#9559 = ( GEOMETRIC_REPRESENTATION_CONTEXT(2) 
PARAMETRIC_REPRESENTATION_CONTEXT() REPRESENTATION_CONTEXT('2D SPACE',''
  ) );
#9560 = FACE_BOUND('',#9561,.T.);
#9561 = EDGE_LOOP('',(#9562));
#9562 = ORIENTED_EDGE('',*,*,#9563,.T.);
#9563 = EDGE_CURVE('',#9564,#9564,#9566,.T.);
#9564 = VERTEX_POINT('',#9565);
#9565 = CARTESIAN_POINT('',(68.589,16.55,17.5));
#9566 = SURFACE_CURVE('',#9567,(#9572,#9583),.PCURVE_S1.);
#9567 = CIRCLE('',#9568,2.05);
#9568 = AXIS2_PLACEMENT_3D('',#9569,#9570,#9571);
#9569 = CARTESIAN_POINT('',(68.589,14.5,17.5));
#9570 = DIRECTION('',(-1.,-2.22044604925E-16,-4.930380657631E-32));
#9571 = DIRECTION('',(-2.22044604925E-16,1.,0.));
#9572 = PCURVE('',#7081,#9573);
#9573 = DEFINITIONAL_REPRESENTATION('',(#9574),#9582);
#9574 = ( BOUNDED_CURVE() B_SPLINE_CURVE(2,(#9575,#9576,#9577,#9578,
#9579,#9580,#9581),.UNSPECIFIED.,.T.,.F.) B_SPLINE_CURVE_WITH_KNOTS((1,2
    ,2,2,2,1),(-2.094395102393,0.,2.094395102393,4.188790204786,
6.28318530718,8.377580409573),.UNSPECIFIED.) CURVE() 
GEOMETRIC_REPRESENTATION_ITEM() RATIONAL_B_SPLINE_CURVE((1.,0.5,1.,0.5,
1.,0.5,1.)) REPRESENTATION_ITEM('') );
#9575 = CARTESIAN_POINT('',(6.295,-0.8));
#9576 = CARTESIAN_POINT('',(6.295,-4.350704155516));
#9577 = CARTESIAN_POINT('',(3.22,-2.575352077758));
#9578 = CARTESIAN_POINT('',(0.145,-0.8));
#9579 = CARTESIAN_POINT('',(3.22,0.975352077758));
#9580 = CARTESIAN_POINT('',(6.295,2.750704155516));
#9581 = CARTESIAN_POINT('',(6.295,-0.8));
#9582 = ( GEOMETRIC_REPRESENTATION_CONTEXT(2) 
PARAMETRIC_REPRESENTATION_CONTEXT() REPRESENTATION_CONTEXT('2D SPACE',''
  ) );
#9583 = PCURVE('',#9584,#9589);
#9584 = CYLINDRICAL_SURFACE('',#9585,2.05);
#9585 = AXIS2_PLACEMENT_3D('',#9586,#9587,#9588);
#9586 = CARTESIAN_POINT('',(61.089,14.5,17.5));
#9587 = DIRECTION('',(-1.,0.,2.22044604925E-16));
#9588 = DIRECTION('',(-1.094764425253E-47,1.,-4.93038065763E-32));
#9589 = DEFINITIONAL_REPRESENTATION('',(#9590),#9594);
#9590 = LINE('',#9591,#9592);
#9591 = CARTESIAN_POINT('',(-4.138911435803E-13,-7.5));
#9592 = VECTOR('',#9593,1.);
#9593 = DIRECTION('',(1.,-0.));
#9594 = ( GEOMETRIC_REPRESENTATION_CONTEXT(2) 
PARAMETRIC_REPRESENTATION_CONTEXT() REPRESENTATION_CONTEXT('2D SPACE',''
  ) );
#9595 = FACE_BOUND('',#9596,.T.);
#9596 = EDGE_LOOP('',(#9597));
#9597 = ORIENTED_EDGE('',*,*,#9598,.T.);
#9598 = EDGE_CURVE('',#9599,#9599,#9601,.T.);
#9599 = VERTEX_POINT('',#9600);
#9600 = CARTESIAN_POINT('',(68.589,33.05,17.5));
#9601 = SURFACE_CURVE('',#9602,(#9607,#9618),.PCURVE_S1.);
#9602 = CIRCLE('',#9603,2.05);
#9603 = AXIS2_PLACEMENT_3D('',#9604,#9605,#9606);
#9604 = CARTESIAN_POINT('',(68.589,31.,17.5));
#9605 = DIRECTION('',(-1.,-2.22044604925E-16,-4.930380657631E-32));
#9606 = DIRECTION('',(-2.22044604925E-16,1.,0.));
#9607 = PCURVE('',#7081,#9608);
#9608 = DEFINITIONAL_REPRESENTATION('',(#9609),#9617);
#9609 = ( BOUNDED_CURVE() B_SPLINE_CURVE(2,(#9610,#9611,#9612,#9613,
#9614,#9615,#9616),.UNSPECIFIED.,.T.,.F.) B_SPLINE_CURVE_WITH_KNOTS((1,2
    ,2,2,2,1),(-2.094395102393,0.,2.094395102393,4.188790204786,
6.28318530718,8.377580409573),.UNSPECIFIED.) CURVE() 
GEOMETRIC_REPRESENTATION_ITEM() RATIONAL_B_SPLINE_CURVE((1.,0.5,1.,0.5,
1.,0.5,1.)) REPRESENTATION_ITEM('') );
#9610 = CARTESIAN_POINT('',(22.795,-0.8));
#9611 = CARTESIAN_POINT('',(22.795,-4.350704155516));
#9612 = CARTESIAN_POINT('',(19.72,-2.575352077758));
#9613 = CARTESIAN_POINT('',(16.645,-0.8));
#9614 = CARTESIAN_POINT('',(19.72,0.975352077758));
#9615 = CARTESIAN_POINT('',(22.795,2.750704155516));
#9616 = CARTESIAN_POINT('',(22.795,-0.8));
#9617 = ( GEOMETRIC_REPRESENTATION_CONTEXT(2) 
PARAMETRIC_REPRESENTATION_CONTEXT() REPRESENTATION_CONTEXT('2D SPACE',''
  ) );
#9618 = PCURVE('',#9619,#9624);
#9619 = CYLINDRICAL_SURFACE('',#9620,2.05);
#9620 = AXIS2_PLACEMENT_3D('',#9621,#9622,#9623);
#9621 = CARTESIAN_POINT('',(61.089,31.,17.5));
#9622 = DIRECTION('',(-1.,0.,2.22044604925E-16));
#9623 = DIRECTION('',(-1.094764425253E-47,1.,-4.93038065763E-32));
#9624 = DEFINITIONAL_REPRESENTATION('',(#9625),#9629);
#9625 = LINE('',#9626,#9627);
#9626 = CARTESIAN_POINT('',(-4.138911435803E-13,-7.5));
#9627 = VECTOR('',#9628,1.);
#9628 = DIRECTION('',(1.,-0.));
#9629 = ( GEOMETRIC_REPRESENTATION_CONTEXT(2) 
PARAMETRIC_REPRESENTATION_CONTEXT() REPRESENTATION_CONTEXT('2D SPACE',''
  ) );
#9630 = ADVANCED_FACE('',(#9631),#7114,.T.);
#9631 = FACE_BOUND('',#9632,.T.);
#9632 = EDGE_LOOP('',(#9633,#9634,#9635,#9656));
#9633 = ORIENTED_EDGE('',*,*,#9519,.T.);
#9634 = ORIENTED_EDGE('',*,*,#7097,.T.);
#9635 = ORIENTED_EDGE('',*,*,#9636,.T.);
#9636 = EDGE_CURVE('',#7098,#7508,#9637,.T.);
#9637 = SURFACE_CURVE('',#9638,(#9642,#9649),.PCURVE_S1.);
#9638 = LINE('',#9639,#9640);
#9639 = CARTESIAN_POINT('',(68.589,-10.112,12.25));
#9640 = VECTOR('',#9641,1.);
#9641 = DIRECTION('',(-2.22044604925E-16,1.,0.));
#9642 = PCURVE('',#7114,#9643);
#9643 = DEFINITIONAL_REPRESENTATION('',(#9644),#9648);
#9644 = LINE('',#9645,#9646);
#9645 = CARTESIAN_POINT('',(-22.811,-1.375));
#9646 = VECTOR('',#9647,1.);
#9647 = DIRECTION('',(1.,0.));
#9648 = ( GEOMETRIC_REPRESENTATION_CONTEXT(2) 
PARAMETRIC_REPRESENTATION_CONTEXT() REPRESENTATION_CONTEXT('2D SPACE',''
  ) );
#9649 = PCURVE('',#7147,#9650);
#9650 = DEFINITIONAL_REPRESENTATION('',(#9651),#9655);
#9651 = LINE('',#9652,#9653);
#9652 = CARTESIAN_POINT('',(-22.811,1.125));
#9653 = VECTOR('',#9654,1.);
#9654 = DIRECTION('',(1.,0.));
#9655 = ( GEOMETRIC_REPRESENTATION_CONTEXT(2) 
PARAMETRIC_REPRESENTATION_CONTEXT() REPRESENTATION_CONTEXT('2D SPACE',''
  ) );
#9656 = ORIENTED_EDGE('',*,*,#7535,.T.);
#9657 = ADVANCED_FACE('',(#9658),#7147,.T.);
#9658 = FACE_BOUND('',#9659,.T.);
#9659 = EDGE_LOOP('',(#9660,#9661,#9662,#9663));
#9660 = ORIENTED_EDGE('',*,*,#9636,.F.);
#9661 = ORIENTED_EDGE('',*,*,#7130,.T.);
#9662 = ORIENTED_EDGE('',*,*,#8008,.T.);
#9663 = ORIENTED_EDGE('',*,*,#9664,.T.);
#9664 = EDGE_CURVE('',#8009,#7508,#9665,.T.);
#9665 = SURFACE_CURVE('',#9666,(#9670,#9677),.PCURVE_S1.);
#9666 = LINE('',#9667,#9668);
#9667 = CARTESIAN_POINT('',(68.589,35.51,10.));
#9668 = VECTOR('',#9669,1.);
#9669 = DIRECTION('',(0.,-2.22044604925E-16,1.));
#9670 = PCURVE('',#7147,#9671);
#9671 = DEFINITIONAL_REPRESENTATION('',(#9672),#9676);
#9672 = LINE('',#9673,#9674);
#9673 = CARTESIAN_POINT('',(22.811,-1.125));
#9674 = VECTOR('',#9675,1.);
#9675 = DIRECTION('',(-2.22044604925E-16,1.));
#9676 = ( GEOMETRIC_REPRESENTATION_CONTEXT(2) 
PARAMETRIC_REPRESENTATION_CONTEXT() REPRESENTATION_CONTEXT('2D SPACE',''
  ) );
#9677 = PCURVE('',#7523,#9678);
#9678 = DEFINITIONAL_REPRESENTATION('',(#9679),#9683);
#9679 = LINE('',#9680,#9681);
#9680 = CARTESIAN_POINT('',(-1.972152263052E-31,-4.));
#9681 = VECTOR('',#9682,1.);
#9682 = DIRECTION('',(1.,0.));
#9683 = ( GEOMETRIC_REPRESENTATION_CONTEXT(2) 
PARAMETRIC_REPRESENTATION_CONTEXT() REPRESENTATION_CONTEXT('2D SPACE',''
  ) );
#9684 = ADVANCED_FACE('',(#9685),#7276,.F.);
#9685 = FACE_BOUND('',#9686,.F.);
#9686 = EDGE_LOOP('',(#9687,#9708,#9709,#9710));
#9687 = ORIENTED_EDGE('',*,*,#9688,.T.);
#9688 = EDGE_CURVE('',#9209,#9472,#9689,.T.);
#9689 = SURFACE_CURVE('',#9690,(#9694,#9701),.PCURVE_S1.);
#9690 = LINE('',#9691,#9692);
#9691 = CARTESIAN_POINT('',(50.,-15.,21.6));
#9692 = VECTOR('',#9693,1.);
#9693 = DIRECTION('',(1.,0.,-2.22044604925E-16));
#9694 = PCURVE('',#7276,#9695);
#9695 = DEFINITIONAL_REPRESENTATION('',(#9696),#9700);
#9696 = LINE('',#9697,#9698);
#9697 = CARTESIAN_POINT('',(0.,-0.));
#9698 = VECTOR('',#9699,1.);
#9699 = DIRECTION('',(2.22044604925E-16,-1.));
#9700 = ( GEOMETRIC_REPRESENTATION_CONTEXT(2) 
PARAMETRIC_REPRESENTATION_CONTEXT() REPRESENTATION_CONTEXT('2D SPACE',''
  ) );
#9701 = PCURVE('',#9224,#9702);
#9702 = DEFINITIONAL_REPRESENTATION('',(#9703),#9707);
#9703 = LINE('',#9704,#9705);
#9704 = CARTESIAN_POINT('',(50.51,1.121547299476E-14));
#9705 = VECTOR('',#9706,1.);
#9706 = DIRECTION('',(2.22044604925E-16,-1.));
#9707 = ( GEOMETRIC_REPRESENTATION_CONTEXT(2) 
PARAMETRIC_REPRESENTATION_CONTEXT() REPRESENTATION_CONTEXT('2D SPACE',''
  ) );
#9708 = ORIENTED_EDGE('',*,*,#9494,.T.);
#9709 = ORIENTED_EDGE('',*,*,#7260,.F.);
#9710 = ORIENTED_EDGE('',*,*,#9236,.F.);
#9711 = ADVANCED_FACE('',(#9712),#7442,.T.);
#9712 = FACE_BOUND('',#9713,.T.);
#9713 = EDGE_LOOP('',(#9714,#9715,#9716,#9717));
#9714 = ORIENTED_EDGE('',*,*,#8462,.F.);
#9715 = ORIENTED_EDGE('',*,*,#8636,.T.);
#9716 = ORIENTED_EDGE('',*,*,#7426,.F.);
#9717 = ORIENTED_EDGE('',*,*,#9718,.T.);
#9718 = EDGE_CURVE('',#7399,#8336,#9719,.T.);
#9719 = SURFACE_CURVE('',#9720,(#9724,#9731),.PCURVE_S1.);
#9720 = LINE('',#9721,#9722);
#9721 = CARTESIAN_POINT('',(26.2,34.413580475961,9.9));
#9722 = VECTOR('',#9723,1.);
#9723 = DIRECTION('',(-1.,0.,2.22044604925E-16));
#9724 = PCURVE('',#7442,#9725);
#9725 = DEFINITIONAL_REPRESENTATION('',(#9726),#9730);
#9726 = LINE('',#9727,#9728);
#9727 = CARTESIAN_POINT('',(25.586419524039,3.489));
#9728 = VECTOR('',#9729,1.);
#9729 = DIRECTION('',(-2.22044604925E-16,1.));
#9730 = ( GEOMETRIC_REPRESENTATION_CONTEXT(2) 
PARAMETRIC_REPRESENTATION_CONTEXT() REPRESENTATION_CONTEXT('2D SPACE',''
  ) );
#9731 = PCURVE('',#7386,#9732);
#9732 = DEFINITIONAL_REPRESENTATION('',(#9733),#9737);
#9733 = LINE('',#9734,#9735);
#9734 = CARTESIAN_POINT('',(0.20736529151,0.));
#9735 = VECTOR('',#9736,1.);
#9736 = DIRECTION('',(-0.,1.));
#9737 = ( GEOMETRIC_REPRESENTATION_CONTEXT(2) 
PARAMETRIC_REPRESENTATION_CONTEXT() REPRESENTATION_CONTEXT('2D SPACE',''
  ) );
#9738 = ADVANCED_FACE('',(#9739),#7386,.F.);
#9739 = FACE_BOUND('',#9740,.F.);
#9740 = EDGE_LOOP('',(#9741,#9762,#9763,#9764,#9765,#9766,#9767,#9768));
#9741 = ORIENTED_EDGE('',*,*,#9742,.T.);
#9742 = EDGE_CURVE('',#8207,#7366,#9743,.T.);
#9743 = SEAM_CURVE('',#9744,(#9748,#9755),.PCURVE_S1.);
#9744 = LINE('',#9745,#9746);
#9745 = CARTESIAN_POINT('',(26.2,34.45,10.25));
#9746 = VECTOR('',#9747,1.);
#9747 = DIRECTION('',(1.,0.,-2.22044604925E-16));
#9748 = PCURVE('',#7386,#9749);
#9749 = DEFINITIONAL_REPRESENTATION('',(#9750),#9754);
#9750 = LINE('',#9751,#9752);
#9751 = CARTESIAN_POINT('',(-4.138911435803E-13,0.));
#9752 = VECTOR('',#9753,1.);
#9753 = DIRECTION('',(-0.,-1.));
#9754 = ( GEOMETRIC_REPRESENTATION_CONTEXT(2) 
PARAMETRIC_REPRESENTATION_CONTEXT() REPRESENTATION_CONTEXT('2D SPACE',''
  ) );
#9755 = PCURVE('',#7386,#9756);
#9756 = DEFINITIONAL_REPRESENTATION('',(#9757),#9761);
#9757 = LINE('',#9758,#9759);
#9758 = CARTESIAN_POINT('',(6.28318530718,0.));
#9759 = VECTOR('',#9760,1.);
#9760 = DIRECTION('',(-0.,-1.));
#9761 = ( GEOMETRIC_REPRESENTATION_CONTEXT(2) 
PARAMETRIC_REPRESENTATION_CONTEXT() REPRESENTATION_CONTEXT('2D SPACE',''
  ) );
#9762 = ORIENTED_EDGE('',*,*,#7398,.T.);
#9763 = ORIENTED_EDGE('',*,*,#9718,.T.);
#9764 = ORIENTED_EDGE('',*,*,#8335,.T.);
#9765 = ORIENTED_EDGE('',*,*,#8487,.F.);
#9766 = ORIENTED_EDGE('',*,*,#7365,.T.);
#9767 = ORIENTED_EDGE('',*,*,#9742,.F.);
#9768 = ORIENTED_EDGE('',*,*,#8206,.F.);
#9769 = ADVANCED_FACE('',(#9770),#7494,.F.);
#9770 = FACE_BOUND('',#9771,.F.);
#9771 = EDGE_LOOP('',(#9772,#9773,#9774,#9775));
#9772 = ORIENTED_EDGE('',*,*,#8681,.F.);
#9773 = ORIENTED_EDGE('',*,*,#8658,.T.);
#9774 = ORIENTED_EDGE('',*,*,#7478,.T.);
#9775 = ORIENTED_EDGE('',*,*,#9776,.F.);
#9776 = EDGE_CURVE('',#8515,#7479,#9777,.T.);
#9777 = SURFACE_CURVE('',#9778,(#9782,#9789),.PCURVE_S1.);
#9778 = LINE('',#9779,#9780);
#9779 = CARTESIAN_POINT('',(-7.884803920888E-15,35.51,15.));
#9780 = VECTOR('',#9781,1.);
#9781 = DIRECTION('',(1.,0.,-2.22044604925E-16));
#9782 = PCURVE('',#7494,#9783);
#9783 = DEFINITIONAL_REPRESENTATION('',(#9784),#9788);
#9784 = LINE('',#9785,#9786);
#9785 = CARTESIAN_POINT('',(2.75,-1.355854680848E-31));
#9786 = VECTOR('',#9787,1.);
#9787 = DIRECTION('',(-2.22044604925E-16,-1.));
#9788 = ( GEOMETRIC_REPRESENTATION_CONTEXT(2) 
PARAMETRIC_REPRESENTATION_CONTEXT() REPRESENTATION_CONTEXT('2D SPACE',''
  ) );
#9789 = PCURVE('',#8551,#9790);
#9790 = DEFINITIONAL_REPRESENTATION('',(#9791),#9795);
#9791 = LINE('',#9792,#9793);
#9792 = CARTESIAN_POINT('',(0.,-0.));
#9793 = VECTOR('',#9794,1.);
#9794 = DIRECTION('',(2.22044604925E-16,-1.));
#9795 = ( GEOMETRIC_REPRESENTATION_CONTEXT(2) 
PARAMETRIC_REPRESENTATION_CONTEXT() REPRESENTATION_CONTEXT('2D SPACE',''
  ) );
#9796 = ADVANCED_FACE('',(#9797),#7574,.F.);
#9797 = FACE_BOUND('',#9798,.F.);
#9798 = EDGE_LOOP('',(#9799,#9800,#9801,#9822));
#9799 = ORIENTED_EDGE('',*,*,#7558,.T.);
#9800 = ORIENTED_EDGE('',*,*,#9540,.T.);
#9801 = ORIENTED_EDGE('',*,*,#9802,.F.);
#9802 = EDGE_CURVE('',#9186,#9470,#9803,.T.);
#9803 = SURFACE_CURVE('',#9804,(#9808,#9815),.PCURVE_S1.);
#9804 = LINE('',#9805,#9806);
#9805 = CARTESIAN_POINT('',(50.,35.51,21.6));
#9806 = VECTOR('',#9807,1.);
#9807 = DIRECTION('',(1.,0.,-2.22044604925E-16));
#9808 = PCURVE('',#7574,#9809);
#9809 = DEFINITIONAL_REPRESENTATION('',(#9810),#9814);
#9810 = LINE('',#9811,#9812);
#9811 = CARTESIAN_POINT('',(6.6,-3.254051234036E-31));
#9812 = VECTOR('',#9813,1.);
#9813 = DIRECTION('',(-2.22044604925E-16,-1.));
#9814 = ( GEOMETRIC_REPRESENTATION_CONTEXT(2) 
PARAMETRIC_REPRESENTATION_CONTEXT() REPRESENTATION_CONTEXT('2D SPACE',''
  ) );
#9815 = PCURVE('',#9224,#9816);
#9816 = DEFINITIONAL_REPRESENTATION('',(#9817),#9821);
#9817 = LINE('',#9818,#9819);
#9818 = CARTESIAN_POINT('',(0.,-0.));
#9819 = VECTOR('',#9820,1.);
#9820 = DIRECTION('',(2.22044604925E-16,-1.));
#9821 = ( GEOMETRIC_REPRESENTATION_CONTEXT(2) 
PARAMETRIC_REPRESENTATION_CONTEXT() REPRESENTATION_CONTEXT('2D SPACE',''
  ) );
#9822 = ORIENTED_EDGE('',*,*,#9185,.F.);
#9823 = ADVANCED_FACE('',(#9824),#7523,.F.);
#9824 = FACE_BOUND('',#9825,.F.);
#9825 = EDGE_LOOP('',(#9826,#9827,#9828,#9829));
#9826 = ORIENTED_EDGE('',*,*,#8031,.T.);
#9827 = ORIENTED_EDGE('',*,*,#9664,.T.);
#9828 = ORIENTED_EDGE('',*,*,#7507,.F.);
#9829 = ORIENTED_EDGE('',*,*,#7639,.F.);
#9830 = ADVANCED_FACE('',(#9831),#7760,.T.);
#9831 = FACE_BOUND('',#9832,.T.);
#9832 = EDGE_LOOP('',(#9833,#9854,#9855,#9856));
#9833 = ORIENTED_EDGE('',*,*,#9834,.F.);
#9834 = EDGE_CURVE('',#7851,#7717,#9835,.T.);
#9835 = SURFACE_CURVE('',#9836,(#9840,#9847),.PCURVE_S1.);
#9836 = LINE('',#9837,#9838);
#9837 = CARTESIAN_POINT('',(-7.411,11.,10.7));
#9838 = VECTOR('',#9839,1.);
#9839 = DIRECTION('',(1.,0.,-2.22044604925E-16));
#9840 = PCURVE('',#7760,#9841);
#9841 = DEFINITIONAL_REPRESENTATION('',(#9842),#9846);
#9842 = LINE('',#9843,#9844);
#9843 = CARTESIAN_POINT('',(6.3,1.398881011028E-15));
#9844 = VECTOR('',#9845,1.);
#9845 = DIRECTION('',(2.22044604925E-16,-1.));
#9846 = ( GEOMETRIC_REPRESENTATION_CONTEXT(2) 
PARAMETRIC_REPRESENTATION_CONTEXT() REPRESENTATION_CONTEXT('2D SPACE',''
  ) );
#9847 = PCURVE('',#7732,#9848);
#9848 = DEFINITIONAL_REPRESENTATION('',(#9849),#9853);
#9849 = LINE('',#9850,#9851);
#9850 = CARTESIAN_POINT('',(0.,-0.));
#9851 = VECTOR('',#9852,1.);
#9852 = DIRECTION('',(2.22044604925E-16,-1.));
#9853 = ( GEOMETRIC_REPRESENTATION_CONTEXT(2) 
PARAMETRIC_REPRESENTATION_CONTEXT() REPRESENTATION_CONTEXT('2D SPACE',''
  ) );
#9854 = ORIENTED_EDGE('',*,*,#7873,.T.);
#9855 = ORIENTED_EDGE('',*,*,#7800,.F.);
#9856 = ORIENTED_EDGE('',*,*,#7744,.F.);
#9857 = ADVANCED_FACE('',(#9858),#7732,.T.);
#9858 = FACE_BOUND('',#9859,.T.);
#9859 = EDGE_LOOP('',(#9860,#9861,#9862,#9863,#9886,#9907));
#9860 = ORIENTED_EDGE('',*,*,#7848,.T.);
#9861 = ORIENTED_EDGE('',*,*,#9834,.T.);
#9862 = ORIENTED_EDGE('',*,*,#7716,.F.);
#9863 = ORIENTED_EDGE('',*,*,#9864,.F.);
#9864 = EDGE_CURVE('',#9865,#7689,#9867,.T.);
#9865 = VERTEX_POINT('',#9866);
#9866 = CARTESIAN_POINT('',(29.689,11.,9.9));
#9867 = SURFACE_CURVE('',#9868,(#9872,#9879),.PCURVE_S1.);
#9868 = LINE('',#9869,#9870);
#9869 = CARTESIAN_POINT('',(11.139,11.,9.9));
#9870 = VECTOR('',#9871,1.);
#9871 = DIRECTION('',(1.,0.,-2.22044604925E-16));
#9872 = PCURVE('',#7732,#9873);
#9873 = DEFINITIONAL_REPRESENTATION('',(#9874),#9878);
#9874 = LINE('',#9875,#9876);
#9875 = CARTESIAN_POINT('',(0.8,-18.55));
#9876 = VECTOR('',#9877,1.);
#9877 = DIRECTION('',(2.22044604925E-16,-1.));
#9878 = ( GEOMETRIC_REPRESENTATION_CONTEXT(2) 
PARAMETRIC_REPRESENTATION_CONTEXT() REPRESENTATION_CONTEXT('2D SPACE',''
  ) );
#9879 = PCURVE('',#7704,#9880);
#9880 = DEFINITIONAL_REPRESENTATION('',(#9881),#9885);
#9881 = LINE('',#9882,#9883);
#9882 = CARTESIAN_POINT('',(41.5,18.55));
#9883 = VECTOR('',#9884,1.);
#9884 = DIRECTION('',(2.22044604925E-16,-1.));
#9885 = ( GEOMETRIC_REPRESENTATION_CONTEXT(2) 
PARAMETRIC_REPRESENTATION_CONTEXT() REPRESENTATION_CONTEXT('2D SPACE',''
  ) );
#9886 = ORIENTED_EDGE('',*,*,#9887,.F.);
#9887 = EDGE_CURVE('',#7922,#9865,#9888,.T.);
#9888 = SURFACE_CURVE('',#9889,(#9893,#9900),.PCURVE_S1.);
#9889 = LINE('',#9890,#9891);
#9890 = CARTESIAN_POINT('',(29.689,11.,5.35));
#9891 = VECTOR('',#9892,1.);
#9892 = DIRECTION('',(0.,-2.22044604925E-16,1.));
#9893 = PCURVE('',#7732,#9894);
#9894 = DEFINITIONAL_REPRESENTATION('',(#9895),#9899);
#9895 = LINE('',#9896,#9897);
#9896 = CARTESIAN_POINT('',(5.35,-37.1));
#9897 = VECTOR('',#9898,1.);
#9898 = DIRECTION('',(-1.,0.));
#9899 = ( GEOMETRIC_REPRESENTATION_CONTEXT(2) 
PARAMETRIC_REPRESENTATION_CONTEXT() REPRESENTATION_CONTEXT('2D SPACE',''
  ) );
#9900 = PCURVE('',#7961,#9901);
#9901 = DEFINITIONAL_REPRESENTATION('',(#9902),#9906);
#9902 = LINE('',#9903,#9904);
#9903 = CARTESIAN_POINT('',(-1.5,5.35));
#9904 = VECTOR('',#9905,1.);
#9905 = DIRECTION('',(-2.22044604925E-16,1.));
#9906 = ( GEOMETRIC_REPRESENTATION_CONTEXT(2) 
PARAMETRIC_REPRESENTATION_CONTEXT() REPRESENTATION_CONTEXT('2D SPACE',''
  ) );
#9907 = ORIENTED_EDGE('',*,*,#7921,.T.);
#9908 = ADVANCED_FACE('',(#9909),#7704,.T.);
#9909 = FACE_BOUND('',#9910,.T.);
#9910 = EDGE_LOOP('',(#9911,#9932,#9933,#9934));
#9911 = ORIENTED_EDGE('',*,*,#9912,.F.);
#9912 = EDGE_CURVE('',#9865,#7945,#9913,.T.);
#9913 = SURFACE_CURVE('',#9914,(#9918,#9925),.PCURVE_S1.);
#9914 = LINE('',#9915,#9916);
#9915 = CARTESIAN_POINT('',(29.689,52.5,9.9));
#9916 = VECTOR('',#9917,1.);
#9917 = DIRECTION('',(2.22044604925E-16,-1.,0.));
#9918 = PCURVE('',#7704,#9919);
#9919 = DEFINITIONAL_REPRESENTATION('',(#9920),#9924);
#9920 = LINE('',#9921,#9922);
#9921 = CARTESIAN_POINT('',(0.,-0.));
#9922 = VECTOR('',#9923,1.);
#9923 = DIRECTION('',(1.,1.094764425253E-47));
#9924 = ( GEOMETRIC_REPRESENTATION_CONTEXT(2) 
PARAMETRIC_REPRESENTATION_CONTEXT() REPRESENTATION_CONTEXT('2D SPACE',''
  ) );
#9925 = PCURVE('',#7961,#9926);
#9926 = DEFINITIONAL_REPRESENTATION('',(#9927),#9931);
#9927 = LINE('',#9928,#9929);
#9928 = CARTESIAN_POINT('',(40.,9.9));
#9929 = VECTOR('',#9930,1.);
#9930 = DIRECTION('',(-1.,0.));
#9931 = ( GEOMETRIC_REPRESENTATION_CONTEXT(2) 
PARAMETRIC_REPRESENTATION_CONTEXT() REPRESENTATION_CONTEXT('2D SPACE',''
  ) );
#9932 = ORIENTED_EDGE('',*,*,#9864,.T.);
#9933 = ORIENTED_EDGE('',*,*,#7688,.F.);
#9934 = ORIENTED_EDGE('',*,*,#7977,.T.);
#9935 = ADVANCED_FACE('',(#9936),#7961,.T.);
#9936 = FACE_BOUND('',#9937,.T.);
#9937 = EDGE_LOOP('',(#9938,#9939,#9940));
#9938 = ORIENTED_EDGE('',*,*,#9887,.T.);
#9939 = ORIENTED_EDGE('',*,*,#9912,.T.);
#9940 = ORIENTED_EDGE('',*,*,#7944,.F.);
#9941 = ADVANCED_FACE('',(#9942),#8551,.F.);
#9942 = FACE_BOUND('',#9943,.F.);
#9943 = EDGE_LOOP('',(#9944,#9945,#9946,#9947));
#9944 = ORIENTED_EDGE('',*,*,#8537,.F.);
#9945 = ORIENTED_EDGE('',*,*,#9776,.T.);
#9946 = ORIENTED_EDGE('',*,*,#9134,.T.);
#9947 = ORIENTED_EDGE('',*,*,#9111,.F.);
#9948 = ADVANCED_FACE('',(#9949),#8883,.F.);
#9949 = FACE_BOUND('',#9950,.F.);
#9950 = EDGE_LOOP('',(#9951,#9952,#9953,#9954));
#9951 = ORIENTED_EDGE('',*,*,#9284,.T.);
#9952 = ORIENTED_EDGE('',*,*,#9311,.T.);
#9953 = ORIENTED_EDGE('',*,*,#8865,.F.);
#9954 = ORIENTED_EDGE('',*,*,#9052,.F.);
#9955 = ADVANCED_FACE('',(#9956),#9224,.F.);
#9956 = FACE_BOUND('',#9957,.F.);
#9957 = EDGE_LOOP('',(#9958,#9959,#9960,#9961));
#9958 = ORIENTED_EDGE('',*,*,#9802,.T.);
#9959 = ORIENTED_EDGE('',*,*,#9469,.T.);
#9960 = ORIENTED_EDGE('',*,*,#9688,.F.);
#9961 = ORIENTED_EDGE('',*,*,#9208,.F.);
#9962 = ADVANCED_FACE('',(#9963),#9380,.F.);
#9963 = FACE_BOUND('',#9964,.F.);
#9964 = EDGE_LOOP('',(#9965,#9988,#9989,#9990));
#9965 = ORIENTED_EDGE('',*,*,#9966,.T.);
#9966 = EDGE_CURVE('',#9967,#9360,#9969,.T.);
#9967 = VERTEX_POINT('',#9968);
#9968 = CARTESIAN_POINT('',(61.089,16.55,-17.5));
#9969 = SEAM_CURVE('',#9970,(#9974,#9981),.PCURVE_S1.);
#9970 = LINE('',#9971,#9972);
#9971 = CARTESIAN_POINT('',(61.089,16.55,-17.5));
#9972 = VECTOR('',#9973,1.);
#9973 = DIRECTION('',(1.,0.,-2.22044604925E-16));
#9974 = PCURVE('',#9380,#9975);
#9975 = DEFINITIONAL_REPRESENTATION('',(#9976),#9980);
#9976 = LINE('',#9977,#9978);
#9977 = CARTESIAN_POINT('',(-4.138911435803E-13,0.));
#9978 = VECTOR('',#9979,1.);
#9979 = DIRECTION('',(-0.,-1.));
#9980 = ( GEOMETRIC_REPRESENTATION_CONTEXT(2) 
PARAMETRIC_REPRESENTATION_CONTEXT() REPRESENTATION_CONTEXT('2D SPACE',''
  ) );
#9981 = PCURVE('',#9380,#9982);
#9982 = DEFINITIONAL_REPRESENTATION('',(#9983),#9987);
#9983 = LINE('',#9984,#9985);
#9984 = CARTESIAN_POINT('',(6.28318530718,0.));
#9985 = VECTOR('',#9986,1.);
#9986 = DIRECTION('',(-0.,-1.));
#9987 = ( GEOMETRIC_REPRESENTATION_CONTEXT(2) 
PARAMETRIC_REPRESENTATION_CONTEXT() REPRESENTATION_CONTEXT('2D SPACE',''
  ) );
#9988 = ORIENTED_EDGE('',*,*,#9359,.T.);
#9989 = ORIENTED_EDGE('',*,*,#9966,.F.);
#9990 = ORIENTED_EDGE('',*,*,#9991,.T.);
#9991 = EDGE_CURVE('',#9967,#9967,#9992,.T.);
#9992 = SURFACE_CURVE('',#9993,(#9998,#10005),.PCURVE_S1.);
#9993 = CIRCLE('',#9994,2.05);
#9994 = AXIS2_PLACEMENT_3D('',#9995,#9996,#9997);
#9995 = CARTESIAN_POINT('',(61.089,14.5,-17.5));
#9996 = DIRECTION('',(1.,2.22044604925E-16,4.930380657631E-32));
#9997 = DIRECTION('',(-2.22044604925E-16,1.,0.));
#9998 = PCURVE('',#9380,#9999);
#9999 = DEFINITIONAL_REPRESENTATION('',(#10000),#10004);
#10000 = LINE('',#10001,#10002);
#10001 = CARTESIAN_POINT('',(6.28318530718,0.));
#10002 = VECTOR('',#10003,1.);
#10003 = DIRECTION('',(-1.,0.));
#10004 = ( GEOMETRIC_REPRESENTATION_CONTEXT(2) 
PARAMETRIC_REPRESENTATION_CONTEXT() REPRESENTATION_CONTEXT('2D SPACE',''
  ) );
#10005 = PCURVE('',#10006,#10011);
#10006 = PLANE('',#10007);
#10007 = AXIS2_PLACEMENT_3D('',#10008,#10009,#10010);
#10008 = CARTESIAN_POINT('',(61.089,14.5,-17.5));
#10009 = DIRECTION('',(1.,0.,-2.22044604925E-16));
#10010 = DIRECTION('',(-1.094764425253E-47,1.,-4.93038065763E-32));
#10011 = DEFINITIONAL_REPRESENTATION('',(#10012),#10016);
#10012 = CIRCLE('',#10013,2.05);
#10013 = AXIS2_PLACEMENT_2D('',#10014,#10015);
#10014 = CARTESIAN_POINT('',(0.,0.));
#10015 = DIRECTION('',(1.,0.));
#10016 = ( GEOMETRIC_REPRESENTATION_CONTEXT(2) 
PARAMETRIC_REPRESENTATION_CONTEXT() REPRESENTATION_CONTEXT('2D SPACE',''
  ) );
#10017 = ADVANCED_FACE('',(#10018),#9415,.F.);
#10018 = FACE_BOUND('',#10019,.F.);
#10019 = EDGE_LOOP('',(#10020,#10043,#10044,#10045));
#10020 = ORIENTED_EDGE('',*,*,#10021,.T.);
#10021 = EDGE_CURVE('',#10022,#9395,#10024,.T.);
#10022 = VERTEX_POINT('',#10023);
#10023 = CARTESIAN_POINT('',(61.089,33.05,-17.5));
#10024 = SEAM_CURVE('',#10025,(#10029,#10036),.PCURVE_S1.);
#10025 = LINE('',#10026,#10027);
#10026 = CARTESIAN_POINT('',(61.089,33.05,-17.5));
#10027 = VECTOR('',#10028,1.);
#10028 = DIRECTION('',(1.,0.,-2.22044604925E-16));
#10029 = PCURVE('',#9415,#10030);
#10030 = DEFINITIONAL_REPRESENTATION('',(#10031),#10035);
#10031 = LINE('',#10032,#10033);
#10032 = CARTESIAN_POINT('',(-4.138911435803E-13,0.));
#10033 = VECTOR('',#10034,1.);
#10034 = DIRECTION('',(-0.,-1.));
#10035 = ( GEOMETRIC_REPRESENTATION_CONTEXT(2) 
PARAMETRIC_REPRESENTATION_CONTEXT() REPRESENTATION_CONTEXT('2D SPACE',''
  ) );
#10036 = PCURVE('',#9415,#10037);
#10037 = DEFINITIONAL_REPRESENTATION('',(#10038),#10042);
#10038 = LINE('',#10039,#10040);
#10039 = CARTESIAN_POINT('',(6.28318530718,0.));
#10040 = VECTOR('',#10041,1.);
#10041 = DIRECTION('',(-0.,-1.));
#10042 = ( GEOMETRIC_REPRESENTATION_CONTEXT(2) 
PARAMETRIC_REPRESENTATION_CONTEXT() REPRESENTATION_CONTEXT('2D SPACE',''
  ) );
#10043 = ORIENTED_EDGE('',*,*,#9394,.T.);
#10044 = ORIENTED_EDGE('',*,*,#10021,.F.);
#10045 = ORIENTED_EDGE('',*,*,#10046,.T.);
#10046 = EDGE_CURVE('',#10022,#10022,#10047,.T.);
#10047 = SURFACE_CURVE('',#10048,(#10053,#10060),.PCURVE_S1.);
#10048 = CIRCLE('',#10049,2.05);
#10049 = AXIS2_PLACEMENT_3D('',#10050,#10051,#10052);
#10050 = CARTESIAN_POINT('',(61.089,31.,-17.5));
#10051 = DIRECTION('',(1.,2.22044604925E-16,4.930380657631E-32));
#10052 = DIRECTION('',(-2.22044604925E-16,1.,0.));
#10053 = PCURVE('',#9415,#10054);
#10054 = DEFINITIONAL_REPRESENTATION('',(#10055),#10059);
#10055 = LINE('',#10056,#10057);
#10056 = CARTESIAN_POINT('',(6.28318530718,0.));
#10057 = VECTOR('',#10058,1.);
#10058 = DIRECTION('',(-1.,0.));
#10059 = ( GEOMETRIC_REPRESENTATION_CONTEXT(2) 
PARAMETRIC_REPRESENTATION_CONTEXT() REPRESENTATION_CONTEXT('2D SPACE',''
  ) );
#10060 = PCURVE('',#10061,#10066);
#10061 = PLANE('',#10062);
#10062 = AXIS2_PLACEMENT_3D('',#10063,#10064,#10065);
#10063 = CARTESIAN_POINT('',(61.089,31.,-17.5));
#10064 = DIRECTION('',(1.,0.,-2.22044604925E-16));
#10065 = DIRECTION('',(-1.094764425253E-47,1.,-4.93038065763E-32));
#10066 = DEFINITIONAL_REPRESENTATION('',(#10067),#10071);
#10067 = CIRCLE('',#10068,2.05);
#10068 = AXIS2_PLACEMENT_2D('',#10069,#10070);
#10069 = CARTESIAN_POINT('',(0.,0.));
#10070 = DIRECTION('',(1.,0.));
#10071 = ( GEOMETRIC_REPRESENTATION_CONTEXT(2) 
PARAMETRIC_REPRESENTATION_CONTEXT() REPRESENTATION_CONTEXT('2D SPACE',''
  ) );
#10072 = ADVANCED_FACE('',(#10073),#9584,.F.);
#10073 = FACE_BOUND('',#10074,.F.);
#10074 = EDGE_LOOP('',(#10075,#10098,#10099,#10100));
#10075 = ORIENTED_EDGE('',*,*,#10076,.T.);
#10076 = EDGE_CURVE('',#10077,#9564,#10079,.T.);
#10077 = VERTEX_POINT('',#10078);
#10078 = CARTESIAN_POINT('',(61.089,16.55,17.5));
#10079 = SEAM_CURVE('',#10080,(#10084,#10091),.PCURVE_S1.);
#10080 = LINE('',#10081,#10082);
#10081 = CARTESIAN_POINT('',(61.089,16.55,17.5));
#10082 = VECTOR('',#10083,1.);
#10083 = DIRECTION('',(1.,0.,-2.22044604925E-16));
#10084 = PCURVE('',#9584,#10085);
#10085 = DEFINITIONAL_REPRESENTATION('',(#10086),#10090);
#10086 = LINE('',#10087,#10088);
#10087 = CARTESIAN_POINT('',(-4.138911435803E-13,0.));
#10088 = VECTOR('',#10089,1.);
#10089 = DIRECTION('',(-0.,-1.));
#10090 = ( GEOMETRIC_REPRESENTATION_CONTEXT(2) 
PARAMETRIC_REPRESENTATION_CONTEXT() REPRESENTATION_CONTEXT('2D SPACE',''
  ) );
#10091 = PCURVE('',#9584,#10092);
#10092 = DEFINITIONAL_REPRESENTATION('',(#10093),#10097);
#10093 = LINE('',#10094,#10095);
#10094 = CARTESIAN_POINT('',(6.28318530718,0.));
#10095 = VECTOR('',#10096,1.);
#10096 = DIRECTION('',(-0.,-1.));
#10097 = ( GEOMETRIC_REPRESENTATION_CONTEXT(2) 
PARAMETRIC_REPRESENTATION_CONTEXT() REPRESENTATION_CONTEXT('2D SPACE',''
  ) );
#10098 = ORIENTED_EDGE('',*,*,#9563,.T.);
#10099 = ORIENTED_EDGE('',*,*,#10076,.F.);
#10100 = ORIENTED_EDGE('',*,*,#10101,.T.);
#10101 = EDGE_CURVE('',#10077,#10077,#10102,.T.);
#10102 = SURFACE_CURVE('',#10103,(#10108,#10115),.PCURVE_S1.);
#10103 = CIRCLE('',#10104,2.05);
#10104 = AXIS2_PLACEMENT_3D('',#10105,#10106,#10107);
#10105 = CARTESIAN_POINT('',(61.089,14.5,17.5));
#10106 = DIRECTION('',(1.,2.22044604925E-16,4.930380657631E-32));
#10107 = DIRECTION('',(-2.22044604925E-16,1.,0.));
#10108 = PCURVE('',#9584,#10109);
#10109 = DEFINITIONAL_REPRESENTATION('',(#10110),#10114);
#10110 = LINE('',#10111,#10112);
#10111 = CARTESIAN_POINT('',(6.28318530718,0.));
#10112 = VECTOR('',#10113,1.);
#10113 = DIRECTION('',(-1.,0.));
#10114 = ( GEOMETRIC_REPRESENTATION_CONTEXT(2) 
PARAMETRIC_REPRESENTATION_CONTEXT() REPRESENTATION_CONTEXT('2D SPACE',''
  ) );
#10115 = PCURVE('',#10116,#10121);
#10116 = PLANE('',#10117);
#10117 = AXIS2_PLACEMENT_3D('',#10118,#10119,#10120);
#10118 = CARTESIAN_POINT('',(61.089,14.5,17.5));
#10119 = DIRECTION('',(1.,0.,-2.22044604925E-16));
#10120 = DIRECTION('',(-1.094764425253E-47,1.,-4.93038065763E-32));
#10121 = DEFINITIONAL_REPRESENTATION('',(#10122),#10126);
#10122 = CIRCLE('',#10123,2.05);
#10123 = AXIS2_PLACEMENT_2D('',#10124,#10125);
#10124 = CARTESIAN_POINT('',(0.,0.));
#10125 = DIRECTION('',(1.,0.));
#10126 = ( GEOMETRIC_REPRESENTATION_CONTEXT(2) 
PARAMETRIC_REPRESENTATION_CONTEXT() REPRESENTATION_CONTEXT('2D SPACE',''
  ) );
#10127 = ADVANCED_FACE('',(#10128),#9619,.F.);
#10128 = FACE_BOUND('',#10129,.F.);
#10129 = EDGE_LOOP('',(#10130,#10153,#10154,#10155));
#10130 = ORIENTED_EDGE('',*,*,#10131,.T.);
#10131 = EDGE_CURVE('',#10132,#9599,#10134,.T.);
#10132 = VERTEX_POINT('',#10133);
#10133 = CARTESIAN_POINT('',(61.089,33.05,17.5));
#10134 = SEAM_CURVE('',#10135,(#10139,#10146),.PCURVE_S1.);
#10135 = LINE('',#10136,#10137);
#10136 = CARTESIAN_POINT('',(61.089,33.05,17.5));
#10137 = VECTOR('',#10138,1.);
#10138 = DIRECTION('',(1.,0.,-2.22044604925E-16));
#10139 = PCURVE('',#9619,#10140);
#10140 = DEFINITIONAL_REPRESENTATION('',(#10141),#10145);
#10141 = LINE('',#10142,#10143);
#10142 = CARTESIAN_POINT('',(-4.138911435803E-13,0.));
#10143 = VECTOR('',#10144,1.);
#10144 = DIRECTION('',(-0.,-1.));
#10145 = ( GEOMETRIC_REPRESENTATION_CONTEXT(2) 
PARAMETRIC_REPRESENTATION_CONTEXT() REPRESENTATION_CONTEXT('2D SPACE',''
  ) );
#10146 = PCURVE('',#9619,#10147);
#10147 = DEFINITIONAL_REPRESENTATION('',(#10148),#10152);
#10148 = LINE('',#10149,#10150);
#10149 = CARTESIAN_POINT('',(6.28318530718,0.));
#10150 = VECTOR('',#10151,1.);
#10151 = DIRECTION('',(-0.,-1.));
#10152 = ( GEOMETRIC_REPRESENTATION_CONTEXT(2) 
PARAMETRIC_REPRESENTATION_CONTEXT() REPRESENTATION_CONTEXT('2D SPACE',''
  ) );
#10153 = ORIENTED_EDGE('',*,*,#9598,.T.);
#10154 = ORIENTED_EDGE('',*,*,#10131,.F.);
#10155 = ORIENTED_EDGE('',*,*,#10156,.T.);
#10156 = EDGE_CURVE('',#10132,#10132,#10157,.T.);
#10157 = SURFACE_CURVE('',#10158,(#10163,#10170),.PCURVE_S1.);
#10158 = CIRCLE('',#10159,2.05);
#10159 = AXIS2_PLACEMENT_3D('',#10160,#10161,#10162);
#10160 = CARTESIAN_POINT('',(61.089,31.,17.5));
#10161 = DIRECTION('',(1.,2.22044604925E-16,4.930380657631E-32));
#10162 = DIRECTION('',(-2.22044604925E-16,1.,0.));
#10163 = PCURVE('',#9619,#10164);
#10164 = DEFINITIONAL_REPRESENTATION('',(#10165),#10169);
#10165 = LINE('',#10166,#10167);
#10166 = CARTESIAN_POINT('',(6.28318530718,0.));
#10167 = VECTOR('',#10168,1.);
#10168 = DIRECTION('',(-1.,0.));
#10169 = ( GEOMETRIC_REPRESENTATION_CONTEXT(2) 
PARAMETRIC_REPRESENTATION_CONTEXT() REPRESENTATION_CONTEXT('2D SPACE',''
  ) );
#10170 = PCURVE('',#10171,#10176);
#10171 = PLANE('',#10172);
#10172 = AXIS2_PLACEMENT_3D('',#10173,#10174,#10175);
#10173 = CARTESIAN_POINT('',(61.089,31.,17.5));
#10174 = DIRECTION('',(1.,0.,-2.22044604925E-16));
#10175 = DIRECTION('',(-1.094764425253E-47,1.,-4.93038065763E-32));
#10176 = DEFINITIONAL_REPRESENTATION('',(#10177),#10181);
#10177 = CIRCLE('',#10178,2.05);
#10178 = AXIS2_PLACEMENT_2D('',#10179,#10180);
#10179 = CARTESIAN_POINT('',(0.,0.));
#10180 = DIRECTION('',(1.,0.));
#10181 = ( GEOMETRIC_REPRESENTATION_CONTEXT(2) 
PARAMETRIC_REPRESENTATION_CONTEXT() REPRESENTATION_CONTEXT('2D SPACE',''
  ) );
#10182 = ADVANCED_FACE('',(#10183),#10006,.T.);
#10183 = FACE_BOUND('',#10184,.T.);
#10184 = EDGE_LOOP('',(#10185));
#10185 = ORIENTED_EDGE('',*,*,#9991,.T.);
#10186 = ADVANCED_FACE('',(#10187),#10061,.T.);
#10187 = FACE_BOUND('',#10188,.T.);
#10188 = EDGE_LOOP('',(#10189));
#10189 = ORIENTED_EDGE('',*,*,#10046,.T.);
#10190 = ADVANCED_FACE('',(#10191),#10116,.T.);
#10191 = FACE_BOUND('',#10192,.T.);
#10192 = EDGE_LOOP('',(#10193));
#10193 = ORIENTED_EDGE('',*,*,#10101,.T.);
#10194 = ADVANCED_FACE('',(#10195),#10171,.T.);
#10195 = FACE_BOUND('',#10196,.T.);
#10196 = EDGE_LOOP('',(#10197));
#10197 = ORIENTED_EDGE('',*,*,#10156,.T.);
#10198 = ( GEOMETRIC_REPRESENTATION_CONTEXT(3) 
GLOBAL_UNCERTAINTY_ASSIGNED_CONTEXT((#10202)) 
GLOBAL_UNIT_ASSIGNED_CONTEXT((#10199,#10200,#10201)) 
REPRESENTATION_CONTEXT('Context #1',
  '3D Context with UNIT and UNCERTAINTY') );
#10199 = ( LENGTH_UNIT() NAMED_UNIT(*) SI_UNIT(.MILLI.,.METRE.) );
#10200 = ( NAMED_UNIT(*) PLANE_ANGLE_UNIT() SI_UNIT($,.RADIAN.) );
#10201 = ( NAMED_UNIT(*) SI_UNIT($,.STERADIAN.) SOLID_ANGLE_UNIT() );
#10202 = UNCERTAINTY_MEASURE_WITH_UNIT(LENGTH_MEASURE(1.E-07),#10199,
  'distance_accuracy_value','confusion accuracy');
#10203 = CONTEXT_DEPENDENT_SHAPE_REPRESENTATION(#10204,#10206);
#10204 = ( REPRESENTATION_RELATIONSHIP('','',#1136,#10) 
REPRESENTATION_RELATIONSHIP_WITH_TRANSFORMATION(#10205) 
SHAPE_REPRESENTATION_RELATIONSHIP() );
#10205 = ITEM_DEFINED_TRANSFORMATION('','',#11,#19);
#10206 = PRODUCT_DEFINITION_SHAPE('Placement','Placement of an item',
  #10207);
#10207 = NEXT_ASSEMBLY_USAGE_OCCURRENCE('203','j6_body','',#5,#1131,$);
#10208 = PRODUCT_RELATED_PRODUCT_CATEGORY('part',$,(#1133));
#10209 = SHAPE_DEFINITION_REPRESENTATION(#10210,#10216);
#10210 = PRODUCT_DEFINITION_SHAPE('','',#10211);
#10211 = PRODUCT_DEFINITION('design','',#10212,#10215);
#10212 = PRODUCT_DEFINITION_FORMATION('','',#10213);
#10213 = PRODUCT('j6_cap','j6_cap','',(#10214));
#10214 = PRODUCT_CONTEXT('',#2,'mechanical');
#10215 = PRODUCT_DEFINITION_CONTEXT('part definition',#2,'design');
#10216 = ADVANCED_BREP_SHAPE_REPRESENTATION('',(#11,#10217),#11951);
#10217 = MANIFOLD_SOLID_BREP('',#10218);
#10218 = CLOSED_SHELL('',(#10219,#10339,#10761,#10811,#11175,#11202,
    #11229,#11256,#11283,#11310,#11337,#11364,#11371,#11430,#11489,
    #11544,#11603,#11662,#11712,#11762,#11816,#11866,#11916,#11923,
    #11930,#11937,#11944));
#10219 = ADVANCED_FACE('',(#10220),#10234,.F.);
#10220 = FACE_BOUND('',#10221,.F.);
#10221 = EDGE_LOOP('',(#10222,#10257,#10285,#10313));
#10222 = ORIENTED_EDGE('',*,*,#10223,.F.);
#10223 = EDGE_CURVE('',#10224,#10226,#10228,.T.);
#10224 = VERTEX_POINT('',#10225);
#10225 = CARTESIAN_POINT('',(68.589,-13.912,-21.6));
#10226 = VERTEX_POINT('',#10227);
#10227 = CARTESIAN_POINT('',(68.589,-6.3,-21.6));
#10228 = SURFACE_CURVE('',#10229,(#10233,#10245),.PCURVE_S1.);
#10229 = LINE('',#10230,#10231);
#10230 = CARTESIAN_POINT('',(68.589,-13.912,-21.6));
#10231 = VECTOR('',#10232,1.);
#10232 = DIRECTION('',(-2.22044604925E-16,1.,0.));
#10233 = PCURVE('',#10234,#10239);
#10234 = PLANE('',#10235);
#10235 = AXIS2_PLACEMENT_3D('',#10236,#10237,#10238);
#10236 = CARTESIAN_POINT('',(68.589,-13.912,-21.6));
#10237 = DIRECTION('',(0.,-2.22044604925E-16,1.));
#10238 = DIRECTION('',(-2.22044604925E-16,1.,2.22044604925E-16));
#10239 = DEFINITIONAL_REPRESENTATION('',(#10240),#10244);
#10240 = LINE('',#10241,#10242);
#10241 = CARTESIAN_POINT('',(0.,-0.));
#10242 = VECTOR('',#10243,1.);
#10243 = DIRECTION('',(1.,-1.094764425253E-47));
#10244 = ( GEOMETRIC_REPRESENTATION_CONTEXT(2) 
PARAMETRIC_REPRESENTATION_CONTEXT() REPRESENTATION_CONTEXT('2D SPACE',''
  ) );
#10245 = PCURVE('',#10246,#10251);
#10246 = PLANE('',#10247);
#10247 = AXIS2_PLACEMENT_3D('',#10248,#10249,#10250);
#10248 = CARTESIAN_POINT('',(68.589,10.799,-1.645724542346E-14));
#10249 = DIRECTION('',(1.,0.,-2.22044604925E-16));
#10250 = DIRECTION('',(-1.094764425253E-47,1.,-4.93038065763E-32));
#10251 = DEFINITIONAL_REPRESENTATION('',(#10252),#10256);
#10252 = LINE('',#10253,#10254);
#10253 = CARTESIAN_POINT('',(-24.711,-21.6));
#10254 = VECTOR('',#10255,1.);
#10255 = DIRECTION('',(1.,0.));
#10256 = ( GEOMETRIC_REPRESENTATION_CONTEXT(2) 
PARAMETRIC_REPRESENTATION_CONTEXT() REPRESENTATION_CONTEXT('2D SPACE',''
  ) );
#10257 = ORIENTED_EDGE('',*,*,#10258,.T.);
#10258 = EDGE_CURVE('',#10224,#10259,#10261,.T.);
#10259 = VERTEX_POINT('',#10260);
#10260 = CARTESIAN_POINT('',(78.589,-13.912,-21.6));
#10261 = SURFACE_CURVE('',#10262,(#10266,#10273),.PCURVE_S1.);
#10262 = LINE('',#10263,#10264);
#10263 = CARTESIAN_POINT('',(68.589,-13.912,-21.6));
#10264 = VECTOR('',#10265,1.);
#10265 = DIRECTION('',(1.,0.,-2.22044604925E-16));
#10266 = PCURVE('',#10234,#10267);
#10267 = DEFINITIONAL_REPRESENTATION('',(#10268),#10272);
#10268 = LINE('',#10269,#10270);
#10269 = CARTESIAN_POINT('',(0.,-0.));
#10270 = VECTOR('',#10271,1.);
#10271 = DIRECTION('',(-2.22044604925E-16,-1.));
#10272 = ( GEOMETRIC_REPRESENTATION_CONTEXT(2) 
PARAMETRIC_REPRESENTATION_CONTEXT() REPRESENTATION_CONTEXT('2D SPACE',''
  ) );
#10273 = PCURVE('',#10274,#10279);
#10274 = PLANE('',#10275);
#10275 = AXIS2_PLACEMENT_3D('',#10276,#10277,#10278);
#10276 = CARTESIAN_POINT('',(68.589,-13.912,21.6));
#10277 = DIRECTION('',(-2.22044604925E-16,1.,0.));
#10278 = DIRECTION('',(4.93038065763E-32,1.094764425253E-47,-1.));
#10279 = DEFINITIONAL_REPRESENTATION('',(#10280),#10284);
#10280 = LINE('',#10281,#10282);
#10281 = CARTESIAN_POINT('',(43.2,2.129924444096E-30));
#10282 = VECTOR('',#10283,1.);
#10283 = DIRECTION('',(2.22044604925E-16,-1.));
#10284 = ( GEOMETRIC_REPRESENTATION_CONTEXT(2) 
PARAMETRIC_REPRESENTATION_CONTEXT() REPRESENTATION_CONTEXT('2D SPACE',''
  ) );
#10285 = ORIENTED_EDGE('',*,*,#10286,.T.);
#10286 = EDGE_CURVE('',#10259,#10287,#10289,.T.);
#10287 = VERTEX_POINT('',#10288);
#10288 = CARTESIAN_POINT('',(78.589,-6.3,-21.6));
#10289 = SURFACE_CURVE('',#10290,(#10294,#10301),.PCURVE_S1.);
#10290 = LINE('',#10291,#10292);
#10291 = CARTESIAN_POINT('',(78.589,-13.912,-21.6));
#10292 = VECTOR('',#10293,1.);
#10293 = DIRECTION('',(-2.22044604925E-16,1.,0.));
#10294 = PCURVE('',#10234,#10295);
#10295 = DEFINITIONAL_REPRESENTATION('',(#10296),#10300);
#10296 = LINE('',#10297,#10298);
#10297 = CARTESIAN_POINT('',(-2.22044604925E-15,-10.));
#10298 = VECTOR('',#10299,1.);
#10299 = DIRECTION('',(1.,-1.094764425253E-47));
#10300 = ( GEOMETRIC_REPRESENTATION_CONTEXT(2) 
PARAMETRIC_REPRESENTATION_CONTEXT() REPRESENTATION_CONTEXT('2D SPACE',''
  ) );
#10301 = PCURVE('',#10302,#10307);
#10302 = PLANE('',#10303);
#10303 = AXIS2_PLACEMENT_3D('',#10304,#10305,#10306);
#10304 = CARTESIAN_POINT('',(78.589,10.799,-1.867769147271E-14));
#10305 = DIRECTION('',(1.,0.,-2.22044604925E-16));
#10306 = DIRECTION('',(-1.094764425253E-47,1.,-4.93038065763E-32));
#10307 = DEFINITIONAL_REPRESENTATION('',(#10308),#10312);
#10308 = LINE('',#10309,#10310);
#10309 = CARTESIAN_POINT('',(-24.711,-21.6));
#10310 = VECTOR('',#10311,1.);
#10311 = DIRECTION('',(1.,0.));
#10312 = ( GEOMETRIC_REPRESENTATION_CONTEXT(2) 
PARAMETRIC_REPRESENTATION_CONTEXT() REPRESENTATION_CONTEXT('2D SPACE',''
  ) );
#10313 = ORIENTED_EDGE('',*,*,#10314,.T.);
#10314 = EDGE_CURVE('',#10287,#10226,#10315,.T.);
#10315 = SURFACE_CURVE('',#10316,(#10320,#10327),.PCURVE_S1.);
#10316 = LINE('',#10317,#10318);
#10317 = CARTESIAN_POINT('',(68.589,-6.3,-21.6));
#10318 = VECTOR('',#10319,1.);
#10319 = DIRECTION('',(-1.,0.,2.22044604925E-16));
#10320 = PCURVE('',#10234,#10321);
#10321 = DEFINITIONAL_REPRESENTATION('',(#10322),#10326);
#10322 = LINE('',#10323,#10324);
#10323 = CARTESIAN_POINT('',(7.612,-1.690203532689E-15));
#10324 = VECTOR('',#10325,1.);
#10325 = DIRECTION('',(2.22044604925E-16,1.));
#10326 = ( GEOMETRIC_REPRESENTATION_CONTEXT(2) 
PARAMETRIC_REPRESENTATION_CONTEXT() REPRESENTATION_CONTEXT('2D SPACE',''
  ) );
#10327 = PCURVE('',#10328,#10333);
#10328 = CYLINDRICAL_SURFACE('',#10329,22.5);
#10329 = AXIS2_PLACEMENT_3D('',#10330,#10331,#10332);
#10330 = CARTESIAN_POINT('',(68.589,0.,-1.52298174072E-14));
#10331 = DIRECTION('',(-1.,0.,2.22044604925E-16));
#10332 = DIRECTION('',(-1.094764425253E-47,1.,-4.93038065763E-32));
#10333 = DEFINITIONAL_REPRESENTATION('',(#10334),#10338);
#10334 = LINE('',#10335,#10336);
#10335 = CARTESIAN_POINT('',(1.854590436004,0.));
#10336 = VECTOR('',#10337,1.);
#10337 = DIRECTION('',(-0.,1.));
#10338 = ( GEOMETRIC_REPRESENTATION_CONTEXT(2) 
PARAMETRIC_REPRESENTATION_CONTEXT() REPRESENTATION_CONTEXT('2D SPACE',''
  ) );
#10339 = ADVANCED_FACE('',(#10340,#10586,#10621,#10656,#10691,#10726),
  #10246,.F.);
#10340 = FACE_BOUND('',#10341,.F.);
#10341 = EDGE_LOOP('',(#10342,#10365,#10366,#10390,#10418,#10446,#10474,
    #10503,#10531,#10559));
#10342 = ORIENTED_EDGE('',*,*,#10343,.T.);
#10343 = EDGE_CURVE('',#10344,#10224,#10346,.T.);
#10344 = VERTEX_POINT('',#10345);
#10345 = CARTESIAN_POINT('',(68.589,-13.912,-17.68350236802));
#10346 = SURFACE_CURVE('',#10347,(#10351,#10358),.PCURVE_S1.);
#10347 = LINE('',#10348,#10349);
#10348 = CARTESIAN_POINT('',(68.589,-13.912,21.6));
#10349 = VECTOR('',#10350,1.);
#10350 = DIRECTION('',(0.,2.22044604925E-16,-1.));
#10351 = PCURVE('',#10246,#10352);
#10352 = DEFINITIONAL_REPRESENTATION('',(#10353),#10357);
#10353 = LINE('',#10354,#10355);
#10354 = CARTESIAN_POINT('',(-24.711,21.6));
#10355 = VECTOR('',#10356,1.);
#10356 = DIRECTION('',(2.22044604925E-16,-1.));
#10357 = ( GEOMETRIC_REPRESENTATION_CONTEXT(2) 
PARAMETRIC_REPRESENTATION_CONTEXT() REPRESENTATION_CONTEXT('2D SPACE',''
  ) );
#10358 = PCURVE('',#10274,#10359);
#10359 = DEFINITIONAL_REPRESENTATION('',(#10360),#10364);
#10360 = LINE('',#10361,#10362);
#10361 = CARTESIAN_POINT('',(0.,-0.));
#10362 = VECTOR('',#10363,1.);
#10363 = DIRECTION('',(1.,0.));
#10364 = ( GEOMETRIC_REPRESENTATION_CONTEXT(2) 
PARAMETRIC_REPRESENTATION_CONTEXT() REPRESENTATION_CONTEXT('2D SPACE',''
  ) );
#10365 = ORIENTED_EDGE('',*,*,#10223,.T.);
#10366 = ORIENTED_EDGE('',*,*,#10367,.T.);
#10367 = EDGE_CURVE('',#10226,#10368,#10370,.T.);
#10368 = VERTEX_POINT('',#10369);
#10369 = CARTESIAN_POINT('',(68.589,6.3,-21.6));
#10370 = SURFACE_CURVE('',#10371,(#10376,#10383),.PCURVE_S1.);
#10371 = CIRCLE('',#10372,22.5);
#10372 = AXIS2_PLACEMENT_3D('',#10373,#10374,#10375);
#10373 = CARTESIAN_POINT('',(68.589,0.,-1.52298174072E-14));
#10374 = DIRECTION('',(1.,2.22044604925E-16,4.930380657631E-32));
#10375 = DIRECTION('',(-2.22044604925E-16,1.,0.));
#10376 = PCURVE('',#10246,#10377);
#10377 = DEFINITIONAL_REPRESENTATION('',(#10378),#10382);
#10378 = CIRCLE('',#10379,22.5);
#10379 = AXIS2_PLACEMENT_2D('',#10380,#10381);
#10380 = CARTESIAN_POINT('',(-10.799,1.22742801626E-15));
#10381 = DIRECTION('',(1.,0.));
#10382 = ( GEOMETRIC_REPRESENTATION_CONTEXT(2) 
PARAMETRIC_REPRESENTATION_CONTEXT() REPRESENTATION_CONTEXT('2D SPACE',''
  ) );
#10383 = PCURVE('',#10328,#10384);
#10384 = DEFINITIONAL_REPRESENTATION('',(#10385),#10389);
#10385 = LINE('',#10386,#10387);
#10386 = CARTESIAN_POINT('',(6.28318530718,0.));
#10387 = VECTOR('',#10388,1.);
#10388 = DIRECTION('',(-1.,0.));
#10389 = ( GEOMETRIC_REPRESENTATION_CONTEXT(2) 
PARAMETRIC_REPRESENTATION_CONTEXT() REPRESENTATION_CONTEXT('2D SPACE',''
  ) );
#10390 = ORIENTED_EDGE('',*,*,#10391,.T.);
#10391 = EDGE_CURVE('',#10368,#10392,#10394,.T.);
#10392 = VERTEX_POINT('',#10393);
#10393 = CARTESIAN_POINT('',(68.589,35.51,-21.6));
#10394 = SURFACE_CURVE('',#10395,(#10399,#10406),.PCURVE_S1.);
#10395 = LINE('',#10396,#10397);
#10396 = CARTESIAN_POINT('',(68.589,-13.912,-21.6));
#10397 = VECTOR('',#10398,1.);
#10398 = DIRECTION('',(-2.22044604925E-16,1.,0.));
#10399 = PCURVE('',#10246,#10400);
#10400 = DEFINITIONAL_REPRESENTATION('',(#10401),#10405);
#10401 = LINE('',#10402,#10403);
#10402 = CARTESIAN_POINT('',(-24.711,-21.6));
#10403 = VECTOR('',#10404,1.);
#10404 = DIRECTION('',(1.,0.));
#10405 = ( GEOMETRIC_REPRESENTATION_CONTEXT(2) 
PARAMETRIC_REPRESENTATION_CONTEXT() REPRESENTATION_CONTEXT('2D SPACE',''
  ) );
#10406 = PCURVE('',#10407,#10412);
#10407 = PLANE('',#10408);
#10408 = AXIS2_PLACEMENT_3D('',#10409,#10410,#10411);
#10409 = CARTESIAN_POINT('',(68.589,-13.912,-21.6));
#10410 = DIRECTION('',(0.,-2.22044604925E-16,1.));
#10411 = DIRECTION('',(-2.22044604925E-16,1.,2.22044604925E-16));
#10412 = DEFINITIONAL_REPRESENTATION('',(#10413),#10417);
#10413 = LINE('',#10414,#10415);
#10414 = CARTESIAN_POINT('',(0.,-0.));
#10415 = VECTOR('',#10416,1.);
#10416 = DIRECTION('',(1.,-1.094764425253E-47));
#10417 = ( GEOMETRIC_REPRESENTATION_CONTEXT(2) 
PARAMETRIC_REPRESENTATION_CONTEXT() REPRESENTATION_CONTEXT('2D SPACE',''
  ) );
#10418 = ORIENTED_EDGE('',*,*,#10419,.T.);
#10419 = EDGE_CURVE('',#10392,#10420,#10422,.T.);
#10420 = VERTEX_POINT('',#10421);
#10421 = CARTESIAN_POINT('',(68.589,35.51,21.6));
#10422 = SURFACE_CURVE('',#10423,(#10427,#10434),.PCURVE_S1.);
#10423 = LINE('',#10424,#10425);
#10424 = CARTESIAN_POINT('',(68.589,35.51,-21.6));
#10425 = VECTOR('',#10426,1.);
#10426 = DIRECTION('',(0.,-2.22044604925E-16,1.));
#10427 = PCURVE('',#10246,#10428);
#10428 = DEFINITIONAL_REPRESENTATION('',(#10429),#10433);
#10429 = LINE('',#10430,#10431);
#10430 = CARTESIAN_POINT('',(24.711,-21.6));
#10431 = VECTOR('',#10432,1.);
#10432 = DIRECTION('',(-2.22044604925E-16,1.));
#10433 = ( GEOMETRIC_REPRESENTATION_CONTEXT(2) 
PARAMETRIC_REPRESENTATION_CONTEXT() REPRESENTATION_CONTEXT('2D SPACE',''
  ) );
#10434 = PCURVE('',#10435,#10440);
#10435 = PLANE('',#10436);
#10436 = AXIS2_PLACEMENT_3D('',#10437,#10438,#10439);
#10437 = CARTESIAN_POINT('',(68.589,35.51,-21.6));
#10438 = DIRECTION('',(2.22044604925E-16,-1.,0.));
#10439 = DIRECTION('',(-4.93038065763E-32,-1.094764425253E-47,1.));
#10440 = DEFINITIONAL_REPRESENTATION('',(#10441),#10445);
#10441 = LINE('',#10442,#10443);
#10442 = CARTESIAN_POINT('',(0.,-0.));
#10443 = VECTOR('',#10444,1.);
#10444 = DIRECTION('',(1.,0.));
#10445 = ( GEOMETRIC_REPRESENTATION_CONTEXT(2) 
PARAMETRIC_REPRESENTATION_CONTEXT() REPRESENTATION_CONTEXT('2D SPACE',''
  ) );
#10446 = ORIENTED_EDGE('',*,*,#10447,.T.);
#10447 = EDGE_CURVE('',#10420,#10448,#10450,.T.);
#10448 = VERTEX_POINT('',#10449);
#10449 = CARTESIAN_POINT('',(68.589,6.3,21.6));
#10450 = SURFACE_CURVE('',#10451,(#10455,#10462),.PCURVE_S1.);
#10451 = LINE('',#10452,#10453);
#10452 = CARTESIAN_POINT('',(68.589,35.51,21.6));
#10453 = VECTOR('',#10454,1.);
#10454 = DIRECTION('',(2.22044604925E-16,-1.,0.));
#10455 = PCURVE('',#10246,#10456);
#10456 = DEFINITIONAL_REPRESENTATION('',(#10457),#10461);
#10457 = LINE('',#10458,#10459);
#10458 = CARTESIAN_POINT('',(24.711,21.6));
#10459 = VECTOR('',#10460,1.);
#10460 = DIRECTION('',(-1.,0.));
#10461 = ( GEOMETRIC_REPRESENTATION_CONTEXT(2) 
PARAMETRIC_REPRESENTATION_CONTEXT() REPRESENTATION_CONTEXT('2D SPACE',''
  ) );
#10462 = PCURVE('',#10463,#10468);
#10463 = PLANE('',#10464);
#10464 = AXIS2_PLACEMENT_3D('',#10465,#10466,#10467);
#10465 = CARTESIAN_POINT('',(68.589,35.51,21.6));
#10466 = DIRECTION('',(0.,2.22044604925E-16,-1.));
#10467 = DIRECTION('',(2.22044604925E-16,-1.,-2.22044604925E-16));
#10468 = DEFINITIONAL_REPRESENTATION('',(#10469),#10473);
#10469 = LINE('',#10470,#10471);
#10470 = CARTESIAN_POINT('',(0.,-0.));
#10471 = VECTOR('',#10472,1.);
#10472 = DIRECTION('',(1.,1.094764425253E-47));
#10473 = ( GEOMETRIC_REPRESENTATION_CONTEXT(2) 
PARAMETRIC_REPRESENTATION_CONTEXT() REPRESENTATION_CONTEXT('2D SPACE',''
  ) );
#10474 = ORIENTED_EDGE('',*,*,#10475,.T.);
#10475 = EDGE_CURVE('',#10448,#10476,#10478,.T.);
#10476 = VERTEX_POINT('',#10477);
#10477 = CARTESIAN_POINT('',(68.589,-6.3,21.6));
#10478 = SURFACE_CURVE('',#10479,(#10484,#10491),.PCURVE_S1.);
#10479 = CIRCLE('',#10480,22.5);
#10480 = AXIS2_PLACEMENT_3D('',#10481,#10482,#10483);
#10481 = CARTESIAN_POINT('',(68.589,0.,-1.52298174072E-14));
#10482 = DIRECTION('',(1.,2.22044604925E-16,4.930380657631E-32));
#10483 = DIRECTION('',(-2.22044604925E-16,1.,0.));
#10484 = PCURVE('',#10246,#10485);
#10485 = DEFINITIONAL_REPRESENTATION('',(#10486),#10490);
#10486 = CIRCLE('',#10487,22.5);
#10487 = AXIS2_PLACEMENT_2D('',#10488,#10489);
#10488 = CARTESIAN_POINT('',(-10.799,1.22742801626E-15));
#10489 = DIRECTION('',(1.,0.));
#10490 = ( GEOMETRIC_REPRESENTATION_CONTEXT(2) 
PARAMETRIC_REPRESENTATION_CONTEXT() REPRESENTATION_CONTEXT('2D SPACE',''
  ) );
#10491 = PCURVE('',#10492,#10497);
#10492 = CYLINDRICAL_SURFACE('',#10493,22.5);
#10493 = AXIS2_PLACEMENT_3D('',#10494,#10495,#10496);
#10494 = CARTESIAN_POINT('',(68.589,0.,-1.52298174072E-14));
#10495 = DIRECTION('',(-1.,0.,2.22044604925E-16));
#10496 = DIRECTION('',(-1.094764425253E-47,1.,-4.93038065763E-32));
#10497 = DEFINITIONAL_REPRESENTATION('',(#10498),#10502);
#10498 = LINE('',#10499,#10500);
#10499 = CARTESIAN_POINT('',(6.28318530718,0.));
#10500 = VECTOR('',#10501,1.);
#10501 = DIRECTION('',(-1.,0.));
#10502 = ( GEOMETRIC_REPRESENTATION_CONTEXT(2) 
PARAMETRIC_REPRESENTATION_CONTEXT() REPRESENTATION_CONTEXT('2D SPACE',''
  ) );
#10503 = ORIENTED_EDGE('',*,*,#10504,.T.);
#10504 = EDGE_CURVE('',#10476,#10505,#10507,.T.);
#10505 = VERTEX_POINT('',#10506);
#10506 = CARTESIAN_POINT('',(68.589,-13.912,21.6));
#10507 = SURFACE_CURVE('',#10508,(#10512,#10519),.PCURVE_S1.);
#10508 = LINE('',#10509,#10510);
#10509 = CARTESIAN_POINT('',(68.589,35.51,21.6));
#10510 = VECTOR('',#10511,1.);
#10511 = DIRECTION('',(2.22044604925E-16,-1.,0.));
#10512 = PCURVE('',#10246,#10513);
#10513 = DEFINITIONAL_REPRESENTATION('',(#10514),#10518);
#10514 = LINE('',#10515,#10516);
#10515 = CARTESIAN_POINT('',(24.711,21.6));
#10516 = VECTOR('',#10517,1.);
#10517 = DIRECTION('',(-1.,0.));
#10518 = ( GEOMETRIC_REPRESENTATION_CONTEXT(2) 
PARAMETRIC_REPRESENTATION_CONTEXT() REPRESENTATION_CONTEXT('2D SPACE',''
  ) );
#10519 = PCURVE('',#10520,#10525);
#10520 = PLANE('',#10521);
#10521 = AXIS2_PLACEMENT_3D('',#10522,#10523,#10524);
#10522 = CARTESIAN_POINT('',(68.589,35.51,21.6));
#10523 = DIRECTION('',(0.,2.22044604925E-16,-1.));
#10524 = DIRECTION('',(2.22044604925E-16,-1.,-2.22044604925E-16));
#10525 = DEFINITIONAL_REPRESENTATION('',(#10526),#10530);
#10526 = LINE('',#10527,#10528);
#10527 = CARTESIAN_POINT('',(0.,-0.));
#10528 = VECTOR('',#10529,1.);
#10529 = DIRECTION('',(1.,1.094764425253E-47));
#10530 = ( GEOMETRIC_REPRESENTATION_CONTEXT(2) 
PARAMETRIC_REPRESENTATION_CONTEXT() REPRESENTATION_CONTEXT('2D SPACE',''
  ) );
#10531 = ORIENTED_EDGE('',*,*,#10532,.T.);
#10532 = EDGE_CURVE('',#10505,#10533,#10535,.T.);
#10533 = VERTEX_POINT('',#10534);
#10534 = CARTESIAN_POINT('',(68.589,-13.912,17.683502368026));
#10535 = SURFACE_CURVE('',#10536,(#10540,#10547),.PCURVE_S1.);
#10536 = LINE('',#10537,#10538);
#10537 = CARTESIAN_POINT('',(68.589,-13.912,21.6));
#10538 = VECTOR('',#10539,1.);
#10539 = DIRECTION('',(0.,2.22044604925E-16,-1.));
#10540 = PCURVE('',#10246,#10541);
#10541 = DEFINITIONAL_REPRESENTATION('',(#10542),#10546);
#10542 = LINE('',#10543,#10544);
#10543 = CARTESIAN_POINT('',(-24.711,21.6));
#10544 = VECTOR('',#10545,1.);
#10545 = DIRECTION('',(2.22044604925E-16,-1.));
#10546 = ( GEOMETRIC_REPRESENTATION_CONTEXT(2) 
PARAMETRIC_REPRESENTATION_CONTEXT() REPRESENTATION_CONTEXT('2D SPACE',''
  ) );
#10547 = PCURVE('',#10548,#10553);
#10548 = PLANE('',#10549);
#10549 = AXIS2_PLACEMENT_3D('',#10550,#10551,#10552);
#10550 = CARTESIAN_POINT('',(68.589,-13.912,21.6));
#10551 = DIRECTION('',(-2.22044604925E-16,1.,0.));
#10552 = DIRECTION('',(4.93038065763E-32,1.094764425253E-47,-1.));
#10553 = DEFINITIONAL_REPRESENTATION('',(#10554),#10558);
#10554 = LINE('',#10555,#10556);
#10555 = CARTESIAN_POINT('',(0.,-0.));
#10556 = VECTOR('',#10557,1.);
#10557 = DIRECTION('',(1.,0.));
#10558 = ( GEOMETRIC_REPRESENTATION_CONTEXT(2) 
PARAMETRIC_REPRESENTATION_CONTEXT() REPRESENTATION_CONTEXT('2D SPACE',''
  ) );
#10559 = ORIENTED_EDGE('',*,*,#10560,.T.);
#10560 = EDGE_CURVE('',#10533,#10344,#10561,.T.);
#10561 = SURFACE_CURVE('',#10562,(#10567,#10574),.PCURVE_S1.);
#10562 = CIRCLE('',#10563,22.5);
#10563 = AXIS2_PLACEMENT_3D('',#10564,#10565,#10566);
#10564 = CARTESIAN_POINT('',(68.589,0.,-1.52298174072E-14));
#10565 = DIRECTION('',(1.,2.22044604925E-16,4.930380657631E-32));
#10566 = DIRECTION('',(-2.22044604925E-16,1.,0.));
#10567 = PCURVE('',#10246,#10568);
#10568 = DEFINITIONAL_REPRESENTATION('',(#10569),#10573);
#10569 = CIRCLE('',#10570,22.5);
#10570 = AXIS2_PLACEMENT_2D('',#10571,#10572);
#10571 = CARTESIAN_POINT('',(-10.799,1.22742801626E-15));
#10572 = DIRECTION('',(1.,0.));
#10573 = ( GEOMETRIC_REPRESENTATION_CONTEXT(2) 
PARAMETRIC_REPRESENTATION_CONTEXT() REPRESENTATION_CONTEXT('2D SPACE',''
  ) );
#10574 = PCURVE('',#10575,#10580);
#10575 = CYLINDRICAL_SURFACE('',#10576,22.5);
#10576 = AXIS2_PLACEMENT_3D('',#10577,#10578,#10579);
#10577 = CARTESIAN_POINT('',(68.589,0.,-1.52298174072E-14));
#10578 = DIRECTION('',(-1.,0.,2.22044604925E-16));
#10579 = DIRECTION('',(-1.094764425253E-47,1.,-4.93038065763E-32));
#10580 = DEFINITIONAL_REPRESENTATION('',(#10581),#10585);
#10581 = LINE('',#10582,#10583);
#10582 = CARTESIAN_POINT('',(6.28318530718,0.));
#10583 = VECTOR('',#10584,1.);
#10584 = DIRECTION('',(-1.,0.));
#10585 = ( GEOMETRIC_REPRESENTATION_CONTEXT(2) 
PARAMETRIC_REPRESENTATION_CONTEXT() REPRESENTATION_CONTEXT('2D SPACE',''
  ) );
#10586 = FACE_BOUND('',#10587,.F.);
#10587 = EDGE_LOOP('',(#10588));
#10588 = ORIENTED_EDGE('',*,*,#10589,.T.);
#10589 = EDGE_CURVE('',#10590,#10590,#10592,.T.);
#10590 = VERTEX_POINT('',#10591);
#10591 = CARTESIAN_POINT('',(68.589,16.2,-17.5));
#10592 = SURFACE_CURVE('',#10593,(#10598,#10609),.PCURVE_S1.);
#10593 = CIRCLE('',#10594,1.7);
#10594 = AXIS2_PLACEMENT_3D('',#10595,#10596,#10597);
#10595 = CARTESIAN_POINT('',(68.589,14.5,-17.5));
#10596 = DIRECTION('',(-1.,-2.22044604925E-16,-4.930380657631E-32));
#10597 = DIRECTION('',(-2.22044604925E-16,1.,0.));
#10598 = PCURVE('',#10246,#10599);
#10599 = DEFINITIONAL_REPRESENTATION('',(#10600),#10608);
#10600 = ( BOUNDED_CURVE() B_SPLINE_CURVE(2,(#10601,#10602,#10603,#10604
    ,#10605,#10606,#10607),.UNSPECIFIED.,.T.,.F.) 
B_SPLINE_CURVE_WITH_KNOTS((1,2,2,2,2,1),(-2.094395102393,0.,
    2.094395102393,4.188790204786,6.28318530718,8.377580409573),
.UNSPECIFIED.) CURVE() GEOMETRIC_REPRESENTATION_ITEM() 
RATIONAL_B_SPLINE_CURVE((1.,0.5,1.,0.5,1.,0.5,1.)) REPRESENTATION_ITEM(
  '') );
#10601 = CARTESIAN_POINT('',(5.401,-17.5));
#10602 = CARTESIAN_POINT('',(5.401,-20.44448637286));
#10603 = CARTESIAN_POINT('',(2.851,-18.97224318643));
#10604 = CARTESIAN_POINT('',(0.301,-17.5));
#10605 = CARTESIAN_POINT('',(2.851,-16.02775681356));
#10606 = CARTESIAN_POINT('',(5.401,-14.55551362713));
#10607 = CARTESIAN_POINT('',(5.401,-17.5));
#10608 = ( GEOMETRIC_REPRESENTATION_CONTEXT(2) 
PARAMETRIC_REPRESENTATION_CONTEXT() REPRESENTATION_CONTEXT('2D SPACE',''
  ) );
#10609 = PCURVE('',#10610,#10615);
#10610 = CYLINDRICAL_SURFACE('',#10611,1.7);
#10611 = AXIS2_PLACEMENT_3D('',#10612,#10613,#10614);
#10612 = CARTESIAN_POINT('',(67.589,14.5,-17.5));
#10613 = DIRECTION('',(-1.,0.,2.22044604925E-16));
#10614 = DIRECTION('',(-1.094764425253E-47,1.,-4.93038065763E-32));
#10615 = DEFINITIONAL_REPRESENTATION('',(#10616),#10620);
#10616 = LINE('',#10617,#10618);
#10617 = CARTESIAN_POINT('',(-4.138911435803E-13,-1.));
#10618 = VECTOR('',#10619,1.);
#10619 = DIRECTION('',(1.,-0.));
#10620 = ( GEOMETRIC_REPRESENTATION_CONTEXT(2) 
PARAMETRIC_REPRESENTATION_CONTEXT() REPRESENTATION_CONTEXT('2D SPACE',''
  ) );
#10621 = FACE_BOUND('',#10622,.F.);
#10622 = EDGE_LOOP('',(#10623));
#10623 = ORIENTED_EDGE('',*,*,#10624,.T.);
#10624 = EDGE_CURVE('',#10625,#10625,#10627,.T.);
#10625 = VERTEX_POINT('',#10626);
#10626 = CARTESIAN_POINT('',(68.589,32.7,-17.5));
#10627 = SURFACE_CURVE('',#10628,(#10633,#10644),.PCURVE_S1.);
#10628 = CIRCLE('',#10629,1.7);
#10629 = AXIS2_PLACEMENT_3D('',#10630,#10631,#10632);
#10630 = CARTESIAN_POINT('',(68.589,31.,-17.5));
#10631 = DIRECTION('',(-1.,-2.22044604925E-16,-4.930380657631E-32));
#10632 = DIRECTION('',(-2.22044604925E-16,1.,0.));
#10633 = PCURVE('',#10246,#10634);
#10634 = DEFINITIONAL_REPRESENTATION('',(#10635),#10643);
#10635 = ( BOUNDED_CURVE() B_SPLINE_CURVE(2,(#10636,#10637,#10638,#10639
    ,#10640,#10641,#10642),.UNSPECIFIED.,.T.,.F.) 
B_SPLINE_CURVE_WITH_KNOTS((1,2,2,2,2,1),(-2.094395102393,0.,
    2.094395102393,4.188790204786,6.28318530718,8.377580409573),
.UNSPECIFIED.) CURVE() GEOMETRIC_REPRESENTATION_ITEM() 
RATIONAL_B_SPLINE_CURVE((1.,0.5,1.,0.5,1.,0.5,1.)) REPRESENTATION_ITEM(
  '') );
#10636 = CARTESIAN_POINT('',(21.901,-17.5));
#10637 = CARTESIAN_POINT('',(21.901,-20.44448637286));
#10638 = CARTESIAN_POINT('',(19.351,-18.97224318643));
#10639 = CARTESIAN_POINT('',(16.801,-17.5));
#10640 = CARTESIAN_POINT('',(19.351,-16.02775681356));
#10641 = CARTESIAN_POINT('',(21.901,-14.55551362713));
#10642 = CARTESIAN_POINT('',(21.901,-17.5));
#10643 = ( GEOMETRIC_REPRESENTATION_CONTEXT(2) 
PARAMETRIC_REPRESENTATION_CONTEXT() REPRESENTATION_CONTEXT('2D SPACE',''
  ) );
#10644 = PCURVE('',#10645,#10650);
#10645 = CYLINDRICAL_SURFACE('',#10646,1.7);
#10646 = AXIS2_PLACEMENT_3D('',#10647,#10648,#10649);
#10647 = CARTESIAN_POINT('',(67.589,31.,-17.5));
#10648 = DIRECTION('',(-1.,0.,2.22044604925E-16));
#10649 = DIRECTION('',(-1.094764425253E-47,1.,-4.93038065763E-32));
#10650 = DEFINITIONAL_REPRESENTATION('',(#10651),#10655);
#10651 = LINE('',#10652,#10653);
#10652 = CARTESIAN_POINT('',(-4.138911435803E-13,-1.));
#10653 = VECTOR('',#10654,1.);
#10654 = DIRECTION('',(1.,-0.));
#10655 = ( GEOMETRIC_REPRESENTATION_CONTEXT(2) 
PARAMETRIC_REPRESENTATION_CONTEXT() REPRESENTATION_CONTEXT('2D SPACE',''
  ) );
#10656 = FACE_BOUND('',#10657,.F.);
#10657 = EDGE_LOOP('',(#10658));
#10658 = ORIENTED_EDGE('',*,*,#10659,.T.);
#10659 = EDGE_CURVE('',#10660,#10660,#10662,.T.);
#10660 = VERTEX_POINT('',#10661);
#10661 = CARTESIAN_POINT('',(68.589,18.51,-1.52298174072E-14));
#10662 = SURFACE_CURVE('',#10663,(#10668,#10679),.PCURVE_S1.);
#10663 = CIRCLE('',#10664,18.51);
#10664 = AXIS2_PLACEMENT_3D('',#10665,#10666,#10667);
#10665 = CARTESIAN_POINT('',(68.589,0.,-1.52298174072E-14));
#10666 = DIRECTION('',(-1.,-2.22044604925E-16,-4.930380657631E-32));
#10667 = DIRECTION('',(-2.22044604925E-16,1.,0.));
#10668 = PCURVE('',#10246,#10669);
#10669 = DEFINITIONAL_REPRESENTATION('',(#10670),#10678);
#10670 = ( BOUNDED_CURVE() B_SPLINE_CURVE(2,(#10671,#10672,#10673,#10674
    ,#10675,#10676,#10677),.UNSPECIFIED.,.T.,.F.) 
B_SPLINE_CURVE_WITH_KNOTS((1,2,2,2,2,1),(-2.094395102393,0.,
    2.094395102393,4.188790204786,6.28318530718,8.377580409573),
.UNSPECIFIED.) CURVE() GEOMETRIC_REPRESENTATION_ITEM() 
RATIONAL_B_SPLINE_CURVE((1.,0.5,1.,0.5,1.,0.5,1.)) REPRESENTATION_ITEM(
  '') );
#10671 = CARTESIAN_POINT('',(7.711,1.22742801626E-15));
#10672 = CARTESIAN_POINT('',(7.711,-32.0602604481));
#10673 = CARTESIAN_POINT('',(-20.054,-16.03013022405));
#10674 = CARTESIAN_POINT('',(-47.819,-3.306214434184E-15));
#10675 = CARTESIAN_POINT('',(-20.054,16.03013022405));
#10676 = CARTESIAN_POINT('',(7.711,32.0602604481));
#10677 = CARTESIAN_POINT('',(7.711,1.22742801626E-15));
#10678 = ( GEOMETRIC_REPRESENTATION_CONTEXT(2) 
PARAMETRIC_REPRESENTATION_CONTEXT() REPRESENTATION_CONTEXT('2D SPACE',''
  ) );
#10679 = PCURVE('',#10680,#10685);
#10680 = CYLINDRICAL_SURFACE('',#10681,18.51);
#10681 = AXIS2_PLACEMENT_3D('',#10682,#10683,#10684);
#10682 = CARTESIAN_POINT('',(68.579,0.,-1.522759696115E-14));
#10683 = DIRECTION('',(-1.,0.,2.22044604925E-16));
#10684 = DIRECTION('',(-1.094764425253E-47,1.,-4.93038065763E-32));
#10685 = DEFINITIONAL_REPRESENTATION('',(#10686),#10690);
#10686 = LINE('',#10687,#10688);
#10687 = CARTESIAN_POINT('',(-4.138911435803E-13,-1.000000000001E-02));
#10688 = VECTOR('',#10689,1.);
#10689 = DIRECTION('',(1.,-0.));
#10690 = ( GEOMETRIC_REPRESENTATION_CONTEXT(2) 
PARAMETRIC_REPRESENTATION_CONTEXT() REPRESENTATION_CONTEXT('2D SPACE',''
  ) );
#10691 = FACE_BOUND('',#10692,.F.);
#10692 = EDGE_LOOP('',(#10693));
#10693 = ORIENTED_EDGE('',*,*,#10694,.T.);
#10694 = EDGE_CURVE('',#10695,#10695,#10697,.T.);
#10695 = VERTEX_POINT('',#10696);
#10696 = CARTESIAN_POINT('',(68.589,16.2,17.5));
#10697 = SURFACE_CURVE('',#10698,(#10703,#10714),.PCURVE_S1.);
#10698 = CIRCLE('',#10699,1.7);
#10699 = AXIS2_PLACEMENT_3D('',#10700,#10701,#10702);
#10700 = CARTESIAN_POINT('',(68.589,14.5,17.5));
#10701 = DIRECTION('',(-1.,-2.22044604925E-16,-4.930380657631E-32));
#10702 = DIRECTION('',(-2.22044604925E-16,1.,0.));
#10703 = PCURVE('',#10246,#10704);
#10704 = DEFINITIONAL_REPRESENTATION('',(#10705),#10713);
#10705 = ( BOUNDED_CURVE() B_SPLINE_CURVE(2,(#10706,#10707,#10708,#10709
    ,#10710,#10711,#10712),.UNSPECIFIED.,.T.,.F.) 
B_SPLINE_CURVE_WITH_KNOTS((1,2,2,2,2,1),(-2.094395102393,0.,
    2.094395102393,4.188790204786,6.28318530718,8.377580409573),
.UNSPECIFIED.) CURVE() GEOMETRIC_REPRESENTATION_ITEM() 
RATIONAL_B_SPLINE_CURVE((1.,0.5,1.,0.5,1.,0.5,1.)) REPRESENTATION_ITEM(
  '') );
#10706 = CARTESIAN_POINT('',(5.401,17.5));
#10707 = CARTESIAN_POINT('',(5.401,14.555513627133));
#10708 = CARTESIAN_POINT('',(2.851,16.027756813566));
#10709 = CARTESIAN_POINT('',(0.301,17.5));
#10710 = CARTESIAN_POINT('',(2.851,18.972243186434));
#10711 = CARTESIAN_POINT('',(5.401,20.444486372867));
#10712 = CARTESIAN_POINT('',(5.401,17.5));
#10713 = ( GEOMETRIC_REPRESENTATION_CONTEXT(2) 
PARAMETRIC_REPRESENTATION_CONTEXT() REPRESENTATION_CONTEXT('2D SPACE',''
  ) );
#10714 = PCURVE('',#10715,#10720);
#10715 = CYLINDRICAL_SURFACE('',#10716,1.7);
#10716 = AXIS2_PLACEMENT_3D('',#10717,#10718,#10719);
#10717 = CARTESIAN_POINT('',(67.589,14.5,17.5));
#10718 = DIRECTION('',(-1.,0.,2.22044604925E-16));
#10719 = DIRECTION('',(-1.094764425253E-47,1.,-4.93038065763E-32));
#10720 = DEFINITIONAL_REPRESENTATION('',(#10721),#10725);
#10721 = LINE('',#10722,#10723);
#10722 = CARTESIAN_POINT('',(-4.138911435803E-13,-1.));
#10723 = VECTOR('',#10724,1.);
#10724 = DIRECTION('',(1.,-0.));
#10725 = ( GEOMETRIC_REPRESENTATION_CONTEXT(2) 
PARAMETRIC_REPRESENTATION_CONTEXT() REPRESENTATION_CONTEXT('2D SPACE',''
  ) );
#10726 = FACE_BOUND('',#10727,.F.);
#10727 = EDGE_LOOP('',(#10728));
#10728 = ORIENTED_EDGE('',*,*,#10729,.T.);
#10729 = EDGE_CURVE('',#10730,#10730,#10732,.T.);
#10730 = VERTEX_POINT('',#10731);
#10731 = CARTESIAN_POINT('',(68.589,32.7,17.5));
#10732 = SURFACE_CURVE('',#10733,(#10738,#10749),.PCURVE_S1.);
#10733 = CIRCLE('',#10734,1.7);
#10734 = AXIS2_PLACEMENT_3D('',#10735,#10736,#10737);
#10735 = CARTESIAN_POINT('',(68.589,31.,17.5));
#10736 = DIRECTION('',(-1.,-2.22044604925E-16,-4.930380657631E-32));
#10737 = DIRECTION('',(-2.22044604925E-16,1.,0.));
#10738 = PCURVE('',#10246,#10739);
#10739 = DEFINITIONAL_REPRESENTATION('',(#10740),#10748);
#10740 = ( BOUNDED_CURVE() B_SPLINE_CURVE(2,(#10741,#10742,#10743,#10744
    ,#10745,#10746,#10747),.UNSPECIFIED.,.T.,.F.) 
B_SPLINE_CURVE_WITH_KNOTS((1,2,2,2,2,1),(-2.094395102393,0.,
    2.094395102393,4.188790204786,6.28318530718,8.377580409573),
.UNSPECIFIED.) CURVE() GEOMETRIC_REPRESENTATION_ITEM() 
RATIONAL_B_SPLINE_CURVE((1.,0.5,1.,0.5,1.,0.5,1.)) REPRESENTATION_ITEM(
  '') );
#10741 = CARTESIAN_POINT('',(21.901,17.5));
#10742 = CARTESIAN_POINT('',(21.901,14.555513627133));
#10743 = CARTESIAN_POINT('',(19.351,16.027756813566));
#10744 = CARTESIAN_POINT('',(16.801,17.5));
#10745 = CARTESIAN_POINT('',(19.351,18.972243186434));
#10746 = CARTESIAN_POINT('',(21.901,20.444486372867));
#10747 = CARTESIAN_POINT('',(21.901,17.5));
#10748 = ( GEOMETRIC_REPRESENTATION_CONTEXT(2) 
PARAMETRIC_REPRESENTATION_CONTEXT() REPRESENTATION_CONTEXT('2D SPACE',''
  ) );
#10749 = PCURVE('',#10750,#10755);
#10750 = CYLINDRICAL_SURFACE('',#10751,1.7);
#10751 = AXIS2_PLACEMENT_3D('',#10752,#10753,#10754);
#10752 = CARTESIAN_POINT('',(67.589,31.,17.5));
#10753 = DIRECTION('',(-1.,0.,2.22044604925E-16));
#10754 = DIRECTION('',(-1.094764425253E-47,1.,-4.93038065763E-32));
#10755 = DEFINITIONAL_REPRESENTATION('',(#10756),#10760);
#10756 = LINE('',#10757,#10758);
#10757 = CARTESIAN_POINT('',(-4.138911435803E-13,-1.));
#10758 = VECTOR('',#10759,1.);
#10759 = DIRECTION('',(1.,-0.));
#10760 = ( GEOMETRIC_REPRESENTATION_CONTEXT(2) 
PARAMETRIC_REPRESENTATION_CONTEXT() REPRESENTATION_CONTEXT('2D SPACE',''
  ) );
#10761 = ADVANCED_FACE('',(#10762),#10328,.T.);
#10762 = FACE_BOUND('',#10763,.T.);
#10763 = EDGE_LOOP('',(#10764,#10788,#10789,#10790));
#10764 = ORIENTED_EDGE('',*,*,#10765,.F.);
#10765 = EDGE_CURVE('',#10287,#10766,#10768,.T.);
#10766 = VERTEX_POINT('',#10767);
#10767 = CARTESIAN_POINT('',(78.589,6.3,-21.6));
#10768 = SURFACE_CURVE('',#10769,(#10774,#10781),.PCURVE_S1.);
#10769 = CIRCLE('',#10770,22.5);
#10770 = AXIS2_PLACEMENT_3D('',#10771,#10772,#10773);
#10771 = CARTESIAN_POINT('',(78.589,0.,-1.745026345645E-14));
#10772 = DIRECTION('',(1.,2.22044604925E-16,4.930380657631E-32));
#10773 = DIRECTION('',(-2.22044604925E-16,1.,0.));
#10774 = PCURVE('',#10328,#10775);
#10775 = DEFINITIONAL_REPRESENTATION('',(#10776),#10780);
#10776 = LINE('',#10777,#10778);
#10777 = CARTESIAN_POINT('',(6.28318530718,-10.));
#10778 = VECTOR('',#10779,1.);
#10779 = DIRECTION('',(-1.,0.));
#10780 = ( GEOMETRIC_REPRESENTATION_CONTEXT(2) 
PARAMETRIC_REPRESENTATION_CONTEXT() REPRESENTATION_CONTEXT('2D SPACE',''
  ) );
#10781 = PCURVE('',#10302,#10782);
#10782 = DEFINITIONAL_REPRESENTATION('',(#10783),#10787);
#10783 = CIRCLE('',#10784,22.5);
#10784 = AXIS2_PLACEMENT_2D('',#10785,#10786);
#10785 = CARTESIAN_POINT('',(-10.799,1.22742801626E-15));
#10786 = DIRECTION('',(1.,0.));
#10787 = ( GEOMETRIC_REPRESENTATION_CONTEXT(2) 
PARAMETRIC_REPRESENTATION_CONTEXT() REPRESENTATION_CONTEXT('2D SPACE',''
  ) );
#10788 = ORIENTED_EDGE('',*,*,#10314,.T.);
#10789 = ORIENTED_EDGE('',*,*,#10367,.T.);
#10790 = ORIENTED_EDGE('',*,*,#10791,.F.);
#10791 = EDGE_CURVE('',#10766,#10368,#10792,.T.);
#10792 = SURFACE_CURVE('',#10793,(#10797,#10804),.PCURVE_S1.);
#10793 = LINE('',#10794,#10795);
#10794 = CARTESIAN_POINT('',(68.589,6.3,-21.6));
#10795 = VECTOR('',#10796,1.);
#10796 = DIRECTION('',(-1.,0.,2.22044604925E-16));
#10797 = PCURVE('',#10328,#10798);
#10798 = DEFINITIONAL_REPRESENTATION('',(#10799),#10803);
#10799 = LINE('',#10800,#10801);
#10800 = CARTESIAN_POINT('',(1.287002217587,0.));
#10801 = VECTOR('',#10802,1.);
#10802 = DIRECTION('',(-0.,1.));
#10803 = ( GEOMETRIC_REPRESENTATION_CONTEXT(2) 
PARAMETRIC_REPRESENTATION_CONTEXT() REPRESENTATION_CONTEXT('2D SPACE',''
  ) );
#10804 = PCURVE('',#10407,#10805);
#10805 = DEFINITIONAL_REPRESENTATION('',(#10806),#10810);
#10806 = LINE('',#10807,#10808);
#10807 = CARTESIAN_POINT('',(20.212,-4.487965554744E-15));
#10808 = VECTOR('',#10809,1.);
#10809 = DIRECTION('',(2.22044604925E-16,1.));
#10810 = ( GEOMETRIC_REPRESENTATION_CONTEXT(2) 
PARAMETRIC_REPRESENTATION_CONTEXT() REPRESENTATION_CONTEXT('2D SPACE',''
  ) );
#10811 = ADVANCED_FACE('',(#10812,#11000,#11035,#11070,#11105,#11140),
  #10302,.T.);
#10812 = FACE_BOUND('',#10813,.T.);
#10813 = EDGE_LOOP('',(#10814,#10837,#10838,#10839,#10862,#10885,#10908,
    #10932,#10955,#10978));
#10814 = ORIENTED_EDGE('',*,*,#10815,.T.);
#10815 = EDGE_CURVE('',#10816,#10259,#10818,.T.);
#10816 = VERTEX_POINT('',#10817);
#10817 = CARTESIAN_POINT('',(78.589,-13.912,-17.68350236802));
#10818 = SURFACE_CURVE('',#10819,(#10823,#10830),.PCURVE_S1.);
#10819 = LINE('',#10820,#10821);
#10820 = CARTESIAN_POINT('',(78.589,-13.912,21.6));
#10821 = VECTOR('',#10822,1.);
#10822 = DIRECTION('',(0.,2.22044604925E-16,-1.));
#10823 = PCURVE('',#10302,#10824);
#10824 = DEFINITIONAL_REPRESENTATION('',(#10825),#10829);
#10825 = LINE('',#10826,#10827);
#10826 = CARTESIAN_POINT('',(-24.711,21.6));
#10827 = VECTOR('',#10828,1.);
#10828 = DIRECTION('',(2.22044604925E-16,-1.));
#10829 = ( GEOMETRIC_REPRESENTATION_CONTEXT(2) 
PARAMETRIC_REPRESENTATION_CONTEXT() REPRESENTATION_CONTEXT('2D SPACE',''
  ) );
#10830 = PCURVE('',#10274,#10831);
#10831 = DEFINITIONAL_REPRESENTATION('',(#10832),#10836);
#10832 = LINE('',#10833,#10834);
#10833 = CARTESIAN_POINT('',(4.93038065763E-31,-10.));
#10834 = VECTOR('',#10835,1.);
#10835 = DIRECTION('',(1.,0.));
#10836 = ( GEOMETRIC_REPRESENTATION_CONTEXT(2) 
PARAMETRIC_REPRESENTATION_CONTEXT() REPRESENTATION_CONTEXT('2D SPACE',''
  ) );
#10837 = ORIENTED_EDGE('',*,*,#10286,.T.);
#10838 = ORIENTED_EDGE('',*,*,#10765,.T.);
#10839 = ORIENTED_EDGE('',*,*,#10840,.T.);
#10840 = EDGE_CURVE('',#10766,#10841,#10843,.T.);
#10841 = VERTEX_POINT('',#10842);
#10842 = CARTESIAN_POINT('',(78.589,35.51,-21.6));
#10843 = SURFACE_CURVE('',#10844,(#10848,#10855),.PCURVE_S1.);
#10844 = LINE('',#10845,#10846);
#10845 = CARTESIAN_POINT('',(78.589,-13.912,-21.6));
#10846 = VECTOR('',#10847,1.);
#10847 = DIRECTION('',(-2.22044604925E-16,1.,0.));
#10848 = PCURVE('',#10302,#10849);
#10849 = DEFINITIONAL_REPRESENTATION('',(#10850),#10854);
#10850 = LINE('',#10851,#10852);
#10851 = CARTESIAN_POINT('',(-24.711,-21.6));
#10852 = VECTOR('',#10853,1.);
#10853 = DIRECTION('',(1.,0.));
#10854 = ( GEOMETRIC_REPRESENTATION_CONTEXT(2) 
PARAMETRIC_REPRESENTATION_CONTEXT() REPRESENTATION_CONTEXT('2D SPACE',''
  ) );
#10855 = PCURVE('',#10407,#10856);
#10856 = DEFINITIONAL_REPRESENTATION('',(#10857),#10861);
#10857 = LINE('',#10858,#10859);
#10858 = CARTESIAN_POINT('',(-2.22044604925E-15,-10.));
#10859 = VECTOR('',#10860,1.);
#10860 = DIRECTION('',(1.,-1.094764425253E-47));
#10861 = ( GEOMETRIC_REPRESENTATION_CONTEXT(2) 
PARAMETRIC_REPRESENTATION_CONTEXT() REPRESENTATION_CONTEXT('2D SPACE',''
  ) );
#10862 = ORIENTED_EDGE('',*,*,#10863,.T.);
#10863 = EDGE_CURVE('',#10841,#10864,#10866,.T.);
#10864 = VERTEX_POINT('',#10865);
#10865 = CARTESIAN_POINT('',(78.589,35.51,21.6));
#10866 = SURFACE_CURVE('',#10867,(#10871,#10878),.PCURVE_S1.);
#10867 = LINE('',#10868,#10869);
#10868 = CARTESIAN_POINT('',(78.589,35.51,-21.6));
#10869 = VECTOR('',#10870,1.);
#10870 = DIRECTION('',(0.,-2.22044604925E-16,1.));
#10871 = PCURVE('',#10302,#10872);
#10872 = DEFINITIONAL_REPRESENTATION('',(#10873),#10877);
#10873 = LINE('',#10874,#10875);
#10874 = CARTESIAN_POINT('',(24.711,-21.6));
#10875 = VECTOR('',#10876,1.);
#10876 = DIRECTION('',(-2.22044604925E-16,1.));
#10877 = ( GEOMETRIC_REPRESENTATION_CONTEXT(2) 
PARAMETRIC_REPRESENTATION_CONTEXT() REPRESENTATION_CONTEXT('2D SPACE',''
  ) );
#10878 = PCURVE('',#10435,#10879);
#10879 = DEFINITIONAL_REPRESENTATION('',(#10880),#10884);
#10880 = LINE('',#10881,#10882);
#10881 = CARTESIAN_POINT('',(-4.93038065763E-31,-10.));
#10882 = VECTOR('',#10883,1.);
#10883 = DIRECTION('',(1.,0.));
#10884 = ( GEOMETRIC_REPRESENTATION_CONTEXT(2) 
PARAMETRIC_REPRESENTATION_CONTEXT() REPRESENTATION_CONTEXT('2D SPACE',''
  ) );
#10885 = ORIENTED_EDGE('',*,*,#10886,.T.);
#10886 = EDGE_CURVE('',#10864,#10887,#10889,.T.);
#10887 = VERTEX_POINT('',#10888);
#10888 = CARTESIAN_POINT('',(78.589,6.3,21.6));
#10889 = SURFACE_CURVE('',#10890,(#10894,#10901),.PCURVE_S1.);
#10890 = LINE('',#10891,#10892);
#10891 = CARTESIAN_POINT('',(78.589,35.51,21.6));
#10892 = VECTOR('',#10893,1.);
#10893 = DIRECTION('',(2.22044604925E-16,-1.,0.));
#10894 = PCURVE('',#10302,#10895);
#10895 = DEFINITIONAL_REPRESENTATION('',(#10896),#10900);
#10896 = LINE('',#10897,#10898);
#10897 = CARTESIAN_POINT('',(24.711,21.6));
#10898 = VECTOR('',#10899,1.);
#10899 = DIRECTION('',(-1.,0.));
#10900 = ( GEOMETRIC_REPRESENTATION_CONTEXT(2) 
PARAMETRIC_REPRESENTATION_CONTEXT() REPRESENTATION_CONTEXT('2D SPACE',''
  ) );
#10901 = PCURVE('',#10463,#10902);
#10902 = DEFINITIONAL_REPRESENTATION('',(#10903),#10907);
#10903 = LINE('',#10904,#10905);
#10904 = CARTESIAN_POINT('',(2.22044604925E-15,-10.));
#10905 = VECTOR('',#10906,1.);
#10906 = DIRECTION('',(1.,1.094764425253E-47));
#10907 = ( GEOMETRIC_REPRESENTATION_CONTEXT(2) 
PARAMETRIC_REPRESENTATION_CONTEXT() REPRESENTATION_CONTEXT('2D SPACE',''
  ) );
#10908 = ORIENTED_EDGE('',*,*,#10909,.T.);
#10909 = EDGE_CURVE('',#10887,#10910,#10912,.T.);
#10910 = VERTEX_POINT('',#10911);
#10911 = CARTESIAN_POINT('',(78.589,-6.3,21.6));
#10912 = SURFACE_CURVE('',#10913,(#10918,#10925),.PCURVE_S1.);
#10913 = CIRCLE('',#10914,22.5);
#10914 = AXIS2_PLACEMENT_3D('',#10915,#10916,#10917);
#10915 = CARTESIAN_POINT('',(78.589,0.,-1.745026345645E-14));
#10916 = DIRECTION('',(1.,2.22044604925E-16,4.930380657631E-32));
#10917 = DIRECTION('',(-2.22044604925E-16,1.,0.));
#10918 = PCURVE('',#10302,#10919);
#10919 = DEFINITIONAL_REPRESENTATION('',(#10920),#10924);
#10920 = CIRCLE('',#10921,22.5);
#10921 = AXIS2_PLACEMENT_2D('',#10922,#10923);
#10922 = CARTESIAN_POINT('',(-10.799,1.22742801626E-15));
#10923 = DIRECTION('',(1.,0.));
#10924 = ( GEOMETRIC_REPRESENTATION_CONTEXT(2) 
PARAMETRIC_REPRESENTATION_CONTEXT() REPRESENTATION_CONTEXT('2D SPACE',''
  ) );
#10925 = PCURVE('',#10492,#10926);
#10926 = DEFINITIONAL_REPRESENTATION('',(#10927),#10931);
#10927 = LINE('',#10928,#10929);
#10928 = CARTESIAN_POINT('',(6.28318530718,-10.));
#10929 = VECTOR('',#10930,1.);
#10930 = DIRECTION('',(-1.,0.));
#10931 = ( GEOMETRIC_REPRESENTATION_CONTEXT(2) 
PARAMETRIC_REPRESENTATION_CONTEXT() REPRESENTATION_CONTEXT('2D SPACE',''
  ) );
#10932 = ORIENTED_EDGE('',*,*,#10933,.T.);
#10933 = EDGE_CURVE('',#10910,#10934,#10936,.T.);
#10934 = VERTEX_POINT('',#10935);
#10935 = CARTESIAN_POINT('',(78.589,-13.912,21.6));
#10936 = SURFACE_CURVE('',#10937,(#10941,#10948),.PCURVE_S1.);
#10937 = LINE('',#10938,#10939);
#10938 = CARTESIAN_POINT('',(78.589,35.51,21.6));
#10939 = VECTOR('',#10940,1.);
#10940 = DIRECTION('',(2.22044604925E-16,-1.,0.));
#10941 = PCURVE('',#10302,#10942);
#10942 = DEFINITIONAL_REPRESENTATION('',(#10943),#10947);
#10943 = LINE('',#10944,#10945);
#10944 = CARTESIAN_POINT('',(24.711,21.6));
#10945 = VECTOR('',#10946,1.);
#10946 = DIRECTION('',(-1.,0.));
#10947 = ( GEOMETRIC_REPRESENTATION_CONTEXT(2) 
PARAMETRIC_REPRESENTATION_CONTEXT() REPRESENTATION_CONTEXT('2D SPACE',''
  ) );
#10948 = PCURVE('',#10520,#10949);
#10949 = DEFINITIONAL_REPRESENTATION('',(#10950),#10954);
#10950 = LINE('',#10951,#10952);
#10951 = CARTESIAN_POINT('',(2.22044604925E-15,-10.));
#10952 = VECTOR('',#10953,1.);
#10953 = DIRECTION('',(1.,1.094764425253E-47));
#10954 = ( GEOMETRIC_REPRESENTATION_CONTEXT(2) 
PARAMETRIC_REPRESENTATION_CONTEXT() REPRESENTATION_CONTEXT('2D SPACE',''
  ) );
#10955 = ORIENTED_EDGE('',*,*,#10956,.T.);
#10956 = EDGE_CURVE('',#10934,#10957,#10959,.T.);
#10957 = VERTEX_POINT('',#10958);
#10958 = CARTESIAN_POINT('',(78.589,-13.912,17.683502368026));
#10959 = SURFACE_CURVE('',#10960,(#10964,#10971),.PCURVE_S1.);
#10960 = LINE('',#10961,#10962);
#10961 = CARTESIAN_POINT('',(78.589,-13.912,21.6));
#10962 = VECTOR('',#10963,1.);
#10963 = DIRECTION('',(0.,2.22044604925E-16,-1.));
#10964 = PCURVE('',#10302,#10965);
#10965 = DEFINITIONAL_REPRESENTATION('',(#10966),#10970);
#10966 = LINE('',#10967,#10968);
#10967 = CARTESIAN_POINT('',(-24.711,21.6));
#10968 = VECTOR('',#10969,1.);
#10969 = DIRECTION('',(2.22044604925E-16,-1.));
#10970 = ( GEOMETRIC_REPRESENTATION_CONTEXT(2) 
PARAMETRIC_REPRESENTATION_CONTEXT() REPRESENTATION_CONTEXT('2D SPACE',''
  ) );
#10971 = PCURVE('',#10548,#10972);
#10972 = DEFINITIONAL_REPRESENTATION('',(#10973),#10977);
#10973 = LINE('',#10974,#10975);
#10974 = CARTESIAN_POINT('',(4.93038065763E-31,-10.));
#10975 = VECTOR('',#10976,1.);
#10976 = DIRECTION('',(1.,0.));
#10977 = ( GEOMETRIC_REPRESENTATION_CONTEXT(2) 
PARAMETRIC_REPRESENTATION_CONTEXT() REPRESENTATION_CONTEXT('2D SPACE',''
  ) );
#10978 = ORIENTED_EDGE('',*,*,#10979,.T.);
#10979 = EDGE_CURVE('',#10957,#10816,#10980,.T.);
#10980 = SURFACE_CURVE('',#10981,(#10986,#10993),.PCURVE_S1.);
#10981 = CIRCLE('',#10982,22.5);
#10982 = AXIS2_PLACEMENT_3D('',#10983,#10984,#10985);
#10983 = CARTESIAN_POINT('',(78.589,0.,-1.745026345645E-14));
#10984 = DIRECTION('',(1.,2.22044604925E-16,4.930380657631E-32));
#10985 = DIRECTION('',(-2.22044604925E-16,1.,0.));
#10986 = PCURVE('',#10302,#10987);
#10987 = DEFINITIONAL_REPRESENTATION('',(#10988),#10992);
#10988 = CIRCLE('',#10989,22.5);
#10989 = AXIS2_PLACEMENT_2D('',#10990,#10991);
#10990 = CARTESIAN_POINT('',(-10.799,1.22742801626E-15));
#10991 = DIRECTION('',(1.,0.));
#10992 = ( GEOMETRIC_REPRESENTATION_CONTEXT(2) 
PARAMETRIC_REPRESENTATION_CONTEXT() REPRESENTATION_CONTEXT('2D SPACE',''
  ) );
#10993 = PCURVE('',#10575,#10994);
#10994 = DEFINITIONAL_REPRESENTATION('',(#10995),#10999);
#10995 = LINE('',#10996,#10997);
#10996 = CARTESIAN_POINT('',(6.28318530718,-10.));
#10997 = VECTOR('',#10998,1.);
#10998 = DIRECTION('',(-1.,0.));
#10999 = ( GEOMETRIC_REPRESENTATION_CONTEXT(2) 
PARAMETRIC_REPRESENTATION_CONTEXT() REPRESENTATION_CONTEXT('2D SPACE',''
  ) );
#11000 = FACE_BOUND('',#11001,.T.);
#11001 = EDGE_LOOP('',(#11002));
#11002 = ORIENTED_EDGE('',*,*,#11003,.T.);
#11003 = EDGE_CURVE('',#11004,#11004,#11006,.T.);
#11004 = VERTEX_POINT('',#11005);
#11005 = CARTESIAN_POINT('',(78.589,17.6,-17.5));
#11006 = SURFACE_CURVE('',#11007,(#11012,#11023),.PCURVE_S1.);
#11007 = CIRCLE('',#11008,3.1);
#11008 = AXIS2_PLACEMENT_3D('',#11009,#11010,#11011);
#11009 = CARTESIAN_POINT('',(78.589,14.5,-17.5));
#11010 = DIRECTION('',(-1.,-2.22044604925E-16,-4.930380657631E-32));
#11011 = DIRECTION('',(-2.22044604925E-16,1.,0.));
#11012 = PCURVE('',#10302,#11013);
#11013 = DEFINITIONAL_REPRESENTATION('',(#11014),#11022);
#11014 = ( BOUNDED_CURVE() B_SPLINE_CURVE(2,(#11015,#11016,#11017,#11018
    ,#11019,#11020,#11021),.UNSPECIFIED.,.T.,.F.) 
B_SPLINE_CURVE_WITH_KNOTS((1,2,2,2,2,1),(-2.094395102393,0.,
    2.094395102393,4.188790204786,6.28318530718,8.377580409573),
.UNSPECIFIED.) CURVE() GEOMETRIC_REPRESENTATION_ITEM() 
RATIONAL_B_SPLINE_CURVE((1.,0.5,1.,0.5,1.,0.5,1.)) REPRESENTATION_ITEM(
  '') );
#11015 = CARTESIAN_POINT('',(6.801,-17.5));
#11016 = CARTESIAN_POINT('',(6.801,-22.86935750346));
#11017 = CARTESIAN_POINT('',(2.151,-20.18467875173));
#11018 = CARTESIAN_POINT('',(-2.499,-17.5));
#11019 = CARTESIAN_POINT('',(2.151,-14.81532124826));
#11020 = CARTESIAN_POINT('',(6.801,-12.13064249653));
#11021 = CARTESIAN_POINT('',(6.801,-17.5));
#11022 = ( GEOMETRIC_REPRESENTATION_CONTEXT(2) 
PARAMETRIC_REPRESENTATION_CONTEXT() REPRESENTATION_CONTEXT('2D SPACE',''
  ) );
#11023 = PCURVE('',#11024,#11029);
#11024 = CYLINDRICAL_SURFACE('',#11025,3.1);
#11025 = AXIS2_PLACEMENT_3D('',#11026,#11027,#11028);
#11026 = CARTESIAN_POINT('',(74.789,14.5,-17.5));
#11027 = DIRECTION('',(-1.,0.,2.22044604925E-16));
#11028 = DIRECTION('',(-1.094764425253E-47,1.,-4.93038065763E-32));
#11029 = DEFINITIONAL_REPRESENTATION('',(#11030),#11034);
#11030 = LINE('',#11031,#11032);
#11031 = CARTESIAN_POINT('',(-4.138911435803E-13,-3.8));
#11032 = VECTOR('',#11033,1.);
#11033 = DIRECTION('',(1.,-0.));
#11034 = ( GEOMETRIC_REPRESENTATION_CONTEXT(2) 
PARAMETRIC_REPRESENTATION_CONTEXT() REPRESENTATION_CONTEXT('2D SPACE',''
  ) );
#11035 = FACE_BOUND('',#11036,.T.);
#11036 = EDGE_LOOP('',(#11037));
#11037 = ORIENTED_EDGE('',*,*,#11038,.T.);
#11038 = EDGE_CURVE('',#11039,#11039,#11041,.T.);
#11039 = VERTEX_POINT('',#11040);
#11040 = CARTESIAN_POINT('',(78.589,34.1,-17.5));
#11041 = SURFACE_CURVE('',#11042,(#11047,#11058),.PCURVE_S1.);
#11042 = CIRCLE('',#11043,3.1);
#11043 = AXIS2_PLACEMENT_3D('',#11044,#11045,#11046);
#11044 = CARTESIAN_POINT('',(78.589,31.,-17.5));
#11045 = DIRECTION('',(-1.,-2.22044604925E-16,-4.930380657631E-32));
#11046 = DIRECTION('',(-2.22044604925E-16,1.,0.));
#11047 = PCURVE('',#10302,#11048);
#11048 = DEFINITIONAL_REPRESENTATION('',(#11049),#11057);
#11049 = ( BOUNDED_CURVE() B_SPLINE_CURVE(2,(#11050,#11051,#11052,#11053
    ,#11054,#11055,#11056),.UNSPECIFIED.,.T.,.F.) 
B_SPLINE_CURVE_WITH_KNOTS((1,2,2,2,2,1),(-2.094395102393,0.,
    2.094395102393,4.188790204786,6.28318530718,8.377580409573),
.UNSPECIFIED.) CURVE() GEOMETRIC_REPRESENTATION_ITEM() 
RATIONAL_B_SPLINE_CURVE((1.,0.5,1.,0.5,1.,0.5,1.)) REPRESENTATION_ITEM(
  '') );
#11050 = CARTESIAN_POINT('',(23.301,-17.5));
#11051 = CARTESIAN_POINT('',(23.301,-22.86935750346));
#11052 = CARTESIAN_POINT('',(18.651,-20.18467875173));
#11053 = CARTESIAN_POINT('',(14.001,-17.5));
#11054 = CARTESIAN_POINT('',(18.651,-14.81532124826));
#11055 = CARTESIAN_POINT('',(23.301,-12.13064249653));
#11056 = CARTESIAN_POINT('',(23.301,-17.5));
#11057 = ( GEOMETRIC_REPRESENTATION_CONTEXT(2) 
PARAMETRIC_REPRESENTATION_CONTEXT() REPRESENTATION_CONTEXT('2D SPACE',''
  ) );
#11058 = PCURVE('',#11059,#11064);
#11059 = CYLINDRICAL_SURFACE('',#11060,3.1);
#11060 = AXIS2_PLACEMENT_3D('',#11061,#11062,#11063);
#11061 = CARTESIAN_POINT('',(74.789,31.,-17.5));
#11062 = DIRECTION('',(-1.,0.,2.22044604925E-16));
#11063 = DIRECTION('',(-1.094764425253E-47,1.,-4.93038065763E-32));
#11064 = DEFINITIONAL_REPRESENTATION('',(#11065),#11069);
#11065 = LINE('',#11066,#11067);
#11066 = CARTESIAN_POINT('',(-4.138911435803E-13,-3.8));
#11067 = VECTOR('',#11068,1.);
#11068 = DIRECTION('',(1.,-0.));
#11069 = ( GEOMETRIC_REPRESENTATION_CONTEXT(2) 
PARAMETRIC_REPRESENTATION_CONTEXT() REPRESENTATION_CONTEXT('2D SPACE',''
  ) );
#11070 = FACE_BOUND('',#11071,.T.);
#11071 = EDGE_LOOP('',(#11072));
#11072 = ORIENTED_EDGE('',*,*,#11073,.T.);
#11073 = EDGE_CURVE('',#11074,#11074,#11076,.T.);
#11074 = VERTEX_POINT('',#11075);
#11075 = CARTESIAN_POINT('',(78.589,17.,-1.745026345645E-14));
#11076 = SURFACE_CURVE('',#11077,(#11082,#11093),.PCURVE_S1.);
#11077 = CIRCLE('',#11078,17.);
#11078 = AXIS2_PLACEMENT_3D('',#11079,#11080,#11081);
#11079 = CARTESIAN_POINT('',(78.589,0.,-1.745026345645E-14));
#11080 = DIRECTION('',(-1.,-2.22044604925E-16,-4.930380657631E-32));
#11081 = DIRECTION('',(-2.22044604925E-16,1.,0.));
#11082 = PCURVE('',#10302,#11083);
#11083 = DEFINITIONAL_REPRESENTATION('',(#11084),#11092);
#11084 = ( BOUNDED_CURVE() B_SPLINE_CURVE(2,(#11085,#11086,#11087,#11088
    ,#11089,#11090,#11091),.UNSPECIFIED.,.T.,.F.) 
B_SPLINE_CURVE_WITH_KNOTS((1,2,2,2,2,1),(-2.094395102393,0.,
    2.094395102393,4.188790204786,6.28318530718,8.377580409573),
.UNSPECIFIED.) CURVE() GEOMETRIC_REPRESENTATION_ITEM() 
RATIONAL_B_SPLINE_CURVE((1.,0.5,1.,0.5,1.,0.5,1.)) REPRESENTATION_ITEM(
  '') );
#11085 = CARTESIAN_POINT('',(6.201,1.22742801626E-15));
#11086 = CARTESIAN_POINT('',(6.201,-29.44486372867));
#11087 = CARTESIAN_POINT('',(-19.299,-14.72243186433));
#11088 = CARTESIAN_POINT('',(-44.799,-2.936371100841E-15));
#11089 = CARTESIAN_POINT('',(-19.299,14.722431864335));
#11090 = CARTESIAN_POINT('',(6.201,29.444863728671));
#11091 = CARTESIAN_POINT('',(6.201,1.22742801626E-15));
#11092 = ( GEOMETRIC_REPRESENTATION_CONTEXT(2) 
PARAMETRIC_REPRESENTATION_CONTEXT() REPRESENTATION_CONTEXT('2D SPACE',''
  ) );
#11093 = PCURVE('',#11094,#11099);
#11094 = CYLINDRICAL_SURFACE('',#11095,17.);
#11095 = AXIS2_PLACEMENT_3D('',#11096,#11097,#11098);
#11096 = CARTESIAN_POINT('',(67.589,0.,-1.500777280228E-14));
#11097 = DIRECTION('',(-1.,0.,2.22044604925E-16));
#11098 = DIRECTION('',(-1.094764425253E-47,1.,-4.93038065763E-32));
#11099 = DEFINITIONAL_REPRESENTATION('',(#11100),#11104);
#11100 = LINE('',#11101,#11102);
#11101 = CARTESIAN_POINT('',(-4.138911435803E-13,-11.));
#11102 = VECTOR('',#11103,1.);
#11103 = DIRECTION('',(1.,-0.));
#11104 = ( GEOMETRIC_REPRESENTATION_CONTEXT(2) 
PARAMETRIC_REPRESENTATION_CONTEXT() REPRESENTATION_CONTEXT('2D SPACE',''
  ) );
#11105 = FACE_BOUND('',#11106,.T.);
#11106 = EDGE_LOOP('',(#11107));
#11107 = ORIENTED_EDGE('',*,*,#11108,.T.);
#11108 = EDGE_CURVE('',#11109,#11109,#11111,.T.);
#11109 = VERTEX_POINT('',#11110);
#11110 = CARTESIAN_POINT('',(78.589,17.6,17.5));
#11111 = SURFACE_CURVE('',#11112,(#11117,#11128),.PCURVE_S1.);
#11112 = CIRCLE('',#11113,3.1);
#11113 = AXIS2_PLACEMENT_3D('',#11114,#11115,#11116);
#11114 = CARTESIAN_POINT('',(78.589,14.5,17.5));
#11115 = DIRECTION('',(-1.,-2.22044604925E-16,-4.930380657631E-32));
#11116 = DIRECTION('',(-2.22044604925E-16,1.,0.));
#11117 = PCURVE('',#10302,#11118);
#11118 = DEFINITIONAL_REPRESENTATION('',(#11119),#11127);
#11119 = ( BOUNDED_CURVE() B_SPLINE_CURVE(2,(#11120,#11121,#11122,#11123
    ,#11124,#11125,#11126),.UNSPECIFIED.,.T.,.F.) 
B_SPLINE_CURVE_WITH_KNOTS((1,2,2,2,2,1),(-2.094395102393,0.,
    2.094395102393,4.188790204786,6.28318530718,8.377580409573),
.UNSPECIFIED.) CURVE() GEOMETRIC_REPRESENTATION_ITEM() 
RATIONAL_B_SPLINE_CURVE((1.,0.5,1.,0.5,1.,0.5,1.)) REPRESENTATION_ITEM(
  '') );
#11120 = CARTESIAN_POINT('',(6.801,17.5));
#11121 = CARTESIAN_POINT('',(6.801,12.130642496536));
#11122 = CARTESIAN_POINT('',(2.151,14.815321248268));
#11123 = CARTESIAN_POINT('',(-2.499,17.5));
#11124 = CARTESIAN_POINT('',(2.151,20.184678751732));
#11125 = CARTESIAN_POINT('',(6.801,22.869357503464));
#11126 = CARTESIAN_POINT('',(6.801,17.5));
#11127 = ( GEOMETRIC_REPRESENTATION_CONTEXT(2) 
PARAMETRIC_REPRESENTATION_CONTEXT() REPRESENTATION_CONTEXT('2D SPACE',''
  ) );
#11128 = PCURVE('',#11129,#11134);
#11129 = CYLINDRICAL_SURFACE('',#11130,3.1);
#11130 = AXIS2_PLACEMENT_3D('',#11131,#11132,#11133);
#11131 = CARTESIAN_POINT('',(74.789,14.5,17.5));
#11132 = DIRECTION('',(-1.,0.,2.22044604925E-16));
#11133 = DIRECTION('',(-1.094764425253E-47,1.,-4.93038065763E-32));
#11134 = DEFINITIONAL_REPRESENTATION('',(#11135),#11139);
#11135 = LINE('',#11136,#11137);
#11136 = CARTESIAN_POINT('',(-4.138911435803E-13,-3.8));
#11137 = VECTOR('',#11138,1.);
#11138 = DIRECTION('',(1.,-0.));
#11139 = ( GEOMETRIC_REPRESENTATION_CONTEXT(2) 
PARAMETRIC_REPRESENTATION_CONTEXT() REPRESENTATION_CONTEXT('2D SPACE',''
  ) );
#11140 = FACE_BOUND('',#11141,.T.);
#11141 = EDGE_LOOP('',(#11142));
#11142 = ORIENTED_EDGE('',*,*,#11143,.T.);
#11143 = EDGE_CURVE('',#11144,#11144,#11146,.T.);
#11144 = VERTEX_POINT('',#11145);
#11145 = CARTESIAN_POINT('',(78.589,34.1,17.5));
#11146 = SURFACE_CURVE('',#11147,(#11152,#11163),.PCURVE_S1.);
#11147 = CIRCLE('',#11148,3.1);
#11148 = AXIS2_PLACEMENT_3D('',#11149,#11150,#11151);
#11149 = CARTESIAN_POINT('',(78.589,31.,17.5));
#11150 = DIRECTION('',(-1.,-2.22044604925E-16,-4.930380657631E-32));
#11151 = DIRECTION('',(-2.22044604925E-16,1.,0.));
#11152 = PCURVE('',#10302,#11153);
#11153 = DEFINITIONAL_REPRESENTATION('',(#11154),#11162);
#11154 = ( BOUNDED_CURVE() B_SPLINE_CURVE(2,(#11155,#11156,#11157,#11158
    ,#11159,#11160,#11161),.UNSPECIFIED.,.T.,.F.) 
B_SPLINE_CURVE_WITH_KNOTS((1,2,2,2,2,1),(-2.094395102393,0.,
    2.094395102393,4.188790204786,6.28318530718,8.377580409573),
.UNSPECIFIED.) CURVE() GEOMETRIC_REPRESENTATION_ITEM() 
RATIONAL_B_SPLINE_CURVE((1.,0.5,1.,0.5,1.,0.5,1.)) REPRESENTATION_ITEM(
  '') );
#11155 = CARTESIAN_POINT('',(23.301,17.5));
#11156 = CARTESIAN_POINT('',(23.301,12.130642496536));
#11157 = CARTESIAN_POINT('',(18.651,14.815321248268));
#11158 = CARTESIAN_POINT('',(14.001,17.5));
#11159 = CARTESIAN_POINT('',(18.651,20.184678751732));
#11160 = CARTESIAN_POINT('',(23.301,22.869357503464));
#11161 = CARTESIAN_POINT('',(23.301,17.5));
#11162 = ( GEOMETRIC_REPRESENTATION_CONTEXT(2) 
PARAMETRIC_REPRESENTATION_CONTEXT() REPRESENTATION_CONTEXT('2D SPACE',''
  ) );
#11163 = PCURVE('',#11164,#11169);
#11164 = CYLINDRICAL_SURFACE('',#11165,3.1);
#11165 = AXIS2_PLACEMENT_3D('',#11166,#11167,#11168);
#11166 = CARTESIAN_POINT('',(74.789,31.,17.5));
#11167 = DIRECTION('',(-1.,0.,2.22044604925E-16));
#11168 = DIRECTION('',(-1.094764425253E-47,1.,-4.93038065763E-32));
#11169 = DEFINITIONAL_REPRESENTATION('',(#11170),#11174);
#11170 = LINE('',#11171,#11172);
#11171 = CARTESIAN_POINT('',(-4.138911435803E-13,-3.8));
#11172 = VECTOR('',#11173,1.);
#11173 = DIRECTION('',(1.,-0.));
#11174 = ( GEOMETRIC_REPRESENTATION_CONTEXT(2) 
PARAMETRIC_REPRESENTATION_CONTEXT() REPRESENTATION_CONTEXT('2D SPACE',''
  ) );
#11175 = ADVANCED_FACE('',(#11176),#10274,.F.);
#11176 = FACE_BOUND('',#11177,.F.);
#11177 = EDGE_LOOP('',(#11178,#11179,#11200,#11201));
#11178 = ORIENTED_EDGE('',*,*,#10343,.F.);
#11179 = ORIENTED_EDGE('',*,*,#11180,.F.);
#11180 = EDGE_CURVE('',#10816,#10344,#11181,.T.);
#11181 = SURFACE_CURVE('',#11182,(#11186,#11193),.PCURVE_S1.);
#11182 = LINE('',#11183,#11184);
#11183 = CARTESIAN_POINT('',(68.589,-13.912,-17.68350236802));
#11184 = VECTOR('',#11185,1.);
#11185 = DIRECTION('',(-1.,0.,2.22044604925E-16));
#11186 = PCURVE('',#10274,#11187);
#11187 = DEFINITIONAL_REPRESENTATION('',(#11188),#11192);
#11188 = LINE('',#11189,#11190);
#11189 = CARTESIAN_POINT('',(39.28350236802,1.936826202392E-30));
#11190 = VECTOR('',#11191,1.);
#11191 = DIRECTION('',(-2.22044604925E-16,1.));
#11192 = ( GEOMETRIC_REPRESENTATION_CONTEXT(2) 
PARAMETRIC_REPRESENTATION_CONTEXT() REPRESENTATION_CONTEXT('2D SPACE',''
  ) );
#11193 = PCURVE('',#10575,#11194);
#11194 = DEFINITIONAL_REPRESENTATION('',(#11195),#11199);
#11195 = LINE('',#11196,#11197);
#11196 = CARTESIAN_POINT('',(2.237388313241,0.));
#11197 = VECTOR('',#11198,1.);
#11198 = DIRECTION('',(-0.,1.));
#11199 = ( GEOMETRIC_REPRESENTATION_CONTEXT(2) 
PARAMETRIC_REPRESENTATION_CONTEXT() REPRESENTATION_CONTEXT('2D SPACE',''
  ) );
#11200 = ORIENTED_EDGE('',*,*,#10815,.T.);
#11201 = ORIENTED_EDGE('',*,*,#10258,.F.);
#11202 = ADVANCED_FACE('',(#11203),#10575,.T.);
#11203 = FACE_BOUND('',#11204,.T.);
#11204 = EDGE_LOOP('',(#11205,#11206,#11207,#11228));
#11205 = ORIENTED_EDGE('',*,*,#11180,.F.);
#11206 = ORIENTED_EDGE('',*,*,#10979,.F.);
#11207 = ORIENTED_EDGE('',*,*,#11208,.T.);
#11208 = EDGE_CURVE('',#10957,#10533,#11209,.T.);
#11209 = SURFACE_CURVE('',#11210,(#11214,#11221),.PCURVE_S1.);
#11210 = LINE('',#11211,#11212);
#11211 = CARTESIAN_POINT('',(68.589,-13.912,17.683502368027));
#11212 = VECTOR('',#11213,1.);
#11213 = DIRECTION('',(-1.,0.,2.22044604925E-16));
#11214 = PCURVE('',#10575,#11215);
#11215 = DEFINITIONAL_REPRESENTATION('',(#11216),#11220);
#11216 = LINE('',#11217,#11218);
#11217 = CARTESIAN_POINT('',(4.045796993939,0.));
#11218 = VECTOR('',#11219,1.);
#11219 = DIRECTION('',(-0.,1.));
#11220 = ( GEOMETRIC_REPRESENTATION_CONTEXT(2) 
PARAMETRIC_REPRESENTATION_CONTEXT() REPRESENTATION_CONTEXT('2D SPACE',''
  ) );
#11221 = PCURVE('',#10548,#11222);
#11222 = DEFINITIONAL_REPRESENTATION('',(#11223),#11227);
#11223 = LINE('',#11224,#11225);
#11224 = CARTESIAN_POINT('',(3.916497631973,1.930982417033E-31));
#11225 = VECTOR('',#11226,1.);
#11226 = DIRECTION('',(-2.22044604925E-16,1.));
#11227 = ( GEOMETRIC_REPRESENTATION_CONTEXT(2) 
PARAMETRIC_REPRESENTATION_CONTEXT() REPRESENTATION_CONTEXT('2D SPACE',''
  ) );
#11228 = ORIENTED_EDGE('',*,*,#10560,.T.);
#11229 = ADVANCED_FACE('',(#11230),#10548,.F.);
#11230 = FACE_BOUND('',#11231,.F.);
#11231 = EDGE_LOOP('',(#11232,#11233,#11254,#11255));
#11232 = ORIENTED_EDGE('',*,*,#10532,.F.);
#11233 = ORIENTED_EDGE('',*,*,#11234,.T.);
#11234 = EDGE_CURVE('',#10505,#10934,#11235,.T.);
#11235 = SURFACE_CURVE('',#11236,(#11240,#11247),.PCURVE_S1.);
#11236 = LINE('',#11237,#11238);
#11237 = CARTESIAN_POINT('',(68.589,-13.912,21.6));
#11238 = VECTOR('',#11239,1.);
#11239 = DIRECTION('',(1.,0.,-2.22044604925E-16));
#11240 = PCURVE('',#10548,#11241);
#11241 = DEFINITIONAL_REPRESENTATION('',(#11242),#11246);
#11242 = LINE('',#11243,#11244);
#11243 = CARTESIAN_POINT('',(0.,-0.));
#11244 = VECTOR('',#11245,1.);
#11245 = DIRECTION('',(2.22044604925E-16,-1.));
#11246 = ( GEOMETRIC_REPRESENTATION_CONTEXT(2) 
PARAMETRIC_REPRESENTATION_CONTEXT() REPRESENTATION_CONTEXT('2D SPACE',''
  ) );
#11247 = PCURVE('',#10520,#11248);
#11248 = DEFINITIONAL_REPRESENTATION('',(#11249),#11253);
#11249 = LINE('',#11250,#11251);
#11250 = CARTESIAN_POINT('',(49.422,1.09738884646E-14));
#11251 = VECTOR('',#11252,1.);
#11252 = DIRECTION('',(2.22044604925E-16,-1.));
#11253 = ( GEOMETRIC_REPRESENTATION_CONTEXT(2) 
PARAMETRIC_REPRESENTATION_CONTEXT() REPRESENTATION_CONTEXT('2D SPACE',''
  ) );
#11254 = ORIENTED_EDGE('',*,*,#10956,.T.);
#11255 = ORIENTED_EDGE('',*,*,#11208,.T.);
#11256 = ADVANCED_FACE('',(#11257),#10520,.F.);
#11257 = FACE_BOUND('',#11258,.F.);
#11258 = EDGE_LOOP('',(#11259,#11260,#11281,#11282));
#11259 = ORIENTED_EDGE('',*,*,#10504,.F.);
#11260 = ORIENTED_EDGE('',*,*,#11261,.F.);
#11261 = EDGE_CURVE('',#10910,#10476,#11262,.T.);
#11262 = SURFACE_CURVE('',#11263,(#11267,#11274),.PCURVE_S1.);
#11263 = LINE('',#11264,#11265);
#11264 = CARTESIAN_POINT('',(68.589,-6.3,21.6));
#11265 = VECTOR('',#11266,1.);
#11266 = DIRECTION('',(-1.,0.,2.22044604925E-16));
#11267 = PCURVE('',#10520,#11268);
#11268 = DEFINITIONAL_REPRESENTATION('',(#11269),#11273);
#11269 = LINE('',#11270,#11271);
#11270 = CARTESIAN_POINT('',(41.81,9.283684931914E-15));
#11271 = VECTOR('',#11272,1.);
#11272 = DIRECTION('',(-2.22044604925E-16,1.));
#11273 = ( GEOMETRIC_REPRESENTATION_CONTEXT(2) 
PARAMETRIC_REPRESENTATION_CONTEXT() REPRESENTATION_CONTEXT('2D SPACE',''
  ) );
#11274 = PCURVE('',#10492,#11275);
#11275 = DEFINITIONAL_REPRESENTATION('',(#11276),#11280);
#11276 = LINE('',#11277,#11278);
#11277 = CARTESIAN_POINT('',(4.428594871177,0.));
#11278 = VECTOR('',#11279,1.);
#11279 = DIRECTION('',(-0.,1.));
#11280 = ( GEOMETRIC_REPRESENTATION_CONTEXT(2) 
PARAMETRIC_REPRESENTATION_CONTEXT() REPRESENTATION_CONTEXT('2D SPACE',''
  ) );
#11281 = ORIENTED_EDGE('',*,*,#10933,.T.);
#11282 = ORIENTED_EDGE('',*,*,#11234,.F.);
#11283 = ADVANCED_FACE('',(#11284),#10407,.F.);
#11284 = FACE_BOUND('',#11285,.F.);
#11285 = EDGE_LOOP('',(#11286,#11287,#11288,#11289));
#11286 = ORIENTED_EDGE('',*,*,#10391,.F.);
#11287 = ORIENTED_EDGE('',*,*,#10791,.F.);
#11288 = ORIENTED_EDGE('',*,*,#10840,.T.);
#11289 = ORIENTED_EDGE('',*,*,#11290,.F.);
#11290 = EDGE_CURVE('',#10392,#10841,#11291,.T.);
#11291 = SURFACE_CURVE('',#11292,(#11296,#11303),.PCURVE_S1.);
#11292 = LINE('',#11293,#11294);
#11293 = CARTESIAN_POINT('',(68.589,35.51,-21.6));
#11294 = VECTOR('',#11295,1.);
#11295 = DIRECTION('',(1.,0.,-2.22044604925E-16));
#11296 = PCURVE('',#10407,#11297);
#11297 = DEFINITIONAL_REPRESENTATION('',(#11298),#11302);
#11298 = LINE('',#11299,#11300);
#11299 = CARTESIAN_POINT('',(49.422,-1.09738884646E-14));
#11300 = VECTOR('',#11301,1.);
#11301 = DIRECTION('',(-2.22044604925E-16,-1.));
#11302 = ( GEOMETRIC_REPRESENTATION_CONTEXT(2) 
PARAMETRIC_REPRESENTATION_CONTEXT() REPRESENTATION_CONTEXT('2D SPACE',''
  ) );
#11303 = PCURVE('',#10435,#11304);
#11304 = DEFINITIONAL_REPRESENTATION('',(#11305),#11309);
#11305 = LINE('',#11306,#11307);
#11306 = CARTESIAN_POINT('',(0.,-0.));
#11307 = VECTOR('',#11308,1.);
#11308 = DIRECTION('',(-2.22044604925E-16,-1.));
#11309 = ( GEOMETRIC_REPRESENTATION_CONTEXT(2) 
PARAMETRIC_REPRESENTATION_CONTEXT() REPRESENTATION_CONTEXT('2D SPACE',''
  ) );
#11310 = ADVANCED_FACE('',(#11311),#10492,.T.);
#11311 = FACE_BOUND('',#11312,.T.);
#11312 = EDGE_LOOP('',(#11313,#11314,#11315,#11336));
#11313 = ORIENTED_EDGE('',*,*,#11261,.F.);
#11314 = ORIENTED_EDGE('',*,*,#10909,.F.);
#11315 = ORIENTED_EDGE('',*,*,#11316,.T.);
#11316 = EDGE_CURVE('',#10887,#10448,#11317,.T.);
#11317 = SURFACE_CURVE('',#11318,(#11322,#11329),.PCURVE_S1.);
#11318 = LINE('',#11319,#11320);
#11319 = CARTESIAN_POINT('',(68.589,6.3,21.6));
#11320 = VECTOR('',#11321,1.);
#11321 = DIRECTION('',(-1.,0.,2.22044604925E-16));
#11322 = PCURVE('',#10492,#11323);
#11323 = DEFINITIONAL_REPRESENTATION('',(#11324),#11328);
#11324 = LINE('',#11325,#11326);
#11325 = CARTESIAN_POINT('',(4.996183089593,0.));
#11326 = VECTOR('',#11327,1.);
#11327 = DIRECTION('',(-0.,1.));
#11328 = ( GEOMETRIC_REPRESENTATION_CONTEXT(2) 
PARAMETRIC_REPRESENTATION_CONTEXT() REPRESENTATION_CONTEXT('2D SPACE',''
  ) );
#11329 = PCURVE('',#10463,#11330);
#11330 = DEFINITIONAL_REPRESENTATION('',(#11331),#11335);
#11331 = LINE('',#11332,#11333);
#11332 = CARTESIAN_POINT('',(29.21,6.485922909859E-15));
#11333 = VECTOR('',#11334,1.);
#11334 = DIRECTION('',(-2.22044604925E-16,1.));
#11335 = ( GEOMETRIC_REPRESENTATION_CONTEXT(2) 
PARAMETRIC_REPRESENTATION_CONTEXT() REPRESENTATION_CONTEXT('2D SPACE',''
  ) );
#11336 = ORIENTED_EDGE('',*,*,#10475,.T.);
#11337 = ADVANCED_FACE('',(#11338),#10435,.F.);
#11338 = FACE_BOUND('',#11339,.F.);
#11339 = EDGE_LOOP('',(#11340,#11341,#11342,#11363));
#11340 = ORIENTED_EDGE('',*,*,#11290,.T.);
#11341 = ORIENTED_EDGE('',*,*,#10863,.T.);
#11342 = ORIENTED_EDGE('',*,*,#11343,.F.);
#11343 = EDGE_CURVE('',#10420,#10864,#11344,.T.);
#11344 = SURFACE_CURVE('',#11345,(#11349,#11356),.PCURVE_S1.);
#11345 = LINE('',#11346,#11347);
#11346 = CARTESIAN_POINT('',(68.589,35.51,21.6));
#11347 = VECTOR('',#11348,1.);
#11348 = DIRECTION('',(1.,0.,-2.22044604925E-16));
#11349 = PCURVE('',#10435,#11350);
#11350 = DEFINITIONAL_REPRESENTATION('',(#11351),#11355);
#11351 = LINE('',#11352,#11353);
#11352 = CARTESIAN_POINT('',(43.2,-2.129924444096E-30));
#11353 = VECTOR('',#11354,1.);
#11354 = DIRECTION('',(-2.22044604925E-16,-1.));
#11355 = ( GEOMETRIC_REPRESENTATION_CONTEXT(2) 
PARAMETRIC_REPRESENTATION_CONTEXT() REPRESENTATION_CONTEXT('2D SPACE',''
  ) );
#11356 = PCURVE('',#10463,#11357);
#11357 = DEFINITIONAL_REPRESENTATION('',(#11358),#11362);
#11358 = LINE('',#11359,#11360);
#11359 = CARTESIAN_POINT('',(0.,-0.));
#11360 = VECTOR('',#11361,1.);
#11361 = DIRECTION('',(2.22044604925E-16,-1.));
#11362 = ( GEOMETRIC_REPRESENTATION_CONTEXT(2) 
PARAMETRIC_REPRESENTATION_CONTEXT() REPRESENTATION_CONTEXT('2D SPACE',''
  ) );
#11363 = ORIENTED_EDGE('',*,*,#10419,.F.);
#11364 = ADVANCED_FACE('',(#11365),#10463,.F.);
#11365 = FACE_BOUND('',#11366,.F.);
#11366 = EDGE_LOOP('',(#11367,#11368,#11369,#11370));
#11367 = ORIENTED_EDGE('',*,*,#10447,.F.);
#11368 = ORIENTED_EDGE('',*,*,#11343,.T.);
#11369 = ORIENTED_EDGE('',*,*,#10886,.T.);
#11370 = ORIENTED_EDGE('',*,*,#11316,.T.);
#11371 = ADVANCED_FACE('',(#11372),#10610,.F.);
#11372 = FACE_BOUND('',#11373,.F.);
#11373 = EDGE_LOOP('',(#11374,#11407,#11428,#11429));
#11374 = ORIENTED_EDGE('',*,*,#11375,.T.);
#11375 = EDGE_CURVE('',#11376,#11376,#11378,.T.);
#11376 = VERTEX_POINT('',#11377);
#11377 = CARTESIAN_POINT('',(74.789,16.2,-17.5));
#11378 = SURFACE_CURVE('',#11379,(#11384,#11391),.PCURVE_S1.);
#11379 = CIRCLE('',#11380,1.7);
#11380 = AXIS2_PLACEMENT_3D('',#11381,#11382,#11383);
#11381 = CARTESIAN_POINT('',(74.789,14.5,-17.5));
#11382 = DIRECTION('',(-1.,-2.22044604925E-16,-4.930380657631E-32));
#11383 = DIRECTION('',(-2.22044604925E-16,1.,0.));
#11384 = PCURVE('',#10610,#11385);
#11385 = DEFINITIONAL_REPRESENTATION('',(#11386),#11390);
#11386 = LINE('',#11387,#11388);
#11387 = CARTESIAN_POINT('',(-4.138911435803E-13,-7.2));
#11388 = VECTOR('',#11389,1.);
#11389 = DIRECTION('',(1.,-0.));
#11390 = ( GEOMETRIC_REPRESENTATION_CONTEXT(2) 
PARAMETRIC_REPRESENTATION_CONTEXT() REPRESENTATION_CONTEXT('2D SPACE',''
  ) );
#11391 = PCURVE('',#11392,#11397);
#11392 = PLANE('',#11393);
#11393 = AXIS2_PLACEMENT_3D('',#11394,#11395,#11396);
#11394 = CARTESIAN_POINT('',(74.789,14.5,-17.5));
#11395 = DIRECTION('',(1.,0.,-2.22044604925E-16));
#11396 = DIRECTION('',(-1.094764425253E-47,1.,-4.93038065763E-32));
#11397 = DEFINITIONAL_REPRESENTATION('',(#11398),#11406);
#11398 = ( BOUNDED_CURVE() B_SPLINE_CURVE(2,(#11399,#11400,#11401,#11402
    ,#11403,#11404,#11405),.UNSPECIFIED.,.T.,.F.) 
B_SPLINE_CURVE_WITH_KNOTS((1,2,2,2,2,1),(-2.094395102393,0.,
    2.094395102393,4.188790204786,6.28318530718,8.377580409573),
.UNSPECIFIED.) CURVE() GEOMETRIC_REPRESENTATION_ITEM() 
RATIONAL_B_SPLINE_CURVE((1.,0.5,1.,0.5,1.,0.5,1.)) REPRESENTATION_ITEM(
  '') );
#11399 = CARTESIAN_POINT('',(1.7,0.));
#11400 = CARTESIAN_POINT('',(1.7,-2.944486372867));
#11401 = CARTESIAN_POINT('',(-0.85,-1.472243186434));
#11402 = CARTESIAN_POINT('',(-3.4,-4.163799117101E-16));
#11403 = CARTESIAN_POINT('',(-0.85,1.472243186434));
#11404 = CARTESIAN_POINT('',(1.7,2.944486372867));
#11405 = CARTESIAN_POINT('',(1.7,0.));
#11406 = ( GEOMETRIC_REPRESENTATION_CONTEXT(2) 
PARAMETRIC_REPRESENTATION_CONTEXT() REPRESENTATION_CONTEXT('2D SPACE',''
  ) );
#11407 = ORIENTED_EDGE('',*,*,#11408,.F.);
#11408 = EDGE_CURVE('',#10590,#11376,#11409,.T.);
#11409 = SEAM_CURVE('',#11410,(#11414,#11421),.PCURVE_S1.);
#11410 = LINE('',#11411,#11412);
#11411 = CARTESIAN_POINT('',(67.589,16.2,-17.5));
#11412 = VECTOR('',#11413,1.);
#11413 = DIRECTION('',(1.,0.,-2.22044604925E-16));
#11414 = PCURVE('',#10610,#11415);
#11415 = DEFINITIONAL_REPRESENTATION('',(#11416),#11420);
#11416 = LINE('',#11417,#11418);
#11417 = CARTESIAN_POINT('',(6.283185307179,0.));
#11418 = VECTOR('',#11419,1.);
#11419 = DIRECTION('',(-0.,-1.));
#11420 = ( GEOMETRIC_REPRESENTATION_CONTEXT(2) 
PARAMETRIC_REPRESENTATION_CONTEXT() REPRESENTATION_CONTEXT('2D SPACE',''
  ) );
#11421 = PCURVE('',#10610,#11422);
#11422 = DEFINITIONAL_REPRESENTATION('',(#11423),#11427);
#11423 = LINE('',#11424,#11425);
#11424 = CARTESIAN_POINT('',(-0.,0.));
#11425 = VECTOR('',#11426,1.);
#11426 = DIRECTION('',(-0.,-1.));
#11427 = ( GEOMETRIC_REPRESENTATION_CONTEXT(2) 
PARAMETRIC_REPRESENTATION_CONTEXT() REPRESENTATION_CONTEXT('2D SPACE',''
  ) );
#11428 = ORIENTED_EDGE('',*,*,#10589,.F.);
#11429 = ORIENTED_EDGE('',*,*,#11408,.T.);
#11430 = ADVANCED_FACE('',(#11431),#10645,.F.);
#11431 = FACE_BOUND('',#11432,.F.);
#11432 = EDGE_LOOP('',(#11433,#11466,#11487,#11488));
#11433 = ORIENTED_EDGE('',*,*,#11434,.T.);
#11434 = EDGE_CURVE('',#11435,#11435,#11437,.T.);
#11435 = VERTEX_POINT('',#11436);
#11436 = CARTESIAN_POINT('',(74.789,32.7,-17.5));
#11437 = SURFACE_CURVE('',#11438,(#11443,#11450),.PCURVE_S1.);
#11438 = CIRCLE('',#11439,1.7);
#11439 = AXIS2_PLACEMENT_3D('',#11440,#11441,#11442);
#11440 = CARTESIAN_POINT('',(74.789,31.,-17.5));
#11441 = DIRECTION('',(-1.,-2.22044604925E-16,-4.930380657631E-32));
#11442 = DIRECTION('',(-2.22044604925E-16,1.,0.));
#11443 = PCURVE('',#10645,#11444);
#11444 = DEFINITIONAL_REPRESENTATION('',(#11445),#11449);
#11445 = LINE('',#11446,#11447);
#11446 = CARTESIAN_POINT('',(-4.138911435803E-13,-7.2));
#11447 = VECTOR('',#11448,1.);
#11448 = DIRECTION('',(1.,-0.));
#11449 = ( GEOMETRIC_REPRESENTATION_CONTEXT(2) 
PARAMETRIC_REPRESENTATION_CONTEXT() REPRESENTATION_CONTEXT('2D SPACE',''
  ) );
#11450 = PCURVE('',#11451,#11456);
#11451 = PLANE('',#11452);
#11452 = AXIS2_PLACEMENT_3D('',#11453,#11454,#11455);
#11453 = CARTESIAN_POINT('',(74.789,31.,-17.5));
#11454 = DIRECTION('',(1.,0.,-2.22044604925E-16));
#11455 = DIRECTION('',(-1.094764425253E-47,1.,-4.93038065763E-32));
#11456 = DEFINITIONAL_REPRESENTATION('',(#11457),#11465);
#11457 = ( BOUNDED_CURVE() B_SPLINE_CURVE(2,(#11458,#11459,#11460,#11461
    ,#11462,#11463,#11464),.UNSPECIFIED.,.T.,.F.) 
B_SPLINE_CURVE_WITH_KNOTS((1,2,2,2,2,1),(-2.094395102393,0.,
    2.094395102393,4.188790204786,6.28318530718,8.377580409573),
.UNSPECIFIED.) CURVE() GEOMETRIC_REPRESENTATION_ITEM() 
RATIONAL_B_SPLINE_CURVE((1.,0.5,1.,0.5,1.,0.5,1.)) REPRESENTATION_ITEM(
  '') );
#11458 = CARTESIAN_POINT('',(1.7,0.));
#11459 = CARTESIAN_POINT('',(1.7,-2.944486372867));
#11460 = CARTESIAN_POINT('',(-0.85,-1.472243186434));
#11461 = CARTESIAN_POINT('',(-3.4,-4.163799117101E-16));
#11462 = CARTESIAN_POINT('',(-0.85,1.472243186434));
#11463 = CARTESIAN_POINT('',(1.7,2.944486372867));
#11464 = CARTESIAN_POINT('',(1.7,0.));
#11465 = ( GEOMETRIC_REPRESENTATION_CONTEXT(2) 
PARAMETRIC_REPRESENTATION_CONTEXT() REPRESENTATION_CONTEXT('2D SPACE',''
  ) );
#11466 = ORIENTED_EDGE('',*,*,#11467,.F.);
#11467 = EDGE_CURVE('',#10625,#11435,#11468,.T.);
#11468 = SEAM_CURVE('',#11469,(#11473,#11480),.PCURVE_S1.);
#11469 = LINE('',#11470,#11471);
#11470 = CARTESIAN_POINT('',(67.589,32.7,-17.5));
#11471 = VECTOR('',#11472,1.);
#11472 = DIRECTION('',(1.,0.,-2.22044604925E-16));
#11473 = PCURVE('',#10645,#11474);
#11474 = DEFINITIONAL_REPRESENTATION('',(#11475),#11479);
#11475 = LINE('',#11476,#11477);
#11476 = CARTESIAN_POINT('',(6.283185307179,0.));
#11477 = VECTOR('',#11478,1.);
#11478 = DIRECTION('',(-0.,-1.));
#11479 = ( GEOMETRIC_REPRESENTATION_CONTEXT(2) 
PARAMETRIC_REPRESENTATION_CONTEXT() REPRESENTATION_CONTEXT('2D SPACE',''
  ) );
#11480 = PCURVE('',#10645,#11481);
#11481 = DEFINITIONAL_REPRESENTATION('',(#11482),#11486);
#11482 = LINE('',#11483,#11484);
#11483 = CARTESIAN_POINT('',(-0.,0.));
#11484 = VECTOR('',#11485,1.);
#11485 = DIRECTION('',(-0.,-1.));
#11486 = ( GEOMETRIC_REPRESENTATION_CONTEXT(2) 
PARAMETRIC_REPRESENTATION_CONTEXT() REPRESENTATION_CONTEXT('2D SPACE',''
  ) );
#11487 = ORIENTED_EDGE('',*,*,#10624,.F.);
#11488 = ORIENTED_EDGE('',*,*,#11467,.T.);
#11489 = ADVANCED_FACE('',(#11490),#10680,.F.);
#11490 = FACE_BOUND('',#11491,.F.);
#11491 = EDGE_LOOP('',(#11492,#11515,#11542,#11543));
#11492 = ORIENTED_EDGE('',*,*,#11493,.T.);
#11493 = EDGE_CURVE('',#10660,#11494,#11496,.T.);
#11494 = VERTEX_POINT('',#11495);
#11495 = CARTESIAN_POINT('',(72.589,18.51,-1.61179958269E-14));
#11496 = SEAM_CURVE('',#11497,(#11501,#11508),.PCURVE_S1.);
#11497 = LINE('',#11498,#11499);
#11498 = CARTESIAN_POINT('',(68.579,18.51,-1.522759696115E-14));
#11499 = VECTOR('',#11500,1.);
#11500 = DIRECTION('',(1.,0.,-2.22044604925E-16));
#11501 = PCURVE('',#10680,#11502);
#11502 = DEFINITIONAL_REPRESENTATION('',(#11503),#11507);
#11503 = LINE('',#11504,#11505);
#11504 = CARTESIAN_POINT('',(-4.138911435803E-13,0.));
#11505 = VECTOR('',#11506,1.);
#11506 = DIRECTION('',(-0.,-1.));
#11507 = ( GEOMETRIC_REPRESENTATION_CONTEXT(2) 
PARAMETRIC_REPRESENTATION_CONTEXT() REPRESENTATION_CONTEXT('2D SPACE',''
  ) );
#11508 = PCURVE('',#10680,#11509);
#11509 = DEFINITIONAL_REPRESENTATION('',(#11510),#11514);
#11510 = LINE('',#11511,#11512);
#11511 = CARTESIAN_POINT('',(6.28318530718,0.));
#11512 = VECTOR('',#11513,1.);
#11513 = DIRECTION('',(-0.,-1.));
#11514 = ( GEOMETRIC_REPRESENTATION_CONTEXT(2) 
PARAMETRIC_REPRESENTATION_CONTEXT() REPRESENTATION_CONTEXT('2D SPACE',''
  ) );
#11515 = ORIENTED_EDGE('',*,*,#11516,.F.);
#11516 = EDGE_CURVE('',#11494,#11494,#11517,.T.);
#11517 = SURFACE_CURVE('',#11518,(#11523,#11530),.PCURVE_S1.);
#11518 = CIRCLE('',#11519,18.51);
#11519 = AXIS2_PLACEMENT_3D('',#11520,#11521,#11522);
#11520 = CARTESIAN_POINT('',(72.589,0.,-1.61179958269E-14));
#11521 = DIRECTION('',(1.,2.22044604925E-16,4.930380657631E-32));
#11522 = DIRECTION('',(-2.22044604925E-16,1.,0.));
#11523 = PCURVE('',#10680,#11524);
#11524 = DEFINITIONAL_REPRESENTATION('',(#11525),#11529);
#11525 = LINE('',#11526,#11527);
#11526 = CARTESIAN_POINT('',(6.28318530718,-4.01));
#11527 = VECTOR('',#11528,1.);
#11528 = DIRECTION('',(-1.,0.));
#11529 = ( GEOMETRIC_REPRESENTATION_CONTEXT(2) 
PARAMETRIC_REPRESENTATION_CONTEXT() REPRESENTATION_CONTEXT('2D SPACE',''
  ) );
#11530 = PCURVE('',#11531,#11536);
#11531 = PLANE('',#11532);
#11532 = AXIS2_PLACEMENT_3D('',#11533,#11534,#11535);
#11533 = CARTESIAN_POINT('',(72.589,-1.182012000034E-15,
    -1.569159090194E-14));
#11534 = DIRECTION('',(1.,0.,-2.22044604925E-16));
#11535 = DIRECTION('',(-1.094764425253E-47,1.,-4.93038065763E-32));
#11536 = DEFINITIONAL_REPRESENTATION('',(#11537),#11541);
#11537 = CIRCLE('',#11538,18.51);
#11538 = AXIS2_PLACEMENT_2D('',#11539,#11540);
#11539 = CARTESIAN_POINT('',(1.182012000034E-15,-4.2640492496E-16));
#11540 = DIRECTION('',(1.,0.));
#11541 = ( GEOMETRIC_REPRESENTATION_CONTEXT(2) 
PARAMETRIC_REPRESENTATION_CONTEXT() REPRESENTATION_CONTEXT('2D SPACE',''
  ) );
#11542 = ORIENTED_EDGE('',*,*,#11493,.F.);
#11543 = ORIENTED_EDGE('',*,*,#10659,.F.);
#11544 = ADVANCED_FACE('',(#11545),#10715,.F.);
#11545 = FACE_BOUND('',#11546,.F.);
#11546 = EDGE_LOOP('',(#11547,#11580,#11601,#11602));
#11547 = ORIENTED_EDGE('',*,*,#11548,.T.);
#11548 = EDGE_CURVE('',#11549,#11549,#11551,.T.);
#11549 = VERTEX_POINT('',#11550);
#11550 = CARTESIAN_POINT('',(74.789,16.2,17.5));
#11551 = SURFACE_CURVE('',#11552,(#11557,#11564),.PCURVE_S1.);
#11552 = CIRCLE('',#11553,1.7);
#11553 = AXIS2_PLACEMENT_3D('',#11554,#11555,#11556);
#11554 = CARTESIAN_POINT('',(74.789,14.5,17.5));
#11555 = DIRECTION('',(-1.,-2.22044604925E-16,-4.930380657631E-32));
#11556 = DIRECTION('',(-2.22044604925E-16,1.,0.));
#11557 = PCURVE('',#10715,#11558);
#11558 = DEFINITIONAL_REPRESENTATION('',(#11559),#11563);
#11559 = LINE('',#11560,#11561);
#11560 = CARTESIAN_POINT('',(-4.138911435803E-13,-7.2));
#11561 = VECTOR('',#11562,1.);
#11562 = DIRECTION('',(1.,-0.));
#11563 = ( GEOMETRIC_REPRESENTATION_CONTEXT(2) 
PARAMETRIC_REPRESENTATION_CONTEXT() REPRESENTATION_CONTEXT('2D SPACE',''
  ) );
#11564 = PCURVE('',#11565,#11570);
#11565 = PLANE('',#11566);
#11566 = AXIS2_PLACEMENT_3D('',#11567,#11568,#11569);
#11567 = CARTESIAN_POINT('',(74.789,14.5,17.5));
#11568 = DIRECTION('',(1.,0.,-2.22044604925E-16));
#11569 = DIRECTION('',(-1.094764425253E-47,1.,-4.93038065763E-32));
#11570 = DEFINITIONAL_REPRESENTATION('',(#11571),#11579);
#11571 = ( BOUNDED_CURVE() B_SPLINE_CURVE(2,(#11572,#11573,#11574,#11575
    ,#11576,#11577,#11578),.UNSPECIFIED.,.T.,.F.) 
B_SPLINE_CURVE_WITH_KNOTS((1,2,2,2,2,1),(-2.094395102393,0.,
    2.094395102393,4.188790204786,6.28318530718,8.377580409573),
.UNSPECIFIED.) CURVE() GEOMETRIC_REPRESENTATION_ITEM() 
RATIONAL_B_SPLINE_CURVE((1.,0.5,1.,0.5,1.,0.5,1.)) REPRESENTATION_ITEM(
  '') );
#11572 = CARTESIAN_POINT('',(1.7,0.));
#11573 = CARTESIAN_POINT('',(1.7,-2.944486372867));
#11574 = CARTESIAN_POINT('',(-0.85,-1.472243186434));
#11575 = CARTESIAN_POINT('',(-3.4,-4.163799117101E-16));
#11576 = CARTESIAN_POINT('',(-0.85,1.472243186434));
#11577 = CARTESIAN_POINT('',(1.7,2.944486372867));
#11578 = CARTESIAN_POINT('',(1.7,0.));
#11579 = ( GEOMETRIC_REPRESENTATION_CONTEXT(2) 
PARAMETRIC_REPRESENTATION_CONTEXT() REPRESENTATION_CONTEXT('2D SPACE',''
  ) );
#11580 = ORIENTED_EDGE('',*,*,#11581,.F.);
#11581 = EDGE_CURVE('',#10695,#11549,#11582,.T.);
#11582 = SEAM_CURVE('',#11583,(#11587,#11594),.PCURVE_S1.);
#11583 = LINE('',#11584,#11585);
#11584 = CARTESIAN_POINT('',(67.589,16.2,17.5));
#11585 = VECTOR('',#11586,1.);
#11586 = DIRECTION('',(1.,0.,-2.22044604925E-16));
#11587 = PCURVE('',#10715,#11588);
#11588 = DEFINITIONAL_REPRESENTATION('',(#11589),#11593);
#11589 = LINE('',#11590,#11591);
#11590 = CARTESIAN_POINT('',(6.283185307179,0.));
#11591 = VECTOR('',#11592,1.);
#11592 = DIRECTION('',(-0.,-1.));
#11593 = ( GEOMETRIC_REPRESENTATION_CONTEXT(2) 
PARAMETRIC_REPRESENTATION_CONTEXT() REPRESENTATION_CONTEXT('2D SPACE',''
  ) );
#11594 = PCURVE('',#10715,#11595);
#11595 = DEFINITIONAL_REPRESENTATION('',(#11596),#11600);
#11596 = LINE('',#11597,#11598);
#11597 = CARTESIAN_POINT('',(-0.,0.));
#11598 = VECTOR('',#11599,1.);
#11599 = DIRECTION('',(-0.,-1.));
#11600 = ( GEOMETRIC_REPRESENTATION_CONTEXT(2) 
PARAMETRIC_REPRESENTATION_CONTEXT() REPRESENTATION_CONTEXT('2D SPACE',''
  ) );
#11601 = ORIENTED_EDGE('',*,*,#10694,.F.);
#11602 = ORIENTED_EDGE('',*,*,#11581,.T.);
#11603 = ADVANCED_FACE('',(#11604),#10750,.F.);
#11604 = FACE_BOUND('',#11605,.F.);
#11605 = EDGE_LOOP('',(#11606,#11639,#11660,#11661));
#11606 = ORIENTED_EDGE('',*,*,#11607,.T.);
#11607 = EDGE_CURVE('',#11608,#11608,#11610,.T.);
#11608 = VERTEX_POINT('',#11609);
#11609 = CARTESIAN_POINT('',(74.789,32.7,17.5));
#11610 = SURFACE_CURVE('',#11611,(#11616,#11623),.PCURVE_S1.);
#11611 = CIRCLE('',#11612,1.7);
#11612 = AXIS2_PLACEMENT_3D('',#11613,#11614,#11615);
#11613 = CARTESIAN_POINT('',(74.789,31.,17.5));
#11614 = DIRECTION('',(-1.,-2.22044604925E-16,-4.930380657631E-32));
#11615 = DIRECTION('',(-2.22044604925E-16,1.,0.));
#11616 = PCURVE('',#10750,#11617);
#11617 = DEFINITIONAL_REPRESENTATION('',(#11618),#11622);
#11618 = LINE('',#11619,#11620);
#11619 = CARTESIAN_POINT('',(-4.138911435803E-13,-7.2));
#11620 = VECTOR('',#11621,1.);
#11621 = DIRECTION('',(1.,-0.));
#11622 = ( GEOMETRIC_REPRESENTATION_CONTEXT(2) 
PARAMETRIC_REPRESENTATION_CONTEXT() REPRESENTATION_CONTEXT('2D SPACE',''
  ) );
#11623 = PCURVE('',#11624,#11629);
#11624 = PLANE('',#11625);
#11625 = AXIS2_PLACEMENT_3D('',#11626,#11627,#11628);
#11626 = CARTESIAN_POINT('',(74.789,31.,17.5));
#11627 = DIRECTION('',(1.,0.,-2.22044604925E-16));
#11628 = DIRECTION('',(-1.094764425253E-47,1.,-4.93038065763E-32));
#11629 = DEFINITIONAL_REPRESENTATION('',(#11630),#11638);
#11630 = ( BOUNDED_CURVE() B_SPLINE_CURVE(2,(#11631,#11632,#11633,#11634
    ,#11635,#11636,#11637),.UNSPECIFIED.,.T.,.F.) 
B_SPLINE_CURVE_WITH_KNOTS((1,2,2,2,2,1),(-2.094395102393,0.,
    2.094395102393,4.188790204786,6.28318530718,8.377580409573),
.UNSPECIFIED.) CURVE() GEOMETRIC_REPRESENTATION_ITEM() 
RATIONAL_B_SPLINE_CURVE((1.,0.5,1.,0.5,1.,0.5,1.)) REPRESENTATION_ITEM(
  '') );
#11631 = CARTESIAN_POINT('',(1.7,0.));
#11632 = CARTESIAN_POINT('',(1.7,-2.944486372867));
#11633 = CARTESIAN_POINT('',(-0.85,-1.472243186434));
#11634 = CARTESIAN_POINT('',(-3.4,-4.163799117101E-16));
#11635 = CARTESIAN_POINT('',(-0.85,1.472243186434));
#11636 = CARTESIAN_POINT('',(1.7,2.944486372867));
#11637 = CARTESIAN_POINT('',(1.7,0.));
#11638 = ( GEOMETRIC_REPRESENTATION_CONTEXT(2) 
PARAMETRIC_REPRESENTATION_CONTEXT() REPRESENTATION_CONTEXT('2D SPACE',''
  ) );
#11639 = ORIENTED_EDGE('',*,*,#11640,.F.);
#11640 = EDGE_CURVE('',#10730,#11608,#11641,.T.);
#11641 = SEAM_CURVE('',#11642,(#11646,#11653),.PCURVE_S1.);
#11642 = LINE('',#11643,#11644);
#11643 = CARTESIAN_POINT('',(67.589,32.7,17.5));
#11644 = VECTOR('',#11645,1.);
#11645 = DIRECTION('',(1.,0.,-2.22044604925E-16));
#11646 = PCURVE('',#10750,#11647);
#11647 = DEFINITIONAL_REPRESENTATION('',(#11648),#11652);
#11648 = LINE('',#11649,#11650);
#11649 = CARTESIAN_POINT('',(6.283185307179,0.));
#11650 = VECTOR('',#11651,1.);
#11651 = DIRECTION('',(-0.,-1.));
#11652 = ( GEOMETRIC_REPRESENTATION_CONTEXT(2) 
PARAMETRIC_REPRESENTATION_CONTEXT() REPRESENTATION_CONTEXT('2D SPACE',''
  ) );
#11653 = PCURVE('',#10750,#11654);
#11654 = DEFINITIONAL_REPRESENTATION('',(#11655),#11659);
#11655 = LINE('',#11656,#11657);
#11656 = CARTESIAN_POINT('',(-0.,0.));
#11657 = VECTOR('',#11658,1.);
#11658 = DIRECTION('',(-0.,-1.));
#11659 = ( GEOMETRIC_REPRESENTATION_CONTEXT(2) 
PARAMETRIC_REPRESENTATION_CONTEXT() REPRESENTATION_CONTEXT('2D SPACE',''
  ) );
#11660 = ORIENTED_EDGE('',*,*,#10729,.F.);
#11661 = ORIENTED_EDGE('',*,*,#11640,.T.);
#11662 = ADVANCED_FACE('',(#11663),#11024,.F.);
#11663 = FACE_BOUND('',#11664,.F.);
#11664 = EDGE_LOOP('',(#11665,#11688,#11689,#11690));
#11665 = ORIENTED_EDGE('',*,*,#11666,.T.);
#11666 = EDGE_CURVE('',#11667,#11004,#11669,.T.);
#11667 = VERTEX_POINT('',#11668);
#11668 = CARTESIAN_POINT('',(74.789,17.6,-17.5));
#11669 = SEAM_CURVE('',#11670,(#11674,#11681),.PCURVE_S1.);
#11670 = LINE('',#11671,#11672);
#11671 = CARTESIAN_POINT('',(74.789,17.6,-17.5));
#11672 = VECTOR('',#11673,1.);
#11673 = DIRECTION('',(1.,0.,-2.22044604925E-16));
#11674 = PCURVE('',#11024,#11675);
#11675 = DEFINITIONAL_REPRESENTATION('',(#11676),#11680);
#11676 = LINE('',#11677,#11678);
#11677 = CARTESIAN_POINT('',(-4.138911435803E-13,0.));
#11678 = VECTOR('',#11679,1.);
#11679 = DIRECTION('',(-0.,-1.));
#11680 = ( GEOMETRIC_REPRESENTATION_CONTEXT(2) 
PARAMETRIC_REPRESENTATION_CONTEXT() REPRESENTATION_CONTEXT('2D SPACE',''
  ) );
#11681 = PCURVE('',#11024,#11682);
#11682 = DEFINITIONAL_REPRESENTATION('',(#11683),#11687);
#11683 = LINE('',#11684,#11685);
#11684 = CARTESIAN_POINT('',(6.28318530718,0.));
#11685 = VECTOR('',#11686,1.);
#11686 = DIRECTION('',(-0.,-1.));
#11687 = ( GEOMETRIC_REPRESENTATION_CONTEXT(2) 
PARAMETRIC_REPRESENTATION_CONTEXT() REPRESENTATION_CONTEXT('2D SPACE',''
  ) );
#11688 = ORIENTED_EDGE('',*,*,#11003,.T.);
#11689 = ORIENTED_EDGE('',*,*,#11666,.F.);
#11690 = ORIENTED_EDGE('',*,*,#11691,.T.);
#11691 = EDGE_CURVE('',#11667,#11667,#11692,.T.);
#11692 = SURFACE_CURVE('',#11693,(#11698,#11705),.PCURVE_S1.);
#11693 = CIRCLE('',#11694,3.1);
#11694 = AXIS2_PLACEMENT_3D('',#11695,#11696,#11697);
#11695 = CARTESIAN_POINT('',(74.789,14.5,-17.5));
#11696 = DIRECTION('',(1.,2.22044604925E-16,4.930380657631E-32));
#11697 = DIRECTION('',(-2.22044604925E-16,1.,0.));
#11698 = PCURVE('',#11024,#11699);
#11699 = DEFINITIONAL_REPRESENTATION('',(#11700),#11704);
#11700 = LINE('',#11701,#11702);
#11701 = CARTESIAN_POINT('',(6.28318530718,0.));
#11702 = VECTOR('',#11703,1.);
#11703 = DIRECTION('',(-1.,0.));
#11704 = ( GEOMETRIC_REPRESENTATION_CONTEXT(2) 
PARAMETRIC_REPRESENTATION_CONTEXT() REPRESENTATION_CONTEXT('2D SPACE',''
  ) );
#11705 = PCURVE('',#11392,#11706);
#11706 = DEFINITIONAL_REPRESENTATION('',(#11707),#11711);
#11707 = CIRCLE('',#11708,3.1);
#11708 = AXIS2_PLACEMENT_2D('',#11709,#11710);
#11709 = CARTESIAN_POINT('',(0.,0.));
#11710 = DIRECTION('',(1.,0.));
#11711 = ( GEOMETRIC_REPRESENTATION_CONTEXT(2) 
PARAMETRIC_REPRESENTATION_CONTEXT() REPRESENTATION_CONTEXT('2D SPACE',''
  ) );
#11712 = ADVANCED_FACE('',(#11713),#11059,.F.);
#11713 = FACE_BOUND('',#11714,.F.);
#11714 = EDGE_LOOP('',(#11715,#11738,#11739,#11740));
#11715 = ORIENTED_EDGE('',*,*,#11716,.T.);
#11716 = EDGE_CURVE('',#11717,#11039,#11719,.T.);
#11717 = VERTEX_POINT('',#11718);
#11718 = CARTESIAN_POINT('',(74.789,34.1,-17.5));
#11719 = SEAM_CURVE('',#11720,(#11724,#11731),.PCURVE_S1.);
#11720 = LINE('',#11721,#11722);
#11721 = CARTESIAN_POINT('',(74.789,34.1,-17.5));
#11722 = VECTOR('',#11723,1.);
#11723 = DIRECTION('',(1.,0.,-2.22044604925E-16));
#11724 = PCURVE('',#11059,#11725);
#11725 = DEFINITIONAL_REPRESENTATION('',(#11726),#11730);
#11726 = LINE('',#11727,#11728);
#11727 = CARTESIAN_POINT('',(-4.138911435803E-13,0.));
#11728 = VECTOR('',#11729,1.);
#11729 = DIRECTION('',(-0.,-1.));
#11730 = ( GEOMETRIC_REPRESENTATION_CONTEXT(2) 
PARAMETRIC_REPRESENTATION_CONTEXT() REPRESENTATION_CONTEXT('2D SPACE',''
  ) );
#11731 = PCURVE('',#11059,#11732);
#11732 = DEFINITIONAL_REPRESENTATION('',(#11733),#11737);
#11733 = LINE('',#11734,#11735);
#11734 = CARTESIAN_POINT('',(6.28318530718,0.));
#11735 = VECTOR('',#11736,1.);
#11736 = DIRECTION('',(-0.,-1.));
#11737 = ( GEOMETRIC_REPRESENTATION_CONTEXT(2) 
PARAMETRIC_REPRESENTATION_CONTEXT() REPRESENTATION_CONTEXT('2D SPACE',''
  ) );
#11738 = ORIENTED_EDGE('',*,*,#11038,.T.);
#11739 = ORIENTED_EDGE('',*,*,#11716,.F.);
#11740 = ORIENTED_EDGE('',*,*,#11741,.T.);
#11741 = EDGE_CURVE('',#11717,#11717,#11742,.T.);
#11742 = SURFACE_CURVE('',#11743,(#11748,#11755),.PCURVE_S1.);
#11743 = CIRCLE('',#11744,3.1);
#11744 = AXIS2_PLACEMENT_3D('',#11745,#11746,#11747);
#11745 = CARTESIAN_POINT('',(74.789,31.,-17.5));
#11746 = DIRECTION('',(1.,2.22044604925E-16,4.930380657631E-32));
#11747 = DIRECTION('',(-2.22044604925E-16,1.,0.));
#11748 = PCURVE('',#11059,#11749);
#11749 = DEFINITIONAL_REPRESENTATION('',(#11750),#11754);
#11750 = LINE('',#11751,#11752);
#11751 = CARTESIAN_POINT('',(6.28318530718,0.));
#11752 = VECTOR('',#11753,1.);
#11753 = DIRECTION('',(-1.,0.));
#11754 = ( GEOMETRIC_REPRESENTATION_CONTEXT(2) 
PARAMETRIC_REPRESENTATION_CONTEXT() REPRESENTATION_CONTEXT('2D SPACE',''
  ) );
#11755 = PCURVE('',#11451,#11756);
#11756 = DEFINITIONAL_REPRESENTATION('',(#11757),#11761);
#11757 = CIRCLE('',#11758,3.1);
#11758 = AXIS2_PLACEMENT_2D('',#11759,#11760);
#11759 = CARTESIAN_POINT('',(0.,0.));
#11760 = DIRECTION('',(1.,0.));
#11761 = ( GEOMETRIC_REPRESENTATION_CONTEXT(2) 
PARAMETRIC_REPRESENTATION_CONTEXT() REPRESENTATION_CONTEXT('2D SPACE',''
  ) );
#11762 = ADVANCED_FACE('',(#11763),#11094,.F.);
#11763 = FACE_BOUND('',#11764,.F.);
#11764 = EDGE_LOOP('',(#11765,#11788,#11789,#11790));
#11765 = ORIENTED_EDGE('',*,*,#11766,.T.);
#11766 = EDGE_CURVE('',#11767,#11074,#11769,.T.);
#11767 = VERTEX_POINT('',#11768);
#11768 = CARTESIAN_POINT('',(72.589,17.,-1.61179958269E-14));
#11769 = SEAM_CURVE('',#11770,(#11774,#11781),.PCURVE_S1.);
#11770 = LINE('',#11771,#11772);
#11771 = CARTESIAN_POINT('',(67.589,17.,-1.500777280228E-14));
#11772 = VECTOR('',#11773,1.);
#11773 = DIRECTION('',(1.,0.,-2.22044604925E-16));
#11774 = PCURVE('',#11094,#11775);
#11775 = DEFINITIONAL_REPRESENTATION('',(#11776),#11780);
#11776 = LINE('',#11777,#11778);
#11777 = CARTESIAN_POINT('',(-4.138911435803E-13,0.));
#11778 = VECTOR('',#11779,1.);
#11779 = DIRECTION('',(-0.,-1.));
#11780 = ( GEOMETRIC_REPRESENTATION_CONTEXT(2) 
PARAMETRIC_REPRESENTATION_CONTEXT() REPRESENTATION_CONTEXT('2D SPACE',''
  ) );
#11781 = PCURVE('',#11094,#11782);
#11782 = DEFINITIONAL_REPRESENTATION('',(#11783),#11787);
#11783 = LINE('',#11784,#11785);
#11784 = CARTESIAN_POINT('',(6.28318530718,0.));
#11785 = VECTOR('',#11786,1.);
#11786 = DIRECTION('',(-0.,-1.));
#11787 = ( GEOMETRIC_REPRESENTATION_CONTEXT(2) 
PARAMETRIC_REPRESENTATION_CONTEXT() REPRESENTATION_CONTEXT('2D SPACE',''
  ) );
#11788 = ORIENTED_EDGE('',*,*,#11073,.T.);
#11789 = ORIENTED_EDGE('',*,*,#11766,.F.);
#11790 = ORIENTED_EDGE('',*,*,#11791,.F.);
#11791 = EDGE_CURVE('',#11767,#11767,#11792,.T.);
#11792 = SURFACE_CURVE('',#11793,(#11798,#11805),.PCURVE_S1.);
#11793 = CIRCLE('',#11794,17.);
#11794 = AXIS2_PLACEMENT_3D('',#11795,#11796,#11797);
#11795 = CARTESIAN_POINT('',(72.589,0.,-1.61179958269E-14));
#11796 = DIRECTION('',(-1.,-2.22044604925E-16,-4.930380657631E-32));
#11797 = DIRECTION('',(-2.22044604925E-16,1.,0.));
#11798 = PCURVE('',#11094,#11799);
#11799 = DEFINITIONAL_REPRESENTATION('',(#11800),#11804);
#11800 = LINE('',#11801,#11802);
#11801 = CARTESIAN_POINT('',(-4.138911435803E-13,-5.));
#11802 = VECTOR('',#11803,1.);
#11803 = DIRECTION('',(1.,-0.));
#11804 = ( GEOMETRIC_REPRESENTATION_CONTEXT(2) 
PARAMETRIC_REPRESENTATION_CONTEXT() REPRESENTATION_CONTEXT('2D SPACE',''
  ) );
#11805 = PCURVE('',#11531,#11806);
#11806 = DEFINITIONAL_REPRESENTATION('',(#11807),#11815);
#11807 = ( BOUNDED_CURVE() B_SPLINE_CURVE(2,(#11808,#11809,#11810,#11811
    ,#11812,#11813,#11814),.UNSPECIFIED.,.T.,.F.) 
B_SPLINE_CURVE_WITH_KNOTS((1,2,2,2,2,1),(-2.094395102393,0.,
    2.094395102393,4.188790204786,6.28318530718,8.377580409573),
.UNSPECIFIED.) CURVE() GEOMETRIC_REPRESENTATION_ITEM() 
RATIONAL_B_SPLINE_CURVE((1.,0.5,1.,0.5,1.,0.5,1.)) REPRESENTATION_ITEM(
  '') );
#11808 = CARTESIAN_POINT('',(17.,-4.2640492496E-16));
#11809 = CARTESIAN_POINT('',(17.,-29.44486372867));
#11810 = CARTESIAN_POINT('',(-8.5,-14.72243186433));
#11811 = CARTESIAN_POINT('',(-34.,-4.590204042061E-15));
#11812 = CARTESIAN_POINT('',(-8.5,14.722431864335));
#11813 = CARTESIAN_POINT('',(17.,29.444863728671));
#11814 = CARTESIAN_POINT('',(17.,-4.2640492496E-16));
#11815 = ( GEOMETRIC_REPRESENTATION_CONTEXT(2) 
PARAMETRIC_REPRESENTATION_CONTEXT() REPRESENTATION_CONTEXT('2D SPACE',''
  ) );
#11816 = ADVANCED_FACE('',(#11817),#11129,.F.);
#11817 = FACE_BOUND('',#11818,.F.);
#11818 = EDGE_LOOP('',(#11819,#11842,#11843,#11844));
#11819 = ORIENTED_EDGE('',*,*,#11820,.T.);
#11820 = EDGE_CURVE('',#11821,#11109,#11823,.T.);
#11821 = VERTEX_POINT('',#11822);
#11822 = CARTESIAN_POINT('',(74.789,17.6,17.5));
#11823 = SEAM_CURVE('',#11824,(#11828,#11835),.PCURVE_S1.);
#11824 = LINE('',#11825,#11826);
#11825 = CARTESIAN_POINT('',(74.789,17.6,17.5));
#11826 = VECTOR('',#11827,1.);
#11827 = DIRECTION('',(1.,0.,-2.22044604925E-16));
#11828 = PCURVE('',#11129,#11829);
#11829 = DEFINITIONAL_REPRESENTATION('',(#11830),#11834);
#11830 = LINE('',#11831,#11832);
#11831 = CARTESIAN_POINT('',(-4.138911435803E-13,0.));
#11832 = VECTOR('',#11833,1.);
#11833 = DIRECTION('',(-0.,-1.));
#11834 = ( GEOMETRIC_REPRESENTATION_CONTEXT(2) 
PARAMETRIC_REPRESENTATION_CONTEXT() REPRESENTATION_CONTEXT('2D SPACE',''
  ) );
#11835 = PCURVE('',#11129,#11836);
#11836 = DEFINITIONAL_REPRESENTATION('',(#11837),#11841);
#11837 = LINE('',#11838,#11839);
#11838 = CARTESIAN_POINT('',(6.28318530718,0.));
#11839 = VECTOR('',#11840,1.);
#11840 = DIRECTION('',(-0.,-1.));
#11841 = ( GEOMETRIC_REPRESENTATION_CONTEXT(2) 
PARAMETRIC_REPRESENTATION_CONTEXT() REPRESENTATION_CONTEXT('2D SPACE',''
  ) );
#11842 = ORIENTED_EDGE('',*,*,#11108,.T.);
#11843 = ORIENTED_EDGE('',*,*,#11820,.F.);
#11844 = ORIENTED_EDGE('',*,*,#11845,.T.);
#11845 = EDGE_CURVE('',#11821,#11821,#11846,.T.);
#11846 = SURFACE_CURVE('',#11847,(#11852,#11859),.PCURVE_S1.);
#11847 = CIRCLE('',#11848,3.1);
#11848 = AXIS2_PLACEMENT_3D('',#11849,#11850,#11851);
#11849 = CARTESIAN_POINT('',(74.789,14.5,17.5));
#11850 = DIRECTION('',(1.,2.22044604925E-16,4.930380657631E-32));
#11851 = DIRECTION('',(-2.22044604925E-16,1.,0.));
#11852 = PCURVE('',#11129,#11853);
#11853 = DEFINITIONAL_REPRESENTATION('',(#11854),#11858);
#11854 = LINE('',#11855,#11856);
#11855 = CARTESIAN_POINT('',(6.28318530718,0.));
#11856 = VECTOR('',#11857,1.);
#11857 = DIRECTION('',(-1.,0.));
#11858 = ( GEOMETRIC_REPRESENTATION_CONTEXT(2) 
PARAMETRIC_REPRESENTATION_CONTEXT() REPRESENTATION_CONTEXT('2D SPACE',''
  ) );
#11859 = PCURVE('',#11565,#11860);
#11860 = DEFINITIONAL_REPRESENTATION('',(#11861),#11865);
#11861 = CIRCLE('',#11862,3.1);
#11862 = AXIS2_PLACEMENT_2D('',#11863,#11864);
#11863 = CARTESIAN_POINT('',(0.,0.));
#11864 = DIRECTION('',(1.,0.));
#11865 = ( GEOMETRIC_REPRESENTATION_CONTEXT(2) 
PARAMETRIC_REPRESENTATION_CONTEXT() REPRESENTATION_CONTEXT('2D SPACE',''
  ) );
#11866 = ADVANCED_FACE('',(#11867),#11164,.F.);
#11867 = FACE_BOUND('',#11868,.F.);
#11868 = EDGE_LOOP('',(#11869,#11892,#11893,#11894));
#11869 = ORIENTED_EDGE('',*,*,#11870,.T.);
#11870 = EDGE_CURVE('',#11871,#11144,#11873,.T.);
#11871 = VERTEX_POINT('',#11872);
#11872 = CARTESIAN_POINT('',(74.789,34.1,17.5));
#11873 = SEAM_CURVE('',#11874,(#11878,#11885),.PCURVE_S1.);
#11874 = LINE('',#11875,#11876);
#11875 = CARTESIAN_POINT('',(74.789,34.1,17.5));
#11876 = VECTOR('',#11877,1.);
#11877 = DIRECTION('',(1.,0.,-2.22044604925E-16));
#11878 = PCURVE('',#11164,#11879);
#11879 = DEFINITIONAL_REPRESENTATION('',(#11880),#11884);
#11880 = LINE('',#11881,#11882);
#11881 = CARTESIAN_POINT('',(-4.138911435803E-13,0.));
#11882 = VECTOR('',#11883,1.);
#11883 = DIRECTION('',(-0.,-1.));
#11884 = ( GEOMETRIC_REPRESENTATION_CONTEXT(2) 
PARAMETRIC_REPRESENTATION_CONTEXT() REPRESENTATION_CONTEXT('2D SPACE',''
  ) );
#11885 = PCURVE('',#11164,#11886);
#11886 = DEFINITIONAL_REPRESENTATION('',(#11887),#11891);
#11887 = LINE('',#11888,#11889);
#11888 = CARTESIAN_POINT('',(6.28318530718,0.));
#11889 = VECTOR('',#11890,1.);
#11890 = DIRECTION('',(-0.,-1.));
#11891 = ( GEOMETRIC_REPRESENTATION_CONTEXT(2) 
PARAMETRIC_REPRESENTATION_CONTEXT() REPRESENTATION_CONTEXT('2D SPACE',''
  ) );
#11892 = ORIENTED_EDGE('',*,*,#11143,.T.);
#11893 = ORIENTED_EDGE('',*,*,#11870,.F.);
#11894 = ORIENTED_EDGE('',*,*,#11895,.T.);
#11895 = EDGE_CURVE('',#11871,#11871,#11896,.T.);
#11896 = SURFACE_CURVE('',#11897,(#11902,#11909),.PCURVE_S1.);
#11897 = CIRCLE('',#11898,3.1);
#11898 = AXIS2_PLACEMENT_3D('',#11899,#11900,#11901);
#11899 = CARTESIAN_POINT('',(74.789,31.,17.5));
#11900 = DIRECTION('',(1.,2.22044604925E-16,4.930380657631E-32));
#11901 = DIRECTION('',(-2.22044604925E-16,1.,0.));
#11902 = PCURVE('',#11164,#11903);
#11903 = DEFINITIONAL_REPRESENTATION('',(#11904),#11908);
#11904 = LINE('',#11905,#11906);
#11905 = CARTESIAN_POINT('',(6.28318530718,0.));
#11906 = VECTOR('',#11907,1.);
#11907 = DIRECTION('',(-1.,0.));
#11908 = ( GEOMETRIC_REPRESENTATION_CONTEXT(2) 
PARAMETRIC_REPRESENTATION_CONTEXT() REPRESENTATION_CONTEXT('2D SPACE',''
  ) );
#11909 = PCURVE('',#11624,#11910);
#11910 = DEFINITIONAL_REPRESENTATION('',(#11911),#11915);
#11911 = CIRCLE('',#11912,3.1);
#11912 = AXIS2_PLACEMENT_2D('',#11913,#11914);
#11913 = CARTESIAN_POINT('',(0.,0.));
#11914 = DIRECTION('',(1.,0.));
#11915 = ( GEOMETRIC_REPRESENTATION_CONTEXT(2) 
PARAMETRIC_REPRESENTATION_CONTEXT() REPRESENTATION_CONTEXT('2D SPACE',''
  ) );
#11916 = ADVANCED_FACE('',(#11917,#11920),#11392,.T.);
#11917 = FACE_BOUND('',#11918,.T.);
#11918 = EDGE_LOOP('',(#11919));
#11919 = ORIENTED_EDGE('',*,*,#11691,.T.);
#11920 = FACE_BOUND('',#11921,.T.);
#11921 = EDGE_LOOP('',(#11922));
#11922 = ORIENTED_EDGE('',*,*,#11375,.T.);
#11923 = ADVANCED_FACE('',(#11924,#11927),#11451,.T.);
#11924 = FACE_BOUND('',#11925,.T.);
#11925 = EDGE_LOOP('',(#11926));
#11926 = ORIENTED_EDGE('',*,*,#11741,.T.);
#11927 = FACE_BOUND('',#11928,.T.);
#11928 = EDGE_LOOP('',(#11929));
#11929 = ORIENTED_EDGE('',*,*,#11434,.T.);
#11930 = ADVANCED_FACE('',(#11931,#11934),#11531,.F.);
#11931 = FACE_BOUND('',#11932,.F.);
#11932 = EDGE_LOOP('',(#11933));
#11933 = ORIENTED_EDGE('',*,*,#11516,.T.);
#11934 = FACE_BOUND('',#11935,.F.);
#11935 = EDGE_LOOP('',(#11936));
#11936 = ORIENTED_EDGE('',*,*,#11791,.T.);
#11937 = ADVANCED_FACE('',(#11938,#11941),#11565,.T.);
#11938 = FACE_BOUND('',#11939,.T.);
#11939 = EDGE_LOOP('',(#11940));
#11940 = ORIENTED_EDGE('',*,*,#11845,.T.);
#11941 = FACE_BOUND('',#11942,.T.);
#11942 = EDGE_LOOP('',(#11943));
#11943 = ORIENTED_EDGE('',*,*,#11548,.T.);
#11944 = ADVANCED_FACE('',(#11945,#11948),#11624,.T.);
#11945 = FACE_BOUND('',#11946,.T.);
#11946 = EDGE_LOOP('',(#11947));
#11947 = ORIENTED_EDGE('',*,*,#11895,.T.);
#11948 = FACE_BOUND('',#11949,.T.);
#11949 = EDGE_LOOP('',(#11950));
#11950 = ORIENTED_EDGE('',*,*,#11607,.T.);
#11951 = ( GEOMETRIC_REPRESENTATION_CONTEXT(3) 
GLOBAL_UNCERTAINTY_ASSIGNED_CONTEXT((#11955)) 
GLOBAL_UNIT_ASSIGNED_CONTEXT((#11952,#11953,#11954)) 
REPRESENTATION_CONTEXT('Context #1',
  '3D Context with UNIT and UNCERTAINTY') );
#11952 = ( LENGTH_UNIT() NAMED_UNIT(*) SI_UNIT(.MILLI.,.METRE.) );
#11953 = ( NAMED_UNIT(*) PLANE_ANGLE_UNIT() SI_UNIT($,.RADIAN.) );
#11954 = ( NAMED_UNIT(*) SI_UNIT($,.STERADIAN.) SOLID_ANGLE_UNIT() );
#11955 = UNCERTAINTY_MEASURE_WITH_UNIT(LENGTH_MEASURE(1.E-07),#11952,
  'distance_accuracy_value','confusion accuracy');
#11956 = CONTEXT_DEPENDENT_SHAPE_REPRESENTATION(#11957,#11959);
#11957 = ( REPRESENTATION_RELATIONSHIP('','',#10216,#10) 
REPRESENTATION_RELATIONSHIP_WITH_TRANSFORMATION(#11958) 
SHAPE_REPRESENTATION_RELATIONSHIP() );
#11958 = ITEM_DEFINED_TRANSFORMATION('','',#11,#23);
#11959 = PRODUCT_DEFINITION_SHAPE('Placement','Placement of an item',
  #11960);
#11960 = NEXT_ASSEMBLY_USAGE_OCCURRENCE('204','j6_cap','',#5,#10211,$);
#11961 = PRODUCT_RELATED_PRODUCT_CATEGORY('part',$,(#10213));
#11962 = SHAPE_DEFINITION_REPRESENTATION(#11963,#11969);
#11963 = PRODUCT_DEFINITION_SHAPE('','',#11964);
#11964 = PRODUCT_DEFINITION('design','',#11965,#11968);
#11965 = PRODUCT_DEFINITION_FORMATION('','',#11966);
#11966 = PRODUCT('J5_spacer_A','J5_spacer_A','',(#11967));
#11967 = PRODUCT_CONTEXT('',#2,'mechanical');
#11968 = PRODUCT_DEFINITION_CONTEXT('part definition',#2,'design');
#11969 = ADVANCED_BREP_SHAPE_REPRESENTATION('',(#11,#11970),#12152);
#11970 = MANIFOLD_SOLID_BREP('',#11971);
#11971 = CLOSED_SHELL('',(#11972,#12060,#12138,#12145));
#11972 = ADVANCED_FACE('',(#11973),#11986,.T.);
#11973 = FACE_BOUND('',#11974,.T.);
#11974 = EDGE_LOOP('',(#11975,#12009,#12032,#12059));
#11975 = ORIENTED_EDGE('',*,*,#11976,.T.);
#11976 = EDGE_CURVE('',#11977,#11977,#11979,.T.);
#11977 = VERTEX_POINT('',#11978);
#11978 = CARTESIAN_POINT('',(16.,0.,15.));
#11979 = SURFACE_CURVE('',#11980,(#11985,#11997),.PCURVE_S1.);
#11980 = CIRCLE('',#11981,16.);
#11981 = AXIS2_PLACEMENT_3D('',#11982,#11983,#11984);
#11982 = CARTESIAN_POINT('',(0.,0.,15.));
#11983 = DIRECTION('',(0.,0.,1.));
#11984 = DIRECTION('',(1.,0.,-0.));
#11985 = PCURVE('',#11986,#11991);
#11986 = CYLINDRICAL_SURFACE('',#11987,16.);
#11987 = AXIS2_PLACEMENT_3D('',#11988,#11989,#11990);
#11988 = CARTESIAN_POINT('',(0.,0.,15.));
#11989 = DIRECTION('',(-0.,-0.,-1.));
#11990 = DIRECTION('',(1.,0.,0.));
#11991 = DEFINITIONAL_REPRESENTATION('',(#11992),#11996);
#11992 = LINE('',#11993,#11994);
#11993 = CARTESIAN_POINT('',(6.28318530718,0.));
#11994 = VECTOR('',#11995,1.);
#11995 = DIRECTION('',(-1.,0.));
#11996 = ( GEOMETRIC_REPRESENTATION_CONTEXT(2) 
PARAMETRIC_REPRESENTATION_CONTEXT() REPRESENTATION_CONTEXT('2D SPACE',''
  ) );
#11997 = PCURVE('',#11998,#12003);
#11998 = PLANE('',#11999);
#11999 = AXIS2_PLACEMENT_3D('',#12000,#12001,#12002);
#12000 = CARTESIAN_POINT('',(-1.025580099405E-15,1.398015239264E-15,15.)
  );
#12001 = DIRECTION('',(0.,0.,1.));
#12002 = DIRECTION('',(1.,0.,-0.));
#12003 = DEFINITIONAL_REPRESENTATION('',(#12004),#12008);
#12004 = CIRCLE('',#12005,16.);
#12005 = AXIS2_PLACEMENT_2D('',#12006,#12007);
#12006 = CARTESIAN_POINT('',(1.025580099405E-15,-1.398015239264E-15));
#12007 = DIRECTION('',(1.,0.));
#12008 = ( GEOMETRIC_REPRESENTATION_CONTEXT(2) 
PARAMETRIC_REPRESENTATION_CONTEXT() REPRESENTATION_CONTEXT('2D SPACE',''
  ) );
#12009 = ORIENTED_EDGE('',*,*,#12010,.T.);
#12010 = EDGE_CURVE('',#11977,#12011,#12013,.T.);
#12011 = VERTEX_POINT('',#12012);
#12012 = CARTESIAN_POINT('',(16.,0.,18.));
#12013 = SEAM_CURVE('',#12014,(#12018,#12025),.PCURVE_S1.);
#12014 = LINE('',#12015,#12016);
#12015 = CARTESIAN_POINT('',(16.,0.,15.));
#12016 = VECTOR('',#12017,1.);
#12017 = DIRECTION('',(0.,0.,1.));
#12018 = PCURVE('',#11986,#12019);
#12019 = DEFINITIONAL_REPRESENTATION('',(#12020),#12024);
#12020 = LINE('',#12021,#12022);
#12021 = CARTESIAN_POINT('',(-4.138911435803E-13,0.));
#12022 = VECTOR('',#12023,1.);
#12023 = DIRECTION('',(-0.,-1.));
#12024 = ( GEOMETRIC_REPRESENTATION_CONTEXT(2) 
PARAMETRIC_REPRESENTATION_CONTEXT() REPRESENTATION_CONTEXT('2D SPACE',''
  ) );
#12025 = PCURVE('',#11986,#12026);
#12026 = DEFINITIONAL_REPRESENTATION('',(#12027),#12031);
#12027 = LINE('',#12028,#12029);
#12028 = CARTESIAN_POINT('',(6.28318530718,0.));
#12029 = VECTOR('',#12030,1.);
#12030 = DIRECTION('',(-0.,-1.));
#12031 = ( GEOMETRIC_REPRESENTATION_CONTEXT(2) 
PARAMETRIC_REPRESENTATION_CONTEXT() REPRESENTATION_CONTEXT('2D SPACE',''
  ) );
#12032 = ORIENTED_EDGE('',*,*,#12033,.F.);
#12033 = EDGE_CURVE('',#12011,#12011,#12034,.T.);
#12034 = SURFACE_CURVE('',#12035,(#12040,#12047),.PCURVE_S1.);
#12035 = CIRCLE('',#12036,16.);
#12036 = AXIS2_PLACEMENT_3D('',#12037,#12038,#12039);
#12037 = CARTESIAN_POINT('',(0.,0.,18.));
#12038 = DIRECTION('',(0.,0.,1.));
#12039 = DIRECTION('',(1.,0.,-0.));
#12040 = PCURVE('',#11986,#12041);
#12041 = DEFINITIONAL_REPRESENTATION('',(#12042),#12046);
#12042 = LINE('',#12043,#12044);
#12043 = CARTESIAN_POINT('',(6.28318530718,-3.));
#12044 = VECTOR('',#12045,1.);
#12045 = DIRECTION('',(-1.,0.));
#12046 = ( GEOMETRIC_REPRESENTATION_CONTEXT(2) 
PARAMETRIC_REPRESENTATION_CONTEXT() REPRESENTATION_CONTEXT('2D SPACE',''
  ) );
#12047 = PCURVE('',#12048,#12053);
#12048 = PLANE('',#12049);
#12049 = AXIS2_PLACEMENT_3D('',#12050,#12051,#12052);
#12050 = CARTESIAN_POINT('',(-1.025580099405E-15,1.398015239264E-15,18.)
  );
#12051 = DIRECTION('',(0.,0.,1.));
#12052 = DIRECTION('',(1.,0.,-0.));
#12053 = DEFINITIONAL_REPRESENTATION('',(#12054),#12058);
#12054 = CIRCLE('',#12055,16.);
#12055 = AXIS2_PLACEMENT_2D('',#12056,#12057);
#12056 = CARTESIAN_POINT('',(1.025580099405E-15,-1.398015239264E-15));
#12057 = DIRECTION('',(1.,0.));
#12058 = ( GEOMETRIC_REPRESENTATION_CONTEXT(2) 
PARAMETRIC_REPRESENTATION_CONTEXT() REPRESENTATION_CONTEXT('2D SPACE',''
  ) );
#12059 = ORIENTED_EDGE('',*,*,#12010,.F.);
#12060 = ADVANCED_FACE('',(#12061),#12074,.F.);
#12061 = FACE_BOUND('',#12062,.F.);
#12062 = EDGE_LOOP('',(#12063,#12092,#12115,#12137));
#12063 = ORIENTED_EDGE('',*,*,#12064,.T.);
#12064 = EDGE_CURVE('',#12065,#12065,#12067,.T.);
#12065 = VERTEX_POINT('',#12066);
#12066 = CARTESIAN_POINT('',(15.1,4.440892098501E-16,15.));
#12067 = SURFACE_CURVE('',#12068,(#12073,#12085),.PCURVE_S1.);
#12068 = CIRCLE('',#12069,15.1);
#12069 = AXIS2_PLACEMENT_3D('',#12070,#12071,#12072);
#12070 = CARTESIAN_POINT('',(7.549516567451E-14,4.440892098501E-16,15.)
  );
#12071 = DIRECTION('',(0.,0.,1.));
#12072 = DIRECTION('',(1.,0.,-0.));
#12073 = PCURVE('',#12074,#12079);
#12074 = CYLINDRICAL_SURFACE('',#12075,15.1);
#12075 = AXIS2_PLACEMENT_3D('',#12076,#12077,#12078);
#12076 = CARTESIAN_POINT('',(7.549516567451E-14,4.440892098501E-16,15.)
  );
#12077 = DIRECTION('',(-0.,-0.,-1.));
#12078 = DIRECTION('',(1.,0.,0.));
#12079 = DEFINITIONAL_REPRESENTATION('',(#12080),#12084);
#12080 = LINE('',#12081,#12082);
#12081 = CARTESIAN_POINT('',(6.28318530718,0.));
#12082 = VECTOR('',#12083,1.);
#12083 = DIRECTION('',(-1.,0.));
#12084 = ( GEOMETRIC_REPRESENTATION_CONTEXT(2) 
PARAMETRIC_REPRESENTATION_CONTEXT() REPRESENTATION_CONTEXT('2D SPACE',''
  ) );
#12085 = PCURVE('',#11998,#12086);
#12086 = DEFINITIONAL_REPRESENTATION('',(#12087),#12091);
#12087 = CIRCLE('',#12088,15.1);
#12088 = AXIS2_PLACEMENT_2D('',#12089,#12090);
#12089 = CARTESIAN_POINT('',(7.652074577392E-14,-9.539260294139E-16));
#12090 = DIRECTION('',(1.,0.));
#12091 = ( GEOMETRIC_REPRESENTATION_CONTEXT(2) 
PARAMETRIC_REPRESENTATION_CONTEXT() REPRESENTATION_CONTEXT('2D SPACE',''
  ) );
#12092 = ORIENTED_EDGE('',*,*,#12093,.T.);
#12093 = EDGE_CURVE('',#12065,#12094,#12096,.T.);
#12094 = VERTEX_POINT('',#12095);
#12095 = CARTESIAN_POINT('',(15.1,4.440892098501E-16,18.));
#12096 = SEAM_CURVE('',#12097,(#12101,#12108),.PCURVE_S1.);
#12097 = LINE('',#12098,#12099);
#12098 = CARTESIAN_POINT('',(15.1,4.440892098501E-16,15.));
#12099 = VECTOR('',#12100,1.);
#12100 = DIRECTION('',(0.,0.,1.));
#12101 = PCURVE('',#12074,#12102);
#12102 = DEFINITIONAL_REPRESENTATION('',(#12103),#12107);
#12103 = LINE('',#12104,#12105);
#12104 = CARTESIAN_POINT('',(-4.138911435803E-13,0.));
#12105 = VECTOR('',#12106,1.);
#12106 = DIRECTION('',(-0.,-1.));
#12107 = ( GEOMETRIC_REPRESENTATION_CONTEXT(2) 
PARAMETRIC_REPRESENTATION_CONTEXT() REPRESENTATION_CONTEXT('2D SPACE',''
  ) );
#12108 = PCURVE('',#12074,#12109);
#12109 = DEFINITIONAL_REPRESENTATION('',(#12110),#12114);
#12110 = LINE('',#12111,#12112);
#12111 = CARTESIAN_POINT('',(6.28318530718,0.));
#12112 = VECTOR('',#12113,1.);
#12113 = DIRECTION('',(-0.,-1.));
#12114 = ( GEOMETRIC_REPRESENTATION_CONTEXT(2) 
PARAMETRIC_REPRESENTATION_CONTEXT() REPRESENTATION_CONTEXT('2D SPACE',''
  ) );
#12115 = ORIENTED_EDGE('',*,*,#12116,.F.);
#12116 = EDGE_CURVE('',#12094,#12094,#12117,.T.);
#12117 = SURFACE_CURVE('',#12118,(#12123,#12130),.PCURVE_S1.);
#12118 = CIRCLE('',#12119,15.1);
#12119 = AXIS2_PLACEMENT_3D('',#12120,#12121,#12122);
#12120 = CARTESIAN_POINT('',(7.549516567451E-14,4.440892098501E-16,18.)
  );
#12121 = DIRECTION('',(0.,0.,1.));
#12122 = DIRECTION('',(1.,0.,-0.));
#12123 = PCURVE('',#12074,#12124);
#12124 = DEFINITIONAL_REPRESENTATION('',(#12125),#12129);
#12125 = LINE('',#12126,#12127);
#12126 = CARTESIAN_POINT('',(6.28318530718,-3.));
#12127 = VECTOR('',#12128,1.);
#12128 = DIRECTION('',(-1.,0.));
#12129 = ( GEOMETRIC_REPRESENTATION_CONTEXT(2) 
PARAMETRIC_REPRESENTATION_CONTEXT() REPRESENTATION_CONTEXT('2D SPACE',''
  ) );
#12130 = PCURVE('',#12048,#12131);
#12131 = DEFINITIONAL_REPRESENTATION('',(#12132),#12136);
#12132 = CIRCLE('',#12133,15.1);
#12133 = AXIS2_PLACEMENT_2D('',#12134,#12135);
#12134 = CARTESIAN_POINT('',(7.652074577392E-14,-9.539260294139E-16));
#12135 = DIRECTION('',(1.,0.));
#12136 = ( GEOMETRIC_REPRESENTATION_CONTEXT(2) 
PARAMETRIC_REPRESENTATION_CONTEXT() REPRESENTATION_CONTEXT('2D SPACE',''
  ) );
#12137 = ORIENTED_EDGE('',*,*,#12093,.F.);
#12138 = ADVANCED_FACE('',(#12139,#12142),#11998,.F.);
#12139 = FACE_BOUND('',#12140,.F.);
#12140 = EDGE_LOOP('',(#12141));
#12141 = ORIENTED_EDGE('',*,*,#11976,.T.);
#12142 = FACE_BOUND('',#12143,.F.);
#12143 = EDGE_LOOP('',(#12144));
#12144 = ORIENTED_EDGE('',*,*,#12064,.F.);
#12145 = ADVANCED_FACE('',(#12146,#12149),#12048,.T.);
#12146 = FACE_BOUND('',#12147,.T.);
#12147 = EDGE_LOOP('',(#12148));
#12148 = ORIENTED_EDGE('',*,*,#12033,.T.);
#12149 = FACE_BOUND('',#12150,.T.);
#12150 = EDGE_LOOP('',(#12151));
#12151 = ORIENTED_EDGE('',*,*,#12116,.F.);
#12152 = ( GEOMETRIC_REPRESENTATION_CONTEXT(3) 
GLOBAL_UNCERTAINTY_ASSIGNED_CONTEXT((#12156)) 
GLOBAL_UNIT_ASSIGNED_CONTEXT((#12153,#12154,#12155)) 
REPRESENTATION_CONTEXT('Context #1',
  '3D Context with UNIT and UNCERTAINTY') );
#12153 = ( LENGTH_UNIT() NAMED_UNIT(*) SI_UNIT(.MILLI.,.METRE.) );
#12154 = ( NAMED_UNIT(*) PLANE_ANGLE_UNIT() SI_UNIT($,.RADIAN.) );
#12155 = ( NAMED_UNIT(*) SI_UNIT($,.STERADIAN.) SOLID_ANGLE_UNIT() );
#12156 = UNCERTAINTY_MEASURE_WITH_UNIT(LENGTH_MEASURE(1.E-07),#12153,
  'distance_accuracy_value','confusion accuracy');
#12157 = CONTEXT_DEPENDENT_SHAPE_REPRESENTATION(#12158,#12160);
#12158 = ( REPRESENTATION_RELATIONSHIP('','',#11969,#10) 
REPRESENTATION_RELATIONSHIP_WITH_TRANSFORMATION(#12159) 
SHAPE_REPRESENTATION_RELATIONSHIP() );
#12159 = ITEM_DEFINED_TRANSFORMATION('','',#11,#27);
#12160 = PRODUCT_DEFINITION_SHAPE('Placement','Placement of an item',
  #12161);
#12161 = NEXT_ASSEMBLY_USAGE_OCCURRENCE('205','J5_spacer_A','',#5,#11964
  ,$);
#12162 = PRODUCT_RELATED_PRODUCT_CATEGORY('part',$,(#11966));
#12163 = SHAPE_DEFINITION_REPRESENTATION(#12164,#12170);
#12164 = PRODUCT_DEFINITION_SHAPE('','',#12165);
#12165 = PRODUCT_DEFINITION('design','',#12166,#12169);
#12166 = PRODUCT_DEFINITION_FORMATION('','',#12167);
#12167 = PRODUCT('J5_spacer_B','J5_spacer_B','',(#12168));
#12168 = PRODUCT_CONTEXT('',#2,'mechanical');
#12169 = PRODUCT_DEFINITION_CONTEXT('part definition',#2,'design');
#12170 = ADVANCED_BREP_SHAPE_REPRESENTATION('',(#11,#12171),#12353);
#12171 = MANIFOLD_SOLID_BREP('',#12172);
#12172 = CLOSED_SHELL('',(#12173,#12261,#12339,#12346));
#12173 = ADVANCED_FACE('',(#12174),#12187,.T.);
#12174 = FACE_BOUND('',#12175,.T.);
#12175 = EDGE_LOOP('',(#12176,#12210,#12233,#12260));
#12176 = ORIENTED_EDGE('',*,*,#12177,.T.);
#12177 = EDGE_CURVE('',#12178,#12178,#12180,.T.);
#12178 = VERTEX_POINT('',#12179);
#12179 = CARTESIAN_POINT('',(16.,0.,15.));
#12180 = SURFACE_CURVE('',#12181,(#12186,#12198),.PCURVE_S1.);
#12181 = CIRCLE('',#12182,16.);
#12182 = AXIS2_PLACEMENT_3D('',#12183,#12184,#12185);
#12183 = CARTESIAN_POINT('',(0.,0.,15.));
#12184 = DIRECTION('',(0.,0.,1.));
#12185 = DIRECTION('',(1.,0.,-0.));
#12186 = PCURVE('',#12187,#12192);
#12187 = CYLINDRICAL_SURFACE('',#12188,16.);
#12188 = AXIS2_PLACEMENT_3D('',#12189,#12190,#12191);
#12189 = CARTESIAN_POINT('',(0.,0.,15.));
#12190 = DIRECTION('',(-0.,-0.,-1.));
#12191 = DIRECTION('',(1.,0.,0.));
#12192 = DEFINITIONAL_REPRESENTATION('',(#12193),#12197);
#12193 = LINE('',#12194,#12195);
#12194 = CARTESIAN_POINT('',(6.28318530718,0.));
#12195 = VECTOR('',#12196,1.);
#12196 = DIRECTION('',(-1.,0.));
#12197 = ( GEOMETRIC_REPRESENTATION_CONTEXT(2) 
PARAMETRIC_REPRESENTATION_CONTEXT() REPRESENTATION_CONTEXT('2D SPACE',''
  ) );
#12198 = PCURVE('',#12199,#12204);
#12199 = PLANE('',#12200);
#12200 = AXIS2_PLACEMENT_3D('',#12201,#12202,#12203);
#12201 = CARTESIAN_POINT('',(-1.025580099405E-15,1.398015239264E-15,15.)
  );
#12202 = DIRECTION('',(0.,0.,1.));
#12203 = DIRECTION('',(1.,0.,-0.));
#12204 = DEFINITIONAL_REPRESENTATION('',(#12205),#12209);
#12205 = CIRCLE('',#12206,16.);
#12206 = AXIS2_PLACEMENT_2D('',#12207,#12208);
#12207 = CARTESIAN_POINT('',(1.025580099405E-15,-1.398015239264E-15));
#12208 = DIRECTION('',(1.,0.));
#12209 = ( GEOMETRIC_REPRESENTATION_CONTEXT(2) 
PARAMETRIC_REPRESENTATION_CONTEXT() REPRESENTATION_CONTEXT('2D SPACE',''
  ) );
#12210 = ORIENTED_EDGE('',*,*,#12211,.T.);
#12211 = EDGE_CURVE('',#12178,#12212,#12214,.T.);
#12212 = VERTEX_POINT('',#12213);
#12213 = CARTESIAN_POINT('',(16.,0.,18.));
#12214 = SEAM_CURVE('',#12215,(#12219,#12226),.PCURVE_S1.);
#12215 = LINE('',#12216,#12217);
#12216 = CARTESIAN_POINT('',(16.,0.,15.));
#12217 = VECTOR('',#12218,1.);
#12218 = DIRECTION('',(0.,0.,1.));
#12219 = PCURVE('',#12187,#12220);
#12220 = DEFINITIONAL_REPRESENTATION('',(#12221),#12225);
#12221 = LINE('',#12222,#12223);
#12222 = CARTESIAN_POINT('',(-4.138911435803E-13,0.));
#12223 = VECTOR('',#12224,1.);
#12224 = DIRECTION('',(-0.,-1.));
#12225 = ( GEOMETRIC_REPRESENTATION_CONTEXT(2) 
PARAMETRIC_REPRESENTATION_CONTEXT() REPRESENTATION_CONTEXT('2D SPACE',''
  ) );
#12226 = PCURVE('',#12187,#12227);
#12227 = DEFINITIONAL_REPRESENTATION('',(#12228),#12232);
#12228 = LINE('',#12229,#12230);
#12229 = CARTESIAN_POINT('',(6.28318530718,0.));
#12230 = VECTOR('',#12231,1.);
#12231 = DIRECTION('',(-0.,-1.));
#12232 = ( GEOMETRIC_REPRESENTATION_CONTEXT(2) 
PARAMETRIC_REPRESENTATION_CONTEXT() REPRESENTATION_CONTEXT('2D SPACE',''
  ) );
#12233 = ORIENTED_EDGE('',*,*,#12234,.F.);
#12234 = EDGE_CURVE('',#12212,#12212,#12235,.T.);
#12235 = SURFACE_CURVE('',#12236,(#12241,#12248),.PCURVE_S1.);
#12236 = CIRCLE('',#12237,16.);
#12237 = AXIS2_PLACEMENT_3D('',#12238,#12239,#12240);
#12238 = CARTESIAN_POINT('',(0.,0.,18.));
#12239 = DIRECTION('',(0.,0.,1.));
#12240 = DIRECTION('',(1.,0.,-0.));
#12241 = PCURVE('',#12187,#12242);
#12242 = DEFINITIONAL_REPRESENTATION('',(#12243),#12247);
#12243 = LINE('',#12244,#12245);
#12244 = CARTESIAN_POINT('',(6.28318530718,-3.));
#12245 = VECTOR('',#12246,1.);
#12246 = DIRECTION('',(-1.,0.));
#12247 = ( GEOMETRIC_REPRESENTATION_CONTEXT(2) 
PARAMETRIC_REPRESENTATION_CONTEXT() REPRESENTATION_CONTEXT('2D SPACE',''
  ) );
#12248 = PCURVE('',#12249,#12254);
#12249 = PLANE('',#12250);
#12250 = AXIS2_PLACEMENT_3D('',#12251,#12252,#12253);
#12251 = CARTESIAN_POINT('',(-1.025580099405E-15,1.398015239264E-15,18.)
  );
#12252 = DIRECTION('',(0.,0.,1.));
#12253 = DIRECTION('',(1.,0.,-0.));
#12254 = DEFINITIONAL_REPRESENTATION('',(#12255),#12259);
#12255 = CIRCLE('',#12256,16.);
#12256 = AXIS2_PLACEMENT_2D('',#12257,#12258);
#12257 = CARTESIAN_POINT('',(1.025580099405E-15,-1.398015239264E-15));
#12258 = DIRECTION('',(1.,0.));
#12259 = ( GEOMETRIC_REPRESENTATION_CONTEXT(2) 
PARAMETRIC_REPRESENTATION_CONTEXT() REPRESENTATION_CONTEXT('2D SPACE',''
  ) );
#12260 = ORIENTED_EDGE('',*,*,#12211,.F.);
#12261 = ADVANCED_FACE('',(#12262),#12275,.F.);
#12262 = FACE_BOUND('',#12263,.F.);
#12263 = EDGE_LOOP('',(#12264,#12293,#12316,#12338));
#12264 = ORIENTED_EDGE('',*,*,#12265,.T.);
#12265 = EDGE_CURVE('',#12266,#12266,#12268,.T.);
#12266 = VERTEX_POINT('',#12267);
#12267 = CARTESIAN_POINT('',(15.1,4.440892098501E-16,15.));
#12268 = SURFACE_CURVE('',#12269,(#12274,#12286),.PCURVE_S1.);
#12269 = CIRCLE('',#12270,15.1);
#12270 = AXIS2_PLACEMENT_3D('',#12271,#12272,#12273);
#12271 = CARTESIAN_POINT('',(7.549516567451E-14,4.440892098501E-16,15.)
  );
#12272 = DIRECTION('',(0.,0.,1.));
#12273 = DIRECTION('',(1.,0.,-0.));
#12274 = PCURVE('',#12275,#12280);
#12275 = CYLINDRICAL_SURFACE('',#12276,15.1);
#12276 = AXIS2_PLACEMENT_3D('',#12277,#12278,#12279);
#12277 = CARTESIAN_POINT('',(7.549516567451E-14,4.440892098501E-16,15.)
  );
#12278 = DIRECTION('',(-0.,-0.,-1.));
#12279 = DIRECTION('',(1.,0.,0.));
#12280 = DEFINITIONAL_REPRESENTATION('',(#12281),#12285);
#12281 = LINE('',#12282,#12283);
#12282 = CARTESIAN_POINT('',(6.28318530718,0.));
#12283 = VECTOR('',#12284,1.);
#12284 = DIRECTION('',(-1.,0.));
#12285 = ( GEOMETRIC_REPRESENTATION_CONTEXT(2) 
PARAMETRIC_REPRESENTATION_CONTEXT() REPRESENTATION_CONTEXT('2D SPACE',''
  ) );
#12286 = PCURVE('',#12199,#12287);
#12287 = DEFINITIONAL_REPRESENTATION('',(#12288),#12292);
#12288 = CIRCLE('',#12289,15.1);
#12289 = AXIS2_PLACEMENT_2D('',#12290,#12291);
#12290 = CARTESIAN_POINT('',(7.652074577392E-14,-9.539260294139E-16));
#12291 = DIRECTION('',(1.,0.));
#12292 = ( GEOMETRIC_REPRESENTATION_CONTEXT(2) 
PARAMETRIC_REPRESENTATION_CONTEXT() REPRESENTATION_CONTEXT('2D SPACE',''
  ) );
#12293 = ORIENTED_EDGE('',*,*,#12294,.T.);
#12294 = EDGE_CURVE('',#12266,#12295,#12297,.T.);
#12295 = VERTEX_POINT('',#12296);
#12296 = CARTESIAN_POINT('',(15.1,4.440892098501E-16,18.));
#12297 = SEAM_CURVE('',#12298,(#12302,#12309),.PCURVE_S1.);
#12298 = LINE('',#12299,#12300);
#12299 = CARTESIAN_POINT('',(15.1,4.440892098501E-16,15.));
#12300 = VECTOR('',#12301,1.);
#12301 = DIRECTION('',(0.,0.,1.));
#12302 = PCURVE('',#12275,#12303);
#12303 = DEFINITIONAL_REPRESENTATION('',(#12304),#12308);
#12304 = LINE('',#12305,#12306);
#12305 = CARTESIAN_POINT('',(-4.138911435803E-13,0.));
#12306 = VECTOR('',#12307,1.);
#12307 = DIRECTION('',(-0.,-1.));
#12308 = ( GEOMETRIC_REPRESENTATION_CONTEXT(2) 
PARAMETRIC_REPRESENTATION_CONTEXT() REPRESENTATION_CONTEXT('2D SPACE',''
  ) );
#12309 = PCURVE('',#12275,#12310);
#12310 = DEFINITIONAL_REPRESENTATION('',(#12311),#12315);
#12311 = LINE('',#12312,#12313);
#12312 = CARTESIAN_POINT('',(6.28318530718,0.));
#12313 = VECTOR('',#12314,1.);
#12314 = DIRECTION('',(-0.,-1.));
#12315 = ( GEOMETRIC_REPRESENTATION_CONTEXT(2) 
PARAMETRIC_REPRESENTATION_CONTEXT() REPRESENTATION_CONTEXT('2D SPACE',''
  ) );
#12316 = ORIENTED_EDGE('',*,*,#12317,.F.);
#12317 = EDGE_CURVE('',#12295,#12295,#12318,.T.);
#12318 = SURFACE_CURVE('',#12319,(#12324,#12331),.PCURVE_S1.);
#12319 = CIRCLE('',#12320,15.1);
#12320 = AXIS2_PLACEMENT_3D('',#12321,#12322,#12323);
#12321 = CARTESIAN_POINT('',(7.549516567451E-14,4.440892098501E-16,18.)
  );
#12322 = DIRECTION('',(0.,0.,1.));
#12323 = DIRECTION('',(1.,0.,-0.));
#12324 = PCURVE('',#12275,#12325);
#12325 = DEFINITIONAL_REPRESENTATION('',(#12326),#12330);
#12326 = LINE('',#12327,#12328);
#12327 = CARTESIAN_POINT('',(6.28318530718,-3.));
#12328 = VECTOR('',#12329,1.);
#12329 = DIRECTION('',(-1.,0.));
#12330 = ( GEOMETRIC_REPRESENTATION_CONTEXT(2) 
PARAMETRIC_REPRESENTATION_CONTEXT() REPRESENTATION_CONTEXT('2D SPACE',''
  ) );
#12331 = PCURVE('',#12249,#12332);
#12332 = DEFINITIONAL_REPRESENTATION('',(#12333),#12337);
#12333 = CIRCLE('',#12334,15.1);
#12334 = AXIS2_PLACEMENT_2D('',#12335,#12336);
#12335 = CARTESIAN_POINT('',(7.652074577392E-14,-9.539260294139E-16));
#12336 = DIRECTION('',(1.,0.));
#12337 = ( GEOMETRIC_REPRESENTATION_CONTEXT(2) 
PARAMETRIC_REPRESENTATION_CONTEXT() REPRESENTATION_CONTEXT('2D SPACE',''
  ) );
#12338 = ORIENTED_EDGE('',*,*,#12294,.F.);
#12339 = ADVANCED_FACE('',(#12340,#12343),#12199,.F.);
#12340 = FACE_BOUND('',#12341,.F.);
#12341 = EDGE_LOOP('',(#12342));
#12342 = ORIENTED_EDGE('',*,*,#12177,.T.);
#12343 = FACE_BOUND('',#12344,.F.);
#12344 = EDGE_LOOP('',(#12345));
#12345 = ORIENTED_EDGE('',*,*,#12265,.F.);
#12346 = ADVANCED_FACE('',(#12347,#12350),#12249,.T.);
#12347 = FACE_BOUND('',#12348,.T.);
#12348 = EDGE_LOOP('',(#12349));
#12349 = ORIENTED_EDGE('',*,*,#12234,.T.);
#12350 = FACE_BOUND('',#12351,.T.);
#12351 = EDGE_LOOP('',(#12352));
#12352 = ORIENTED_EDGE('',*,*,#12317,.F.);
#12353 = ( GEOMETRIC_REPRESENTATION_CONTEXT(3) 
GLOBAL_UNCERTAINTY_ASSIGNED_CONTEXT((#12357)) 
GLOBAL_UNIT_ASSIGNED_CONTEXT((#12354,#12355,#12356)) 
REPRESENTATION_CONTEXT('Context #1',
  '3D Context with UNIT and UNCERTAINTY') );
#12354 = ( LENGTH_UNIT() NAMED_UNIT(*) SI_UNIT(.MILLI.,.METRE.) );
#12355 = ( NAMED_UNIT(*) PLANE_ANGLE_UNIT() SI_UNIT($,.RADIAN.) );
#12356 = ( NAMED_UNIT(*) SI_UNIT($,.STERADIAN.) SOLID_ANGLE_UNIT() );
#12357 = UNCERTAINTY_MEASURE_WITH_UNIT(LENGTH_MEASURE(1.E-07),#12354,
  'distance_accuracy_value','confusion accuracy');
#12358 = CONTEXT_DEPENDENT_SHAPE_REPRESENTATION(#12359,#12361);
#12359 = ( REPRESENTATION_RELATIONSHIP('','',#12170,#10) 
REPRESENTATION_RELATIONSHIP_WITH_TRANSFORMATION(#12360) 
SHAPE_REPRESENTATION_RELATIONSHIP() );
#12360 = ITEM_DEFINED_TRANSFORMATION('','',#11,#31);
#12361 = PRODUCT_DEFINITION_SHAPE('Placement','Placement of an item',
  #12362);
#12362 = NEXT_ASSEMBLY_USAGE_OCCURRENCE('206','J5_spacer_B','',#5,#12165
  ,$);
#12363 = PRODUCT_RELATED_PRODUCT_CATEGORY('part',$,(#12167));
#12364 = SHAPE_DEFINITION_REPRESENTATION(#12365,#12371);
#12365 = PRODUCT_DEFINITION_SHAPE('','',#12366);
#12366 = PRODUCT_DEFINITION('design','',#12367,#12370);
#12367 = PRODUCT_DEFINITION_FORMATION('','',#12368);
#12368 = PRODUCT('servo_J6','servo_J6','',(#12369));
#12369 = PRODUCT_CONTEXT('',#2,'mechanical');
#12370 = PRODUCT_DEFINITION_CONTEXT('part definition',#2,'design');
#12371 = ADVANCED_BREP_SHAPE_REPRESENTATION('',(#11,#12372),#16360);
#12372 = BREP_WITH_VOIDS('',#12373,(#16262));
#12373 = CLOSED_SHELL('',(#12374,#12494,#12570,#12641,#12782,#13035,
    #13042,#13118,#13167,#13216,#13339,#13566,#13615,#13664,#13713,
    #13762,#13809,#14001,#14028,#14172,#14274,#14310,#14613,#14662,
    #14711,#14738,#14765,#14803,#14852,#14901,#14928,#14977,#15026,
    #15053,#15060,#15115,#15122,#15129,#15184,#15239,#15294,#15349,
    #15404,#15579,#15618,#15657,#15696,#15735,#15739,#15794,#15848,
    #15902,#15956,#16010,#16065,#16120,#16175,#16230,#16246,#16250,
    #16254,#16258));
#12374 = ADVANCED_FACE('',(#12375),#12389,.F.);
#12375 = FACE_BOUND('',#12376,.F.);
#12376 = EDGE_LOOP('',(#12377,#12412,#12440,#12468));
#12377 = ORIENTED_EDGE('',*,*,#12378,.T.);
#12378 = EDGE_CURVE('',#12379,#12381,#12383,.T.);
#12379 = VERTEX_POINT('',#12380);
#12380 = CARTESIAN_POINT('',(-10.11,-12.36,1.5));
#12381 = VERTEX_POINT('',#12382);
#12382 = CARTESIAN_POINT('',(-10.11,-12.36,30.689));
#12383 = SURFACE_CURVE('',#12384,(#12388,#12400),.PCURVE_S1.);
#12384 = LINE('',#12385,#12386);
#12385 = CARTESIAN_POINT('',(-10.11,-12.36,1.5));
#12386 = VECTOR('',#12387,1.);
#12387 = DIRECTION('',(0.,0.,1.));
#12388 = PCURVE('',#12389,#12394);
#12389 = PLANE('',#12390);
#12390 = AXIS2_PLACEMENT_3D('',#12391,#12392,#12393);
#12391 = CARTESIAN_POINT('',(-10.11,-12.36,1.5));
#12392 = DIRECTION('',(0.,1.,0.));
#12393 = DIRECTION('',(1.,0.,0.));
#12394 = DEFINITIONAL_REPRESENTATION('',(#12395),#12399);
#12395 = LINE('',#12396,#12397);
#12396 = CARTESIAN_POINT('',(0.,0.));
#12397 = VECTOR('',#12398,1.);
#12398 = DIRECTION('',(0.,-1.));
#12399 = ( GEOMETRIC_REPRESENTATION_CONTEXT(2) 
PARAMETRIC_REPRESENTATION_CONTEXT() REPRESENTATION_CONTEXT('2D SPACE',''
  ) );
#12400 = PCURVE('',#12401,#12406);
#12401 = PLANE('',#12402);
#12402 = AXIS2_PLACEMENT_3D('',#12403,#12404,#12405);
#12403 = CARTESIAN_POINT('',(-10.11,12.36,1.5));
#12404 = DIRECTION('',(1.,0.,-0.));
#12405 = DIRECTION('',(0.,-1.,0.));
#12406 = DEFINITIONAL_REPRESENTATION('',(#12407),#12411);
#12407 = LINE('',#12408,#12409);
#12408 = CARTESIAN_POINT('',(24.72,0.));
#12409 = VECTOR('',#12410,1.);
#12410 = DIRECTION('',(0.,-1.));
#12411 = ( GEOMETRIC_REPRESENTATION_CONTEXT(2) 
PARAMETRIC_REPRESENTATION_CONTEXT() REPRESENTATION_CONTEXT('2D SPACE',''
  ) );
#12412 = ORIENTED_EDGE('',*,*,#12413,.T.);
#12413 = EDGE_CURVE('',#12381,#12414,#12416,.T.);
#12414 = VERTEX_POINT('',#12415);
#12415 = CARTESIAN_POINT('',(35.11,-12.36,30.689));
#12416 = SURFACE_CURVE('',#12417,(#12421,#12428),.PCURVE_S1.);
#12417 = LINE('',#12418,#12419);
#12418 = CARTESIAN_POINT('',(-10.11,-12.36,30.689));
#12419 = VECTOR('',#12420,1.);
#12420 = DIRECTION('',(1.,0.,0.));
#12421 = PCURVE('',#12389,#12422);
#12422 = DEFINITIONAL_REPRESENTATION('',(#12423),#12427);
#12423 = LINE('',#12424,#12425);
#12424 = CARTESIAN_POINT('',(0.,-29.189));
#12425 = VECTOR('',#12426,1.);
#12426 = DIRECTION('',(1.,0.));
#12427 = ( GEOMETRIC_REPRESENTATION_CONTEXT(2) 
PARAMETRIC_REPRESENTATION_CONTEXT() REPRESENTATION_CONTEXT('2D SPACE',''
  ) );
#12428 = PCURVE('',#12429,#12434);
#12429 = PLANE('',#12430);
#12430 = AXIS2_PLACEMENT_3D('',#12431,#12432,#12433);
#12431 = CARTESIAN_POINT('',(12.5,0.,30.689));
#12432 = DIRECTION('',(0.,0.,1.));
#12433 = DIRECTION('',(1.,0.,-0.));
#12434 = DEFINITIONAL_REPRESENTATION('',(#12435),#12439);
#12435 = LINE('',#12436,#12437);
#12436 = CARTESIAN_POINT('',(-22.61,-12.36));
#12437 = VECTOR('',#12438,1.);
#12438 = DIRECTION('',(1.,0.));
#12439 = ( GEOMETRIC_REPRESENTATION_CONTEXT(2) 
PARAMETRIC_REPRESENTATION_CONTEXT() REPRESENTATION_CONTEXT('2D SPACE',''
  ) );
#12440 = ORIENTED_EDGE('',*,*,#12441,.F.);
#12441 = EDGE_CURVE('',#12442,#12414,#12444,.T.);
#12442 = VERTEX_POINT('',#12443);
#12443 = CARTESIAN_POINT('',(35.11,-12.36,1.5));
#12444 = SURFACE_CURVE('',#12445,(#12449,#12456),.PCURVE_S1.);
#12445 = LINE('',#12446,#12447);
#12446 = CARTESIAN_POINT('',(35.11,-12.36,1.5));
#12447 = VECTOR('',#12448,1.);
#12448 = DIRECTION('',(0.,0.,1.));
#12449 = PCURVE('',#12389,#12450);
#12450 = DEFINITIONAL_REPRESENTATION('',(#12451),#12455);
#12451 = LINE('',#12452,#12453);
#12452 = CARTESIAN_POINT('',(45.22,0.));
#12453 = VECTOR('',#12454,1.);
#12454 = DIRECTION('',(0.,-1.));
#12455 = ( GEOMETRIC_REPRESENTATION_CONTEXT(2) 
PARAMETRIC_REPRESENTATION_CONTEXT() REPRESENTATION_CONTEXT('2D SPACE',''
  ) );
#12456 = PCURVE('',#12457,#12462);
#12457 = PLANE('',#12458);
#12458 = AXIS2_PLACEMENT_3D('',#12459,#12460,#12461);
#12459 = CARTESIAN_POINT('',(35.11,-12.36,1.5));
#12460 = DIRECTION('',(-1.,0.,0.));
#12461 = DIRECTION('',(0.,1.,0.));
#12462 = DEFINITIONAL_REPRESENTATION('',(#12463),#12467);
#12463 = LINE('',#12464,#12465);
#12464 = CARTESIAN_POINT('',(0.,0.));
#12465 = VECTOR('',#12466,1.);
#12466 = DIRECTION('',(0.,-1.));
#12467 = ( GEOMETRIC_REPRESENTATION_CONTEXT(2) 
PARAMETRIC_REPRESENTATION_CONTEXT() REPRESENTATION_CONTEXT('2D SPACE',''
  ) );
#12468 = ORIENTED_EDGE('',*,*,#12469,.F.);
#12469 = EDGE_CURVE('',#12379,#12442,#12470,.T.);
#12470 = SURFACE_CURVE('',#12471,(#12475,#12482),.PCURVE_S1.);
#12471 = LINE('',#12472,#12473);
#12472 = CARTESIAN_POINT('',(-10.11,-12.36,1.5));
#12473 = VECTOR('',#12474,1.);
#12474 = DIRECTION('',(1.,0.,0.));
#12475 = PCURVE('',#12389,#12476);
#12476 = DEFINITIONAL_REPRESENTATION('',(#12477),#12481);
#12477 = LINE('',#12478,#12479);
#12478 = CARTESIAN_POINT('',(0.,0.));
#12479 = VECTOR('',#12480,1.);
#12480 = DIRECTION('',(1.,0.));
#12481 = ( GEOMETRIC_REPRESENTATION_CONTEXT(2) 
PARAMETRIC_REPRESENTATION_CONTEXT() REPRESENTATION_CONTEXT('2D SPACE',''
  ) );
#12482 = PCURVE('',#12483,#12488);
#12483 = PLANE('',#12484);
#12484 = AXIS2_PLACEMENT_3D('',#12485,#12486,#12487);
#12485 = CARTESIAN_POINT('',(12.5,0.,1.5));
#12486 = DIRECTION('',(0.,0.,1.));
#12487 = DIRECTION('',(1.,0.,-0.));
#12488 = DEFINITIONAL_REPRESENTATION('',(#12489),#12493);
#12489 = LINE('',#12490,#12491);
#12490 = CARTESIAN_POINT('',(-22.61,-12.36));
#12491 = VECTOR('',#12492,1.);
#12492 = DIRECTION('',(1.,0.));
#12493 = ( GEOMETRIC_REPRESENTATION_CONTEXT(2) 
PARAMETRIC_REPRESENTATION_CONTEXT() REPRESENTATION_CONTEXT('2D SPACE',''
  ) );
#12494 = ADVANCED_FACE('',(#12495),#12401,.F.);
#12495 = FACE_BOUND('',#12496,.F.);
#12496 = EDGE_LOOP('',(#12497,#12527,#12548,#12549));
#12497 = ORIENTED_EDGE('',*,*,#12498,.T.);
#12498 = EDGE_CURVE('',#12499,#12501,#12503,.T.);
#12499 = VERTEX_POINT('',#12500);
#12500 = CARTESIAN_POINT('',(-10.11,12.36,1.5));
#12501 = VERTEX_POINT('',#12502);
#12502 = CARTESIAN_POINT('',(-10.11,12.36,30.689));
#12503 = SURFACE_CURVE('',#12504,(#12508,#12515),.PCURVE_S1.);
#12504 = LINE('',#12505,#12506);
#12505 = CARTESIAN_POINT('',(-10.11,12.36,1.5));
#12506 = VECTOR('',#12507,1.);
#12507 = DIRECTION('',(0.,0.,1.));
#12508 = PCURVE('',#12401,#12509);
#12509 = DEFINITIONAL_REPRESENTATION('',(#12510),#12514);
#12510 = LINE('',#12511,#12512);
#12511 = CARTESIAN_POINT('',(0.,0.));
#12512 = VECTOR('',#12513,1.);
#12513 = DIRECTION('',(0.,-1.));
#12514 = ( GEOMETRIC_REPRESENTATION_CONTEXT(2) 
PARAMETRIC_REPRESENTATION_CONTEXT() REPRESENTATION_CONTEXT('2D SPACE',''
  ) );
#12515 = PCURVE('',#12516,#12521);
#12516 = PLANE('',#12517);
#12517 = AXIS2_PLACEMENT_3D('',#12518,#12519,#12520);
#12518 = CARTESIAN_POINT('',(35.11,12.36,1.5));
#12519 = DIRECTION('',(0.,-1.,0.));
#12520 = DIRECTION('',(-1.,0.,0.));
#12521 = DEFINITIONAL_REPRESENTATION('',(#12522),#12526);
#12522 = LINE('',#12523,#12524);
#12523 = CARTESIAN_POINT('',(45.22,0.));
#12524 = VECTOR('',#12525,1.);
#12525 = DIRECTION('',(0.,-1.));
#12526 = ( GEOMETRIC_REPRESENTATION_CONTEXT(2) 
PARAMETRIC_REPRESENTATION_CONTEXT() REPRESENTATION_CONTEXT('2D SPACE',''
  ) );
#12527 = ORIENTED_EDGE('',*,*,#12528,.T.);
#12528 = EDGE_CURVE('',#12501,#12381,#12529,.T.);
#12529 = SURFACE_CURVE('',#12530,(#12534,#12541),.PCURVE_S1.);
#12530 = LINE('',#12531,#12532);
#12531 = CARTESIAN_POINT('',(-10.11,12.36,30.689));
#12532 = VECTOR('',#12533,1.);
#12533 = DIRECTION('',(0.,-1.,0.));
#12534 = PCURVE('',#12401,#12535);
#12535 = DEFINITIONAL_REPRESENTATION('',(#12536),#12540);
#12536 = LINE('',#12537,#12538);
#12537 = CARTESIAN_POINT('',(0.,-29.189));
#12538 = VECTOR('',#12539,1.);
#12539 = DIRECTION('',(1.,0.));
#12540 = ( GEOMETRIC_REPRESENTATION_CONTEXT(2) 
PARAMETRIC_REPRESENTATION_CONTEXT() REPRESENTATION_CONTEXT('2D SPACE',''
  ) );
#12541 = PCURVE('',#12429,#12542);
#12542 = DEFINITIONAL_REPRESENTATION('',(#12543),#12547);
#12543 = LINE('',#12544,#12545);
#12544 = CARTESIAN_POINT('',(-22.61,12.36));
#12545 = VECTOR('',#12546,1.);
#12546 = DIRECTION('',(0.,-1.));
#12547 = ( GEOMETRIC_REPRESENTATION_CONTEXT(2) 
PARAMETRIC_REPRESENTATION_CONTEXT() REPRESENTATION_CONTEXT('2D SPACE',''
  ) );
#12548 = ORIENTED_EDGE('',*,*,#12378,.F.);
#12549 = ORIENTED_EDGE('',*,*,#12550,.F.);
#12550 = EDGE_CURVE('',#12499,#12379,#12551,.T.);
#12551 = SURFACE_CURVE('',#12552,(#12556,#12563),.PCURVE_S1.);
#12552 = LINE('',#12553,#12554);
#12553 = CARTESIAN_POINT('',(-10.11,12.36,1.5));
#12554 = VECTOR('',#12555,1.);
#12555 = DIRECTION('',(0.,-1.,0.));
#12556 = PCURVE('',#12401,#12557);
#12557 = DEFINITIONAL_REPRESENTATION('',(#12558),#12562);
#12558 = LINE('',#12559,#12560);
#12559 = CARTESIAN_POINT('',(0.,0.));
#12560 = VECTOR('',#12561,1.);
#12561 = DIRECTION('',(1.,0.));
#12562 = ( GEOMETRIC_REPRESENTATION_CONTEXT(2) 
PARAMETRIC_REPRESENTATION_CONTEXT() REPRESENTATION_CONTEXT('2D SPACE',''
  ) );
#12563 = PCURVE('',#12483,#12564);
#12564 = DEFINITIONAL_REPRESENTATION('',(#12565),#12569);
#12565 = LINE('',#12566,#12567);
#12566 = CARTESIAN_POINT('',(-22.61,12.36));
#12567 = VECTOR('',#12568,1.);
#12568 = DIRECTION('',(0.,-1.));
#12569 = ( GEOMETRIC_REPRESENTATION_CONTEXT(2) 
PARAMETRIC_REPRESENTATION_CONTEXT() REPRESENTATION_CONTEXT('2D SPACE',''
  ) );
#12570 = ADVANCED_FACE('',(#12571),#12457,.F.);
#12571 = FACE_BOUND('',#12572,.F.);
#12572 = EDGE_LOOP('',(#12573,#12574,#12597,#12620));
#12573 = ORIENTED_EDGE('',*,*,#12441,.T.);
#12574 = ORIENTED_EDGE('',*,*,#12575,.T.);
#12575 = EDGE_CURVE('',#12414,#12576,#12578,.T.);
#12576 = VERTEX_POINT('',#12577);
#12577 = CARTESIAN_POINT('',(35.11,12.36,30.689));
#12578 = SURFACE_CURVE('',#12579,(#12583,#12590),.PCURVE_S1.);
#12579 = LINE('',#12580,#12581);
#12580 = CARTESIAN_POINT('',(35.11,-12.36,30.689));
#12581 = VECTOR('',#12582,1.);
#12582 = DIRECTION('',(0.,1.,0.));
#12583 = PCURVE('',#12457,#12584);
#12584 = DEFINITIONAL_REPRESENTATION('',(#12585),#12589);
#12585 = LINE('',#12586,#12587);
#12586 = CARTESIAN_POINT('',(0.,-29.189));
#12587 = VECTOR('',#12588,1.);
#12588 = DIRECTION('',(1.,0.));
#12589 = ( GEOMETRIC_REPRESENTATION_CONTEXT(2) 
PARAMETRIC_REPRESENTATION_CONTEXT() REPRESENTATION_CONTEXT('2D SPACE',''
  ) );
#12590 = PCURVE('',#12429,#12591);
#12591 = DEFINITIONAL_REPRESENTATION('',(#12592),#12596);
#12592 = LINE('',#12593,#12594);
#12593 = CARTESIAN_POINT('',(22.61,-12.36));
#12594 = VECTOR('',#12595,1.);
#12595 = DIRECTION('',(0.,1.));
#12596 = ( GEOMETRIC_REPRESENTATION_CONTEXT(2) 
PARAMETRIC_REPRESENTATION_CONTEXT() REPRESENTATION_CONTEXT('2D SPACE',''
  ) );
#12597 = ORIENTED_EDGE('',*,*,#12598,.F.);
#12598 = EDGE_CURVE('',#12599,#12576,#12601,.T.);
#12599 = VERTEX_POINT('',#12600);
#12600 = CARTESIAN_POINT('',(35.11,12.36,1.5));
#12601 = SURFACE_CURVE('',#12602,(#12606,#12613),.PCURVE_S1.);
#12602 = LINE('',#12603,#12604);
#12603 = CARTESIAN_POINT('',(35.11,12.36,1.5));
#12604 = VECTOR('',#12605,1.);
#12605 = DIRECTION('',(0.,0.,1.));
#12606 = PCURVE('',#12457,#12607);
#12607 = DEFINITIONAL_REPRESENTATION('',(#12608),#12612);
#12608 = LINE('',#12609,#12610);
#12609 = CARTESIAN_POINT('',(24.72,0.));
#12610 = VECTOR('',#12611,1.);
#12611 = DIRECTION('',(0.,-1.));
#12612 = ( GEOMETRIC_REPRESENTATION_CONTEXT(2) 
PARAMETRIC_REPRESENTATION_CONTEXT() REPRESENTATION_CONTEXT('2D SPACE',''
  ) );
#12613 = PCURVE('',#12516,#12614);
#12614 = DEFINITIONAL_REPRESENTATION('',(#12615),#12619);
#12615 = LINE('',#12616,#12617);
#12616 = CARTESIAN_POINT('',(0.,-0.));
#12617 = VECTOR('',#12618,1.);
#12618 = DIRECTION('',(0.,-1.));
#12619 = ( GEOMETRIC_REPRESENTATION_CONTEXT(2) 
PARAMETRIC_REPRESENTATION_CONTEXT() REPRESENTATION_CONTEXT('2D SPACE',''
  ) );
#12620 = ORIENTED_EDGE('',*,*,#12621,.F.);
#12621 = EDGE_CURVE('',#12442,#12599,#12622,.T.);
#12622 = SURFACE_CURVE('',#12623,(#12627,#12634),.PCURVE_S1.);
#12623 = LINE('',#12624,#12625);
#12624 = CARTESIAN_POINT('',(35.11,-12.36,1.5));
#12625 = VECTOR('',#12626,1.);
#12626 = DIRECTION('',(0.,1.,0.));
#12627 = PCURVE('',#12457,#12628);
#12628 = DEFINITIONAL_REPRESENTATION('',(#12629),#12633);
#12629 = LINE('',#12630,#12631);
#12630 = CARTESIAN_POINT('',(0.,0.));
#12631 = VECTOR('',#12632,1.);
#12632 = DIRECTION('',(1.,0.));
#12633 = ( GEOMETRIC_REPRESENTATION_CONTEXT(2) 
PARAMETRIC_REPRESENTATION_CONTEXT() REPRESENTATION_CONTEXT('2D SPACE',''
  ) );
#12634 = PCURVE('',#12483,#12635);
#12635 = DEFINITIONAL_REPRESENTATION('',(#12636),#12640);
#12636 = LINE('',#12637,#12638);
#12637 = CARTESIAN_POINT('',(22.61,-12.36));
#12638 = VECTOR('',#12639,1.);
#12639 = DIRECTION('',(0.,1.));
#12640 = ( GEOMETRIC_REPRESENTATION_CONTEXT(2) 
PARAMETRIC_REPRESENTATION_CONTEXT() REPRESENTATION_CONTEXT('2D SPACE',''
  ) );
#12641 = ADVANCED_FACE('',(#12642,#12668),#12483,.F.);
#12642 = FACE_BOUND('',#12643,.F.);
#12643 = EDGE_LOOP('',(#12644,#12645,#12646,#12667));
#12644 = ORIENTED_EDGE('',*,*,#12469,.T.);
#12645 = ORIENTED_EDGE('',*,*,#12621,.T.);
#12646 = ORIENTED_EDGE('',*,*,#12647,.T.);
#12647 = EDGE_CURVE('',#12599,#12499,#12648,.T.);
#12648 = SURFACE_CURVE('',#12649,(#12653,#12660),.PCURVE_S1.);
#12649 = LINE('',#12650,#12651);
#12650 = CARTESIAN_POINT('',(35.11,12.36,1.5));
#12651 = VECTOR('',#12652,1.);
#12652 = DIRECTION('',(-1.,0.,0.));
#12653 = PCURVE('',#12483,#12654);
#12654 = DEFINITIONAL_REPRESENTATION('',(#12655),#12659);
#12655 = LINE('',#12656,#12657);
#12656 = CARTESIAN_POINT('',(22.61,12.36));
#12657 = VECTOR('',#12658,1.);
#12658 = DIRECTION('',(-1.,0.));
#12659 = ( GEOMETRIC_REPRESENTATION_CONTEXT(2) 
PARAMETRIC_REPRESENTATION_CONTEXT() REPRESENTATION_CONTEXT('2D SPACE',''
  ) );
#12660 = PCURVE('',#12516,#12661);
#12661 = DEFINITIONAL_REPRESENTATION('',(#12662),#12666);
#12662 = LINE('',#12663,#12664);
#12663 = CARTESIAN_POINT('',(0.,-0.));
#12664 = VECTOR('',#12665,1.);
#12665 = DIRECTION('',(1.,0.));
#12666 = ( GEOMETRIC_REPRESENTATION_CONTEXT(2) 
PARAMETRIC_REPRESENTATION_CONTEXT() REPRESENTATION_CONTEXT('2D SPACE',''
  ) );
#12667 = ORIENTED_EDGE('',*,*,#12550,.T.);
#12668 = FACE_BOUND('',#12669,.F.);
#12669 = EDGE_LOOP('',(#12670,#12700,#12728,#12756));
#12670 = ORIENTED_EDGE('',*,*,#12671,.F.);
#12671 = EDGE_CURVE('',#12672,#12674,#12676,.T.);
#12672 = VERTEX_POINT('',#12673);
#12673 = CARTESIAN_POINT('',(-5.3,-12.2,1.5));
#12674 = VERTEX_POINT('',#12675);
#12675 = CARTESIAN_POINT('',(34.9,-12.2,1.5));
#12676 = SURFACE_CURVE('',#12677,(#12681,#12688),.PCURVE_S1.);
#12677 = LINE('',#12678,#12679);
#12678 = CARTESIAN_POINT('',(-5.3,-12.2,1.5));
#12679 = VECTOR('',#12680,1.);
#12680 = DIRECTION('',(1.,0.,0.));
#12681 = PCURVE('',#12483,#12682);
#12682 = DEFINITIONAL_REPRESENTATION('',(#12683),#12687);
#12683 = LINE('',#12684,#12685);
#12684 = CARTESIAN_POINT('',(-17.8,-12.2));
#12685 = VECTOR('',#12686,1.);
#12686 = DIRECTION('',(1.,0.));
#12687 = ( GEOMETRIC_REPRESENTATION_CONTEXT(2) 
PARAMETRIC_REPRESENTATION_CONTEXT() REPRESENTATION_CONTEXT('2D SPACE',''
  ) );
#12688 = PCURVE('',#12689,#12694);
#12689 = PLANE('',#12690);
#12690 = AXIS2_PLACEMENT_3D('',#12691,#12692,#12693);
#12691 = CARTESIAN_POINT('',(-5.3,-12.2,0.));
#12692 = DIRECTION('',(0.,1.,0.));
#12693 = DIRECTION('',(1.,0.,0.));
#12694 = DEFINITIONAL_REPRESENTATION('',(#12695),#12699);
#12695 = LINE('',#12696,#12697);
#12696 = CARTESIAN_POINT('',(0.,-1.5));
#12697 = VECTOR('',#12698,1.);
#12698 = DIRECTION('',(1.,0.));
#12699 = ( GEOMETRIC_REPRESENTATION_CONTEXT(2) 
PARAMETRIC_REPRESENTATION_CONTEXT() REPRESENTATION_CONTEXT('2D SPACE',''
  ) );
#12700 = ORIENTED_EDGE('',*,*,#12701,.F.);
#12701 = EDGE_CURVE('',#12702,#12672,#12704,.T.);
#12702 = VERTEX_POINT('',#12703);
#12703 = CARTESIAN_POINT('',(-5.3,12.2,1.5));
#12704 = SURFACE_CURVE('',#12705,(#12709,#12716),.PCURVE_S1.);
#12705 = LINE('',#12706,#12707);
#12706 = CARTESIAN_POINT('',(-5.3,12.2,1.5));
#12707 = VECTOR('',#12708,1.);
#12708 = DIRECTION('',(0.,-1.,0.));
#12709 = PCURVE('',#12483,#12710);
#12710 = DEFINITIONAL_REPRESENTATION('',(#12711),#12715);
#12711 = LINE('',#12712,#12713);
#12712 = CARTESIAN_POINT('',(-17.8,12.2));
#12713 = VECTOR('',#12714,1.);
#12714 = DIRECTION('',(0.,-1.));
#12715 = ( GEOMETRIC_REPRESENTATION_CONTEXT(2) 
PARAMETRIC_REPRESENTATION_CONTEXT() REPRESENTATION_CONTEXT('2D SPACE',''
  ) );
#12716 = PCURVE('',#12717,#12722);
#12717 = PLANE('',#12718);
#12718 = AXIS2_PLACEMENT_3D('',#12719,#12720,#12721);
#12719 = CARTESIAN_POINT('',(-5.3,12.2,0.));
#12720 = DIRECTION('',(1.,0.,-0.));
#12721 = DIRECTION('',(0.,-1.,0.));
#12722 = DEFINITIONAL_REPRESENTATION('',(#12723),#12727);
#12723 = LINE('',#12724,#12725);
#12724 = CARTESIAN_POINT('',(0.,-1.5));
#12725 = VECTOR('',#12726,1.);
#12726 = DIRECTION('',(1.,0.));
#12727 = ( GEOMETRIC_REPRESENTATION_CONTEXT(2) 
PARAMETRIC_REPRESENTATION_CONTEXT() REPRESENTATION_CONTEXT('2D SPACE',''
  ) );
#12728 = ORIENTED_EDGE('',*,*,#12729,.F.);
#12729 = EDGE_CURVE('',#12730,#12702,#12732,.T.);
#12730 = VERTEX_POINT('',#12731);
#12731 = CARTESIAN_POINT('',(34.9,12.2,1.5));
#12732 = SURFACE_CURVE('',#12733,(#12737,#12744),.PCURVE_S1.);
#12733 = LINE('',#12734,#12735);
#12734 = CARTESIAN_POINT('',(34.9,12.2,1.5));
#12735 = VECTOR('',#12736,1.);
#12736 = DIRECTION('',(-1.,0.,0.));
#12737 = PCURVE('',#12483,#12738);
#12738 = DEFINITIONAL_REPRESENTATION('',(#12739),#12743);
#12739 = LINE('',#12740,#12741);
#12740 = CARTESIAN_POINT('',(22.4,12.2));
#12741 = VECTOR('',#12742,1.);
#12742 = DIRECTION('',(-1.,0.));
#12743 = ( GEOMETRIC_REPRESENTATION_CONTEXT(2) 
PARAMETRIC_REPRESENTATION_CONTEXT() REPRESENTATION_CONTEXT('2D SPACE',''
  ) );
#12744 = PCURVE('',#12745,#12750);
#12745 = PLANE('',#12746);
#12746 = AXIS2_PLACEMENT_3D('',#12747,#12748,#12749);
#12747 = CARTESIAN_POINT('',(34.9,12.2,0.));
#12748 = DIRECTION('',(0.,-1.,0.));
#12749 = DIRECTION('',(-1.,0.,0.));
#12750 = DEFINITIONAL_REPRESENTATION('',(#12751),#12755);
#12751 = LINE('',#12752,#12753);
#12752 = CARTESIAN_POINT('',(0.,-1.5));
#12753 = VECTOR('',#12754,1.);
#12754 = DIRECTION('',(1.,0.));
#12755 = ( GEOMETRIC_REPRESENTATION_CONTEXT(2) 
PARAMETRIC_REPRESENTATION_CONTEXT() REPRESENTATION_CONTEXT('2D SPACE',''
  ) );
#12756 = ORIENTED_EDGE('',*,*,#12757,.F.);
#12757 = EDGE_CURVE('',#12674,#12730,#12758,.T.);
#12758 = SURFACE_CURVE('',#12759,(#12763,#12770),.PCURVE_S1.);
#12759 = LINE('',#12760,#12761);
#12760 = CARTESIAN_POINT('',(34.9,-12.2,1.5));
#12761 = VECTOR('',#12762,1.);
#12762 = DIRECTION('',(0.,1.,0.));
#12763 = PCURVE('',#12483,#12764);
#12764 = DEFINITIONAL_REPRESENTATION('',(#12765),#12769);
#12765 = LINE('',#12766,#12767);
#12766 = CARTESIAN_POINT('',(22.4,-12.2));
#12767 = VECTOR('',#12768,1.);
#12768 = DIRECTION('',(0.,1.));
#12769 = ( GEOMETRIC_REPRESENTATION_CONTEXT(2) 
PARAMETRIC_REPRESENTATION_CONTEXT() REPRESENTATION_CONTEXT('2D SPACE',''
  ) );
#12770 = PCURVE('',#12771,#12776);
#12771 = PLANE('',#12772);
#12772 = AXIS2_PLACEMENT_3D('',#12773,#12774,#12775);
#12773 = CARTESIAN_POINT('',(34.9,-12.2,0.));
#12774 = DIRECTION('',(-1.,0.,0.));
#12775 = DIRECTION('',(0.,1.,0.));
#12776 = DEFINITIONAL_REPRESENTATION('',(#12777),#12781);
#12777 = LINE('',#12778,#12779);
#12778 = CARTESIAN_POINT('',(0.,-1.5));
#12779 = VECTOR('',#12780,1.);
#12780 = DIRECTION('',(1.,0.));
#12781 = ( GEOMETRIC_REPRESENTATION_CONTEXT(2) 
PARAMETRIC_REPRESENTATION_CONTEXT() REPRESENTATION_CONTEXT('2D SPACE',''
  ) );
#12782 = ADVANCED_FACE('',(#12783,#12809),#12429,.T.);
#12783 = FACE_BOUND('',#12784,.T.);
#12784 = EDGE_LOOP('',(#12785,#12786,#12787,#12808));
#12785 = ORIENTED_EDGE('',*,*,#12413,.T.);
#12786 = ORIENTED_EDGE('',*,*,#12575,.T.);
#12787 = ORIENTED_EDGE('',*,*,#12788,.T.);
#12788 = EDGE_CURVE('',#12576,#12501,#12789,.T.);
#12789 = SURFACE_CURVE('',#12790,(#12794,#12801),.PCURVE_S1.);
#12790 = LINE('',#12791,#12792);
#12791 = CARTESIAN_POINT('',(35.11,12.36,30.689));
#12792 = VECTOR('',#12793,1.);
#12793 = DIRECTION('',(-1.,0.,0.));
#12794 = PCURVE('',#12429,#12795);
#12795 = DEFINITIONAL_REPRESENTATION('',(#12796),#12800);
#12796 = LINE('',#12797,#12798);
#12797 = CARTESIAN_POINT('',(22.61,12.36));
#12798 = VECTOR('',#12799,1.);
#12799 = DIRECTION('',(-1.,0.));
#12800 = ( GEOMETRIC_REPRESENTATION_CONTEXT(2) 
PARAMETRIC_REPRESENTATION_CONTEXT() REPRESENTATION_CONTEXT('2D SPACE',''
  ) );
#12801 = PCURVE('',#12516,#12802);
#12802 = DEFINITIONAL_REPRESENTATION('',(#12803),#12807);
#12803 = LINE('',#12804,#12805);
#12804 = CARTESIAN_POINT('',(0.,-29.189));
#12805 = VECTOR('',#12806,1.);
#12806 = DIRECTION('',(1.,0.));
#12807 = ( GEOMETRIC_REPRESENTATION_CONTEXT(2) 
PARAMETRIC_REPRESENTATION_CONTEXT() REPRESENTATION_CONTEXT('2D SPACE',''
  ) );
#12808 = ORIENTED_EDGE('',*,*,#12528,.T.);
#12809 = FACE_BOUND('',#12810,.T.);
#12810 = EDGE_LOOP('',(#12811,#12841,#12869,#12897,#12925,#12953,#12981,
    #13009));
#12811 = ORIENTED_EDGE('',*,*,#12812,.F.);
#12812 = EDGE_CURVE('',#12813,#12815,#12817,.T.);
#12813 = VERTEX_POINT('',#12814);
#12814 = CARTESIAN_POINT('',(-3.,-8.95,30.689));
#12815 = VERTEX_POINT('',#12816);
#12816 = CARTESIAN_POINT('',(6.5,-8.95,30.689));
#12817 = SURFACE_CURVE('',#12818,(#12822,#12829),.PCURVE_S1.);
#12818 = LINE('',#12819,#12820);
#12819 = CARTESIAN_POINT('',(-3.,-8.95,30.689));
#12820 = VECTOR('',#12821,1.);
#12821 = DIRECTION('',(1.,0.,0.));
#12822 = PCURVE('',#12429,#12823);
#12823 = DEFINITIONAL_REPRESENTATION('',(#12824),#12828);
#12824 = LINE('',#12825,#12826);
#12825 = CARTESIAN_POINT('',(-15.5,-8.95));
#12826 = VECTOR('',#12827,1.);
#12827 = DIRECTION('',(1.,0.));
#12828 = ( GEOMETRIC_REPRESENTATION_CONTEXT(2) 
PARAMETRIC_REPRESENTATION_CONTEXT() REPRESENTATION_CONTEXT('2D SPACE',''
  ) );
#12829 = PCURVE('',#12830,#12835);
#12830 = PLANE('',#12831);
#12831 = AXIS2_PLACEMENT_3D('',#12832,#12833,#12834);
#12832 = CARTESIAN_POINT('',(-3.,-8.95,30.689));
#12833 = DIRECTION('',(0.,1.,0.));
#12834 = DIRECTION('',(1.,0.,0.));
#12835 = DEFINITIONAL_REPRESENTATION('',(#12836),#12840);
#12836 = LINE('',#12837,#12838);
#12837 = CARTESIAN_POINT('',(0.,0.));
#12838 = VECTOR('',#12839,1.);
#12839 = DIRECTION('',(1.,0.));
#12840 = ( GEOMETRIC_REPRESENTATION_CONTEXT(2) 
PARAMETRIC_REPRESENTATION_CONTEXT() REPRESENTATION_CONTEXT('2D SPACE',''
  ) );
#12841 = ORIENTED_EDGE('',*,*,#12842,.F.);
#12842 = EDGE_CURVE('',#12843,#12813,#12845,.T.);
#12843 = VERTEX_POINT('',#12844);
#12844 = CARTESIAN_POINT('',(-3.,8.95,30.689));
#12845 = SURFACE_CURVE('',#12846,(#12850,#12857),.PCURVE_S1.);
#12846 = LINE('',#12847,#12848);
#12847 = CARTESIAN_POINT('',(-3.,8.95,30.689));
#12848 = VECTOR('',#12849,1.);
#12849 = DIRECTION('',(0.,-1.,0.));
#12850 = PCURVE('',#12429,#12851);
#12851 = DEFINITIONAL_REPRESENTATION('',(#12852),#12856);
#12852 = LINE('',#12853,#12854);
#12853 = CARTESIAN_POINT('',(-15.5,8.95));
#12854 = VECTOR('',#12855,1.);
#12855 = DIRECTION('',(0.,-1.));
#12856 = ( GEOMETRIC_REPRESENTATION_CONTEXT(2) 
PARAMETRIC_REPRESENTATION_CONTEXT() REPRESENTATION_CONTEXT('2D SPACE',''
  ) );
#12857 = PCURVE('',#12858,#12863);
#12858 = PLANE('',#12859);
#12859 = AXIS2_PLACEMENT_3D('',#12860,#12861,#12862);
#12860 = CARTESIAN_POINT('',(-3.,8.95,30.689));
#12861 = DIRECTION('',(1.,0.,-0.));
#12862 = DIRECTION('',(0.,-1.,0.));
#12863 = DEFINITIONAL_REPRESENTATION('',(#12864),#12868);
#12864 = LINE('',#12865,#12866);
#12865 = CARTESIAN_POINT('',(0.,0.));
#12866 = VECTOR('',#12867,1.);
#12867 = DIRECTION('',(1.,0.));
#12868 = ( GEOMETRIC_REPRESENTATION_CONTEXT(2) 
PARAMETRIC_REPRESENTATION_CONTEXT() REPRESENTATION_CONTEXT('2D SPACE',''
  ) );
#12869 = ORIENTED_EDGE('',*,*,#12870,.F.);
#12870 = EDGE_CURVE('',#12871,#12843,#12873,.T.);
#12871 = VERTEX_POINT('',#12872);
#12872 = CARTESIAN_POINT('',(6.5,8.95,30.689));
#12873 = SURFACE_CURVE('',#12874,(#12878,#12885),.PCURVE_S1.);
#12874 = LINE('',#12875,#12876);
#12875 = CARTESIAN_POINT('',(29.4,8.95,30.689));
#12876 = VECTOR('',#12877,1.);
#12877 = DIRECTION('',(-1.,0.,0.));
#12878 = PCURVE('',#12429,#12879);
#12879 = DEFINITIONAL_REPRESENTATION('',(#12880),#12884);
#12880 = LINE('',#12881,#12882);
#12881 = CARTESIAN_POINT('',(16.9,8.95));
#12882 = VECTOR('',#12883,1.);
#12883 = DIRECTION('',(-1.,0.));
#12884 = ( GEOMETRIC_REPRESENTATION_CONTEXT(2) 
PARAMETRIC_REPRESENTATION_CONTEXT() REPRESENTATION_CONTEXT('2D SPACE',''
  ) );
#12885 = PCURVE('',#12886,#12891);
#12886 = PLANE('',#12887);
#12887 = AXIS2_PLACEMENT_3D('',#12888,#12889,#12890);
#12888 = CARTESIAN_POINT('',(29.4,8.95,30.689));
#12889 = DIRECTION('',(0.,-1.,0.));
#12890 = DIRECTION('',(-1.,0.,0.));
#12891 = DEFINITIONAL_REPRESENTATION('',(#12892),#12896);
#12892 = LINE('',#12893,#12894);
#12893 = CARTESIAN_POINT('',(0.,-0.));
#12894 = VECTOR('',#12895,1.);
#12895 = DIRECTION('',(1.,0.));
#12896 = ( GEOMETRIC_REPRESENTATION_CONTEXT(2) 
PARAMETRIC_REPRESENTATION_CONTEXT() REPRESENTATION_CONTEXT('2D SPACE',''
  ) );
#12897 = ORIENTED_EDGE('',*,*,#12898,.F.);
#12898 = EDGE_CURVE('',#12899,#12871,#12901,.T.);
#12899 = VERTEX_POINT('',#12900);
#12900 = CARTESIAN_POINT('',(6.5,12.,30.689));
#12901 = SURFACE_CURVE('',#12902,(#12906,#12913),.PCURVE_S1.);
#12902 = LINE('',#12903,#12904);
#12903 = CARTESIAN_POINT('',(6.5,12.,30.689));
#12904 = VECTOR('',#12905,1.);
#12905 = DIRECTION('',(0.,-1.,0.));
#12906 = PCURVE('',#12429,#12907);
#12907 = DEFINITIONAL_REPRESENTATION('',(#12908),#12912);
#12908 = LINE('',#12909,#12910);
#12909 = CARTESIAN_POINT('',(-6.,12.));
#12910 = VECTOR('',#12911,1.);
#12911 = DIRECTION('',(0.,-1.));
#12912 = ( GEOMETRIC_REPRESENTATION_CONTEXT(2) 
PARAMETRIC_REPRESENTATION_CONTEXT() REPRESENTATION_CONTEXT('2D SPACE',''
  ) );
#12913 = PCURVE('',#12914,#12919);
#12914 = PLANE('',#12915);
#12915 = AXIS2_PLACEMENT_3D('',#12916,#12917,#12918);
#12916 = CARTESIAN_POINT('',(6.5,12.,30.689));
#12917 = DIRECTION('',(1.,0.,-0.));
#12918 = DIRECTION('',(0.,-1.,0.));
#12919 = DEFINITIONAL_REPRESENTATION('',(#12920),#12924);
#12920 = LINE('',#12921,#12922);
#12921 = CARTESIAN_POINT('',(0.,0.));
#12922 = VECTOR('',#12923,1.);
#12923 = DIRECTION('',(1.,0.));
#12924 = ( GEOMETRIC_REPRESENTATION_CONTEXT(2) 
PARAMETRIC_REPRESENTATION_CONTEXT() REPRESENTATION_CONTEXT('2D SPACE',''
  ) );
#12925 = ORIENTED_EDGE('',*,*,#12926,.F.);
#12926 = EDGE_CURVE('',#12927,#12899,#12929,.T.);
#12927 = VERTEX_POINT('',#12928);
#12928 = CARTESIAN_POINT('',(34.6,12.,30.689));
#12929 = SURFACE_CURVE('',#12930,(#12934,#12941),.PCURVE_S1.);
#12930 = LINE('',#12931,#12932);
#12931 = CARTESIAN_POINT('',(34.6,12.,30.689));
#12932 = VECTOR('',#12933,1.);
#12933 = DIRECTION('',(-1.,0.,0.));
#12934 = PCURVE('',#12429,#12935);
#12935 = DEFINITIONAL_REPRESENTATION('',(#12936),#12940);
#12936 = LINE('',#12937,#12938);
#12937 = CARTESIAN_POINT('',(22.1,12.));
#12938 = VECTOR('',#12939,1.);
#12939 = DIRECTION('',(-1.,0.));
#12940 = ( GEOMETRIC_REPRESENTATION_CONTEXT(2) 
PARAMETRIC_REPRESENTATION_CONTEXT() REPRESENTATION_CONTEXT('2D SPACE',''
  ) );
#12941 = PCURVE('',#12942,#12947);
#12942 = PLANE('',#12943);
#12943 = AXIS2_PLACEMENT_3D('',#12944,#12945,#12946);
#12944 = CARTESIAN_POINT('',(34.6,12.,30.689));
#12945 = DIRECTION('',(0.,-1.,0.));
#12946 = DIRECTION('',(-1.,0.,0.));
#12947 = DEFINITIONAL_REPRESENTATION('',(#12948),#12952);
#12948 = LINE('',#12949,#12950);
#12949 = CARTESIAN_POINT('',(0.,-0.));
#12950 = VECTOR('',#12951,1.);
#12951 = DIRECTION('',(1.,0.));
#12952 = ( GEOMETRIC_REPRESENTATION_CONTEXT(2) 
PARAMETRIC_REPRESENTATION_CONTEXT() REPRESENTATION_CONTEXT('2D SPACE',''
  ) );
#12953 = ORIENTED_EDGE('',*,*,#12954,.F.);
#12954 = EDGE_CURVE('',#12955,#12927,#12957,.T.);
#12955 = VERTEX_POINT('',#12956);
#12956 = CARTESIAN_POINT('',(34.6,-12.,30.689));
#12957 = SURFACE_CURVE('',#12958,(#12962,#12969),.PCURVE_S1.);
#12958 = LINE('',#12959,#12960);
#12959 = CARTESIAN_POINT('',(34.6,-12.,30.689));
#12960 = VECTOR('',#12961,1.);
#12961 = DIRECTION('',(0.,1.,0.));
#12962 = PCURVE('',#12429,#12963);
#12963 = DEFINITIONAL_REPRESENTATION('',(#12964),#12968);
#12964 = LINE('',#12965,#12966);
#12965 = CARTESIAN_POINT('',(22.1,-12.));
#12966 = VECTOR('',#12967,1.);
#12967 = DIRECTION('',(0.,1.));
#12968 = ( GEOMETRIC_REPRESENTATION_CONTEXT(2) 
PARAMETRIC_REPRESENTATION_CONTEXT() REPRESENTATION_CONTEXT('2D SPACE',''
  ) );
#12969 = PCURVE('',#12970,#12975);
#12970 = PLANE('',#12971);
#12971 = AXIS2_PLACEMENT_3D('',#12972,#12973,#12974);
#12972 = CARTESIAN_POINT('',(34.6,-12.,30.689));
#12973 = DIRECTION('',(-1.,0.,0.));
#12974 = DIRECTION('',(0.,1.,0.));
#12975 = DEFINITIONAL_REPRESENTATION('',(#12976),#12980);
#12976 = LINE('',#12977,#12978);
#12977 = CARTESIAN_POINT('',(0.,0.));
#12978 = VECTOR('',#12979,1.);
#12979 = DIRECTION('',(1.,0.));
#12980 = ( GEOMETRIC_REPRESENTATION_CONTEXT(2) 
PARAMETRIC_REPRESENTATION_CONTEXT() REPRESENTATION_CONTEXT('2D SPACE',''
  ) );
#12981 = ORIENTED_EDGE('',*,*,#12982,.F.);
#12982 = EDGE_CURVE('',#12983,#12955,#12985,.T.);
#12983 = VERTEX_POINT('',#12984);
#12984 = CARTESIAN_POINT('',(6.5,-12.,30.689));
#12985 = SURFACE_CURVE('',#12986,(#12990,#12997),.PCURVE_S1.);
#12986 = LINE('',#12987,#12988);
#12987 = CARTESIAN_POINT('',(6.5,-12.,30.689));
#12988 = VECTOR('',#12989,1.);
#12989 = DIRECTION('',(1.,0.,0.));
#12990 = PCURVE('',#12429,#12991);
#12991 = DEFINITIONAL_REPRESENTATION('',(#12992),#12996);
#12992 = LINE('',#12993,#12994);
#12993 = CARTESIAN_POINT('',(-6.,-12.));
#12994 = VECTOR('',#12995,1.);
#12995 = DIRECTION('',(1.,0.));
#12996 = ( GEOMETRIC_REPRESENTATION_CONTEXT(2) 
PARAMETRIC_REPRESENTATION_CONTEXT() REPRESENTATION_CONTEXT('2D SPACE',''
  ) );
#12997 = PCURVE('',#12998,#13003);
#12998 = PLANE('',#12999);
#12999 = AXIS2_PLACEMENT_3D('',#13000,#13001,#13002);
#13000 = CARTESIAN_POINT('',(6.5,-12.,30.689));
#13001 = DIRECTION('',(0.,1.,0.));
#13002 = DIRECTION('',(1.,0.,0.));
#13003 = DEFINITIONAL_REPRESENTATION('',(#13004),#13008);
#13004 = LINE('',#13005,#13006);
#13005 = CARTESIAN_POINT('',(0.,0.));
#13006 = VECTOR('',#13007,1.);
#13007 = DIRECTION('',(1.,0.));
#13008 = ( GEOMETRIC_REPRESENTATION_CONTEXT(2) 
PARAMETRIC_REPRESENTATION_CONTEXT() REPRESENTATION_CONTEXT('2D SPACE',''
  ) );
#13009 = ORIENTED_EDGE('',*,*,#13010,.F.);
#13010 = EDGE_CURVE('',#12815,#12983,#13011,.T.);
#13011 = SURFACE_CURVE('',#13012,(#13016,#13023),.PCURVE_S1.);
#13012 = LINE('',#13013,#13014);
#13013 = CARTESIAN_POINT('',(6.5,12.,30.689));
#13014 = VECTOR('',#13015,1.);
#13015 = DIRECTION('',(0.,-1.,0.));
#13016 = PCURVE('',#12429,#13017);
#13017 = DEFINITIONAL_REPRESENTATION('',(#13018),#13022);
#13018 = LINE('',#13019,#13020);
#13019 = CARTESIAN_POINT('',(-6.,12.));
#13020 = VECTOR('',#13021,1.);
#13021 = DIRECTION('',(0.,-1.));
#13022 = ( GEOMETRIC_REPRESENTATION_CONTEXT(2) 
PARAMETRIC_REPRESENTATION_CONTEXT() REPRESENTATION_CONTEXT('2D SPACE',''
  ) );
#13023 = PCURVE('',#13024,#13029);
#13024 = PLANE('',#13025);
#13025 = AXIS2_PLACEMENT_3D('',#13026,#13027,#13028);
#13026 = CARTESIAN_POINT('',(6.5,12.,30.689));
#13027 = DIRECTION('',(1.,0.,-0.));
#13028 = DIRECTION('',(0.,-1.,0.));
#13029 = DEFINITIONAL_REPRESENTATION('',(#13030),#13034);
#13030 = LINE('',#13031,#13032);
#13031 = CARTESIAN_POINT('',(0.,0.));
#13032 = VECTOR('',#13033,1.);
#13033 = DIRECTION('',(1.,0.));
#13034 = ( GEOMETRIC_REPRESENTATION_CONTEXT(2) 
PARAMETRIC_REPRESENTATION_CONTEXT() REPRESENTATION_CONTEXT('2D SPACE',''
  ) );
#13035 = ADVANCED_FACE('',(#13036),#12516,.F.);
#13036 = FACE_BOUND('',#13037,.F.);
#13037 = EDGE_LOOP('',(#13038,#13039,#13040,#13041));
#13038 = ORIENTED_EDGE('',*,*,#12598,.T.);
#13039 = ORIENTED_EDGE('',*,*,#12788,.T.);
#13040 = ORIENTED_EDGE('',*,*,#12498,.F.);
#13041 = ORIENTED_EDGE('',*,*,#12647,.F.);
#13042 = ADVANCED_FACE('',(#13043),#12689,.F.);
#13043 = FACE_BOUND('',#13044,.F.);
#13044 = EDGE_LOOP('',(#13045,#13068,#13069,#13092));
#13045 = ORIENTED_EDGE('',*,*,#13046,.T.);
#13046 = EDGE_CURVE('',#13047,#12672,#13049,.T.);
#13047 = VERTEX_POINT('',#13048);
#13048 = CARTESIAN_POINT('',(-5.3,-12.2,0.));
#13049 = SURFACE_CURVE('',#13050,(#13054,#13061),.PCURVE_S1.);
#13050 = LINE('',#13051,#13052);
#13051 = CARTESIAN_POINT('',(-5.3,-12.2,0.));
#13052 = VECTOR('',#13053,1.);
#13053 = DIRECTION('',(0.,0.,1.));
#13054 = PCURVE('',#12689,#13055);
#13055 = DEFINITIONAL_REPRESENTATION('',(#13056),#13060);
#13056 = LINE('',#13057,#13058);
#13057 = CARTESIAN_POINT('',(0.,0.));
#13058 = VECTOR('',#13059,1.);
#13059 = DIRECTION('',(0.,-1.));
#13060 = ( GEOMETRIC_REPRESENTATION_CONTEXT(2) 
PARAMETRIC_REPRESENTATION_CONTEXT() REPRESENTATION_CONTEXT('2D SPACE',''
  ) );
#13061 = PCURVE('',#12717,#13062);
#13062 = DEFINITIONAL_REPRESENTATION('',(#13063),#13067);
#13063 = LINE('',#13064,#13065);
#13064 = CARTESIAN_POINT('',(24.4,0.));
#13065 = VECTOR('',#13066,1.);
#13066 = DIRECTION('',(0.,-1.));
#13067 = ( GEOMETRIC_REPRESENTATION_CONTEXT(2) 
PARAMETRIC_REPRESENTATION_CONTEXT() REPRESENTATION_CONTEXT('2D SPACE',''
  ) );
#13068 = ORIENTED_EDGE('',*,*,#12671,.T.);
#13069 = ORIENTED_EDGE('',*,*,#13070,.F.);
#13070 = EDGE_CURVE('',#13071,#12674,#13073,.T.);
#13071 = VERTEX_POINT('',#13072);
#13072 = CARTESIAN_POINT('',(34.9,-12.2,0.));
#13073 = SURFACE_CURVE('',#13074,(#13078,#13085),.PCURVE_S1.);
#13074 = LINE('',#13075,#13076);
#13075 = CARTESIAN_POINT('',(34.9,-12.2,0.));
#13076 = VECTOR('',#13077,1.);
#13077 = DIRECTION('',(0.,0.,1.));
#13078 = PCURVE('',#12689,#13079);
#13079 = DEFINITIONAL_REPRESENTATION('',(#13080),#13084);
#13080 = LINE('',#13081,#13082);
#13081 = CARTESIAN_POINT('',(40.2,0.));
#13082 = VECTOR('',#13083,1.);
#13083 = DIRECTION('',(0.,-1.));
#13084 = ( GEOMETRIC_REPRESENTATION_CONTEXT(2) 
PARAMETRIC_REPRESENTATION_CONTEXT() REPRESENTATION_CONTEXT('2D SPACE',''
  ) );
#13085 = PCURVE('',#12771,#13086);
#13086 = DEFINITIONAL_REPRESENTATION('',(#13087),#13091);
#13087 = LINE('',#13088,#13089);
#13088 = CARTESIAN_POINT('',(0.,0.));
#13089 = VECTOR('',#13090,1.);
#13090 = DIRECTION('',(0.,-1.));
#13091 = ( GEOMETRIC_REPRESENTATION_CONTEXT(2) 
PARAMETRIC_REPRESENTATION_CONTEXT() REPRESENTATION_CONTEXT('2D SPACE',''
  ) );
#13092 = ORIENTED_EDGE('',*,*,#13093,.F.);
#13093 = EDGE_CURVE('',#13047,#13071,#13094,.T.);
#13094 = SURFACE_CURVE('',#13095,(#13099,#13106),.PCURVE_S1.);
#13095 = LINE('',#13096,#13097);
#13096 = CARTESIAN_POINT('',(-5.3,-12.2,0.));
#13097 = VECTOR('',#13098,1.);
#13098 = DIRECTION('',(1.,0.,0.));
#13099 = PCURVE('',#12689,#13100);
#13100 = DEFINITIONAL_REPRESENTATION('',(#13101),#13105);
#13101 = LINE('',#13102,#13103);
#13102 = CARTESIAN_POINT('',(0.,0.));
#13103 = VECTOR('',#13104,1.);
#13104 = DIRECTION('',(1.,0.));
#13105 = ( GEOMETRIC_REPRESENTATION_CONTEXT(2) 
PARAMETRIC_REPRESENTATION_CONTEXT() REPRESENTATION_CONTEXT('2D SPACE',''
  ) );
#13106 = PCURVE('',#13107,#13112);
#13107 = PLANE('',#13108);
#13108 = AXIS2_PLACEMENT_3D('',#13109,#13110,#13111);
#13109 = CARTESIAN_POINT('',(14.8,0.,0.));
#13110 = DIRECTION('',(0.,0.,1.));
#13111 = DIRECTION('',(1.,0.,-0.));
#13112 = DEFINITIONAL_REPRESENTATION('',(#13113),#13117);
#13113 = LINE('',#13114,#13115);
#13114 = CARTESIAN_POINT('',(-20.1,-12.2));
#13115 = VECTOR('',#13116,1.);
#13116 = DIRECTION('',(1.,0.));
#13117 = ( GEOMETRIC_REPRESENTATION_CONTEXT(2) 
PARAMETRIC_REPRESENTATION_CONTEXT() REPRESENTATION_CONTEXT('2D SPACE',''
  ) );
#13118 = ADVANCED_FACE('',(#13119),#12771,.F.);
#13119 = FACE_BOUND('',#13120,.F.);
#13120 = EDGE_LOOP('',(#13121,#13122,#13123,#13146));
#13121 = ORIENTED_EDGE('',*,*,#13070,.T.);
#13122 = ORIENTED_EDGE('',*,*,#12757,.T.);
#13123 = ORIENTED_EDGE('',*,*,#13124,.F.);
#13124 = EDGE_CURVE('',#13125,#12730,#13127,.T.);
#13125 = VERTEX_POINT('',#13126);
#13126 = CARTESIAN_POINT('',(34.9,12.2,0.));
#13127 = SURFACE_CURVE('',#13128,(#13132,#13139),.PCURVE_S1.);
#13128 = LINE('',#13129,#13130);
#13129 = CARTESIAN_POINT('',(34.9,12.2,0.));
#13130 = VECTOR('',#13131,1.);
#13131 = DIRECTION('',(0.,0.,1.));
#13132 = PCURVE('',#12771,#13133);
#13133 = DEFINITIONAL_REPRESENTATION('',(#13134),#13138);
#13134 = LINE('',#13135,#13136);
#13135 = CARTESIAN_POINT('',(24.4,0.));
#13136 = VECTOR('',#13137,1.);
#13137 = DIRECTION('',(0.,-1.));
#13138 = ( GEOMETRIC_REPRESENTATION_CONTEXT(2) 
PARAMETRIC_REPRESENTATION_CONTEXT() REPRESENTATION_CONTEXT('2D SPACE',''
  ) );
#13139 = PCURVE('',#12745,#13140);
#13140 = DEFINITIONAL_REPRESENTATION('',(#13141),#13145);
#13141 = LINE('',#13142,#13143);
#13142 = CARTESIAN_POINT('',(0.,-0.));
#13143 = VECTOR('',#13144,1.);
#13144 = DIRECTION('',(0.,-1.));
#13145 = ( GEOMETRIC_REPRESENTATION_CONTEXT(2) 
PARAMETRIC_REPRESENTATION_CONTEXT() REPRESENTATION_CONTEXT('2D SPACE',''
  ) );
#13146 = ORIENTED_EDGE('',*,*,#13147,.F.);
#13147 = EDGE_CURVE('',#13071,#13125,#13148,.T.);
#13148 = SURFACE_CURVE('',#13149,(#13153,#13160),.PCURVE_S1.);
#13149 = LINE('',#13150,#13151);
#13150 = CARTESIAN_POINT('',(34.9,-12.2,0.));
#13151 = VECTOR('',#13152,1.);
#13152 = DIRECTION('',(0.,1.,0.));
#13153 = PCURVE('',#12771,#13154);
#13154 = DEFINITIONAL_REPRESENTATION('',(#13155),#13159);
#13155 = LINE('',#13156,#13157);
#13156 = CARTESIAN_POINT('',(0.,0.));
#13157 = VECTOR('',#13158,1.);
#13158 = DIRECTION('',(1.,0.));
#13159 = ( GEOMETRIC_REPRESENTATION_CONTEXT(2) 
PARAMETRIC_REPRESENTATION_CONTEXT() REPRESENTATION_CONTEXT('2D SPACE',''
  ) );
#13160 = PCURVE('',#13107,#13161);
#13161 = DEFINITIONAL_REPRESENTATION('',(#13162),#13166);
#13162 = LINE('',#13163,#13164);
#13163 = CARTESIAN_POINT('',(20.1,-12.2));
#13164 = VECTOR('',#13165,1.);
#13165 = DIRECTION('',(0.,1.));
#13166 = ( GEOMETRIC_REPRESENTATION_CONTEXT(2) 
PARAMETRIC_REPRESENTATION_CONTEXT() REPRESENTATION_CONTEXT('2D SPACE',''
  ) );
#13167 = ADVANCED_FACE('',(#13168),#12745,.F.);
#13168 = FACE_BOUND('',#13169,.F.);
#13169 = EDGE_LOOP('',(#13170,#13171,#13172,#13195));
#13170 = ORIENTED_EDGE('',*,*,#13124,.T.);
#13171 = ORIENTED_EDGE('',*,*,#12729,.T.);
#13172 = ORIENTED_EDGE('',*,*,#13173,.F.);
#13173 = EDGE_CURVE('',#13174,#12702,#13176,.T.);
#13174 = VERTEX_POINT('',#13175);
#13175 = CARTESIAN_POINT('',(-5.3,12.2,0.));
#13176 = SURFACE_CURVE('',#13177,(#13181,#13188),.PCURVE_S1.);
#13177 = LINE('',#13178,#13179);
#13178 = CARTESIAN_POINT('',(-5.3,12.2,0.));
#13179 = VECTOR('',#13180,1.);
#13180 = DIRECTION('',(0.,0.,1.));
#13181 = PCURVE('',#12745,#13182);
#13182 = DEFINITIONAL_REPRESENTATION('',(#13183),#13187);
#13183 = LINE('',#13184,#13185);
#13184 = CARTESIAN_POINT('',(40.2,0.));
#13185 = VECTOR('',#13186,1.);
#13186 = DIRECTION('',(0.,-1.));
#13187 = ( GEOMETRIC_REPRESENTATION_CONTEXT(2) 
PARAMETRIC_REPRESENTATION_CONTEXT() REPRESENTATION_CONTEXT('2D SPACE',''
  ) );
#13188 = PCURVE('',#12717,#13189);
#13189 = DEFINITIONAL_REPRESENTATION('',(#13190),#13194);
#13190 = LINE('',#13191,#13192);
#13191 = CARTESIAN_POINT('',(0.,0.));
#13192 = VECTOR('',#13193,1.);
#13193 = DIRECTION('',(0.,-1.));
#13194 = ( GEOMETRIC_REPRESENTATION_CONTEXT(2) 
PARAMETRIC_REPRESENTATION_CONTEXT() REPRESENTATION_CONTEXT('2D SPACE',''
  ) );
#13195 = ORIENTED_EDGE('',*,*,#13196,.F.);
#13196 = EDGE_CURVE('',#13125,#13174,#13197,.T.);
#13197 = SURFACE_CURVE('',#13198,(#13202,#13209),.PCURVE_S1.);
#13198 = LINE('',#13199,#13200);
#13199 = CARTESIAN_POINT('',(34.9,12.2,0.));
#13200 = VECTOR('',#13201,1.);
#13201 = DIRECTION('',(-1.,0.,0.));
#13202 = PCURVE('',#12745,#13203);
#13203 = DEFINITIONAL_REPRESENTATION('',(#13204),#13208);
#13204 = LINE('',#13205,#13206);
#13205 = CARTESIAN_POINT('',(0.,-0.));
#13206 = VECTOR('',#13207,1.);
#13207 = DIRECTION('',(1.,0.));
#13208 = ( GEOMETRIC_REPRESENTATION_CONTEXT(2) 
PARAMETRIC_REPRESENTATION_CONTEXT() REPRESENTATION_CONTEXT('2D SPACE',''
  ) );
#13209 = PCURVE('',#13107,#13210);
#13210 = DEFINITIONAL_REPRESENTATION('',(#13211),#13215);
#13211 = LINE('',#13212,#13213);
#13212 = CARTESIAN_POINT('',(20.1,12.2));
#13213 = VECTOR('',#13214,1.);
#13214 = DIRECTION('',(-1.,0.));
#13215 = ( GEOMETRIC_REPRESENTATION_CONTEXT(2) 
PARAMETRIC_REPRESENTATION_CONTEXT() REPRESENTATION_CONTEXT('2D SPACE',''
  ) );
#13216 = ADVANCED_FACE('',(#13217),#12717,.F.);
#13217 = FACE_BOUND('',#13218,.F.);
#13218 = EDGE_LOOP('',(#13219,#13242,#13243,#13244,#13245,#13268,#13294,
    #13320));
#13219 = ORIENTED_EDGE('',*,*,#13220,.F.);
#13220 = EDGE_CURVE('',#13174,#13221,#13223,.T.);
#13221 = VERTEX_POINT('',#13222);
#13222 = CARTESIAN_POINT('',(-5.3,8.24317899842,0.));
#13223 = SURFACE_CURVE('',#13224,(#13228,#13235),.PCURVE_S1.);
#13224 = LINE('',#13225,#13226);
#13225 = CARTESIAN_POINT('',(-5.3,12.2,0.));
#13226 = VECTOR('',#13227,1.);
#13227 = DIRECTION('',(0.,-1.,0.));
#13228 = PCURVE('',#12717,#13229);
#13229 = DEFINITIONAL_REPRESENTATION('',(#13230),#13234);
#13230 = LINE('',#13231,#13232);
#13231 = CARTESIAN_POINT('',(0.,0.));
#13232 = VECTOR('',#13233,1.);
#13233 = DIRECTION('',(1.,0.));
#13234 = ( GEOMETRIC_REPRESENTATION_CONTEXT(2) 
PARAMETRIC_REPRESENTATION_CONTEXT() REPRESENTATION_CONTEXT('2D SPACE',''
  ) );
#13235 = PCURVE('',#13107,#13236);
#13236 = DEFINITIONAL_REPRESENTATION('',(#13237),#13241);
#13237 = LINE('',#13238,#13239);
#13238 = CARTESIAN_POINT('',(-20.1,12.2));
#13239 = VECTOR('',#13240,1.);
#13240 = DIRECTION('',(0.,-1.));
#13241 = ( GEOMETRIC_REPRESENTATION_CONTEXT(2) 
PARAMETRIC_REPRESENTATION_CONTEXT() REPRESENTATION_CONTEXT('2D SPACE',''
  ) );
#13242 = ORIENTED_EDGE('',*,*,#13173,.T.);
#13243 = ORIENTED_EDGE('',*,*,#12701,.T.);
#13244 = ORIENTED_EDGE('',*,*,#13046,.F.);
#13245 = ORIENTED_EDGE('',*,*,#13246,.F.);
#13246 = EDGE_CURVE('',#13247,#13047,#13249,.T.);
#13247 = VERTEX_POINT('',#13248);
#13248 = CARTESIAN_POINT('',(-5.3,-8.24317899842,0.));
#13249 = SURFACE_CURVE('',#13250,(#13254,#13261),.PCURVE_S1.);
#13250 = LINE('',#13251,#13252);
#13251 = CARTESIAN_POINT('',(-5.3,12.2,0.));
#13252 = VECTOR('',#13253,1.);
#13253 = DIRECTION('',(0.,-1.,0.));
#13254 = PCURVE('',#12717,#13255);
#13255 = DEFINITIONAL_REPRESENTATION('',(#13256),#13260);
#13256 = LINE('',#13257,#13258);
#13257 = CARTESIAN_POINT('',(0.,0.));
#13258 = VECTOR('',#13259,1.);
#13259 = DIRECTION('',(1.,0.));
#13260 = ( GEOMETRIC_REPRESENTATION_CONTEXT(2) 
PARAMETRIC_REPRESENTATION_CONTEXT() REPRESENTATION_CONTEXT('2D SPACE',''
  ) );
#13261 = PCURVE('',#13107,#13262);
#13262 = DEFINITIONAL_REPRESENTATION('',(#13263),#13267);
#13263 = LINE('',#13264,#13265);
#13264 = CARTESIAN_POINT('',(-20.1,12.2));
#13265 = VECTOR('',#13266,1.);
#13266 = DIRECTION('',(0.,-1.));
#13267 = ( GEOMETRIC_REPRESENTATION_CONTEXT(2) 
PARAMETRIC_REPRESENTATION_CONTEXT() REPRESENTATION_CONTEXT('2D SPACE',''
  ) );
#13268 = ORIENTED_EDGE('',*,*,#13269,.F.);
#13269 = EDGE_CURVE('',#13270,#13247,#13272,.T.);
#13270 = VERTEX_POINT('',#13271);
#13271 = CARTESIAN_POINT('',(-5.3,-8.24317899842,1.49));
#13272 = SURFACE_CURVE('',#13273,(#13277,#13283),.PCURVE_S1.);
#13273 = LINE('',#13274,#13275);
#13274 = CARTESIAN_POINT('',(-5.3,-8.24317899842,-1.2));
#13275 = VECTOR('',#13276,1.);
#13276 = DIRECTION('',(-0.,-0.,-1.));
#13277 = PCURVE('',#12717,#13278);
#13278 = DEFINITIONAL_REPRESENTATION('',(#13279),#13282);
#13279 = B_SPLINE_CURVE_WITH_KNOTS('',1,(#13280,#13281),.UNSPECIFIED.,
  .F.,.F.,(2,2),(-2.6900006,5.999999999062E-07),
  .PIECEWISE_BEZIER_KNOTS.);
#13280 = CARTESIAN_POINT('',(20.44317899842,-1.4900006));
#13281 = CARTESIAN_POINT('',(20.44317899842,1.2000006));
#13282 = ( GEOMETRIC_REPRESENTATION_CONTEXT(2) 
PARAMETRIC_REPRESENTATION_CONTEXT() REPRESENTATION_CONTEXT('2D SPACE',''
  ) );
#13283 = PCURVE('',#13284,#13289);
#13284 = CYLINDRICAL_SURFACE('',#13285,9.8);
#13285 = AXIS2_PLACEMENT_3D('',#13286,#13287,#13288);
#13286 = CARTESIAN_POINT('',(0.,0.,-1.2));
#13287 = DIRECTION('',(-0.,-0.,-1.));
#13288 = DIRECTION('',(1.,0.,0.));
#13289 = DEFINITIONAL_REPRESENTATION('',(#13290),#13293);
#13290 = B_SPLINE_CURVE_WITH_KNOTS('',1,(#13291,#13292),.UNSPECIFIED.,
  .F.,.F.,(2,2),(-2.69,-1.2),.PIECEWISE_BEZIER_KNOTS.);
#13291 = CARTESIAN_POINT('',(-4.140981674067,-2.69));
#13292 = CARTESIAN_POINT('',(-4.140981674067,-1.2));
#13293 = ( GEOMETRIC_REPRESENTATION_CONTEXT(2) 
PARAMETRIC_REPRESENTATION_CONTEXT() REPRESENTATION_CONTEXT('2D SPACE',''
  ) );
#13294 = ORIENTED_EDGE('',*,*,#13295,.F.);
#13295 = EDGE_CURVE('',#13296,#13270,#13298,.T.);
#13296 = VERTEX_POINT('',#13297);
#13297 = CARTESIAN_POINT('',(-5.3,8.24317899842,1.49));
#13298 = SURFACE_CURVE('',#13299,(#13303,#13309),.PCURVE_S1.);
#13299 = LINE('',#13300,#13301);
#13300 = CARTESIAN_POINT('',(-5.3,6.1,1.49));
#13301 = VECTOR('',#13302,1.);
#13302 = DIRECTION('',(0.,-1.,0.));
#13303 = PCURVE('',#12717,#13304);
#13304 = DEFINITIONAL_REPRESENTATION('',(#13305),#13308);
#13305 = B_SPLINE_CURVE_WITH_KNOTS('',1,(#13306,#13307),.UNSPECIFIED.,
  .F.,.F.,(2,2),(-3.7,15.9),.PIECEWISE_BEZIER_KNOTS.);
#13306 = CARTESIAN_POINT('',(2.4,-1.49));
#13307 = CARTESIAN_POINT('',(22.,-1.49));
#13308 = ( GEOMETRIC_REPRESENTATION_CONTEXT(2) 
PARAMETRIC_REPRESENTATION_CONTEXT() REPRESENTATION_CONTEXT('2D SPACE',''
  ) );
#13309 = PCURVE('',#13310,#13315);
#13310 = PLANE('',#13311);
#13311 = AXIS2_PLACEMENT_3D('',#13312,#13313,#13314);
#13312 = CARTESIAN_POINT('',(-5.581388296079E-16,7.162263714944E-16,1.49
    ));
#13313 = DIRECTION('',(0.,0.,1.));
#13314 = DIRECTION('',(1.,0.,-0.));
#13315 = DEFINITIONAL_REPRESENTATION('',(#13316),#13319);
#13316 = B_SPLINE_CURVE_WITH_KNOTS('',1,(#13317,#13318),.UNSPECIFIED.,
  .F.,.F.,(2,2),(-3.7,15.9),.PIECEWISE_BEZIER_KNOTS.);
#13317 = CARTESIAN_POINT('',(-5.3,9.8));
#13318 = CARTESIAN_POINT('',(-5.3,-9.8));
#13319 = ( GEOMETRIC_REPRESENTATION_CONTEXT(2) 
PARAMETRIC_REPRESENTATION_CONTEXT() REPRESENTATION_CONTEXT('2D SPACE',''
  ) );
#13320 = ORIENTED_EDGE('',*,*,#13321,.T.);
#13321 = EDGE_CURVE('',#13296,#13221,#13322,.T.);
#13322 = SURFACE_CURVE('',#13323,(#13327,#13333),.PCURVE_S1.);
#13323 = LINE('',#13324,#13325);
#13324 = CARTESIAN_POINT('',(-5.3,8.24317899842,-1.2));
#13325 = VECTOR('',#13326,1.);
#13326 = DIRECTION('',(-0.,-0.,-1.));
#13327 = PCURVE('',#12717,#13328);
#13328 = DEFINITIONAL_REPRESENTATION('',(#13329),#13332);
#13329 = B_SPLINE_CURVE_WITH_KNOTS('',1,(#13330,#13331),.UNSPECIFIED.,
  .F.,.F.,(2,2),(-2.6900006,5.999999999062E-07),
  .PIECEWISE_BEZIER_KNOTS.);
#13330 = CARTESIAN_POINT('',(3.95682100158,-1.4900006));
#13331 = CARTESIAN_POINT('',(3.95682100158,1.2000006));
#13332 = ( GEOMETRIC_REPRESENTATION_CONTEXT(2) 
PARAMETRIC_REPRESENTATION_CONTEXT() REPRESENTATION_CONTEXT('2D SPACE',''
  ) );
#13333 = PCURVE('',#13284,#13334);
#13334 = DEFINITIONAL_REPRESENTATION('',(#13335),#13338);
#13335 = B_SPLINE_CURVE_WITH_KNOTS('',1,(#13336,#13337),.UNSPECIFIED.,
  .F.,.F.,(2,2),(-2.69,-1.2),.PIECEWISE_BEZIER_KNOTS.);
#13336 = CARTESIAN_POINT('',(-8.425388940292,-2.69));
#13337 = CARTESIAN_POINT('',(-8.425388940292,-1.2));
#13338 = ( GEOMETRIC_REPRESENTATION_CONTEXT(2) 
PARAMETRIC_REPRESENTATION_CONTEXT() REPRESENTATION_CONTEXT('2D SPACE',''
  ) );
#13339 = ADVANCED_FACE('',(#13340),#12830,.F.);
#13340 = FACE_BOUND('',#13341,.F.);
#13341 = EDGE_LOOP('',(#13342,#13343,#13366,#13394,#13422,#13448,#13474,
    #13500,#13526,#13547));
#13342 = ORIENTED_EDGE('',*,*,#12812,.F.);
#13343 = ORIENTED_EDGE('',*,*,#13344,.T.);
#13344 = EDGE_CURVE('',#12813,#13345,#13347,.T.);
#13345 = VERTEX_POINT('',#13346);
#13346 = CARTESIAN_POINT('',(-3.,-8.95,33.789));
#13347 = SURFACE_CURVE('',#13348,(#13352,#13359),.PCURVE_S1.);
#13348 = LINE('',#13349,#13350);
#13349 = CARTESIAN_POINT('',(-3.,-8.95,30.689));
#13350 = VECTOR('',#13351,1.);
#13351 = DIRECTION('',(0.,0.,1.));
#13352 = PCURVE('',#12830,#13353);
#13353 = DEFINITIONAL_REPRESENTATION('',(#13354),#13358);
#13354 = LINE('',#13355,#13356);
#13355 = CARTESIAN_POINT('',(0.,0.));
#13356 = VECTOR('',#13357,1.);
#13357 = DIRECTION('',(0.,-1.));
#13358 = ( GEOMETRIC_REPRESENTATION_CONTEXT(2) 
PARAMETRIC_REPRESENTATION_CONTEXT() REPRESENTATION_CONTEXT('2D SPACE',''
  ) );
#13359 = PCURVE('',#12858,#13360);
#13360 = DEFINITIONAL_REPRESENTATION('',(#13361),#13365);
#13361 = LINE('',#13362,#13363);
#13362 = CARTESIAN_POINT('',(17.9,0.));
#13363 = VECTOR('',#13364,1.);
#13364 = DIRECTION('',(0.,-1.));
#13365 = ( GEOMETRIC_REPRESENTATION_CONTEXT(2) 
PARAMETRIC_REPRESENTATION_CONTEXT() REPRESENTATION_CONTEXT('2D SPACE',''
  ) );
#13366 = ORIENTED_EDGE('',*,*,#13367,.T.);
#13367 = EDGE_CURVE('',#13345,#13368,#13370,.T.);
#13368 = VERTEX_POINT('',#13369);
#13369 = CARTESIAN_POINT('',(29.4,-8.95,33.789));
#13370 = SURFACE_CURVE('',#13371,(#13375,#13382),.PCURVE_S1.);
#13371 = LINE('',#13372,#13373);
#13372 = CARTESIAN_POINT('',(-3.,-8.95,33.789));
#13373 = VECTOR('',#13374,1.);
#13374 = DIRECTION('',(1.,0.,0.));
#13375 = PCURVE('',#12830,#13376);
#13376 = DEFINITIONAL_REPRESENTATION('',(#13377),#13381);
#13377 = LINE('',#13378,#13379);
#13378 = CARTESIAN_POINT('',(0.,-3.1));
#13379 = VECTOR('',#13380,1.);
#13380 = DIRECTION('',(1.,0.));
#13381 = ( GEOMETRIC_REPRESENTATION_CONTEXT(2) 
PARAMETRIC_REPRESENTATION_CONTEXT() REPRESENTATION_CONTEXT('2D SPACE',''
  ) );
#13382 = PCURVE('',#13383,#13388);
#13383 = PLANE('',#13384);
#13384 = AXIS2_PLACEMENT_3D('',#13385,#13386,#13387);
#13385 = CARTESIAN_POINT('',(13.2,-5.650439250577E-16,33.789));
#13386 = DIRECTION('',(0.,0.,1.));
#13387 = DIRECTION('',(1.,0.,-0.));
#13388 = DEFINITIONAL_REPRESENTATION('',(#13389),#13393);
#13389 = LINE('',#13390,#13391);
#13390 = CARTESIAN_POINT('',(-16.2,-8.95));
#13391 = VECTOR('',#13392,1.);
#13392 = DIRECTION('',(1.,0.));
#13393 = ( GEOMETRIC_REPRESENTATION_CONTEXT(2) 
PARAMETRIC_REPRESENTATION_CONTEXT() REPRESENTATION_CONTEXT('2D SPACE',''
  ) );
#13394 = ORIENTED_EDGE('',*,*,#13395,.F.);
#13395 = EDGE_CURVE('',#13396,#13368,#13398,.T.);
#13396 = VERTEX_POINT('',#13397);
#13397 = CARTESIAN_POINT('',(29.4,-8.95,32.));
#13398 = SURFACE_CURVE('',#13399,(#13403,#13410),.PCURVE_S1.);
#13399 = LINE('',#13400,#13401);
#13400 = CARTESIAN_POINT('',(29.4,-8.95,30.689));
#13401 = VECTOR('',#13402,1.);
#13402 = DIRECTION('',(0.,0.,1.));
#13403 = PCURVE('',#12830,#13404);
#13404 = DEFINITIONAL_REPRESENTATION('',(#13405),#13409);
#13405 = LINE('',#13406,#13407);
#13406 = CARTESIAN_POINT('',(32.4,0.));
#13407 = VECTOR('',#13408,1.);
#13408 = DIRECTION('',(0.,-1.));
#13409 = ( GEOMETRIC_REPRESENTATION_CONTEXT(2) 
PARAMETRIC_REPRESENTATION_CONTEXT() REPRESENTATION_CONTEXT('2D SPACE',''
  ) );
#13410 = PCURVE('',#13411,#13416);
#13411 = PLANE('',#13412);
#13412 = AXIS2_PLACEMENT_3D('',#13413,#13414,#13415);
#13413 = CARTESIAN_POINT('',(29.4,-8.95,30.689));
#13414 = DIRECTION('',(-1.,0.,0.));
#13415 = DIRECTION('',(0.,1.,0.));
#13416 = DEFINITIONAL_REPRESENTATION('',(#13417),#13421);
#13417 = LINE('',#13418,#13419);
#13418 = CARTESIAN_POINT('',(0.,0.));
#13419 = VECTOR('',#13420,1.);
#13420 = DIRECTION('',(0.,-1.));
#13421 = ( GEOMETRIC_REPRESENTATION_CONTEXT(2) 
PARAMETRIC_REPRESENTATION_CONTEXT() REPRESENTATION_CONTEXT('2D SPACE',''
  ) );
#13422 = ORIENTED_EDGE('',*,*,#13423,.F.);
#13423 = EDGE_CURVE('',#13424,#13396,#13426,.T.);
#13424 = VERTEX_POINT('',#13425);
#13425 = CARTESIAN_POINT('',(16.7,-8.95,32.));
#13426 = SURFACE_CURVE('',#13427,(#13431,#13437),.PCURVE_S1.);
#13427 = LINE('',#13428,#13429);
#13428 = CARTESIAN_POINT('',(8.775,-8.95,32.));
#13429 = VECTOR('',#13430,1.);
#13430 = DIRECTION('',(1.,0.,0.));
#13431 = PCURVE('',#12830,#13432);
#13432 = DEFINITIONAL_REPRESENTATION('',(#13433),#13436);
#13433 = B_SPLINE_CURVE_WITH_KNOTS('',1,(#13434,#13435),.UNSPECIFIED.,
  .F.,.F.,(2,2),(-2.275,20.625),.PIECEWISE_BEZIER_KNOTS.);
#13434 = CARTESIAN_POINT('',(9.5,-1.311));
#13435 = CARTESIAN_POINT('',(32.4,-1.311));
#13436 = ( GEOMETRIC_REPRESENTATION_CONTEXT(2) 
PARAMETRIC_REPRESENTATION_CONTEXT() REPRESENTATION_CONTEXT('2D SPACE',''
  ) );
#13437 = PCURVE('',#13438,#13443);
#13438 = PLANE('',#13439);
#13439 = AXIS2_PLACEMENT_3D('',#13440,#13441,#13442);
#13440 = CARTESIAN_POINT('',(20.55,0.,32.));
#13441 = DIRECTION('',(0.,0.,1.));
#13442 = DIRECTION('',(1.,0.,-0.));
#13443 = DEFINITIONAL_REPRESENTATION('',(#13444),#13447);
#13444 = B_SPLINE_CURVE_WITH_KNOTS('',1,(#13445,#13446),.UNSPECIFIED.,
  .F.,.F.,(2,2),(-2.275,20.625),.PIECEWISE_BEZIER_KNOTS.);
#13445 = CARTESIAN_POINT('',(-14.05,-8.95));
#13446 = CARTESIAN_POINT('',(8.85,-8.95));
#13447 = ( GEOMETRIC_REPRESENTATION_CONTEXT(2) 
PARAMETRIC_REPRESENTATION_CONTEXT() REPRESENTATION_CONTEXT('2D SPACE',''
  ) );
#13448 = ORIENTED_EDGE('',*,*,#13449,.F.);
#13449 = EDGE_CURVE('',#13450,#13424,#13452,.T.);
#13450 = VERTEX_POINT('',#13451);
#13451 = CARTESIAN_POINT('',(16.7,-8.95,30.699));
#13452 = SURFACE_CURVE('',#13453,(#13457,#13463),.PCURVE_S1.);
#13453 = LINE('',#13454,#13455);
#13454 = CARTESIAN_POINT('',(16.7,-8.95,30.694));
#13455 = VECTOR('',#13456,1.);
#13456 = DIRECTION('',(0.,-0.,1.));
#13457 = PCURVE('',#12830,#13458);
#13458 = DEFINITIONAL_REPRESENTATION('',(#13459),#13462);
#13459 = B_SPLINE_CURVE_WITH_KNOTS('',1,(#13460,#13461),.UNSPECIFIED.,
  .F.,.F.,(2,2),(4.999999999999E-03,1.306),.PIECEWISE_BEZIER_KNOTS.);
#13460 = CARTESIAN_POINT('',(19.7,-1.E-02));
#13461 = CARTESIAN_POINT('',(19.7,-1.311));
#13462 = ( GEOMETRIC_REPRESENTATION_CONTEXT(2) 
PARAMETRIC_REPRESENTATION_CONTEXT() REPRESENTATION_CONTEXT('2D SPACE',''
  ) );
#13463 = PCURVE('',#13464,#13469);
#13464 = PLANE('',#13465);
#13465 = AXIS2_PLACEMENT_3D('',#13466,#13467,#13468);
#13466 = CARTESIAN_POINT('',(16.7,-9.8,30.699));
#13467 = DIRECTION('',(-1.,0.,0.));
#13468 = DIRECTION('',(0.,1.,0.));
#13469 = DEFINITIONAL_REPRESENTATION('',(#13470),#13473);
#13470 = B_SPLINE_CURVE_WITH_KNOTS('',1,(#13471,#13472),.UNSPECIFIED.,
  .F.,.F.,(2,2),(4.999999999999E-03,1.306),.PIECEWISE_BEZIER_KNOTS.);
#13471 = CARTESIAN_POINT('',(0.85,0.));
#13472 = CARTESIAN_POINT('',(0.85,-1.301));
#13473 = ( GEOMETRIC_REPRESENTATION_CONTEXT(2) 
PARAMETRIC_REPRESENTATION_CONTEXT() REPRESENTATION_CONTEXT('2D SPACE',''
  ) );
#13474 = ORIENTED_EDGE('',*,*,#13475,.F.);
#13475 = EDGE_CURVE('',#13476,#13450,#13478,.T.);
#13476 = VERTEX_POINT('',#13477);
#13477 = CARTESIAN_POINT('',(11.7,-8.95,30.699));
#13478 = SURFACE_CURVE('',#13479,(#13483,#13489),.PCURVE_S1.);
#13479 = LINE('',#13480,#13481);
#13480 = CARTESIAN_POINT('',(5.6,-8.95,30.699));
#13481 = VECTOR('',#13482,1.);
#13482 = DIRECTION('',(1.,0.,0.));
#13483 = PCURVE('',#12830,#13484);
#13484 = DEFINITIONAL_REPRESENTATION('',(#13485),#13488);
#13485 = B_SPLINE_CURVE_WITH_KNOTS('',1,(#13486,#13487),.UNSPECIFIED.,
  .F.,.F.,(2,2),(6.1,11.1),.PIECEWISE_BEZIER_KNOTS.);
#13486 = CARTESIAN_POINT('',(14.7,-1.E-02));
#13487 = CARTESIAN_POINT('',(19.7,-1.E-02));
#13488 = ( GEOMETRIC_REPRESENTATION_CONTEXT(2) 
PARAMETRIC_REPRESENTATION_CONTEXT() REPRESENTATION_CONTEXT('2D SPACE',''
  ) );
#13489 = PCURVE('',#13490,#13495);
#13490 = PLANE('',#13491);
#13491 = AXIS2_PLACEMENT_3D('',#13492,#13493,#13494);
#13492 = CARTESIAN_POINT('',(14.2,0.,30.699));
#13493 = DIRECTION('',(0.,0.,1.));
#13494 = DIRECTION('',(1.,0.,-0.));
#13495 = DEFINITIONAL_REPRESENTATION('',(#13496),#13499);
#13496 = B_SPLINE_CURVE_WITH_KNOTS('',1,(#13497,#13498),.UNSPECIFIED.,
  .F.,.F.,(2,2),(6.1,11.1),.PIECEWISE_BEZIER_KNOTS.);
#13497 = CARTESIAN_POINT('',(-2.5,-8.95));
#13498 = CARTESIAN_POINT('',(2.5,-8.95));
#13499 = ( GEOMETRIC_REPRESENTATION_CONTEXT(2) 
PARAMETRIC_REPRESENTATION_CONTEXT() REPRESENTATION_CONTEXT('2D SPACE',''
  ) );
#13500 = ORIENTED_EDGE('',*,*,#13501,.F.);
#13501 = EDGE_CURVE('',#13502,#13476,#13504,.T.);
#13502 = VERTEX_POINT('',#13503);
#13503 = CARTESIAN_POINT('',(11.7,-8.95,32.));
#13504 = SURFACE_CURVE('',#13505,(#13509,#13515),.PCURVE_S1.);
#13505 = LINE('',#13506,#13507);
#13506 = CARTESIAN_POINT('',(11.7,-8.95,30.694));
#13507 = VECTOR('',#13508,1.);
#13508 = DIRECTION('',(-0.,0.,-1.));
#13509 = PCURVE('',#12830,#13510);
#13510 = DEFINITIONAL_REPRESENTATION('',(#13511),#13514);
#13511 = B_SPLINE_CURVE_WITH_KNOTS('',1,(#13512,#13513),.UNSPECIFIED.,
  .F.,.F.,(2,2),(-1.306,-4.999999999999E-03),.PIECEWISE_BEZIER_KNOTS.);
#13512 = CARTESIAN_POINT('',(14.7,-1.311));
#13513 = CARTESIAN_POINT('',(14.7,-1.E-02));
#13514 = ( GEOMETRIC_REPRESENTATION_CONTEXT(2) 
PARAMETRIC_REPRESENTATION_CONTEXT() REPRESENTATION_CONTEXT('2D SPACE',''
  ) );
#13515 = PCURVE('',#13516,#13521);
#13516 = PLANE('',#13517);
#13517 = AXIS2_PLACEMENT_3D('',#13518,#13519,#13520);
#13518 = CARTESIAN_POINT('',(11.7,9.8,30.699));
#13519 = DIRECTION('',(1.,0.,-0.));
#13520 = DIRECTION('',(0.,-1.,0.));
#13521 = DEFINITIONAL_REPRESENTATION('',(#13522),#13525);
#13522 = B_SPLINE_CURVE_WITH_KNOTS('',1,(#13523,#13524),.UNSPECIFIED.,
  .F.,.F.,(2,2),(-1.306,-4.999999999999E-03),.PIECEWISE_BEZIER_KNOTS.);
#13523 = CARTESIAN_POINT('',(18.75,-1.301));
#13524 = CARTESIAN_POINT('',(18.75,0.));
#13525 = ( GEOMETRIC_REPRESENTATION_CONTEXT(2) 
PARAMETRIC_REPRESENTATION_CONTEXT() REPRESENTATION_CONTEXT('2D SPACE',''
  ) );
#13526 = ORIENTED_EDGE('',*,*,#13527,.F.);
#13527 = EDGE_CURVE('',#13528,#13502,#13530,.T.);
#13528 = VERTEX_POINT('',#13529);
#13529 = CARTESIAN_POINT('',(6.5,-8.95,32.));
#13530 = SURFACE_CURVE('',#13531,(#13535,#13541),.PCURVE_S1.);
#13531 = LINE('',#13532,#13533);
#13532 = CARTESIAN_POINT('',(8.775,-8.95,32.));
#13533 = VECTOR('',#13534,1.);
#13534 = DIRECTION('',(1.,0.,0.));
#13535 = PCURVE('',#12830,#13536);
#13536 = DEFINITIONAL_REPRESENTATION('',(#13537),#13540);
#13537 = B_SPLINE_CURVE_WITH_KNOTS('',1,(#13538,#13539),.UNSPECIFIED.,
  .F.,.F.,(2,2),(-2.275,20.625),.PIECEWISE_BEZIER_KNOTS.);
#13538 = CARTESIAN_POINT('',(9.5,-1.311));
#13539 = CARTESIAN_POINT('',(32.4,-1.311));
#13540 = ( GEOMETRIC_REPRESENTATION_CONTEXT(2) 
PARAMETRIC_REPRESENTATION_CONTEXT() REPRESENTATION_CONTEXT('2D SPACE',''
  ) );
#13541 = PCURVE('',#13438,#13542);
#13542 = DEFINITIONAL_REPRESENTATION('',(#13543),#13546);
#13543 = B_SPLINE_CURVE_WITH_KNOTS('',1,(#13544,#13545),.UNSPECIFIED.,
  .F.,.F.,(2,2),(-2.275,20.625),.PIECEWISE_BEZIER_KNOTS.);
#13544 = CARTESIAN_POINT('',(-14.05,-8.95));
#13545 = CARTESIAN_POINT('',(8.85,-8.95));
#13546 = ( GEOMETRIC_REPRESENTATION_CONTEXT(2) 
PARAMETRIC_REPRESENTATION_CONTEXT() REPRESENTATION_CONTEXT('2D SPACE',''
  ) );
#13547 = ORIENTED_EDGE('',*,*,#13548,.T.);
#13548 = EDGE_CURVE('',#13528,#12815,#13549,.T.);
#13549 = SURFACE_CURVE('',#13550,(#13554,#13560),.PCURVE_S1.);
#13550 = LINE('',#13551,#13552);
#13551 = CARTESIAN_POINT('',(6.5,-8.95,30.689));
#13552 = VECTOR('',#13553,1.);
#13553 = DIRECTION('',(-0.,0.,-1.));
#13554 = PCURVE('',#12830,#13555);
#13555 = DEFINITIONAL_REPRESENTATION('',(#13556),#13559);
#13556 = B_SPLINE_CURVE_WITH_KNOTS('',1,(#13557,#13558),.UNSPECIFIED.,
  .F.,.F.,(2,2),(-1.311,0.),.PIECEWISE_BEZIER_KNOTS.);
#13557 = CARTESIAN_POINT('',(9.5,-1.311));
#13558 = CARTESIAN_POINT('',(9.5,0.));
#13559 = ( GEOMETRIC_REPRESENTATION_CONTEXT(2) 
PARAMETRIC_REPRESENTATION_CONTEXT() REPRESENTATION_CONTEXT('2D SPACE',''
  ) );
#13560 = PCURVE('',#13024,#13561);
#13561 = DEFINITIONAL_REPRESENTATION('',(#13562),#13565);
#13562 = B_SPLINE_CURVE_WITH_KNOTS('',1,(#13563,#13564),.UNSPECIFIED.,
  .F.,.F.,(2,2),(-1.311,0.),.PIECEWISE_BEZIER_KNOTS.);
#13563 = CARTESIAN_POINT('',(20.95,-1.311));
#13564 = CARTESIAN_POINT('',(20.95,0.));
#13565 = ( GEOMETRIC_REPRESENTATION_CONTEXT(2) 
PARAMETRIC_REPRESENTATION_CONTEXT() REPRESENTATION_CONTEXT('2D SPACE',''
  ) );
#13566 = ADVANCED_FACE('',(#13567),#13024,.F.);
#13567 = FACE_BOUND('',#13568,.F.);
#13568 = EDGE_LOOP('',(#13569,#13570,#13571,#13594));
#13569 = ORIENTED_EDGE('',*,*,#13010,.F.);
#13570 = ORIENTED_EDGE('',*,*,#13548,.F.);
#13571 = ORIENTED_EDGE('',*,*,#13572,.T.);
#13572 = EDGE_CURVE('',#13528,#13573,#13575,.T.);
#13573 = VERTEX_POINT('',#13574);
#13574 = CARTESIAN_POINT('',(6.5,-12.,32.));
#13575 = SURFACE_CURVE('',#13576,(#13580,#13587),.PCURVE_S1.);
#13576 = LINE('',#13577,#13578);
#13577 = CARTESIAN_POINT('',(6.5,12.,32.));
#13578 = VECTOR('',#13579,1.);
#13579 = DIRECTION('',(0.,-1.,0.));
#13580 = PCURVE('',#13024,#13581);
#13581 = DEFINITIONAL_REPRESENTATION('',(#13582),#13586);
#13582 = LINE('',#13583,#13584);
#13583 = CARTESIAN_POINT('',(0.,-1.311));
#13584 = VECTOR('',#13585,1.);
#13585 = DIRECTION('',(1.,0.));
#13586 = ( GEOMETRIC_REPRESENTATION_CONTEXT(2) 
PARAMETRIC_REPRESENTATION_CONTEXT() REPRESENTATION_CONTEXT('2D SPACE',''
  ) );
#13587 = PCURVE('',#13438,#13588);
#13588 = DEFINITIONAL_REPRESENTATION('',(#13589),#13593);
#13589 = LINE('',#13590,#13591);
#13590 = CARTESIAN_POINT('',(-14.05,12.));
#13591 = VECTOR('',#13592,1.);
#13592 = DIRECTION('',(0.,-1.));
#13593 = ( GEOMETRIC_REPRESENTATION_CONTEXT(2) 
PARAMETRIC_REPRESENTATION_CONTEXT() REPRESENTATION_CONTEXT('2D SPACE',''
  ) );
#13594 = ORIENTED_EDGE('',*,*,#13595,.F.);
#13595 = EDGE_CURVE('',#12983,#13573,#13596,.T.);
#13596 = SURFACE_CURVE('',#13597,(#13601,#13608),.PCURVE_S1.);
#13597 = LINE('',#13598,#13599);
#13598 = CARTESIAN_POINT('',(6.5,-12.,30.689));
#13599 = VECTOR('',#13600,1.);
#13600 = DIRECTION('',(0.,0.,1.));
#13601 = PCURVE('',#13024,#13602);
#13602 = DEFINITIONAL_REPRESENTATION('',(#13603),#13607);
#13603 = LINE('',#13604,#13605);
#13604 = CARTESIAN_POINT('',(24.,0.));
#13605 = VECTOR('',#13606,1.);
#13606 = DIRECTION('',(0.,-1.));
#13607 = ( GEOMETRIC_REPRESENTATION_CONTEXT(2) 
PARAMETRIC_REPRESENTATION_CONTEXT() REPRESENTATION_CONTEXT('2D SPACE',''
  ) );
#13608 = PCURVE('',#12998,#13609);
#13609 = DEFINITIONAL_REPRESENTATION('',(#13610),#13614);
#13610 = LINE('',#13611,#13612);
#13611 = CARTESIAN_POINT('',(0.,0.));
#13612 = VECTOR('',#13613,1.);
#13613 = DIRECTION('',(0.,-1.));
#13614 = ( GEOMETRIC_REPRESENTATION_CONTEXT(2) 
PARAMETRIC_REPRESENTATION_CONTEXT() REPRESENTATION_CONTEXT('2D SPACE',''
  ) );
#13615 = ADVANCED_FACE('',(#13616),#12998,.F.);
#13616 = FACE_BOUND('',#13617,.F.);
#13617 = EDGE_LOOP('',(#13618,#13619,#13642,#13663));
#13618 = ORIENTED_EDGE('',*,*,#13595,.T.);
#13619 = ORIENTED_EDGE('',*,*,#13620,.T.);
#13620 = EDGE_CURVE('',#13573,#13621,#13623,.T.);
#13621 = VERTEX_POINT('',#13622);
#13622 = CARTESIAN_POINT('',(34.6,-12.,32.));
#13623 = SURFACE_CURVE('',#13624,(#13628,#13635),.PCURVE_S1.);
#13624 = LINE('',#13625,#13626);
#13625 = CARTESIAN_POINT('',(6.5,-12.,32.));
#13626 = VECTOR('',#13627,1.);
#13627 = DIRECTION('',(1.,0.,0.));
#13628 = PCURVE('',#12998,#13629);
#13629 = DEFINITIONAL_REPRESENTATION('',(#13630),#13634);
#13630 = LINE('',#13631,#13632);
#13631 = CARTESIAN_POINT('',(0.,-1.311));
#13632 = VECTOR('',#13633,1.);
#13633 = DIRECTION('',(1.,0.));
#13634 = ( GEOMETRIC_REPRESENTATION_CONTEXT(2) 
PARAMETRIC_REPRESENTATION_CONTEXT() REPRESENTATION_CONTEXT('2D SPACE',''
  ) );
#13635 = PCURVE('',#13438,#13636);
#13636 = DEFINITIONAL_REPRESENTATION('',(#13637),#13641);
#13637 = LINE('',#13638,#13639);
#13638 = CARTESIAN_POINT('',(-14.05,-12.));
#13639 = VECTOR('',#13640,1.);
#13640 = DIRECTION('',(1.,0.));
#13641 = ( GEOMETRIC_REPRESENTATION_CONTEXT(2) 
PARAMETRIC_REPRESENTATION_CONTEXT() REPRESENTATION_CONTEXT('2D SPACE',''
  ) );
#13642 = ORIENTED_EDGE('',*,*,#13643,.F.);
#13643 = EDGE_CURVE('',#12955,#13621,#13644,.T.);
#13644 = SURFACE_CURVE('',#13645,(#13649,#13656),.PCURVE_S1.);
#13645 = LINE('',#13646,#13647);
#13646 = CARTESIAN_POINT('',(34.6,-12.,30.689));
#13647 = VECTOR('',#13648,1.);
#13648 = DIRECTION('',(0.,0.,1.));
#13649 = PCURVE('',#12998,#13650);
#13650 = DEFINITIONAL_REPRESENTATION('',(#13651),#13655);
#13651 = LINE('',#13652,#13653);
#13652 = CARTESIAN_POINT('',(28.1,0.));
#13653 = VECTOR('',#13654,1.);
#13654 = DIRECTION('',(0.,-1.));
#13655 = ( GEOMETRIC_REPRESENTATION_CONTEXT(2) 
PARAMETRIC_REPRESENTATION_CONTEXT() REPRESENTATION_CONTEXT('2D SPACE',''
  ) );
#13656 = PCURVE('',#12970,#13657);
#13657 = DEFINITIONAL_REPRESENTATION('',(#13658),#13662);
#13658 = LINE('',#13659,#13660);
#13659 = CARTESIAN_POINT('',(0.,0.));
#13660 = VECTOR('',#13661,1.);
#13661 = DIRECTION('',(0.,-1.));
#13662 = ( GEOMETRIC_REPRESENTATION_CONTEXT(2) 
PARAMETRIC_REPRESENTATION_CONTEXT() REPRESENTATION_CONTEXT('2D SPACE',''
  ) );
#13663 = ORIENTED_EDGE('',*,*,#12982,.F.);
#13664 = ADVANCED_FACE('',(#13665),#12970,.F.);
#13665 = FACE_BOUND('',#13666,.F.);
#13666 = EDGE_LOOP('',(#13667,#13668,#13691,#13712));
#13667 = ORIENTED_EDGE('',*,*,#13643,.T.);
#13668 = ORIENTED_EDGE('',*,*,#13669,.T.);
#13669 = EDGE_CURVE('',#13621,#13670,#13672,.T.);
#13670 = VERTEX_POINT('',#13671);
#13671 = CARTESIAN_POINT('',(34.6,12.,32.));
#13672 = SURFACE_CURVE('',#13673,(#13677,#13684),.PCURVE_S1.);
#13673 = LINE('',#13674,#13675);
#13674 = CARTESIAN_POINT('',(34.6,-12.,32.));
#13675 = VECTOR('',#13676,1.);
#13676 = DIRECTION('',(0.,1.,0.));
#13677 = PCURVE('',#12970,#13678);
#13678 = DEFINITIONAL_REPRESENTATION('',(#13679),#13683);
#13679 = LINE('',#13680,#13681);
#13680 = CARTESIAN_POINT('',(0.,-1.311));
#13681 = VECTOR('',#13682,1.);
#13682 = DIRECTION('',(1.,0.));
#13683 = ( GEOMETRIC_REPRESENTATION_CONTEXT(2) 
PARAMETRIC_REPRESENTATION_CONTEXT() REPRESENTATION_CONTEXT('2D SPACE',''
  ) );
#13684 = PCURVE('',#13438,#13685);
#13685 = DEFINITIONAL_REPRESENTATION('',(#13686),#13690);
#13686 = LINE('',#13687,#13688);
#13687 = CARTESIAN_POINT('',(14.05,-12.));
#13688 = VECTOR('',#13689,1.);
#13689 = DIRECTION('',(0.,1.));
#13690 = ( GEOMETRIC_REPRESENTATION_CONTEXT(2) 
PARAMETRIC_REPRESENTATION_CONTEXT() REPRESENTATION_CONTEXT('2D SPACE',''
  ) );
#13691 = ORIENTED_EDGE('',*,*,#13692,.F.);
#13692 = EDGE_CURVE('',#12927,#13670,#13693,.T.);
#13693 = SURFACE_CURVE('',#13694,(#13698,#13705),.PCURVE_S1.);
#13694 = LINE('',#13695,#13696);
#13695 = CARTESIAN_POINT('',(34.6,12.,30.689));
#13696 = VECTOR('',#13697,1.);
#13697 = DIRECTION('',(0.,0.,1.));
#13698 = PCURVE('',#12970,#13699);
#13699 = DEFINITIONAL_REPRESENTATION('',(#13700),#13704);
#13700 = LINE('',#13701,#13702);
#13701 = CARTESIAN_POINT('',(24.,0.));
#13702 = VECTOR('',#13703,1.);
#13703 = DIRECTION('',(0.,-1.));
#13704 = ( GEOMETRIC_REPRESENTATION_CONTEXT(2) 
PARAMETRIC_REPRESENTATION_CONTEXT() REPRESENTATION_CONTEXT('2D SPACE',''
  ) );
#13705 = PCURVE('',#12942,#13706);
#13706 = DEFINITIONAL_REPRESENTATION('',(#13707),#13711);
#13707 = LINE('',#13708,#13709);
#13708 = CARTESIAN_POINT('',(0.,-0.));
#13709 = VECTOR('',#13710,1.);
#13710 = DIRECTION('',(0.,-1.));
#13711 = ( GEOMETRIC_REPRESENTATION_CONTEXT(2) 
PARAMETRIC_REPRESENTATION_CONTEXT() REPRESENTATION_CONTEXT('2D SPACE',''
  ) );
#13712 = ORIENTED_EDGE('',*,*,#12954,.F.);
#13713 = ADVANCED_FACE('',(#13714),#12942,.F.);
#13714 = FACE_BOUND('',#13715,.F.);
#13715 = EDGE_LOOP('',(#13716,#13717,#13740,#13761));
#13716 = ORIENTED_EDGE('',*,*,#13692,.T.);
#13717 = ORIENTED_EDGE('',*,*,#13718,.T.);
#13718 = EDGE_CURVE('',#13670,#13719,#13721,.T.);
#13719 = VERTEX_POINT('',#13720);
#13720 = CARTESIAN_POINT('',(6.5,12.,32.));
#13721 = SURFACE_CURVE('',#13722,(#13726,#13733),.PCURVE_S1.);
#13722 = LINE('',#13723,#13724);
#13723 = CARTESIAN_POINT('',(34.6,12.,32.));
#13724 = VECTOR('',#13725,1.);
#13725 = DIRECTION('',(-1.,0.,0.));
#13726 = PCURVE('',#12942,#13727);
#13727 = DEFINITIONAL_REPRESENTATION('',(#13728),#13732);
#13728 = LINE('',#13729,#13730);
#13729 = CARTESIAN_POINT('',(0.,-1.311));
#13730 = VECTOR('',#13731,1.);
#13731 = DIRECTION('',(1.,0.));
#13732 = ( GEOMETRIC_REPRESENTATION_CONTEXT(2) 
PARAMETRIC_REPRESENTATION_CONTEXT() REPRESENTATION_CONTEXT('2D SPACE',''
  ) );
#13733 = PCURVE('',#13438,#13734);
#13734 = DEFINITIONAL_REPRESENTATION('',(#13735),#13739);
#13735 = LINE('',#13736,#13737);
#13736 = CARTESIAN_POINT('',(14.05,12.));
#13737 = VECTOR('',#13738,1.);
#13738 = DIRECTION('',(-1.,0.));
#13739 = ( GEOMETRIC_REPRESENTATION_CONTEXT(2) 
PARAMETRIC_REPRESENTATION_CONTEXT() REPRESENTATION_CONTEXT('2D SPACE',''
  ) );
#13740 = ORIENTED_EDGE('',*,*,#13741,.F.);
#13741 = EDGE_CURVE('',#12899,#13719,#13742,.T.);
#13742 = SURFACE_CURVE('',#13743,(#13747,#13754),.PCURVE_S1.);
#13743 = LINE('',#13744,#13745);
#13744 = CARTESIAN_POINT('',(6.5,12.,30.689));
#13745 = VECTOR('',#13746,1.);
#13746 = DIRECTION('',(0.,0.,1.));
#13747 = PCURVE('',#12942,#13748);
#13748 = DEFINITIONAL_REPRESENTATION('',(#13749),#13753);
#13749 = LINE('',#13750,#13751);
#13750 = CARTESIAN_POINT('',(28.1,0.));
#13751 = VECTOR('',#13752,1.);
#13752 = DIRECTION('',(0.,-1.));
#13753 = ( GEOMETRIC_REPRESENTATION_CONTEXT(2) 
PARAMETRIC_REPRESENTATION_CONTEXT() REPRESENTATION_CONTEXT('2D SPACE',''
  ) );
#13754 = PCURVE('',#12914,#13755);
#13755 = DEFINITIONAL_REPRESENTATION('',(#13756),#13760);
#13756 = LINE('',#13757,#13758);
#13757 = CARTESIAN_POINT('',(0.,0.));
#13758 = VECTOR('',#13759,1.);
#13759 = DIRECTION('',(0.,-1.));
#13760 = ( GEOMETRIC_REPRESENTATION_CONTEXT(2) 
PARAMETRIC_REPRESENTATION_CONTEXT() REPRESENTATION_CONTEXT('2D SPACE',''
  ) );
#13761 = ORIENTED_EDGE('',*,*,#12926,.F.);
#13762 = ADVANCED_FACE('',(#13763),#12914,.F.);
#13763 = FACE_BOUND('',#13764,.F.);
#13764 = EDGE_LOOP('',(#13765,#13766,#13767,#13790));
#13765 = ORIENTED_EDGE('',*,*,#12898,.F.);
#13766 = ORIENTED_EDGE('',*,*,#13741,.T.);
#13767 = ORIENTED_EDGE('',*,*,#13768,.T.);
#13768 = EDGE_CURVE('',#13719,#13769,#13771,.T.);
#13769 = VERTEX_POINT('',#13770);
#13770 = CARTESIAN_POINT('',(6.5,8.95,32.));
#13771 = SURFACE_CURVE('',#13772,(#13776,#13783),.PCURVE_S1.);
#13772 = LINE('',#13773,#13774);
#13773 = CARTESIAN_POINT('',(6.5,12.,32.));
#13774 = VECTOR('',#13775,1.);
#13775 = DIRECTION('',(0.,-1.,0.));
#13776 = PCURVE('',#12914,#13777);
#13777 = DEFINITIONAL_REPRESENTATION('',(#13778),#13782);
#13778 = LINE('',#13779,#13780);
#13779 = CARTESIAN_POINT('',(0.,-1.311));
#13780 = VECTOR('',#13781,1.);
#13781 = DIRECTION('',(1.,0.));
#13782 = ( GEOMETRIC_REPRESENTATION_CONTEXT(2) 
PARAMETRIC_REPRESENTATION_CONTEXT() REPRESENTATION_CONTEXT('2D SPACE',''
  ) );
#13783 = PCURVE('',#13438,#13784);
#13784 = DEFINITIONAL_REPRESENTATION('',(#13785),#13789);
#13785 = LINE('',#13786,#13787);
#13786 = CARTESIAN_POINT('',(-14.05,12.));
#13787 = VECTOR('',#13788,1.);
#13788 = DIRECTION('',(0.,-1.));
#13789 = ( GEOMETRIC_REPRESENTATION_CONTEXT(2) 
PARAMETRIC_REPRESENTATION_CONTEXT() REPRESENTATION_CONTEXT('2D SPACE',''
  ) );
#13790 = ORIENTED_EDGE('',*,*,#13791,.F.);
#13791 = EDGE_CURVE('',#12871,#13769,#13792,.T.);
#13792 = SURFACE_CURVE('',#13793,(#13797,#13803),.PCURVE_S1.);
#13793 = LINE('',#13794,#13795);
#13794 = CARTESIAN_POINT('',(6.5,8.95,30.689));
#13795 = VECTOR('',#13796,1.);
#13796 = DIRECTION('',(0.,0.,1.));
#13797 = PCURVE('',#12914,#13798);
#13798 = DEFINITIONAL_REPRESENTATION('',(#13799),#13802);
#13799 = B_SPLINE_CURVE_WITH_KNOTS('',1,(#13800,#13801),.UNSPECIFIED.,
  .F.,.F.,(2,2),(0.,1.311),.PIECEWISE_BEZIER_KNOTS.);
#13800 = CARTESIAN_POINT('',(3.05,0.));
#13801 = CARTESIAN_POINT('',(3.05,-1.311));
#13802 = ( GEOMETRIC_REPRESENTATION_CONTEXT(2) 
PARAMETRIC_REPRESENTATION_CONTEXT() REPRESENTATION_CONTEXT('2D SPACE',''
  ) );
#13803 = PCURVE('',#12886,#13804);
#13804 = DEFINITIONAL_REPRESENTATION('',(#13805),#13808);
#13805 = B_SPLINE_CURVE_WITH_KNOTS('',1,(#13806,#13807),.UNSPECIFIED.,
  .F.,.F.,(2,2),(0.,1.311),.PIECEWISE_BEZIER_KNOTS.);
#13806 = CARTESIAN_POINT('',(22.9,0.));
#13807 = CARTESIAN_POINT('',(22.9,-1.311));
#13808 = ( GEOMETRIC_REPRESENTATION_CONTEXT(2) 
PARAMETRIC_REPRESENTATION_CONTEXT() REPRESENTATION_CONTEXT('2D SPACE',''
  ) );
#13809 = ADVANCED_FACE('',(#13810),#12886,.F.);
#13810 = FACE_BOUND('',#13811,.F.);
#13811 = EDGE_LOOP('',(#13812,#13835,#13858,#13881,#13902,#13903,#13904,
    #13925,#13951,#13977));
#13812 = ORIENTED_EDGE('',*,*,#13813,.F.);
#13813 = EDGE_CURVE('',#13814,#13816,#13818,.T.);
#13814 = VERTEX_POINT('',#13815);
#13815 = CARTESIAN_POINT('',(29.4,8.95,32.));
#13816 = VERTEX_POINT('',#13817);
#13817 = CARTESIAN_POINT('',(16.7,8.95,32.));
#13818 = SURFACE_CURVE('',#13819,(#13823,#13829),.PCURVE_S1.);
#13819 = LINE('',#13820,#13821);
#13820 = CARTESIAN_POINT('',(24.975,8.95,32.));
#13821 = VECTOR('',#13822,1.);
#13822 = DIRECTION('',(-1.,0.,0.));
#13823 = PCURVE('',#12886,#13824);
#13824 = DEFINITIONAL_REPRESENTATION('',(#13825),#13828);
#13825 = B_SPLINE_CURVE_WITH_KNOTS('',1,(#13826,#13827),.UNSPECIFIED.,
  .F.,.F.,(2,2),(-4.425,18.475),.PIECEWISE_BEZIER_KNOTS.);
#13826 = CARTESIAN_POINT('',(0.,-1.311));
#13827 = CARTESIAN_POINT('',(22.9,-1.311));
#13828 = ( GEOMETRIC_REPRESENTATION_CONTEXT(2) 
PARAMETRIC_REPRESENTATION_CONTEXT() REPRESENTATION_CONTEXT('2D SPACE',''
  ) );
#13829 = PCURVE('',#13438,#13830);
#13830 = DEFINITIONAL_REPRESENTATION('',(#13831),#13834);
#13831 = B_SPLINE_CURVE_WITH_KNOTS('',1,(#13832,#13833),.UNSPECIFIED.,
  .F.,.F.,(2,2),(-4.425,18.475),.PIECEWISE_BEZIER_KNOTS.);
#13832 = CARTESIAN_POINT('',(8.85,8.95));
#13833 = CARTESIAN_POINT('',(-14.05,8.95));
#13834 = ( GEOMETRIC_REPRESENTATION_CONTEXT(2) 
PARAMETRIC_REPRESENTATION_CONTEXT() REPRESENTATION_CONTEXT('2D SPACE',''
  ) );
#13835 = ORIENTED_EDGE('',*,*,#13836,.T.);
#13836 = EDGE_CURVE('',#13814,#13837,#13839,.T.);
#13837 = VERTEX_POINT('',#13838);
#13838 = CARTESIAN_POINT('',(29.4,8.95,33.789));
#13839 = SURFACE_CURVE('',#13840,(#13844,#13851),.PCURVE_S1.);
#13840 = LINE('',#13841,#13842);
#13841 = CARTESIAN_POINT('',(29.4,8.95,30.689));
#13842 = VECTOR('',#13843,1.);
#13843 = DIRECTION('',(0.,0.,1.));
#13844 = PCURVE('',#12886,#13845);
#13845 = DEFINITIONAL_REPRESENTATION('',(#13846),#13850);
#13846 = LINE('',#13847,#13848);
#13847 = CARTESIAN_POINT('',(0.,-0.));
#13848 = VECTOR('',#13849,1.);
#13849 = DIRECTION('',(0.,-1.));
#13850 = ( GEOMETRIC_REPRESENTATION_CONTEXT(2) 
PARAMETRIC_REPRESENTATION_CONTEXT() REPRESENTATION_CONTEXT('2D SPACE',''
  ) );
#13851 = PCURVE('',#13411,#13852);
#13852 = DEFINITIONAL_REPRESENTATION('',(#13853),#13857);
#13853 = LINE('',#13854,#13855);
#13854 = CARTESIAN_POINT('',(17.9,0.));
#13855 = VECTOR('',#13856,1.);
#13856 = DIRECTION('',(0.,-1.));
#13857 = ( GEOMETRIC_REPRESENTATION_CONTEXT(2) 
PARAMETRIC_REPRESENTATION_CONTEXT() REPRESENTATION_CONTEXT('2D SPACE',''
  ) );
#13858 = ORIENTED_EDGE('',*,*,#13859,.T.);
#13859 = EDGE_CURVE('',#13837,#13860,#13862,.T.);
#13860 = VERTEX_POINT('',#13861);
#13861 = CARTESIAN_POINT('',(-3.,8.95,33.789));
#13862 = SURFACE_CURVE('',#13863,(#13867,#13874),.PCURVE_S1.);
#13863 = LINE('',#13864,#13865);
#13864 = CARTESIAN_POINT('',(29.4,8.95,33.789));
#13865 = VECTOR('',#13866,1.);
#13866 = DIRECTION('',(-1.,0.,0.));
#13867 = PCURVE('',#12886,#13868);
#13868 = DEFINITIONAL_REPRESENTATION('',(#13869),#13873);
#13869 = LINE('',#13870,#13871);
#13870 = CARTESIAN_POINT('',(0.,-3.1));
#13871 = VECTOR('',#13872,1.);
#13872 = DIRECTION('',(1.,0.));
#13873 = ( GEOMETRIC_REPRESENTATION_CONTEXT(2) 
PARAMETRIC_REPRESENTATION_CONTEXT() REPRESENTATION_CONTEXT('2D SPACE',''
  ) );
#13874 = PCURVE('',#13383,#13875);
#13875 = DEFINITIONAL_REPRESENTATION('',(#13876),#13880);
#13876 = LINE('',#13877,#13878);
#13877 = CARTESIAN_POINT('',(16.2,8.95));
#13878 = VECTOR('',#13879,1.);
#13879 = DIRECTION('',(-1.,0.));
#13880 = ( GEOMETRIC_REPRESENTATION_CONTEXT(2) 
PARAMETRIC_REPRESENTATION_CONTEXT() REPRESENTATION_CONTEXT('2D SPACE',''
  ) );
#13881 = ORIENTED_EDGE('',*,*,#13882,.F.);
#13882 = EDGE_CURVE('',#12843,#13860,#13883,.T.);
#13883 = SURFACE_CURVE('',#13884,(#13888,#13895),.PCURVE_S1.);
#13884 = LINE('',#13885,#13886);
#13885 = CARTESIAN_POINT('',(-3.,8.95,30.689));
#13886 = VECTOR('',#13887,1.);
#13887 = DIRECTION('',(0.,0.,1.));
#13888 = PCURVE('',#12886,#13889);
#13889 = DEFINITIONAL_REPRESENTATION('',(#13890),#13894);
#13890 = LINE('',#13891,#13892);
#13891 = CARTESIAN_POINT('',(32.4,0.));
#13892 = VECTOR('',#13893,1.);
#13893 = DIRECTION('',(0.,-1.));
#13894 = ( GEOMETRIC_REPRESENTATION_CONTEXT(2) 
PARAMETRIC_REPRESENTATION_CONTEXT() REPRESENTATION_CONTEXT('2D SPACE',''
  ) );
#13895 = PCURVE('',#12858,#13896);
#13896 = DEFINITIONAL_REPRESENTATION('',(#13897),#13901);
#13897 = LINE('',#13898,#13899);
#13898 = CARTESIAN_POINT('',(0.,0.));
#13899 = VECTOR('',#13900,1.);
#13900 = DIRECTION('',(0.,-1.));
#13901 = ( GEOMETRIC_REPRESENTATION_CONTEXT(2) 
PARAMETRIC_REPRESENTATION_CONTEXT() REPRESENTATION_CONTEXT('2D SPACE',''
  ) );
#13902 = ORIENTED_EDGE('',*,*,#12870,.F.);
#13903 = ORIENTED_EDGE('',*,*,#13791,.T.);
#13904 = ORIENTED_EDGE('',*,*,#13905,.F.);
#13905 = EDGE_CURVE('',#13906,#13769,#13908,.T.);
#13906 = VERTEX_POINT('',#13907);
#13907 = CARTESIAN_POINT('',(11.7,8.95,32.));
#13908 = SURFACE_CURVE('',#13909,(#13913,#13919),.PCURVE_S1.);
#13909 = LINE('',#13910,#13911);
#13910 = CARTESIAN_POINT('',(24.975,8.95,32.));
#13911 = VECTOR('',#13912,1.);
#13912 = DIRECTION('',(-1.,0.,0.));
#13913 = PCURVE('',#12886,#13914);
#13914 = DEFINITIONAL_REPRESENTATION('',(#13915),#13918);
#13915 = B_SPLINE_CURVE_WITH_KNOTS('',1,(#13916,#13917),.UNSPECIFIED.,
  .F.,.F.,(2,2),(-4.425,18.475),.PIECEWISE_BEZIER_KNOTS.);
#13916 = CARTESIAN_POINT('',(0.,-1.311));
#13917 = CARTESIAN_POINT('',(22.9,-1.311));
#13918 = ( GEOMETRIC_REPRESENTATION_CONTEXT(2) 
PARAMETRIC_REPRESENTATION_CONTEXT() REPRESENTATION_CONTEXT('2D SPACE',''
  ) );
#13919 = PCURVE('',#13438,#13920);
#13920 = DEFINITIONAL_REPRESENTATION('',(#13921),#13924);
#13921 = B_SPLINE_CURVE_WITH_KNOTS('',1,(#13922,#13923),.UNSPECIFIED.,
  .F.,.F.,(2,2),(-4.425,18.475),.PIECEWISE_BEZIER_KNOTS.);
#13922 = CARTESIAN_POINT('',(8.85,8.95));
#13923 = CARTESIAN_POINT('',(-14.05,8.95));
#13924 = ( GEOMETRIC_REPRESENTATION_CONTEXT(2) 
PARAMETRIC_REPRESENTATION_CONTEXT() REPRESENTATION_CONTEXT('2D SPACE',''
  ) );
#13925 = ORIENTED_EDGE('',*,*,#13926,.F.);
#13926 = EDGE_CURVE('',#13927,#13906,#13929,.T.);
#13927 = VERTEX_POINT('',#13928);
#13928 = CARTESIAN_POINT('',(11.7,8.95,30.699));
#13929 = SURFACE_CURVE('',#13930,(#13934,#13940),.PCURVE_S1.);
#13930 = LINE('',#13931,#13932);
#13931 = CARTESIAN_POINT('',(11.7,8.95,30.694));
#13932 = VECTOR('',#13933,1.);
#13933 = DIRECTION('',(0.,0.,1.));
#13934 = PCURVE('',#12886,#13935);
#13935 = DEFINITIONAL_REPRESENTATION('',(#13936),#13939);
#13936 = B_SPLINE_CURVE_WITH_KNOTS('',1,(#13937,#13938),.UNSPECIFIED.,
  .F.,.F.,(2,2),(4.999999999999E-03,1.306),.PIECEWISE_BEZIER_KNOTS.);
#13937 = CARTESIAN_POINT('',(17.7,-1.E-02));
#13938 = CARTESIAN_POINT('',(17.7,-1.311));
#13939 = ( GEOMETRIC_REPRESENTATION_CONTEXT(2) 
PARAMETRIC_REPRESENTATION_CONTEXT() REPRESENTATION_CONTEXT('2D SPACE',''
  ) );
#13940 = PCURVE('',#13941,#13946);
#13941 = PLANE('',#13942);
#13942 = AXIS2_PLACEMENT_3D('',#13943,#13944,#13945);
#13943 = CARTESIAN_POINT('',(11.7,9.8,30.699));
#13944 = DIRECTION('',(1.,0.,-0.));
#13945 = DIRECTION('',(0.,-1.,0.));
#13946 = DEFINITIONAL_REPRESENTATION('',(#13947),#13950);
#13947 = B_SPLINE_CURVE_WITH_KNOTS('',1,(#13948,#13949),.UNSPECIFIED.,
  .F.,.F.,(2,2),(4.999999999999E-03,1.306),.PIECEWISE_BEZIER_KNOTS.);
#13948 = CARTESIAN_POINT('',(0.85,0.));
#13949 = CARTESIAN_POINT('',(0.85,-1.301));
#13950 = ( GEOMETRIC_REPRESENTATION_CONTEXT(2) 
PARAMETRIC_REPRESENTATION_CONTEXT() REPRESENTATION_CONTEXT('2D SPACE',''
  ) );
#13951 = ORIENTED_EDGE('',*,*,#13952,.F.);
#13952 = EDGE_CURVE('',#13953,#13927,#13955,.T.);
#13953 = VERTEX_POINT('',#13954);
#13954 = CARTESIAN_POINT('',(16.7,8.95,30.699));
#13955 = SURFACE_CURVE('',#13956,(#13960,#13966),.PCURVE_S1.);
#13956 = LINE('',#13957,#13958);
#13957 = CARTESIAN_POINT('',(21.8,8.95,30.699));
#13958 = VECTOR('',#13959,1.);
#13959 = DIRECTION('',(-1.,0.,0.));
#13960 = PCURVE('',#12886,#13961);
#13961 = DEFINITIONAL_REPRESENTATION('',(#13962),#13965);
#13962 = B_SPLINE_CURVE_WITH_KNOTS('',1,(#13963,#13964),.UNSPECIFIED.,
  .F.,.F.,(2,2),(5.1,10.1),.PIECEWISE_BEZIER_KNOTS.);
#13963 = CARTESIAN_POINT('',(12.7,-1.E-02));
#13964 = CARTESIAN_POINT('',(17.7,-1.E-02));
#13965 = ( GEOMETRIC_REPRESENTATION_CONTEXT(2) 
PARAMETRIC_REPRESENTATION_CONTEXT() REPRESENTATION_CONTEXT('2D SPACE',''
  ) );
#13966 = PCURVE('',#13967,#13972);
#13967 = PLANE('',#13968);
#13968 = AXIS2_PLACEMENT_3D('',#13969,#13970,#13971);
#13969 = CARTESIAN_POINT('',(14.2,0.,30.699));
#13970 = DIRECTION('',(0.,0.,1.));
#13971 = DIRECTION('',(1.,0.,-0.));
#13972 = DEFINITIONAL_REPRESENTATION('',(#13973),#13976);
#13973 = B_SPLINE_CURVE_WITH_KNOTS('',1,(#13974,#13975),.UNSPECIFIED.,
  .F.,.F.,(2,2),(5.1,10.1),.PIECEWISE_BEZIER_KNOTS.);
#13974 = CARTESIAN_POINT('',(2.5,8.95));
#13975 = CARTESIAN_POINT('',(-2.5,8.95));
#13976 = ( GEOMETRIC_REPRESENTATION_CONTEXT(2) 
PARAMETRIC_REPRESENTATION_CONTEXT() REPRESENTATION_CONTEXT('2D SPACE',''
  ) );
#13977 = ORIENTED_EDGE('',*,*,#13978,.F.);
#13978 = EDGE_CURVE('',#13816,#13953,#13979,.T.);
#13979 = SURFACE_CURVE('',#13980,(#13984,#13990),.PCURVE_S1.);
#13980 = LINE('',#13981,#13982);
#13981 = CARTESIAN_POINT('',(16.7,8.95,30.694));
#13982 = VECTOR('',#13983,1.);
#13983 = DIRECTION('',(-0.,-0.,-1.));
#13984 = PCURVE('',#12886,#13985);
#13985 = DEFINITIONAL_REPRESENTATION('',(#13986),#13989);
#13986 = B_SPLINE_CURVE_WITH_KNOTS('',1,(#13987,#13988),.UNSPECIFIED.,
  .F.,.F.,(2,2),(-1.306,-4.999999999999E-03),.PIECEWISE_BEZIER_KNOTS.);
#13987 = CARTESIAN_POINT('',(12.7,-1.311));
#13988 = CARTESIAN_POINT('',(12.7,-1.E-02));
#13989 = ( GEOMETRIC_REPRESENTATION_CONTEXT(2) 
PARAMETRIC_REPRESENTATION_CONTEXT() REPRESENTATION_CONTEXT('2D SPACE',''
  ) );
#13990 = PCURVE('',#13991,#13996);
#13991 = PLANE('',#13992);
#13992 = AXIS2_PLACEMENT_3D('',#13993,#13994,#13995);
#13993 = CARTESIAN_POINT('',(16.7,-9.8,30.699));
#13994 = DIRECTION('',(-1.,0.,0.));
#13995 = DIRECTION('',(0.,1.,0.));
#13996 = DEFINITIONAL_REPRESENTATION('',(#13997),#14000);
#13997 = B_SPLINE_CURVE_WITH_KNOTS('',1,(#13998,#13999),.UNSPECIFIED.,
  .F.,.F.,(2,2),(-1.306,-4.999999999999E-03),.PIECEWISE_BEZIER_KNOTS.);
#13998 = CARTESIAN_POINT('',(18.75,-1.301));
#13999 = CARTESIAN_POINT('',(18.75,0.));
#14000 = ( GEOMETRIC_REPRESENTATION_CONTEXT(2) 
PARAMETRIC_REPRESENTATION_CONTEXT() REPRESENTATION_CONTEXT('2D SPACE',''
  ) );
#14001 = ADVANCED_FACE('',(#14002),#12858,.F.);
#14002 = FACE_BOUND('',#14003,.F.);
#14003 = EDGE_LOOP('',(#14004,#14005,#14026,#14027));
#14004 = ORIENTED_EDGE('',*,*,#13882,.T.);
#14005 = ORIENTED_EDGE('',*,*,#14006,.T.);
#14006 = EDGE_CURVE('',#13860,#13345,#14007,.T.);
#14007 = SURFACE_CURVE('',#14008,(#14012,#14019),.PCURVE_S1.);
#14008 = LINE('',#14009,#14010);
#14009 = CARTESIAN_POINT('',(-3.,8.95,33.789));
#14010 = VECTOR('',#14011,1.);
#14011 = DIRECTION('',(0.,-1.,0.));
#14012 = PCURVE('',#12858,#14013);
#14013 = DEFINITIONAL_REPRESENTATION('',(#14014),#14018);
#14014 = LINE('',#14015,#14016);
#14015 = CARTESIAN_POINT('',(0.,-3.1));
#14016 = VECTOR('',#14017,1.);
#14017 = DIRECTION('',(1.,0.));
#14018 = ( GEOMETRIC_REPRESENTATION_CONTEXT(2) 
PARAMETRIC_REPRESENTATION_CONTEXT() REPRESENTATION_CONTEXT('2D SPACE',''
  ) );
#14019 = PCURVE('',#13383,#14020);
#14020 = DEFINITIONAL_REPRESENTATION('',(#14021),#14025);
#14021 = LINE('',#14022,#14023);
#14022 = CARTESIAN_POINT('',(-16.2,8.95));
#14023 = VECTOR('',#14024,1.);
#14024 = DIRECTION('',(0.,-1.));
#14025 = ( GEOMETRIC_REPRESENTATION_CONTEXT(2) 
PARAMETRIC_REPRESENTATION_CONTEXT() REPRESENTATION_CONTEXT('2D SPACE',''
  ) );
#14026 = ORIENTED_EDGE('',*,*,#13344,.F.);
#14027 = ORIENTED_EDGE('',*,*,#12842,.F.);
#14028 = ADVANCED_FACE('',(#14029),#13107,.F.);
#14029 = FACE_BOUND('',#14030,.F.);
#14030 = EDGE_LOOP('',(#14031,#14058,#14059,#14060,#14061,#14062,#14063,
    #14090,#14118,#14146));
#14031 = ORIENTED_EDGE('',*,*,#14032,.T.);
#14032 = EDGE_CURVE('',#14033,#13247,#14035,.T.);
#14033 = VERTEX_POINT('',#14034);
#14034 = CARTESIAN_POINT('',(6.858571279793,-7.,0.));
#14035 = SURFACE_CURVE('',#14036,(#14041,#14052),.PCURVE_S1.);
#14036 = CIRCLE('',#14037,9.8);
#14037 = AXIS2_PLACEMENT_3D('',#14038,#14039,#14040);
#14038 = CARTESIAN_POINT('',(0.,0.,0.));
#14039 = DIRECTION('',(0.,0.,-1.));
#14040 = DIRECTION('',(1.,0.,0.));
#14041 = PCURVE('',#13107,#14042);
#14042 = DEFINITIONAL_REPRESENTATION('',(#14043),#14051);
#14043 = ( BOUNDED_CURVE() B_SPLINE_CURVE(2,(#14044,#14045,#14046,#14047
    ,#14048,#14049,#14050),.UNSPECIFIED.,.T.,.F.) 
B_SPLINE_CURVE_WITH_KNOTS((1,2,2,2,2,1),(-2.094395102393,0.,
    2.094395102393,4.188790204786,6.28318530718,8.377580409573),
.UNSPECIFIED.) CURVE() GEOMETRIC_REPRESENTATION_ITEM() 
RATIONAL_B_SPLINE_CURVE((1.,0.5,1.,0.5,1.,0.5,1.)) REPRESENTATION_ITEM(
  '') );
#14044 = CARTESIAN_POINT('',(-5.,0.));
#14045 = CARTESIAN_POINT('',(-5.,-16.97409791417));
#14046 = CARTESIAN_POINT('',(-19.7,-8.487048957088));
#14047 = CARTESIAN_POINT('',(-34.4,-2.400307726329E-15));
#14048 = CARTESIAN_POINT('',(-19.7,8.487048957087));
#14049 = CARTESIAN_POINT('',(-5.,16.974097914175));
#14050 = CARTESIAN_POINT('',(-5.,0.));
#14051 = ( GEOMETRIC_REPRESENTATION_CONTEXT(2) 
PARAMETRIC_REPRESENTATION_CONTEXT() REPRESENTATION_CONTEXT('2D SPACE',''
  ) );
#14052 = PCURVE('',#13284,#14053);
#14053 = DEFINITIONAL_REPRESENTATION('',(#14054),#14057);
#14054 = B_SPLINE_CURVE_WITH_KNOTS('',1,(#14055,#14056),.UNSPECIFIED.,
  .F.,.F.,(2,2),(0.795602953485,2.142203633113),
  .PIECEWISE_BEZIER_KNOTS.);
#14055 = CARTESIAN_POINT('',(-5.487582353695,-1.2));
#14056 = CARTESIAN_POINT('',(-4.140981674067,-1.2));
#14057 = ( GEOMETRIC_REPRESENTATION_CONTEXT(2) 
PARAMETRIC_REPRESENTATION_CONTEXT() REPRESENTATION_CONTEXT('2D SPACE',''
  ) );
#14058 = ORIENTED_EDGE('',*,*,#13246,.T.);
#14059 = ORIENTED_EDGE('',*,*,#13093,.T.);
#14060 = ORIENTED_EDGE('',*,*,#13147,.T.);
#14061 = ORIENTED_EDGE('',*,*,#13196,.T.);
#14062 = ORIENTED_EDGE('',*,*,#13220,.T.);
#14063 = ORIENTED_EDGE('',*,*,#14064,.T.);
#14064 = EDGE_CURVE('',#13221,#14065,#14067,.T.);
#14065 = VERTEX_POINT('',#14066);
#14066 = CARTESIAN_POINT('',(6.858571279793,7.,0.));
#14067 = SURFACE_CURVE('',#14068,(#14073,#14084),.PCURVE_S1.);
#14068 = CIRCLE('',#14069,9.8);
#14069 = AXIS2_PLACEMENT_3D('',#14070,#14071,#14072);
#14070 = CARTESIAN_POINT('',(0.,0.,0.));
#14071 = DIRECTION('',(0.,0.,-1.));
#14072 = DIRECTION('',(1.,0.,0.));
#14073 = PCURVE('',#13107,#14074);
#14074 = DEFINITIONAL_REPRESENTATION('',(#14075),#14083);
#14075 = ( BOUNDED_CURVE() B_SPLINE_CURVE(2,(#14076,#14077,#14078,#14079
    ,#14080,#14081,#14082),.UNSPECIFIED.,.T.,.F.) 
B_SPLINE_CURVE_WITH_KNOTS((1,2,2,2,2,1),(-2.094395102393,0.,
    2.094395102393,4.188790204786,6.28318530718,8.377580409573),
.UNSPECIFIED.) CURVE() GEOMETRIC_REPRESENTATION_ITEM() 
RATIONAL_B_SPLINE_CURVE((1.,0.5,1.,0.5,1.,0.5,1.)) REPRESENTATION_ITEM(
  '') );
#14076 = CARTESIAN_POINT('',(-5.,0.));
#14077 = CARTESIAN_POINT('',(-5.,-16.97409791417));
#14078 = CARTESIAN_POINT('',(-19.7,-8.487048957088));
#14079 = CARTESIAN_POINT('',(-34.4,-2.400307726329E-15));
#14080 = CARTESIAN_POINT('',(-19.7,8.487048957087));
#14081 = CARTESIAN_POINT('',(-5.,16.974097914175));
#14082 = CARTESIAN_POINT('',(-5.,0.));
#14083 = ( GEOMETRIC_REPRESENTATION_CONTEXT(2) 
PARAMETRIC_REPRESENTATION_CONTEXT() REPRESENTATION_CONTEXT('2D SPACE',''
  ) );
#14084 = PCURVE('',#13284,#14085);
#14085 = DEFINITIONAL_REPRESENTATION('',(#14086),#14089);
#14086 = B_SPLINE_CURVE_WITH_KNOTS('',1,(#14087,#14088),.UNSPECIFIED.,
  .F.,.F.,(2,2),(4.140981674067,5.487582353695),
  .PIECEWISE_BEZIER_KNOTS.);
#14087 = CARTESIAN_POINT('',(-8.425388940292,-1.2));
#14088 = CARTESIAN_POINT('',(-7.078788260664,-1.2));
#14089 = ( GEOMETRIC_REPRESENTATION_CONTEXT(2) 
PARAMETRIC_REPRESENTATION_CONTEXT() REPRESENTATION_CONTEXT('2D SPACE',''
  ) );
#14090 = ORIENTED_EDGE('',*,*,#14091,.F.);
#14091 = EDGE_CURVE('',#14092,#14065,#14094,.T.);
#14092 = VERTEX_POINT('',#14093);
#14093 = CARTESIAN_POINT('',(34.1,7.,0.));
#14094 = SURFACE_CURVE('',#14095,(#14099,#14106),.PCURVE_S1.);
#14095 = LINE('',#14096,#14097);
#14096 = CARTESIAN_POINT('',(34.1,7.,0.));
#14097 = VECTOR('',#14098,1.);
#14098 = DIRECTION('',(-1.,0.,0.));
#14099 = PCURVE('',#13107,#14100);
#14100 = DEFINITIONAL_REPRESENTATION('',(#14101),#14105);
#14101 = LINE('',#14102,#14103);
#14102 = CARTESIAN_POINT('',(19.3,7.));
#14103 = VECTOR('',#14104,1.);
#14104 = DIRECTION('',(-1.,0.));
#14105 = ( GEOMETRIC_REPRESENTATION_CONTEXT(2) 
PARAMETRIC_REPRESENTATION_CONTEXT() REPRESENTATION_CONTEXT('2D SPACE',''
  ) );
#14106 = PCURVE('',#14107,#14112);
#14107 = PLANE('',#14108);
#14108 = AXIS2_PLACEMENT_3D('',#14109,#14110,#14111);
#14109 = CARTESIAN_POINT('',(34.1,7.,0.));
#14110 = DIRECTION('',(0.,1.,-0.));
#14111 = DIRECTION('',(-1.,0.,0.));
#14112 = DEFINITIONAL_REPRESENTATION('',(#14113),#14117);
#14113 = LINE('',#14114,#14115);
#14114 = CARTESIAN_POINT('',(0.,0.));
#14115 = VECTOR('',#14116,1.);
#14116 = DIRECTION('',(1.,0.));
#14117 = ( GEOMETRIC_REPRESENTATION_CONTEXT(2) 
PARAMETRIC_REPRESENTATION_CONTEXT() REPRESENTATION_CONTEXT('2D SPACE',''
  ) );
#14118 = ORIENTED_EDGE('',*,*,#14119,.F.);
#14119 = EDGE_CURVE('',#14120,#14092,#14122,.T.);
#14120 = VERTEX_POINT('',#14121);
#14121 = CARTESIAN_POINT('',(34.1,-7.,0.));
#14122 = SURFACE_CURVE('',#14123,(#14127,#14134),.PCURVE_S1.);
#14123 = LINE('',#14124,#14125);
#14124 = CARTESIAN_POINT('',(34.1,-7.,0.));
#14125 = VECTOR('',#14126,1.);
#14126 = DIRECTION('',(0.,1.,0.));
#14127 = PCURVE('',#13107,#14128);
#14128 = DEFINITIONAL_REPRESENTATION('',(#14129),#14133);
#14129 = LINE('',#14130,#14131);
#14130 = CARTESIAN_POINT('',(19.3,-7.));
#14131 = VECTOR('',#14132,1.);
#14132 = DIRECTION('',(0.,1.));
#14133 = ( GEOMETRIC_REPRESENTATION_CONTEXT(2) 
PARAMETRIC_REPRESENTATION_CONTEXT() REPRESENTATION_CONTEXT('2D SPACE',''
  ) );
#14134 = PCURVE('',#14135,#14140);
#14135 = PLANE('',#14136);
#14136 = AXIS2_PLACEMENT_3D('',#14137,#14138,#14139);
#14137 = CARTESIAN_POINT('',(34.1,-7.,0.));
#14138 = DIRECTION('',(1.,0.,0.));
#14139 = DIRECTION('',(-0.,1.,0.));
#14140 = DEFINITIONAL_REPRESENTATION('',(#14141),#14145);
#14141 = LINE('',#14142,#14143);
#14142 = CARTESIAN_POINT('',(0.,0.));
#14143 = VECTOR('',#14144,1.);
#14144 = DIRECTION('',(1.,0.));
#14145 = ( GEOMETRIC_REPRESENTATION_CONTEXT(2) 
PARAMETRIC_REPRESENTATION_CONTEXT() REPRESENTATION_CONTEXT('2D SPACE',''
  ) );
#14146 = ORIENTED_EDGE('',*,*,#14147,.F.);
#14147 = EDGE_CURVE('',#14033,#14120,#14148,.T.);
#14148 = SURFACE_CURVE('',#14149,(#14153,#14160),.PCURVE_S1.);
#14149 = LINE('',#14150,#14151);
#14150 = CARTESIAN_POINT('',(-5.3,-7.,0.));
#14151 = VECTOR('',#14152,1.);
#14152 = DIRECTION('',(1.,0.,0.));
#14153 = PCURVE('',#13107,#14154);
#14154 = DEFINITIONAL_REPRESENTATION('',(#14155),#14159);
#14155 = LINE('',#14156,#14157);
#14156 = CARTESIAN_POINT('',(-20.1,-7.));
#14157 = VECTOR('',#14158,1.);
#14158 = DIRECTION('',(1.,0.));
#14159 = ( GEOMETRIC_REPRESENTATION_CONTEXT(2) 
PARAMETRIC_REPRESENTATION_CONTEXT() REPRESENTATION_CONTEXT('2D SPACE',''
  ) );
#14160 = PCURVE('',#14161,#14166);
#14161 = PLANE('',#14162);
#14162 = AXIS2_PLACEMENT_3D('',#14163,#14164,#14165);
#14163 = CARTESIAN_POINT('',(-5.3,-7.,0.));
#14164 = DIRECTION('',(0.,-1.,0.));
#14165 = DIRECTION('',(1.,0.,0.));
#14166 = DEFINITIONAL_REPRESENTATION('',(#14167),#14171);
#14167 = LINE('',#14168,#14169);
#14168 = CARTESIAN_POINT('',(0.,0.));
#14169 = VECTOR('',#14170,1.);
#14170 = DIRECTION('',(1.,0.));
#14171 = ( GEOMETRIC_REPRESENTATION_CONTEXT(2) 
PARAMETRIC_REPRESENTATION_CONTEXT() REPRESENTATION_CONTEXT('2D SPACE',''
  ) );
#14172 = ADVANCED_FACE('',(#14173),#13284,.F.);
#14173 = FACE_BOUND('',#14174,.T.);
#14174 = EDGE_LOOP('',(#14175,#14210,#14229,#14230,#14231,#14253,#14254,
    #14255));
#14175 = ORIENTED_EDGE('',*,*,#14176,.T.);
#14176 = EDGE_CURVE('',#14177,#14179,#14181,.T.);
#14177 = VERTEX_POINT('',#14178);
#14178 = CARTESIAN_POINT('',(6.858571279793,7.,-1.1));
#14179 = VERTEX_POINT('',#14180);
#14180 = CARTESIAN_POINT('',(6.858571279793,-7.,-1.1));
#14181 = SURFACE_CURVE('',#14182,(#14187,#14194),.PCURVE_S1.);
#14182 = CIRCLE('',#14183,9.8);
#14183 = AXIS2_PLACEMENT_3D('',#14184,#14185,#14186);
#14184 = CARTESIAN_POINT('',(0.,0.,-1.1));
#14185 = DIRECTION('',(0.,0.,-1.));
#14186 = DIRECTION('',(0.699854212224,0.714285714286,0.));
#14187 = PCURVE('',#13284,#14188);
#14188 = DEFINITIONAL_REPRESENTATION('',(#14189),#14193);
#14189 = LINE('',#14190,#14191);
#14190 = CARTESIAN_POINT('',(-7.078788260664,-1.E-01));
#14191 = VECTOR('',#14192,1.);
#14192 = DIRECTION('',(1.,-0.));
#14193 = ( GEOMETRIC_REPRESENTATION_CONTEXT(2) 
PARAMETRIC_REPRESENTATION_CONTEXT() REPRESENTATION_CONTEXT('2D SPACE',''
  ) );
#14194 = PCURVE('',#14195,#14200);
#14195 = PLANE('',#14196);
#14196 = AXIS2_PLACEMENT_3D('',#14197,#14198,#14199);
#14197 = CARTESIAN_POINT('',(14.4,0.,-1.1));
#14198 = DIRECTION('',(0.,0.,1.));
#14199 = DIRECTION('',(1.,0.,-0.));
#14200 = DEFINITIONAL_REPRESENTATION('',(#14201),#14209);
#14201 = ( BOUNDED_CURVE() B_SPLINE_CURVE(2,(#14202,#14203,#14204,#14205
    ,#14206,#14207,#14208),.UNSPECIFIED.,.T.,.F.) 
B_SPLINE_CURVE_WITH_KNOTS((1,2,2,2,2,1),(-2.094395102393,0.,
    2.094395102393,4.188790204786,6.28318530718,8.377580409573),
.UNSPECIFIED.) CURVE() GEOMETRIC_REPRESENTATION_ITEM() 
RATIONAL_B_SPLINE_CURVE((1.,0.5,1.,0.5,1.,0.5,1.)) REPRESENTATION_ITEM(
  '') );
#14202 = CARTESIAN_POINT('',(-7.541428720207,7.));
#14203 = CARTESIAN_POINT('',(4.582926932775,-4.879393923934));
#14204 = CARTESIAN_POINT('',(-11.7671078134,-9.439696961967));
#14205 = CARTESIAN_POINT('',(-28.11714255958,-14.));
#14206 = CARTESIAN_POINT('',(-23.89146346638,2.439696961967));
#14207 = CARTESIAN_POINT('',(-19.66578437318,18.879393923934));
#14208 = CARTESIAN_POINT('',(-7.541428720207,7.));
#14209 = ( GEOMETRIC_REPRESENTATION_CONTEXT(2) 
PARAMETRIC_REPRESENTATION_CONTEXT() REPRESENTATION_CONTEXT('2D SPACE',''
  ) );
#14210 = ORIENTED_EDGE('',*,*,#14211,.F.);
#14211 = EDGE_CURVE('',#14033,#14179,#14212,.T.);
#14212 = SURFACE_CURVE('',#14213,(#14217,#14223),.PCURVE_S1.);
#14213 = LINE('',#14214,#14215);
#14214 = CARTESIAN_POINT('',(6.858571279793,-7.,-1.2));
#14215 = VECTOR('',#14216,1.);
#14216 = DIRECTION('',(-0.,-0.,-1.));
#14217 = PCURVE('',#13284,#14218);
#14218 = DEFINITIONAL_REPRESENTATION('',(#14219),#14222);
#14219 = B_SPLINE_CURVE_WITH_KNOTS('',1,(#14220,#14221),.UNSPECIFIED.,
  .F.,.F.,(2,2),(-1.2,-1.E-01),.PIECEWISE_BEZIER_KNOTS.);
#14220 = CARTESIAN_POINT('',(-5.487582353695,-1.2));
#14221 = CARTESIAN_POINT('',(-5.487582353695,-1.E-01));
#14222 = ( GEOMETRIC_REPRESENTATION_CONTEXT(2) 
PARAMETRIC_REPRESENTATION_CONTEXT() REPRESENTATION_CONTEXT('2D SPACE',''
  ) );
#14223 = PCURVE('',#14161,#14224);
#14224 = DEFINITIONAL_REPRESENTATION('',(#14225),#14228);
#14225 = B_SPLINE_CURVE_WITH_KNOTS('',1,(#14226,#14227),.UNSPECIFIED.,
  .F.,.F.,(2,2),(-1.31,5.999999999062E-07),.PIECEWISE_BEZIER_KNOTS.);
#14226 = CARTESIAN_POINT('',(12.158571279793,0.11));
#14227 = CARTESIAN_POINT('',(12.158571279793,-1.2000006));
#14228 = ( GEOMETRIC_REPRESENTATION_CONTEXT(2) 
PARAMETRIC_REPRESENTATION_CONTEXT() REPRESENTATION_CONTEXT('2D SPACE',''
  ) );
#14229 = ORIENTED_EDGE('',*,*,#14032,.T.);
#14230 = ORIENTED_EDGE('',*,*,#13269,.F.);
#14231 = ORIENTED_EDGE('',*,*,#14232,.T.);
#14232 = EDGE_CURVE('',#13270,#13296,#14233,.T.);
#14233 = SURFACE_CURVE('',#14234,(#14239,#14246),.PCURVE_S1.);
#14234 = CIRCLE('',#14235,9.8);
#14235 = AXIS2_PLACEMENT_3D('',#14236,#14237,#14238);
#14236 = CARTESIAN_POINT('',(0.,0.,1.49));
#14237 = DIRECTION('',(0.,0.,1.));
#14238 = DIRECTION('',(-0.540816326531,-0.841140714125,0.));
#14239 = PCURVE('',#13284,#14240);
#14240 = DEFINITIONAL_REPRESENTATION('',(#14241),#14245);
#14241 = LINE('',#14242,#14243);
#14242 = CARTESIAN_POINT('',(-4.140981674067,-2.69));
#14243 = VECTOR('',#14244,1.);
#14244 = DIRECTION('',(-1.,0.));
#14245 = ( GEOMETRIC_REPRESENTATION_CONTEXT(2) 
PARAMETRIC_REPRESENTATION_CONTEXT() REPRESENTATION_CONTEXT('2D SPACE',''
  ) );
#14246 = PCURVE('',#13310,#14247);
#14247 = DEFINITIONAL_REPRESENTATION('',(#14248),#14252);
#14248 = CIRCLE('',#14249,9.8);
#14249 = AXIS2_PLACEMENT_2D('',#14250,#14251);
#14250 = CARTESIAN_POINT('',(5.581388296079E-16,-7.162263714944E-16));
#14251 = DIRECTION('',(-0.540816326531,-0.841140714125));
#14252 = ( GEOMETRIC_REPRESENTATION_CONTEXT(2) 
PARAMETRIC_REPRESENTATION_CONTEXT() REPRESENTATION_CONTEXT('2D SPACE',''
  ) );
#14253 = ORIENTED_EDGE('',*,*,#13321,.T.);
#14254 = ORIENTED_EDGE('',*,*,#14064,.T.);
#14255 = ORIENTED_EDGE('',*,*,#14256,.T.);
#14256 = EDGE_CURVE('',#14065,#14177,#14257,.T.);
#14257 = SURFACE_CURVE('',#14258,(#14262,#14268),.PCURVE_S1.);
#14258 = LINE('',#14259,#14260);
#14259 = CARTESIAN_POINT('',(6.858571279793,7.,-1.2));
#14260 = VECTOR('',#14261,1.);
#14261 = DIRECTION('',(-0.,-0.,-1.));
#14262 = PCURVE('',#13284,#14263);
#14263 = DEFINITIONAL_REPRESENTATION('',(#14264),#14267);
#14264 = B_SPLINE_CURVE_WITH_KNOTS('',1,(#14265,#14266),.UNSPECIFIED.,
  .F.,.F.,(2,2),(-1.2,-1.E-01),.PIECEWISE_BEZIER_KNOTS.);
#14265 = CARTESIAN_POINT('',(-7.078788260664,-1.2));
#14266 = CARTESIAN_POINT('',(-7.078788260664,-1.E-01));
#14267 = ( GEOMETRIC_REPRESENTATION_CONTEXT(2) 
PARAMETRIC_REPRESENTATION_CONTEXT() REPRESENTATION_CONTEXT('2D SPACE',''
  ) );
#14268 = PCURVE('',#14107,#14269);
#14269 = DEFINITIONAL_REPRESENTATION('',(#14270),#14273);
#14270 = B_SPLINE_CURVE_WITH_KNOTS('',1,(#14271,#14272),.UNSPECIFIED.,
  .F.,.F.,(2,2),(-1.31,5.999999999062E-07),.PIECEWISE_BEZIER_KNOTS.);
#14271 = CARTESIAN_POINT('',(27.241428720207,0.11));
#14272 = CARTESIAN_POINT('',(27.241428720207,-1.2000006));
#14273 = ( GEOMETRIC_REPRESENTATION_CONTEXT(2) 
PARAMETRIC_REPRESENTATION_CONTEXT() REPRESENTATION_CONTEXT('2D SPACE',''
  ) );
#14274 = ADVANCED_FACE('',(#14275,#14279),#13310,.F.);
#14275 = FACE_BOUND('',#14276,.F.);
#14276 = EDGE_LOOP('',(#14277,#14278));
#14277 = ORIENTED_EDGE('',*,*,#14232,.T.);
#14278 = ORIENTED_EDGE('',*,*,#13295,.T.);
#14279 = FACE_BOUND('',#14280,.F.);
#14280 = EDGE_LOOP('',(#14281));
#14281 = ORIENTED_EDGE('',*,*,#14282,.F.);
#14282 = EDGE_CURVE('',#14283,#14283,#14285,.T.);
#14283 = VERTEX_POINT('',#14284);
#14284 = CARTESIAN_POINT('',(3.,0.,1.49));
#14285 = SURFACE_CURVE('',#14286,(#14291,#14298),.PCURVE_S1.);
#14286 = CIRCLE('',#14287,3.);
#14287 = AXIS2_PLACEMENT_3D('',#14288,#14289,#14290);
#14288 = CARTESIAN_POINT('',(0.,0.,1.49));
#14289 = DIRECTION('',(0.,0.,1.));
#14290 = DIRECTION('',(1.,0.,-0.));
#14291 = PCURVE('',#13310,#14292);
#14292 = DEFINITIONAL_REPRESENTATION('',(#14293),#14297);
#14293 = CIRCLE('',#14294,3.);
#14294 = AXIS2_PLACEMENT_2D('',#14295,#14296);
#14295 = CARTESIAN_POINT('',(5.581388296079E-16,-7.162263714944E-16));
#14296 = DIRECTION('',(1.,0.));
#14297 = ( GEOMETRIC_REPRESENTATION_CONTEXT(2) 
PARAMETRIC_REPRESENTATION_CONTEXT() REPRESENTATION_CONTEXT('2D SPACE',''
  ) );
#14298 = PCURVE('',#14299,#14304);
#14299 = CYLINDRICAL_SURFACE('',#14300,3.);
#14300 = AXIS2_PLACEMENT_3D('',#14301,#14302,#14303);
#14301 = CARTESIAN_POINT('',(0.,0.,1.69));
#14302 = DIRECTION('',(0.,0.,1.));
#14303 = DIRECTION('',(1.,0.,0.));
#14304 = DEFINITIONAL_REPRESENTATION('',(#14305),#14309);
#14305 = LINE('',#14306,#14307);
#14306 = CARTESIAN_POINT('',(0.,-0.2));
#14307 = VECTOR('',#14308,1.);
#14308 = DIRECTION('',(1.,0.));
#14309 = ( GEOMETRIC_REPRESENTATION_CONTEXT(2) 
PARAMETRIC_REPRESENTATION_CONTEXT() REPRESENTATION_CONTEXT('2D SPACE',''
  ) );
#14310 = ADVANCED_FACE('',(#14311,#14473,#14508,#14543,#14578),#13438,
  .T.);
#14311 = FACE_BOUND('',#14312,.T.);
#14312 = EDGE_LOOP('',(#14313,#14314,#14315,#14316,#14317,#14318,#14319,
    #14340,#14366,#14385,#14386,#14405,#14406,#14427,#14453,#14472));
#14313 = ORIENTED_EDGE('',*,*,#13572,.T.);
#14314 = ORIENTED_EDGE('',*,*,#13620,.T.);
#14315 = ORIENTED_EDGE('',*,*,#13669,.T.);
#14316 = ORIENTED_EDGE('',*,*,#13718,.T.);
#14317 = ORIENTED_EDGE('',*,*,#13768,.T.);
#14318 = ORIENTED_EDGE('',*,*,#13905,.F.);
#14319 = ORIENTED_EDGE('',*,*,#14320,.T.);
#14320 = EDGE_CURVE('',#13906,#14321,#14323,.T.);
#14321 = VERTEX_POINT('',#14322);
#14322 = CARTESIAN_POINT('',(11.7,9.8,32.));
#14323 = SURFACE_CURVE('',#14324,(#14328,#14334),.PCURVE_S1.);
#14324 = LINE('',#14325,#14326);
#14325 = CARTESIAN_POINT('',(11.7,4.9,32.));
#14326 = VECTOR('',#14327,1.);
#14327 = DIRECTION('',(-0.,1.,0.));
#14328 = PCURVE('',#13438,#14329);
#14329 = DEFINITIONAL_REPRESENTATION('',(#14330),#14333);
#14330 = B_SPLINE_CURVE_WITH_KNOTS('',1,(#14331,#14332),.UNSPECIFIED.,
  .F.,.F.,(2,2),(-14.7,4.9),.PIECEWISE_BEZIER_KNOTS.);
#14331 = CARTESIAN_POINT('',(-8.85,-9.8));
#14332 = CARTESIAN_POINT('',(-8.85,9.8));
#14333 = ( GEOMETRIC_REPRESENTATION_CONTEXT(2) 
PARAMETRIC_REPRESENTATION_CONTEXT() REPRESENTATION_CONTEXT('2D SPACE',''
  ) );
#14334 = PCURVE('',#13941,#14335);
#14335 = DEFINITIONAL_REPRESENTATION('',(#14336),#14339);
#14336 = B_SPLINE_CURVE_WITH_KNOTS('',1,(#14337,#14338),.UNSPECIFIED.,
  .F.,.F.,(2,2),(-14.7,4.9),.PIECEWISE_BEZIER_KNOTS.);
#14337 = CARTESIAN_POINT('',(19.6,-1.301));
#14338 = CARTESIAN_POINT('',(0.,-1.301));
#14339 = ( GEOMETRIC_REPRESENTATION_CONTEXT(2) 
PARAMETRIC_REPRESENTATION_CONTEXT() REPRESENTATION_CONTEXT('2D SPACE',''
  ) );
#14340 = ORIENTED_EDGE('',*,*,#14341,.T.);
#14341 = EDGE_CURVE('',#14321,#14342,#14344,.T.);
#14342 = VERTEX_POINT('',#14343);
#14343 = CARTESIAN_POINT('',(16.7,9.8,32.));
#14344 = SURFACE_CURVE('',#14345,(#14349,#14355),.PCURVE_S1.);
#14345 = LINE('',#14346,#14347);
#14346 = CARTESIAN_POINT('',(18.625,9.8,32.));
#14347 = VECTOR('',#14348,1.);
#14348 = DIRECTION('',(1.,0.,-0.));
#14349 = PCURVE('',#13438,#14350);
#14350 = DEFINITIONAL_REPRESENTATION('',(#14351),#14354);
#14351 = B_SPLINE_CURVE_WITH_KNOTS('',1,(#14352,#14353),.UNSPECIFIED.,
  .F.,.F.,(2,2),(-6.925,-1.925),.PIECEWISE_BEZIER_KNOTS.);
#14352 = CARTESIAN_POINT('',(-8.85,9.8));
#14353 = CARTESIAN_POINT('',(-3.85,9.8));
#14354 = ( GEOMETRIC_REPRESENTATION_CONTEXT(2) 
PARAMETRIC_REPRESENTATION_CONTEXT() REPRESENTATION_CONTEXT('2D SPACE',''
  ) );
#14355 = PCURVE('',#14356,#14361);
#14356 = PLANE('',#14357);
#14357 = AXIS2_PLACEMENT_3D('',#14358,#14359,#14360);
#14358 = CARTESIAN_POINT('',(16.7,9.8,30.699));
#14359 = DIRECTION('',(0.,-1.,0.));
#14360 = DIRECTION('',(-1.,0.,0.));
#14361 = DEFINITIONAL_REPRESENTATION('',(#14362),#14365);
#14362 = B_SPLINE_CURVE_WITH_KNOTS('',1,(#14363,#14364),.UNSPECIFIED.,
  .F.,.F.,(2,2),(-6.925,-1.925),.PIECEWISE_BEZIER_KNOTS.);
#14363 = CARTESIAN_POINT('',(5.,-1.301));
#14364 = CARTESIAN_POINT('',(0.,-1.301));
#14365 = ( GEOMETRIC_REPRESENTATION_CONTEXT(2) 
PARAMETRIC_REPRESENTATION_CONTEXT() REPRESENTATION_CONTEXT('2D SPACE',''
  ) );
#14366 = ORIENTED_EDGE('',*,*,#14367,.T.);
#14367 = EDGE_CURVE('',#14342,#13816,#14368,.T.);
#14368 = SURFACE_CURVE('',#14369,(#14373,#14379),.PCURVE_S1.);
#14369 = LINE('',#14370,#14371);
#14370 = CARTESIAN_POINT('',(16.7,-4.9,32.));
#14371 = VECTOR('',#14372,1.);
#14372 = DIRECTION('',(0.,-1.,0.));
#14373 = PCURVE('',#13438,#14374);
#14374 = DEFINITIONAL_REPRESENTATION('',(#14375),#14378);
#14375 = B_SPLINE_CURVE_WITH_KNOTS('',1,(#14376,#14377),.UNSPECIFIED.,
  .F.,.F.,(2,2),(-14.7,4.9),.PIECEWISE_BEZIER_KNOTS.);
#14376 = CARTESIAN_POINT('',(-3.85,9.8));
#14377 = CARTESIAN_POINT('',(-3.85,-9.8));
#14378 = ( GEOMETRIC_REPRESENTATION_CONTEXT(2) 
PARAMETRIC_REPRESENTATION_CONTEXT() REPRESENTATION_CONTEXT('2D SPACE',''
  ) );
#14379 = PCURVE('',#13991,#14380);
#14380 = DEFINITIONAL_REPRESENTATION('',(#14381),#14384);
#14381 = B_SPLINE_CURVE_WITH_KNOTS('',1,(#14382,#14383),.UNSPECIFIED.,
  .F.,.F.,(2,2),(-14.7,4.9),.PIECEWISE_BEZIER_KNOTS.);
#14382 = CARTESIAN_POINT('',(19.6,-1.301));
#14383 = CARTESIAN_POINT('',(0.,-1.301));
#14384 = ( GEOMETRIC_REPRESENTATION_CONTEXT(2) 
PARAMETRIC_REPRESENTATION_CONTEXT() REPRESENTATION_CONTEXT('2D SPACE',''
  ) );
#14385 = ORIENTED_EDGE('',*,*,#13813,.F.);
#14386 = ORIENTED_EDGE('',*,*,#14387,.F.);
#14387 = EDGE_CURVE('',#13396,#13814,#14388,.T.);
#14388 = SURFACE_CURVE('',#14389,(#14393,#14399),.PCURVE_S1.);
#14389 = LINE('',#14390,#14391);
#14390 = CARTESIAN_POINT('',(29.4,-4.475,32.));
#14391 = VECTOR('',#14392,1.);
#14392 = DIRECTION('',(0.,1.,-0.));
#14393 = PCURVE('',#13438,#14394);
#14394 = DEFINITIONAL_REPRESENTATION('',(#14395),#14398);
#14395 = B_SPLINE_CURVE_WITH_KNOTS('',1,(#14396,#14397),.UNSPECIFIED.,
  .F.,.F.,(2,2),(-4.475,13.425),.PIECEWISE_BEZIER_KNOTS.);
#14396 = CARTESIAN_POINT('',(8.85,-8.95));
#14397 = CARTESIAN_POINT('',(8.85,8.95));
#14398 = ( GEOMETRIC_REPRESENTATION_CONTEXT(2) 
PARAMETRIC_REPRESENTATION_CONTEXT() REPRESENTATION_CONTEXT('2D SPACE',''
  ) );
#14399 = PCURVE('',#13411,#14400);
#14400 = DEFINITIONAL_REPRESENTATION('',(#14401),#14404);
#14401 = B_SPLINE_CURVE_WITH_KNOTS('',1,(#14402,#14403),.UNSPECIFIED.,
  .F.,.F.,(2,2),(-4.475,13.425),.PIECEWISE_BEZIER_KNOTS.);
#14402 = CARTESIAN_POINT('',(0.,-1.311));
#14403 = CARTESIAN_POINT('',(17.9,-1.311));
#14404 = ( GEOMETRIC_REPRESENTATION_CONTEXT(2) 
PARAMETRIC_REPRESENTATION_CONTEXT() REPRESENTATION_CONTEXT('2D SPACE',''
  ) );
#14405 = ORIENTED_EDGE('',*,*,#13423,.F.);
#14406 = ORIENTED_EDGE('',*,*,#14407,.T.);
#14407 = EDGE_CURVE('',#13424,#14408,#14410,.T.);
#14408 = VERTEX_POINT('',#14409);
#14409 = CARTESIAN_POINT('',(16.7,-9.8,32.));
#14410 = SURFACE_CURVE('',#14411,(#14415,#14421),.PCURVE_S1.);
#14411 = LINE('',#14412,#14413);
#14412 = CARTESIAN_POINT('',(16.7,-4.9,32.));
#14413 = VECTOR('',#14414,1.);
#14414 = DIRECTION('',(0.,-1.,0.));
#14415 = PCURVE('',#13438,#14416);
#14416 = DEFINITIONAL_REPRESENTATION('',(#14417),#14420);
#14417 = B_SPLINE_CURVE_WITH_KNOTS('',1,(#14418,#14419),.UNSPECIFIED.,
  .F.,.F.,(2,2),(-14.7,4.9),.PIECEWISE_BEZIER_KNOTS.);
#14418 = CARTESIAN_POINT('',(-3.85,9.8));
#14419 = CARTESIAN_POINT('',(-3.85,-9.8));
#14420 = ( GEOMETRIC_REPRESENTATION_CONTEXT(2) 
PARAMETRIC_REPRESENTATION_CONTEXT() REPRESENTATION_CONTEXT('2D SPACE',''
  ) );
#14421 = PCURVE('',#13464,#14422);
#14422 = DEFINITIONAL_REPRESENTATION('',(#14423),#14426);
#14423 = B_SPLINE_CURVE_WITH_KNOTS('',1,(#14424,#14425),.UNSPECIFIED.,
  .F.,.F.,(2,2),(-14.7,4.9),.PIECEWISE_BEZIER_KNOTS.);
#14424 = CARTESIAN_POINT('',(19.6,-1.301));
#14425 = CARTESIAN_POINT('',(0.,-1.301));
#14426 = ( GEOMETRIC_REPRESENTATION_CONTEXT(2) 
PARAMETRIC_REPRESENTATION_CONTEXT() REPRESENTATION_CONTEXT('2D SPACE',''
  ) );
#14427 = ORIENTED_EDGE('',*,*,#14428,.T.);
#14428 = EDGE_CURVE('',#14408,#14429,#14431,.T.);
#14429 = VERTEX_POINT('',#14430);
#14430 = CARTESIAN_POINT('',(11.7,-9.8,32.));
#14431 = SURFACE_CURVE('',#14432,(#14436,#14442),.PCURVE_S1.);
#14432 = LINE('',#14433,#14434);
#14433 = CARTESIAN_POINT('',(16.125,-9.8,32.));
#14434 = VECTOR('',#14435,1.);
#14435 = DIRECTION('',(-1.,0.,0.));
#14436 = PCURVE('',#13438,#14437);
#14437 = DEFINITIONAL_REPRESENTATION('',(#14438),#14441);
#14438 = B_SPLINE_CURVE_WITH_KNOTS('',1,(#14439,#14440),.UNSPECIFIED.,
  .F.,.F.,(2,2),(-0.575,4.425),.PIECEWISE_BEZIER_KNOTS.);
#14439 = CARTESIAN_POINT('',(-3.85,-9.8));
#14440 = CARTESIAN_POINT('',(-8.85,-9.8));
#14441 = ( GEOMETRIC_REPRESENTATION_CONTEXT(2) 
PARAMETRIC_REPRESENTATION_CONTEXT() REPRESENTATION_CONTEXT('2D SPACE',''
  ) );
#14442 = PCURVE('',#14443,#14448);
#14443 = PLANE('',#14444);
#14444 = AXIS2_PLACEMENT_3D('',#14445,#14446,#14447);
#14445 = CARTESIAN_POINT('',(11.7,-9.8,30.699));
#14446 = DIRECTION('',(0.,1.,0.));
#14447 = DIRECTION('',(1.,0.,0.));
#14448 = DEFINITIONAL_REPRESENTATION('',(#14449),#14452);
#14449 = B_SPLINE_CURVE_WITH_KNOTS('',1,(#14450,#14451),.UNSPECIFIED.,
  .F.,.F.,(2,2),(-0.575,4.425),.PIECEWISE_BEZIER_KNOTS.);
#14450 = CARTESIAN_POINT('',(5.,-1.301));
#14451 = CARTESIAN_POINT('',(0.,-1.301));
#14452 = ( GEOMETRIC_REPRESENTATION_CONTEXT(2) 
PARAMETRIC_REPRESENTATION_CONTEXT() REPRESENTATION_CONTEXT('2D SPACE',''
  ) );
#14453 = ORIENTED_EDGE('',*,*,#14454,.T.);
#14454 = EDGE_CURVE('',#14429,#13502,#14455,.T.);
#14455 = SURFACE_CURVE('',#14456,(#14460,#14466),.PCURVE_S1.);
#14456 = LINE('',#14457,#14458);
#14457 = CARTESIAN_POINT('',(11.7,4.9,32.));
#14458 = VECTOR('',#14459,1.);
#14459 = DIRECTION('',(-0.,1.,0.));
#14460 = PCURVE('',#13438,#14461);
#14461 = DEFINITIONAL_REPRESENTATION('',(#14462),#14465);
#14462 = B_SPLINE_CURVE_WITH_KNOTS('',1,(#14463,#14464),.UNSPECIFIED.,
  .F.,.F.,(2,2),(-14.7,4.9),.PIECEWISE_BEZIER_KNOTS.);
#14463 = CARTESIAN_POINT('',(-8.85,-9.8));
#14464 = CARTESIAN_POINT('',(-8.85,9.8));
#14465 = ( GEOMETRIC_REPRESENTATION_CONTEXT(2) 
PARAMETRIC_REPRESENTATION_CONTEXT() REPRESENTATION_CONTEXT('2D SPACE',''
  ) );
#14466 = PCURVE('',#13516,#14467);
#14467 = DEFINITIONAL_REPRESENTATION('',(#14468),#14471);
#14468 = B_SPLINE_CURVE_WITH_KNOTS('',1,(#14469,#14470),.UNSPECIFIED.,
  .F.,.F.,(2,2),(-14.7,4.9),.PIECEWISE_BEZIER_KNOTS.);
#14469 = CARTESIAN_POINT('',(19.6,-1.301));
#14470 = CARTESIAN_POINT('',(0.,-1.301));
#14471 = ( GEOMETRIC_REPRESENTATION_CONTEXT(2) 
PARAMETRIC_REPRESENTATION_CONTEXT() REPRESENTATION_CONTEXT('2D SPACE',''
  ) );
#14472 = ORIENTED_EDGE('',*,*,#13527,.F.);
#14473 = FACE_BOUND('',#14474,.T.);
#14474 = EDGE_LOOP('',(#14475));
#14475 = ORIENTED_EDGE('',*,*,#14476,.T.);
#14476 = EDGE_CURVE('',#14477,#14477,#14479,.T.);
#14477 = VERTEX_POINT('',#14478);
#14478 = CARTESIAN_POINT('',(9.55,-10.25,32.));
#14479 = SURFACE_CURVE('',#14480,(#14485,#14496),.PCURVE_S1.);
#14480 = CIRCLE('',#14481,1.25);
#14481 = AXIS2_PLACEMENT_3D('',#14482,#14483,#14484);
#14482 = CARTESIAN_POINT('',(8.3,-10.25,32.));
#14483 = DIRECTION('',(0.,0.,-1.));
#14484 = DIRECTION('',(1.,0.,0.));
#14485 = PCURVE('',#13438,#14486);
#14486 = DEFINITIONAL_REPRESENTATION('',(#14487),#14495);
#14487 = ( BOUNDED_CURVE() B_SPLINE_CURVE(2,(#14488,#14489,#14490,#14491
    ,#14492,#14493,#14494),.UNSPECIFIED.,.T.,.F.) 
B_SPLINE_CURVE_WITH_KNOTS((1,2,2,2,2,1),(-2.094395102393,0.,
    2.094395102393,4.188790204786,6.28318530718,8.377580409573),
.UNSPECIFIED.) CURVE() GEOMETRIC_REPRESENTATION_ITEM() 
RATIONAL_B_SPLINE_CURVE((1.,0.5,1.,0.5,1.,0.5,1.)) REPRESENTATION_ITEM(
  '') );
#14488 = CARTESIAN_POINT('',(-11.,-10.25));
#14489 = CARTESIAN_POINT('',(-11.,-12.41506350946));
#14490 = CARTESIAN_POINT('',(-12.875,-11.33253175473));
#14491 = CARTESIAN_POINT('',(-14.75,-10.25));
#14492 = CARTESIAN_POINT('',(-12.875,-9.167468245269));
#14493 = CARTESIAN_POINT('',(-11.,-8.084936490539));
#14494 = CARTESIAN_POINT('',(-11.,-10.25));
#14495 = ( GEOMETRIC_REPRESENTATION_CONTEXT(2) 
PARAMETRIC_REPRESENTATION_CONTEXT() REPRESENTATION_CONTEXT('2D SPACE',''
  ) );
#14496 = PCURVE('',#14497,#14502);
#14497 = CYLINDRICAL_SURFACE('',#14498,1.25);
#14498 = AXIS2_PLACEMENT_3D('',#14499,#14500,#14501);
#14499 = CARTESIAN_POINT('',(8.3,-10.25,31.7));
#14500 = DIRECTION('',(-0.,-0.,-1.));
#14501 = DIRECTION('',(1.,0.,0.));
#14502 = DEFINITIONAL_REPRESENTATION('',(#14503),#14507);
#14503 = LINE('',#14504,#14505);
#14504 = CARTESIAN_POINT('',(-6.28318530718,-0.3));
#14505 = VECTOR('',#14506,1.);
#14506 = DIRECTION('',(1.,-0.));
#14507 = ( GEOMETRIC_REPRESENTATION_CONTEXT(2) 
PARAMETRIC_REPRESENTATION_CONTEXT() REPRESENTATION_CONTEXT('2D SPACE',''
  ) );
#14508 = FACE_BOUND('',#14509,.T.);
#14509 = EDGE_LOOP('',(#14510));
#14510 = ORIENTED_EDGE('',*,*,#14511,.T.);
#14511 = EDGE_CURVE('',#14512,#14512,#14514,.T.);
#14512 = VERTEX_POINT('',#14513);
#14513 = CARTESIAN_POINT('',(34.,-10.25,32.));
#14514 = SURFACE_CURVE('',#14515,(#14520,#14531),.PCURVE_S1.);
#14515 = CIRCLE('',#14516,1.25);
#14516 = AXIS2_PLACEMENT_3D('',#14517,#14518,#14519);
#14517 = CARTESIAN_POINT('',(32.75,-10.25,32.));
#14518 = DIRECTION('',(0.,0.,-1.));
#14519 = DIRECTION('',(1.,0.,0.));
#14520 = PCURVE('',#13438,#14521);
#14521 = DEFINITIONAL_REPRESENTATION('',(#14522),#14530);
#14522 = ( BOUNDED_CURVE() B_SPLINE_CURVE(2,(#14523,#14524,#14525,#14526
    ,#14527,#14528,#14529),.UNSPECIFIED.,.T.,.F.) 
B_SPLINE_CURVE_WITH_KNOTS((1,2,2,2,2,1),(-2.094395102393,0.,
    2.094395102393,4.188790204786,6.28318530718,8.377580409573),
.UNSPECIFIED.) CURVE() GEOMETRIC_REPRESENTATION_ITEM() 
RATIONAL_B_SPLINE_CURVE((1.,0.5,1.,0.5,1.,0.5,1.)) REPRESENTATION_ITEM(
  '') );
#14523 = CARTESIAN_POINT('',(13.45,-10.25));
#14524 = CARTESIAN_POINT('',(13.45,-12.41506350946));
#14525 = CARTESIAN_POINT('',(11.575,-11.33253175473));
#14526 = CARTESIAN_POINT('',(9.7,-10.25));
#14527 = CARTESIAN_POINT('',(11.575,-9.167468245269));
#14528 = CARTESIAN_POINT('',(13.45,-8.084936490539));
#14529 = CARTESIAN_POINT('',(13.45,-10.25));
#14530 = ( GEOMETRIC_REPRESENTATION_CONTEXT(2) 
PARAMETRIC_REPRESENTATION_CONTEXT() REPRESENTATION_CONTEXT('2D SPACE',''
  ) );
#14531 = PCURVE('',#14532,#14537);
#14532 = CYLINDRICAL_SURFACE('',#14533,1.25);
#14533 = AXIS2_PLACEMENT_3D('',#14534,#14535,#14536);
#14534 = CARTESIAN_POINT('',(32.75,-10.25,31.7));
#14535 = DIRECTION('',(-0.,-0.,-1.));
#14536 = DIRECTION('',(1.,0.,0.));
#14537 = DEFINITIONAL_REPRESENTATION('',(#14538),#14542);
#14538 = LINE('',#14539,#14540);
#14539 = CARTESIAN_POINT('',(-6.28318530718,-0.3));
#14540 = VECTOR('',#14541,1.);
#14541 = DIRECTION('',(1.,-0.));
#14542 = ( GEOMETRIC_REPRESENTATION_CONTEXT(2) 
PARAMETRIC_REPRESENTATION_CONTEXT() REPRESENTATION_CONTEXT('2D SPACE',''
  ) );
#14543 = FACE_BOUND('',#14544,.T.);
#14544 = EDGE_LOOP('',(#14545));
#14545 = ORIENTED_EDGE('',*,*,#14546,.T.);
#14546 = EDGE_CURVE('',#14547,#14547,#14549,.T.);
#14547 = VERTEX_POINT('',#14548);
#14548 = CARTESIAN_POINT('',(9.55,10.25,32.));
#14549 = SURFACE_CURVE('',#14550,(#14555,#14566),.PCURVE_S1.);
#14550 = CIRCLE('',#14551,1.25);
#14551 = AXIS2_PLACEMENT_3D('',#14552,#14553,#14554);
#14552 = CARTESIAN_POINT('',(8.3,10.25,32.));
#14553 = DIRECTION('',(0.,0.,-1.));
#14554 = DIRECTION('',(1.,0.,0.));
#14555 = PCURVE('',#13438,#14556);
#14556 = DEFINITIONAL_REPRESENTATION('',(#14557),#14565);
#14557 = ( BOUNDED_CURVE() B_SPLINE_CURVE(2,(#14558,#14559,#14560,#14561
    ,#14562,#14563,#14564),.UNSPECIFIED.,.T.,.F.) 
B_SPLINE_CURVE_WITH_KNOTS((1,2,2,2,2,1),(-2.094395102393,0.,
    2.094395102393,4.188790204786,6.28318530718,8.377580409573),
.UNSPECIFIED.) CURVE() GEOMETRIC_REPRESENTATION_ITEM() 
RATIONAL_B_SPLINE_CURVE((1.,0.5,1.,0.5,1.,0.5,1.)) REPRESENTATION_ITEM(
  '') );
#14558 = CARTESIAN_POINT('',(-11.,10.25));
#14559 = CARTESIAN_POINT('',(-11.,8.084936490539));
#14560 = CARTESIAN_POINT('',(-12.875,9.167468245269));
#14561 = CARTESIAN_POINT('',(-14.75,10.25));
#14562 = CARTESIAN_POINT('',(-12.875,11.332531754731));
#14563 = CARTESIAN_POINT('',(-11.,12.415063509461));
#14564 = CARTESIAN_POINT('',(-11.,10.25));
#14565 = ( GEOMETRIC_REPRESENTATION_CONTEXT(2) 
PARAMETRIC_REPRESENTATION_CONTEXT() REPRESENTATION_CONTEXT('2D SPACE',''
  ) );
#14566 = PCURVE('',#14567,#14572);
#14567 = CYLINDRICAL_SURFACE('',#14568,1.25);
#14568 = AXIS2_PLACEMENT_3D('',#14569,#14570,#14571);
#14569 = CARTESIAN_POINT('',(8.3,10.25,31.7));
#14570 = DIRECTION('',(-0.,-0.,-1.));
#14571 = DIRECTION('',(1.,0.,0.));
#14572 = DEFINITIONAL_REPRESENTATION('',(#14573),#14577);
#14573 = LINE('',#14574,#14575);
#14574 = CARTESIAN_POINT('',(-6.28318530718,-0.3));
#14575 = VECTOR('',#14576,1.);
#14576 = DIRECTION('',(1.,-0.));
#14577 = ( GEOMETRIC_REPRESENTATION_CONTEXT(2) 
PARAMETRIC_REPRESENTATION_CONTEXT() REPRESENTATION_CONTEXT('2D SPACE',''
  ) );
#14578 = FACE_BOUND('',#14579,.T.);
#14579 = EDGE_LOOP('',(#14580));
#14580 = ORIENTED_EDGE('',*,*,#14581,.T.);
#14581 = EDGE_CURVE('',#14582,#14582,#14584,.T.);
#14582 = VERTEX_POINT('',#14583);
#14583 = CARTESIAN_POINT('',(34.,10.25,32.));
#14584 = SURFACE_CURVE('',#14585,(#14590,#14601),.PCURVE_S1.);
#14585 = CIRCLE('',#14586,1.25);
#14586 = AXIS2_PLACEMENT_3D('',#14587,#14588,#14589);
#14587 = CARTESIAN_POINT('',(32.75,10.25,32.));
#14588 = DIRECTION('',(0.,0.,-1.));
#14589 = DIRECTION('',(1.,0.,0.));
#14590 = PCURVE('',#13438,#14591);
#14591 = DEFINITIONAL_REPRESENTATION('',(#14592),#14600);
#14592 = ( BOUNDED_CURVE() B_SPLINE_CURVE(2,(#14593,#14594,#14595,#14596
    ,#14597,#14598,#14599),.UNSPECIFIED.,.T.,.F.) 
B_SPLINE_CURVE_WITH_KNOTS((1,2,2,2,2,1),(-2.094395102393,0.,
    2.094395102393,4.188790204786,6.28318530718,8.377580409573),
.UNSPECIFIED.) CURVE() GEOMETRIC_REPRESENTATION_ITEM() 
RATIONAL_B_SPLINE_CURVE((1.,0.5,1.,0.5,1.,0.5,1.)) REPRESENTATION_ITEM(
  '') );
#14593 = CARTESIAN_POINT('',(13.45,10.25));
#14594 = CARTESIAN_POINT('',(13.45,8.084936490539));
#14595 = CARTESIAN_POINT('',(11.575,9.167468245269));
#14596 = CARTESIAN_POINT('',(9.7,10.25));
#14597 = CARTESIAN_POINT('',(11.575,11.332531754731));
#14598 = CARTESIAN_POINT('',(13.45,12.415063509461));
#14599 = CARTESIAN_POINT('',(13.45,10.25));
#14600 = ( GEOMETRIC_REPRESENTATION_CONTEXT(2) 
PARAMETRIC_REPRESENTATION_CONTEXT() REPRESENTATION_CONTEXT('2D SPACE',''
  ) );
#14601 = PCURVE('',#14602,#14607);
#14602 = CYLINDRICAL_SURFACE('',#14603,1.25);
#14603 = AXIS2_PLACEMENT_3D('',#14604,#14605,#14606);
#14604 = CARTESIAN_POINT('',(32.75,10.25,31.7));
#14605 = DIRECTION('',(-0.,-0.,-1.));
#14606 = DIRECTION('',(1.,0.,0.));
#14607 = DEFINITIONAL_REPRESENTATION('',(#14608),#14612);
#14608 = LINE('',#14609,#14610);
#14609 = CARTESIAN_POINT('',(-6.28318530718,-0.3));
#14610 = VECTOR('',#14611,1.);
#14611 = DIRECTION('',(1.,-0.));
#14612 = ( GEOMETRIC_REPRESENTATION_CONTEXT(2) 
PARAMETRIC_REPRESENTATION_CONTEXT() REPRESENTATION_CONTEXT('2D SPACE',''
  ) );
#14613 = ADVANCED_FACE('',(#14614),#13516,.T.);
#14614 = FACE_BOUND('',#14615,.T.);
#14615 = EDGE_LOOP('',(#14616,#14639,#14640,#14641));
#14616 = ORIENTED_EDGE('',*,*,#14617,.F.);
#14617 = EDGE_CURVE('',#13476,#14618,#14620,.T.);
#14618 = VERTEX_POINT('',#14619);
#14619 = CARTESIAN_POINT('',(11.7,-9.8,30.699));
#14620 = SURFACE_CURVE('',#14621,(#14625,#14632),.PCURVE_S1.);
#14621 = LINE('',#14622,#14623);
#14622 = CARTESIAN_POINT('',(11.7,9.8,30.699));
#14623 = VECTOR('',#14624,1.);
#14624 = DIRECTION('',(0.,-1.,0.));
#14625 = PCURVE('',#13516,#14626);
#14626 = DEFINITIONAL_REPRESENTATION('',(#14627),#14631);
#14627 = LINE('',#14628,#14629);
#14628 = CARTESIAN_POINT('',(0.,0.));
#14629 = VECTOR('',#14630,1.);
#14630 = DIRECTION('',(1.,0.));
#14631 = ( GEOMETRIC_REPRESENTATION_CONTEXT(2) 
PARAMETRIC_REPRESENTATION_CONTEXT() REPRESENTATION_CONTEXT('2D SPACE',''
  ) );
#14632 = PCURVE('',#13490,#14633);
#14633 = DEFINITIONAL_REPRESENTATION('',(#14634),#14638);
#14634 = LINE('',#14635,#14636);
#14635 = CARTESIAN_POINT('',(-2.5,9.8));
#14636 = VECTOR('',#14637,1.);
#14637 = DIRECTION('',(0.,-1.));
#14638 = ( GEOMETRIC_REPRESENTATION_CONTEXT(2) 
PARAMETRIC_REPRESENTATION_CONTEXT() REPRESENTATION_CONTEXT('2D SPACE',''
  ) );
#14639 = ORIENTED_EDGE('',*,*,#13501,.F.);
#14640 = ORIENTED_EDGE('',*,*,#14454,.F.);
#14641 = ORIENTED_EDGE('',*,*,#14642,.F.);
#14642 = EDGE_CURVE('',#14618,#14429,#14643,.T.);
#14643 = SURFACE_CURVE('',#14644,(#14648,#14655),.PCURVE_S1.);
#14644 = LINE('',#14645,#14646);
#14645 = CARTESIAN_POINT('',(11.7,-9.8,30.699));
#14646 = VECTOR('',#14647,1.);
#14647 = DIRECTION('',(0.,0.,1.));
#14648 = PCURVE('',#13516,#14649);
#14649 = DEFINITIONAL_REPRESENTATION('',(#14650),#14654);
#14650 = LINE('',#14651,#14652);
#14651 = CARTESIAN_POINT('',(19.6,0.));
#14652 = VECTOR('',#14653,1.);
#14653 = DIRECTION('',(0.,-1.));
#14654 = ( GEOMETRIC_REPRESENTATION_CONTEXT(2) 
PARAMETRIC_REPRESENTATION_CONTEXT() REPRESENTATION_CONTEXT('2D SPACE',''
  ) );
#14655 = PCURVE('',#14443,#14656);
#14656 = DEFINITIONAL_REPRESENTATION('',(#14657),#14661);
#14657 = LINE('',#14658,#14659);
#14658 = CARTESIAN_POINT('',(0.,0.));
#14659 = VECTOR('',#14660,1.);
#14660 = DIRECTION('',(0.,-1.));
#14661 = ( GEOMETRIC_REPRESENTATION_CONTEXT(2) 
PARAMETRIC_REPRESENTATION_CONTEXT() REPRESENTATION_CONTEXT('2D SPACE',''
  ) );
#14662 = ADVANCED_FACE('',(#14663),#13490,.T.);
#14663 = FACE_BOUND('',#14664,.T.);
#14664 = EDGE_LOOP('',(#14665,#14666,#14689,#14710));
#14665 = ORIENTED_EDGE('',*,*,#14617,.T.);
#14666 = ORIENTED_EDGE('',*,*,#14667,.T.);
#14667 = EDGE_CURVE('',#14618,#14668,#14670,.T.);
#14668 = VERTEX_POINT('',#14669);
#14669 = CARTESIAN_POINT('',(16.7,-9.8,30.699));
#14670 = SURFACE_CURVE('',#14671,(#14675,#14682),.PCURVE_S1.);
#14671 = LINE('',#14672,#14673);
#14672 = CARTESIAN_POINT('',(11.7,-9.8,30.699));
#14673 = VECTOR('',#14674,1.);
#14674 = DIRECTION('',(1.,0.,0.));
#14675 = PCURVE('',#13490,#14676);
#14676 = DEFINITIONAL_REPRESENTATION('',(#14677),#14681);
#14677 = LINE('',#14678,#14679);
#14678 = CARTESIAN_POINT('',(-2.5,-9.8));
#14679 = VECTOR('',#14680,1.);
#14680 = DIRECTION('',(1.,0.));
#14681 = ( GEOMETRIC_REPRESENTATION_CONTEXT(2) 
PARAMETRIC_REPRESENTATION_CONTEXT() REPRESENTATION_CONTEXT('2D SPACE',''
  ) );
#14682 = PCURVE('',#14443,#14683);
#14683 = DEFINITIONAL_REPRESENTATION('',(#14684),#14688);
#14684 = LINE('',#14685,#14686);
#14685 = CARTESIAN_POINT('',(0.,0.));
#14686 = VECTOR('',#14687,1.);
#14687 = DIRECTION('',(1.,0.));
#14688 = ( GEOMETRIC_REPRESENTATION_CONTEXT(2) 
PARAMETRIC_REPRESENTATION_CONTEXT() REPRESENTATION_CONTEXT('2D SPACE',''
  ) );
#14689 = ORIENTED_EDGE('',*,*,#14690,.T.);
#14690 = EDGE_CURVE('',#14668,#13450,#14691,.T.);
#14691 = SURFACE_CURVE('',#14692,(#14696,#14703),.PCURVE_S1.);
#14692 = LINE('',#14693,#14694);
#14693 = CARTESIAN_POINT('',(16.7,-9.8,30.699));
#14694 = VECTOR('',#14695,1.);
#14695 = DIRECTION('',(0.,1.,0.));
#14696 = PCURVE('',#13490,#14697);
#14697 = DEFINITIONAL_REPRESENTATION('',(#14698),#14702);
#14698 = LINE('',#14699,#14700);
#14699 = CARTESIAN_POINT('',(2.5,-9.8));
#14700 = VECTOR('',#14701,1.);
#14701 = DIRECTION('',(0.,1.));
#14702 = ( GEOMETRIC_REPRESENTATION_CONTEXT(2) 
PARAMETRIC_REPRESENTATION_CONTEXT() REPRESENTATION_CONTEXT('2D SPACE',''
  ) );
#14703 = PCURVE('',#13464,#14704);
#14704 = DEFINITIONAL_REPRESENTATION('',(#14705),#14709);
#14705 = LINE('',#14706,#14707);
#14706 = CARTESIAN_POINT('',(0.,0.));
#14707 = VECTOR('',#14708,1.);
#14708 = DIRECTION('',(1.,0.));
#14709 = ( GEOMETRIC_REPRESENTATION_CONTEXT(2) 
PARAMETRIC_REPRESENTATION_CONTEXT() REPRESENTATION_CONTEXT('2D SPACE',''
  ) );
#14710 = ORIENTED_EDGE('',*,*,#13475,.F.);
#14711 = ADVANCED_FACE('',(#14712),#13464,.T.);
#14712 = FACE_BOUND('',#14713,.T.);
#14713 = EDGE_LOOP('',(#14714,#14715,#14736,#14737));
#14714 = ORIENTED_EDGE('',*,*,#14690,.F.);
#14715 = ORIENTED_EDGE('',*,*,#14716,.T.);
#14716 = EDGE_CURVE('',#14668,#14408,#14717,.T.);
#14717 = SURFACE_CURVE('',#14718,(#14722,#14729),.PCURVE_S1.);
#14718 = LINE('',#14719,#14720);
#14719 = CARTESIAN_POINT('',(16.7,-9.8,30.699));
#14720 = VECTOR('',#14721,1.);
#14721 = DIRECTION('',(0.,0.,1.));
#14722 = PCURVE('',#13464,#14723);
#14723 = DEFINITIONAL_REPRESENTATION('',(#14724),#14728);
#14724 = LINE('',#14725,#14726);
#14725 = CARTESIAN_POINT('',(0.,0.));
#14726 = VECTOR('',#14727,1.);
#14727 = DIRECTION('',(0.,-1.));
#14728 = ( GEOMETRIC_REPRESENTATION_CONTEXT(2) 
PARAMETRIC_REPRESENTATION_CONTEXT() REPRESENTATION_CONTEXT('2D SPACE',''
  ) );
#14729 = PCURVE('',#14443,#14730);
#14730 = DEFINITIONAL_REPRESENTATION('',(#14731),#14735);
#14731 = LINE('',#14732,#14733);
#14732 = CARTESIAN_POINT('',(5.,0.));
#14733 = VECTOR('',#14734,1.);
#14734 = DIRECTION('',(0.,-1.));
#14735 = ( GEOMETRIC_REPRESENTATION_CONTEXT(2) 
PARAMETRIC_REPRESENTATION_CONTEXT() REPRESENTATION_CONTEXT('2D SPACE',''
  ) );
#14736 = ORIENTED_EDGE('',*,*,#14407,.F.);
#14737 = ORIENTED_EDGE('',*,*,#13449,.F.);
#14738 = ADVANCED_FACE('',(#14739),#13411,.F.);
#14739 = FACE_BOUND('',#14740,.F.);
#14740 = EDGE_LOOP('',(#14741,#14742,#14743,#14764));
#14741 = ORIENTED_EDGE('',*,*,#14387,.F.);
#14742 = ORIENTED_EDGE('',*,*,#13395,.T.);
#14743 = ORIENTED_EDGE('',*,*,#14744,.T.);
#14744 = EDGE_CURVE('',#13368,#13837,#14745,.T.);
#14745 = SURFACE_CURVE('',#14746,(#14750,#14757),.PCURVE_S1.);
#14746 = LINE('',#14747,#14748);
#14747 = CARTESIAN_POINT('',(29.4,-8.95,33.789));
#14748 = VECTOR('',#14749,1.);
#14749 = DIRECTION('',(0.,1.,0.));
#14750 = PCURVE('',#13411,#14751);
#14751 = DEFINITIONAL_REPRESENTATION('',(#14752),#14756);
#14752 = LINE('',#14753,#14754);
#14753 = CARTESIAN_POINT('',(0.,-3.1));
#14754 = VECTOR('',#14755,1.);
#14755 = DIRECTION('',(1.,0.));
#14756 = ( GEOMETRIC_REPRESENTATION_CONTEXT(2) 
PARAMETRIC_REPRESENTATION_CONTEXT() REPRESENTATION_CONTEXT('2D SPACE',''
  ) );
#14757 = PCURVE('',#13383,#14758);
#14758 = DEFINITIONAL_REPRESENTATION('',(#14759),#14763);
#14759 = LINE('',#14760,#14761);
#14760 = CARTESIAN_POINT('',(16.2,-8.95));
#14761 = VECTOR('',#14762,1.);
#14762 = DIRECTION('',(0.,1.));
#14763 = ( GEOMETRIC_REPRESENTATION_CONTEXT(2) 
PARAMETRIC_REPRESENTATION_CONTEXT() REPRESENTATION_CONTEXT('2D SPACE',''
  ) );
#14764 = ORIENTED_EDGE('',*,*,#13836,.F.);
#14765 = ADVANCED_FACE('',(#14766,#14772),#13383,.T.);
#14766 = FACE_BOUND('',#14767,.T.);
#14767 = EDGE_LOOP('',(#14768,#14769,#14770,#14771));
#14768 = ORIENTED_EDGE('',*,*,#13367,.T.);
#14769 = ORIENTED_EDGE('',*,*,#14744,.T.);
#14770 = ORIENTED_EDGE('',*,*,#13859,.T.);
#14771 = ORIENTED_EDGE('',*,*,#14006,.T.);
#14772 = FACE_BOUND('',#14773,.T.);
#14773 = EDGE_LOOP('',(#14774));
#14774 = ORIENTED_EDGE('',*,*,#14775,.F.);
#14775 = EDGE_CURVE('',#14776,#14776,#14778,.T.);
#14776 = VERTEX_POINT('',#14777);
#14777 = CARTESIAN_POINT('',(2.95,0.,33.789));
#14778 = SURFACE_CURVE('',#14779,(#14784,#14791),.PCURVE_S1.);
#14779 = CIRCLE('',#14780,2.95);
#14780 = AXIS2_PLACEMENT_3D('',#14781,#14782,#14783);
#14781 = CARTESIAN_POINT('',(0.,0.,33.789));
#14782 = DIRECTION('',(0.,0.,1.));
#14783 = DIRECTION('',(1.,0.,0.));
#14784 = PCURVE('',#13383,#14785);
#14785 = DEFINITIONAL_REPRESENTATION('',(#14786),#14790);
#14786 = CIRCLE('',#14787,2.95);
#14787 = AXIS2_PLACEMENT_2D('',#14788,#14789);
#14788 = CARTESIAN_POINT('',(-13.2,5.650439250577E-16));
#14789 = DIRECTION('',(1.,0.));
#14790 = ( GEOMETRIC_REPRESENTATION_CONTEXT(2) 
PARAMETRIC_REPRESENTATION_CONTEXT() REPRESENTATION_CONTEXT('2D SPACE',''
  ) );
#14791 = PCURVE('',#14792,#14797);
#14792 = CYLINDRICAL_SURFACE('',#14793,2.95);
#14793 = AXIS2_PLACEMENT_3D('',#14794,#14795,#14796);
#14794 = CARTESIAN_POINT('',(0.,0.,33.789));
#14795 = DIRECTION('',(-0.,-0.,-1.));
#14796 = DIRECTION('',(1.,0.,0.));
#14797 = DEFINITIONAL_REPRESENTATION('',(#14798),#14802);
#14798 = LINE('',#14799,#14800);
#14799 = CARTESIAN_POINT('',(-0.,0.));
#14800 = VECTOR('',#14801,1.);
#14801 = DIRECTION('',(-1.,0.));
#14802 = ( GEOMETRIC_REPRESENTATION_CONTEXT(2) 
PARAMETRIC_REPRESENTATION_CONTEXT() REPRESENTATION_CONTEXT('2D SPACE',''
  ) );
#14803 = ADVANCED_FACE('',(#14804),#13991,.T.);
#14804 = FACE_BOUND('',#14805,.T.);
#14805 = EDGE_LOOP('',(#14806,#14829,#14830,#14831));
#14806 = ORIENTED_EDGE('',*,*,#14807,.F.);
#14807 = EDGE_CURVE('',#13953,#14808,#14810,.T.);
#14808 = VERTEX_POINT('',#14809);
#14809 = CARTESIAN_POINT('',(16.7,9.8,30.699));
#14810 = SURFACE_CURVE('',#14811,(#14815,#14822),.PCURVE_S1.);
#14811 = LINE('',#14812,#14813);
#14812 = CARTESIAN_POINT('',(16.7,-9.8,30.699));
#14813 = VECTOR('',#14814,1.);
#14814 = DIRECTION('',(0.,1.,0.));
#14815 = PCURVE('',#13991,#14816);
#14816 = DEFINITIONAL_REPRESENTATION('',(#14817),#14821);
#14817 = LINE('',#14818,#14819);
#14818 = CARTESIAN_POINT('',(0.,0.));
#14819 = VECTOR('',#14820,1.);
#14820 = DIRECTION('',(1.,0.));
#14821 = ( GEOMETRIC_REPRESENTATION_CONTEXT(2) 
PARAMETRIC_REPRESENTATION_CONTEXT() REPRESENTATION_CONTEXT('2D SPACE',''
  ) );
#14822 = PCURVE('',#13967,#14823);
#14823 = DEFINITIONAL_REPRESENTATION('',(#14824),#14828);
#14824 = LINE('',#14825,#14826);
#14825 = CARTESIAN_POINT('',(2.5,-9.8));
#14826 = VECTOR('',#14827,1.);
#14827 = DIRECTION('',(0.,1.));
#14828 = ( GEOMETRIC_REPRESENTATION_CONTEXT(2) 
PARAMETRIC_REPRESENTATION_CONTEXT() REPRESENTATION_CONTEXT('2D SPACE',''
  ) );
#14829 = ORIENTED_EDGE('',*,*,#13978,.F.);
#14830 = ORIENTED_EDGE('',*,*,#14367,.F.);
#14831 = ORIENTED_EDGE('',*,*,#14832,.F.);
#14832 = EDGE_CURVE('',#14808,#14342,#14833,.T.);
#14833 = SURFACE_CURVE('',#14834,(#14838,#14845),.PCURVE_S1.);
#14834 = LINE('',#14835,#14836);
#14835 = CARTESIAN_POINT('',(16.7,9.8,30.699));
#14836 = VECTOR('',#14837,1.);
#14837 = DIRECTION('',(0.,0.,1.));
#14838 = PCURVE('',#13991,#14839);
#14839 = DEFINITIONAL_REPRESENTATION('',(#14840),#14844);
#14840 = LINE('',#14841,#14842);
#14841 = CARTESIAN_POINT('',(19.6,0.));
#14842 = VECTOR('',#14843,1.);
#14843 = DIRECTION('',(0.,-1.));
#14844 = ( GEOMETRIC_REPRESENTATION_CONTEXT(2) 
PARAMETRIC_REPRESENTATION_CONTEXT() REPRESENTATION_CONTEXT('2D SPACE',''
  ) );
#14845 = PCURVE('',#14356,#14846);
#14846 = DEFINITIONAL_REPRESENTATION('',(#14847),#14851);
#14847 = LINE('',#14848,#14849);
#14848 = CARTESIAN_POINT('',(0.,-0.));
#14849 = VECTOR('',#14850,1.);
#14850 = DIRECTION('',(0.,-1.));
#14851 = ( GEOMETRIC_REPRESENTATION_CONTEXT(2) 
PARAMETRIC_REPRESENTATION_CONTEXT() REPRESENTATION_CONTEXT('2D SPACE',''
  ) );
#14852 = ADVANCED_FACE('',(#14853),#13967,.T.);
#14853 = FACE_BOUND('',#14854,.T.);
#14854 = EDGE_LOOP('',(#14855,#14878,#14879,#14880));
#14855 = ORIENTED_EDGE('',*,*,#14856,.T.);
#14856 = EDGE_CURVE('',#14857,#13927,#14859,.T.);
#14857 = VERTEX_POINT('',#14858);
#14858 = CARTESIAN_POINT('',(11.7,9.8,30.699));
#14859 = SURFACE_CURVE('',#14860,(#14864,#14871),.PCURVE_S1.);
#14860 = LINE('',#14861,#14862);
#14861 = CARTESIAN_POINT('',(11.7,9.8,30.699));
#14862 = VECTOR('',#14863,1.);
#14863 = DIRECTION('',(0.,-1.,0.));
#14864 = PCURVE('',#13967,#14865);
#14865 = DEFINITIONAL_REPRESENTATION('',(#14866),#14870);
#14866 = LINE('',#14867,#14868);
#14867 = CARTESIAN_POINT('',(-2.5,9.8));
#14868 = VECTOR('',#14869,1.);
#14869 = DIRECTION('',(0.,-1.));
#14870 = ( GEOMETRIC_REPRESENTATION_CONTEXT(2) 
PARAMETRIC_REPRESENTATION_CONTEXT() REPRESENTATION_CONTEXT('2D SPACE',''
  ) );
#14871 = PCURVE('',#13941,#14872);
#14872 = DEFINITIONAL_REPRESENTATION('',(#14873),#14877);
#14873 = LINE('',#14874,#14875);
#14874 = CARTESIAN_POINT('',(0.,0.));
#14875 = VECTOR('',#14876,1.);
#14876 = DIRECTION('',(1.,0.));
#14877 = ( GEOMETRIC_REPRESENTATION_CONTEXT(2) 
PARAMETRIC_REPRESENTATION_CONTEXT() REPRESENTATION_CONTEXT('2D SPACE',''
  ) );
#14878 = ORIENTED_EDGE('',*,*,#13952,.F.);
#14879 = ORIENTED_EDGE('',*,*,#14807,.T.);
#14880 = ORIENTED_EDGE('',*,*,#14881,.T.);
#14881 = EDGE_CURVE('',#14808,#14857,#14882,.T.);
#14882 = SURFACE_CURVE('',#14883,(#14887,#14894),.PCURVE_S1.);
#14883 = LINE('',#14884,#14885);
#14884 = CARTESIAN_POINT('',(16.7,9.8,30.699));
#14885 = VECTOR('',#14886,1.);
#14886 = DIRECTION('',(-1.,0.,0.));
#14887 = PCURVE('',#13967,#14888);
#14888 = DEFINITIONAL_REPRESENTATION('',(#14889),#14893);
#14889 = LINE('',#14890,#14891);
#14890 = CARTESIAN_POINT('',(2.5,9.8));
#14891 = VECTOR('',#14892,1.);
#14892 = DIRECTION('',(-1.,0.));
#14893 = ( GEOMETRIC_REPRESENTATION_CONTEXT(2) 
PARAMETRIC_REPRESENTATION_CONTEXT() REPRESENTATION_CONTEXT('2D SPACE',''
  ) );
#14894 = PCURVE('',#14356,#14895);
#14895 = DEFINITIONAL_REPRESENTATION('',(#14896),#14900);
#14896 = LINE('',#14897,#14898);
#14897 = CARTESIAN_POINT('',(0.,-0.));
#14898 = VECTOR('',#14899,1.);
#14899 = DIRECTION('',(1.,0.));
#14900 = ( GEOMETRIC_REPRESENTATION_CONTEXT(2) 
PARAMETRIC_REPRESENTATION_CONTEXT() REPRESENTATION_CONTEXT('2D SPACE',''
  ) );
#14901 = ADVANCED_FACE('',(#14902),#13941,.T.);
#14902 = FACE_BOUND('',#14903,.T.);
#14903 = EDGE_LOOP('',(#14904,#14905,#14926,#14927));
#14904 = ORIENTED_EDGE('',*,*,#14856,.F.);
#14905 = ORIENTED_EDGE('',*,*,#14906,.T.);
#14906 = EDGE_CURVE('',#14857,#14321,#14907,.T.);
#14907 = SURFACE_CURVE('',#14908,(#14912,#14919),.PCURVE_S1.);
#14908 = LINE('',#14909,#14910);
#14909 = CARTESIAN_POINT('',(11.7,9.8,30.699));
#14910 = VECTOR('',#14911,1.);
#14911 = DIRECTION('',(0.,0.,1.));
#14912 = PCURVE('',#13941,#14913);
#14913 = DEFINITIONAL_REPRESENTATION('',(#14914),#14918);
#14914 = LINE('',#14915,#14916);
#14915 = CARTESIAN_POINT('',(0.,0.));
#14916 = VECTOR('',#14917,1.);
#14917 = DIRECTION('',(0.,-1.));
#14918 = ( GEOMETRIC_REPRESENTATION_CONTEXT(2) 
PARAMETRIC_REPRESENTATION_CONTEXT() REPRESENTATION_CONTEXT('2D SPACE',''
  ) );
#14919 = PCURVE('',#14356,#14920);
#14920 = DEFINITIONAL_REPRESENTATION('',(#14921),#14925);
#14921 = LINE('',#14922,#14923);
#14922 = CARTESIAN_POINT('',(5.,0.));
#14923 = VECTOR('',#14924,1.);
#14924 = DIRECTION('',(0.,-1.));
#14925 = ( GEOMETRIC_REPRESENTATION_CONTEXT(2) 
PARAMETRIC_REPRESENTATION_CONTEXT() REPRESENTATION_CONTEXT('2D SPACE',''
  ) );
#14926 = ORIENTED_EDGE('',*,*,#14320,.F.);
#14927 = ORIENTED_EDGE('',*,*,#13926,.F.);
#14928 = ADVANCED_FACE('',(#14929),#14161,.T.);
#14929 = FACE_BOUND('',#14930,.T.);
#14930 = EDGE_LOOP('',(#14931,#14932,#14933,#14956));
#14931 = ORIENTED_EDGE('',*,*,#14147,.F.);
#14932 = ORIENTED_EDGE('',*,*,#14211,.T.);
#14933 = ORIENTED_EDGE('',*,*,#14934,.T.);
#14934 = EDGE_CURVE('',#14179,#14935,#14937,.T.);
#14935 = VERTEX_POINT('',#14936);
#14936 = CARTESIAN_POINT('',(34.1,-7.,-1.1));
#14937 = SURFACE_CURVE('',#14938,(#14942,#14949),.PCURVE_S1.);
#14938 = LINE('',#14939,#14940);
#14939 = CARTESIAN_POINT('',(-5.3,-7.,-1.1));
#14940 = VECTOR('',#14941,1.);
#14941 = DIRECTION('',(1.,0.,0.));
#14942 = PCURVE('',#14161,#14943);
#14943 = DEFINITIONAL_REPRESENTATION('',(#14944),#14948);
#14944 = LINE('',#14945,#14946);
#14945 = CARTESIAN_POINT('',(0.,-1.1));
#14946 = VECTOR('',#14947,1.);
#14947 = DIRECTION('',(1.,0.));
#14948 = ( GEOMETRIC_REPRESENTATION_CONTEXT(2) 
PARAMETRIC_REPRESENTATION_CONTEXT() REPRESENTATION_CONTEXT('2D SPACE',''
  ) );
#14949 = PCURVE('',#14195,#14950);
#14950 = DEFINITIONAL_REPRESENTATION('',(#14951),#14955);
#14951 = LINE('',#14952,#14953);
#14952 = CARTESIAN_POINT('',(-19.7,-7.));
#14953 = VECTOR('',#14954,1.);
#14954 = DIRECTION('',(1.,0.));
#14955 = ( GEOMETRIC_REPRESENTATION_CONTEXT(2) 
PARAMETRIC_REPRESENTATION_CONTEXT() REPRESENTATION_CONTEXT('2D SPACE',''
  ) );
#14956 = ORIENTED_EDGE('',*,*,#14957,.F.);
#14957 = EDGE_CURVE('',#14120,#14935,#14958,.T.);
#14958 = SURFACE_CURVE('',#14959,(#14963,#14970),.PCURVE_S1.);
#14959 = LINE('',#14960,#14961);
#14960 = CARTESIAN_POINT('',(34.1,-7.,0.));
#14961 = VECTOR('',#14962,1.);
#14962 = DIRECTION('',(-0.,-0.,-1.));
#14963 = PCURVE('',#14161,#14964);
#14964 = DEFINITIONAL_REPRESENTATION('',(#14965),#14969);
#14965 = LINE('',#14966,#14967);
#14966 = CARTESIAN_POINT('',(39.4,0.));
#14967 = VECTOR('',#14968,1.);
#14968 = DIRECTION('',(0.,-1.));
#14969 = ( GEOMETRIC_REPRESENTATION_CONTEXT(2) 
PARAMETRIC_REPRESENTATION_CONTEXT() REPRESENTATION_CONTEXT('2D SPACE',''
  ) );
#14970 = PCURVE('',#14135,#14971);
#14971 = DEFINITIONAL_REPRESENTATION('',(#14972),#14976);
#14972 = LINE('',#14973,#14974);
#14973 = CARTESIAN_POINT('',(0.,0.));
#14974 = VECTOR('',#14975,1.);
#14975 = DIRECTION('',(0.,-1.));
#14976 = ( GEOMETRIC_REPRESENTATION_CONTEXT(2) 
PARAMETRIC_REPRESENTATION_CONTEXT() REPRESENTATION_CONTEXT('2D SPACE',''
  ) );
#14977 = ADVANCED_FACE('',(#14978),#14135,.T.);
#14978 = FACE_BOUND('',#14979,.T.);
#14979 = EDGE_LOOP('',(#14980,#14981,#15004,#15025));
#14980 = ORIENTED_EDGE('',*,*,#14957,.T.);
#14981 = ORIENTED_EDGE('',*,*,#14982,.T.);
#14982 = EDGE_CURVE('',#14935,#14983,#14985,.T.);
#14983 = VERTEX_POINT('',#14984);
#14984 = CARTESIAN_POINT('',(34.1,7.,-1.1));
#14985 = SURFACE_CURVE('',#14986,(#14990,#14997),.PCURVE_S1.);
#14986 = LINE('',#14987,#14988);
#14987 = CARTESIAN_POINT('',(34.1,-7.,-1.1));
#14988 = VECTOR('',#14989,1.);
#14989 = DIRECTION('',(0.,1.,0.));
#14990 = PCURVE('',#14135,#14991);
#14991 = DEFINITIONAL_REPRESENTATION('',(#14992),#14996);
#14992 = LINE('',#14993,#14994);
#14993 = CARTESIAN_POINT('',(0.,-1.1));
#14994 = VECTOR('',#14995,1.);
#14995 = DIRECTION('',(1.,0.));
#14996 = ( GEOMETRIC_REPRESENTATION_CONTEXT(2) 
PARAMETRIC_REPRESENTATION_CONTEXT() REPRESENTATION_CONTEXT('2D SPACE',''
  ) );
#14997 = PCURVE('',#14195,#14998);
#14998 = DEFINITIONAL_REPRESENTATION('',(#14999),#15003);
#14999 = LINE('',#15000,#15001);
#15000 = CARTESIAN_POINT('',(19.7,-7.));
#15001 = VECTOR('',#15002,1.);
#15002 = DIRECTION('',(0.,1.));
#15003 = ( GEOMETRIC_REPRESENTATION_CONTEXT(2) 
PARAMETRIC_REPRESENTATION_CONTEXT() REPRESENTATION_CONTEXT('2D SPACE',''
  ) );
#15004 = ORIENTED_EDGE('',*,*,#15005,.F.);
#15005 = EDGE_CURVE('',#14092,#14983,#15006,.T.);
#15006 = SURFACE_CURVE('',#15007,(#15011,#15018),.PCURVE_S1.);
#15007 = LINE('',#15008,#15009);
#15008 = CARTESIAN_POINT('',(34.1,7.,0.));
#15009 = VECTOR('',#15010,1.);
#15010 = DIRECTION('',(-0.,-0.,-1.));
#15011 = PCURVE('',#14135,#15012);
#15012 = DEFINITIONAL_REPRESENTATION('',(#15013),#15017);
#15013 = LINE('',#15014,#15015);
#15014 = CARTESIAN_POINT('',(14.,0.));
#15015 = VECTOR('',#15016,1.);
#15016 = DIRECTION('',(0.,-1.));
#15017 = ( GEOMETRIC_REPRESENTATION_CONTEXT(2) 
PARAMETRIC_REPRESENTATION_CONTEXT() REPRESENTATION_CONTEXT('2D SPACE',''
  ) );
#15018 = PCURVE('',#14107,#15019);
#15019 = DEFINITIONAL_REPRESENTATION('',(#15020),#15024);
#15020 = LINE('',#15021,#15022);
#15021 = CARTESIAN_POINT('',(0.,0.));
#15022 = VECTOR('',#15023,1.);
#15023 = DIRECTION('',(0.,-1.));
#15024 = ( GEOMETRIC_REPRESENTATION_CONTEXT(2) 
PARAMETRIC_REPRESENTATION_CONTEXT() REPRESENTATION_CONTEXT('2D SPACE',''
  ) );
#15025 = ORIENTED_EDGE('',*,*,#14119,.F.);
#15026 = ADVANCED_FACE('',(#15027),#14107,.T.);
#15027 = FACE_BOUND('',#15028,.T.);
#15028 = EDGE_LOOP('',(#15029,#15030,#15031,#15052));
#15029 = ORIENTED_EDGE('',*,*,#14091,.F.);
#15030 = ORIENTED_EDGE('',*,*,#15005,.T.);
#15031 = ORIENTED_EDGE('',*,*,#15032,.T.);
#15032 = EDGE_CURVE('',#14983,#14177,#15033,.T.);
#15033 = SURFACE_CURVE('',#15034,(#15038,#15045),.PCURVE_S1.);
#15034 = LINE('',#15035,#15036);
#15035 = CARTESIAN_POINT('',(34.1,7.,-1.1));
#15036 = VECTOR('',#15037,1.);
#15037 = DIRECTION('',(-1.,0.,0.));
#15038 = PCURVE('',#14107,#15039);
#15039 = DEFINITIONAL_REPRESENTATION('',(#15040),#15044);
#15040 = LINE('',#15041,#15042);
#15041 = CARTESIAN_POINT('',(0.,-1.1));
#15042 = VECTOR('',#15043,1.);
#15043 = DIRECTION('',(1.,0.));
#15044 = ( GEOMETRIC_REPRESENTATION_CONTEXT(2) 
PARAMETRIC_REPRESENTATION_CONTEXT() REPRESENTATION_CONTEXT('2D SPACE',''
  ) );
#15045 = PCURVE('',#14195,#15046);
#15046 = DEFINITIONAL_REPRESENTATION('',(#15047),#15051);
#15047 = LINE('',#15048,#15049);
#15048 = CARTESIAN_POINT('',(19.7,7.));
#15049 = VECTOR('',#15050,1.);
#15050 = DIRECTION('',(-1.,0.));
#15051 = ( GEOMETRIC_REPRESENTATION_CONTEXT(2) 
PARAMETRIC_REPRESENTATION_CONTEXT() REPRESENTATION_CONTEXT('2D SPACE',''
  ) );
#15052 = ORIENTED_EDGE('',*,*,#14256,.F.);
#15053 = ADVANCED_FACE('',(#15054),#14195,.F.);
#15054 = FACE_BOUND('',#15055,.F.);
#15055 = EDGE_LOOP('',(#15056,#15057,#15058,#15059));
#15056 = ORIENTED_EDGE('',*,*,#14176,.T.);
#15057 = ORIENTED_EDGE('',*,*,#14934,.T.);
#15058 = ORIENTED_EDGE('',*,*,#14982,.T.);
#15059 = ORIENTED_EDGE('',*,*,#15032,.T.);
#15060 = ADVANCED_FACE('',(#15061),#14299,.T.);
#15061 = FACE_BOUND('',#15062,.T.);
#15062 = EDGE_LOOP('',(#15063,#15064,#15087,#15114));
#15063 = ORIENTED_EDGE('',*,*,#14282,.F.);
#15064 = ORIENTED_EDGE('',*,*,#15065,.T.);
#15065 = EDGE_CURVE('',#14283,#15066,#15068,.T.);
#15066 = VERTEX_POINT('',#15067);
#15067 = CARTESIAN_POINT('',(3.,0.,-0.511));
#15068 = SEAM_CURVE('',#15069,(#15073,#15080),.PCURVE_S1.);
#15069 = LINE('',#15070,#15071);
#15070 = CARTESIAN_POINT('',(3.,0.,1.69));
#15071 = VECTOR('',#15072,1.);
#15072 = DIRECTION('',(-0.,-0.,-1.));
#15073 = PCURVE('',#14299,#15074);
#15074 = DEFINITIONAL_REPRESENTATION('',(#15075),#15079);
#15075 = LINE('',#15076,#15077);
#15076 = CARTESIAN_POINT('',(6.28318530718,0.));
#15077 = VECTOR('',#15078,1.);
#15078 = DIRECTION('',(0.,-1.));
#15079 = ( GEOMETRIC_REPRESENTATION_CONTEXT(2) 
PARAMETRIC_REPRESENTATION_CONTEXT() REPRESENTATION_CONTEXT('2D SPACE',''
  ) );
#15080 = PCURVE('',#14299,#15081);
#15081 = DEFINITIONAL_REPRESENTATION('',(#15082),#15086);
#15082 = LINE('',#15083,#15084);
#15083 = CARTESIAN_POINT('',(0.,0.));
#15084 = VECTOR('',#15085,1.);
#15085 = DIRECTION('',(0.,-1.));
#15086 = ( GEOMETRIC_REPRESENTATION_CONTEXT(2) 
PARAMETRIC_REPRESENTATION_CONTEXT() REPRESENTATION_CONTEXT('2D SPACE',''
  ) );
#15087 = ORIENTED_EDGE('',*,*,#15088,.T.);
#15088 = EDGE_CURVE('',#15066,#15066,#15089,.T.);
#15089 = SURFACE_CURVE('',#15090,(#15095,#15102),.PCURVE_S1.);
#15090 = CIRCLE('',#15091,3.);
#15091 = AXIS2_PLACEMENT_3D('',#15092,#15093,#15094);
#15092 = CARTESIAN_POINT('',(0.,0.,-0.511));
#15093 = DIRECTION('',(0.,0.,1.));
#15094 = DIRECTION('',(1.,0.,0.));
#15095 = PCURVE('',#14299,#15096);
#15096 = DEFINITIONAL_REPRESENTATION('',(#15097),#15101);
#15097 = LINE('',#15098,#15099);
#15098 = CARTESIAN_POINT('',(0.,-2.201));
#15099 = VECTOR('',#15100,1.);
#15100 = DIRECTION('',(1.,0.));
#15101 = ( GEOMETRIC_REPRESENTATION_CONTEXT(2) 
PARAMETRIC_REPRESENTATION_CONTEXT() REPRESENTATION_CONTEXT('2D SPACE',''
  ) );
#15102 = PCURVE('',#15103,#15108);
#15103 = PLANE('',#15104);
#15104 = AXIS2_PLACEMENT_3D('',#15105,#15106,#15107);
#15105 = CARTESIAN_POINT('',(-1.139533443783E-15,1.778797461643E-16,
    -0.511));
#15106 = DIRECTION('',(0.,0.,1.));
#15107 = DIRECTION('',(1.,0.,-0.));
#15108 = DEFINITIONAL_REPRESENTATION('',(#15109),#15113);
#15109 = CIRCLE('',#15110,3.);
#15110 = AXIS2_PLACEMENT_2D('',#15111,#15112);
#15111 = CARTESIAN_POINT('',(1.139533443783E-15,-1.778797461643E-16));
#15112 = DIRECTION('',(1.,0.));
#15113 = ( GEOMETRIC_REPRESENTATION_CONTEXT(2) 
PARAMETRIC_REPRESENTATION_CONTEXT() REPRESENTATION_CONTEXT('2D SPACE',''
  ) );
#15114 = ORIENTED_EDGE('',*,*,#15065,.F.);
#15115 = ADVANCED_FACE('',(#15116),#14443,.T.);
#15116 = FACE_BOUND('',#15117,.T.);
#15117 = EDGE_LOOP('',(#15118,#15119,#15120,#15121));
#15118 = ORIENTED_EDGE('',*,*,#14667,.F.);
#15119 = ORIENTED_EDGE('',*,*,#14642,.T.);
#15120 = ORIENTED_EDGE('',*,*,#14428,.F.);
#15121 = ORIENTED_EDGE('',*,*,#14716,.F.);
#15122 = ADVANCED_FACE('',(#15123),#14356,.T.);
#15123 = FACE_BOUND('',#15124,.T.);
#15124 = EDGE_LOOP('',(#15125,#15126,#15127,#15128));
#15125 = ORIENTED_EDGE('',*,*,#14881,.F.);
#15126 = ORIENTED_EDGE('',*,*,#14832,.T.);
#15127 = ORIENTED_EDGE('',*,*,#14341,.F.);
#15128 = ORIENTED_EDGE('',*,*,#14906,.F.);
#15129 = ADVANCED_FACE('',(#15130),#14497,.F.);
#15130 = FACE_BOUND('',#15131,.T.);
#15131 = EDGE_LOOP('',(#15132,#15161,#15182,#15183));
#15132 = ORIENTED_EDGE('',*,*,#15133,.F.);
#15133 = EDGE_CURVE('',#15134,#15134,#15136,.T.);
#15134 = VERTEX_POINT('',#15135);
#15135 = CARTESIAN_POINT('',(9.55,-10.25,31.7));
#15136 = SURFACE_CURVE('',#15137,(#15142,#15149),.PCURVE_S1.);
#15137 = CIRCLE('',#15138,1.25);
#15138 = AXIS2_PLACEMENT_3D('',#15139,#15140,#15141);
#15139 = CARTESIAN_POINT('',(8.3,-10.25,31.7));
#15140 = DIRECTION('',(0.,0.,1.));
#15141 = DIRECTION('',(1.,0.,0.));
#15142 = PCURVE('',#14497,#15143);
#15143 = DEFINITIONAL_REPRESENTATION('',(#15144),#15148);
#15144 = LINE('',#15145,#15146);
#15145 = CARTESIAN_POINT('',(-0.,0.));
#15146 = VECTOR('',#15147,1.);
#15147 = DIRECTION('',(-1.,0.));
#15148 = ( GEOMETRIC_REPRESENTATION_CONTEXT(2) 
PARAMETRIC_REPRESENTATION_CONTEXT() REPRESENTATION_CONTEXT('2D SPACE',''
  ) );
#15149 = PCURVE('',#15150,#15155);
#15150 = PLANE('',#15151);
#15151 = AXIS2_PLACEMENT_3D('',#15152,#15153,#15154);
#15152 = CARTESIAN_POINT('',(8.3,-10.25,31.7));
#15153 = DIRECTION('',(0.,0.,1.));
#15154 = DIRECTION('',(1.,0.,-0.));
#15155 = DEFINITIONAL_REPRESENTATION('',(#15156),#15160);
#15156 = CIRCLE('',#15157,1.25);
#15157 = AXIS2_PLACEMENT_2D('',#15158,#15159);
#15158 = CARTESIAN_POINT('',(0.,0.));
#15159 = DIRECTION('',(1.,0.));
#15160 = ( GEOMETRIC_REPRESENTATION_CONTEXT(2) 
PARAMETRIC_REPRESENTATION_CONTEXT() REPRESENTATION_CONTEXT('2D SPACE',''
  ) );
#15161 = ORIENTED_EDGE('',*,*,#15162,.T.);
#15162 = EDGE_CURVE('',#15134,#14477,#15163,.T.);
#15163 = SEAM_CURVE('',#15164,(#15168,#15175),.PCURVE_S1.);
#15164 = LINE('',#15165,#15166);
#15165 = CARTESIAN_POINT('',(9.55,-10.25,31.7));
#15166 = VECTOR('',#15167,1.);
#15167 = DIRECTION('',(0.,0.,1.));
#15168 = PCURVE('',#14497,#15169);
#15169 = DEFINITIONAL_REPRESENTATION('',(#15170),#15174);
#15170 = LINE('',#15171,#15172);
#15171 = CARTESIAN_POINT('',(-6.28318530718,0.));
#15172 = VECTOR('',#15173,1.);
#15173 = DIRECTION('',(-0.,-1.));
#15174 = ( GEOMETRIC_REPRESENTATION_CONTEXT(2) 
PARAMETRIC_REPRESENTATION_CONTEXT() REPRESENTATION_CONTEXT('2D SPACE',''
  ) );
#15175 = PCURVE('',#14497,#15176);
#15176 = DEFINITIONAL_REPRESENTATION('',(#15177),#15181);
#15177 = LINE('',#15178,#15179);
#15178 = CARTESIAN_POINT('',(-0.,0.));
#15179 = VECTOR('',#15180,1.);
#15180 = DIRECTION('',(-0.,-1.));
#15181 = ( GEOMETRIC_REPRESENTATION_CONTEXT(2) 
PARAMETRIC_REPRESENTATION_CONTEXT() REPRESENTATION_CONTEXT('2D SPACE',''
  ) );
#15182 = ORIENTED_EDGE('',*,*,#14476,.F.);
#15183 = ORIENTED_EDGE('',*,*,#15162,.F.);
#15184 = ADVANCED_FACE('',(#15185),#14532,.F.);
#15185 = FACE_BOUND('',#15186,.T.);
#15186 = EDGE_LOOP('',(#15187,#15216,#15237,#15238));
#15187 = ORIENTED_EDGE('',*,*,#15188,.F.);
#15188 = EDGE_CURVE('',#15189,#15189,#15191,.T.);
#15189 = VERTEX_POINT('',#15190);
#15190 = CARTESIAN_POINT('',(34.,-10.25,31.7));
#15191 = SURFACE_CURVE('',#15192,(#15197,#15204),.PCURVE_S1.);
#15192 = CIRCLE('',#15193,1.25);
#15193 = AXIS2_PLACEMENT_3D('',#15194,#15195,#15196);
#15194 = CARTESIAN_POINT('',(32.75,-10.25,31.7));
#15195 = DIRECTION('',(0.,0.,1.));
#15196 = DIRECTION('',(1.,0.,0.));
#15197 = PCURVE('',#14532,#15198);
#15198 = DEFINITIONAL_REPRESENTATION('',(#15199),#15203);
#15199 = LINE('',#15200,#15201);
#15200 = CARTESIAN_POINT('',(-0.,0.));
#15201 = VECTOR('',#15202,1.);
#15202 = DIRECTION('',(-1.,0.));
#15203 = ( GEOMETRIC_REPRESENTATION_CONTEXT(2) 
PARAMETRIC_REPRESENTATION_CONTEXT() REPRESENTATION_CONTEXT('2D SPACE',''
  ) );
#15204 = PCURVE('',#15205,#15210);
#15205 = PLANE('',#15206);
#15206 = AXIS2_PLACEMENT_3D('',#15207,#15208,#15209);
#15207 = CARTESIAN_POINT('',(32.75,-10.25,31.7));
#15208 = DIRECTION('',(0.,0.,1.));
#15209 = DIRECTION('',(1.,0.,-0.));
#15210 = DEFINITIONAL_REPRESENTATION('',(#15211),#15215);
#15211 = CIRCLE('',#15212,1.25);
#15212 = AXIS2_PLACEMENT_2D('',#15213,#15214);
#15213 = CARTESIAN_POINT('',(0.,0.));
#15214 = DIRECTION('',(1.,0.));
#15215 = ( GEOMETRIC_REPRESENTATION_CONTEXT(2) 
PARAMETRIC_REPRESENTATION_CONTEXT() REPRESENTATION_CONTEXT('2D SPACE',''
  ) );
#15216 = ORIENTED_EDGE('',*,*,#15217,.T.);
#15217 = EDGE_CURVE('',#15189,#14512,#15218,.T.);
#15218 = SEAM_CURVE('',#15219,(#15223,#15230),.PCURVE_S1.);
#15219 = LINE('',#15220,#15221);
#15220 = CARTESIAN_POINT('',(34.,-10.25,31.7));
#15221 = VECTOR('',#15222,1.);
#15222 = DIRECTION('',(0.,0.,1.));
#15223 = PCURVE('',#14532,#15224);
#15224 = DEFINITIONAL_REPRESENTATION('',(#15225),#15229);
#15225 = LINE('',#15226,#15227);
#15226 = CARTESIAN_POINT('',(-6.28318530718,0.));
#15227 = VECTOR('',#15228,1.);
#15228 = DIRECTION('',(-0.,-1.));
#15229 = ( GEOMETRIC_REPRESENTATION_CONTEXT(2) 
PARAMETRIC_REPRESENTATION_CONTEXT() REPRESENTATION_CONTEXT('2D SPACE',''
  ) );
#15230 = PCURVE('',#14532,#15231);
#15231 = DEFINITIONAL_REPRESENTATION('',(#15232),#15236);
#15232 = LINE('',#15233,#15234);
#15233 = CARTESIAN_POINT('',(-0.,0.));
#15234 = VECTOR('',#15235,1.);
#15235 = DIRECTION('',(-0.,-1.));
#15236 = ( GEOMETRIC_REPRESENTATION_CONTEXT(2) 
PARAMETRIC_REPRESENTATION_CONTEXT() REPRESENTATION_CONTEXT('2D SPACE',''
  ) );
#15237 = ORIENTED_EDGE('',*,*,#14511,.F.);
#15238 = ORIENTED_EDGE('',*,*,#15217,.F.);
#15239 = ADVANCED_FACE('',(#15240),#14567,.F.);
#15240 = FACE_BOUND('',#15241,.T.);
#15241 = EDGE_LOOP('',(#15242,#15271,#15292,#15293));
#15242 = ORIENTED_EDGE('',*,*,#15243,.F.);
#15243 = EDGE_CURVE('',#15244,#15244,#15246,.T.);
#15244 = VERTEX_POINT('',#15245);
#15245 = CARTESIAN_POINT('',(9.55,10.25,31.7));
#15246 = SURFACE_CURVE('',#15247,(#15252,#15259),.PCURVE_S1.);
#15247 = CIRCLE('',#15248,1.25);
#15248 = AXIS2_PLACEMENT_3D('',#15249,#15250,#15251);
#15249 = CARTESIAN_POINT('',(8.3,10.25,31.7));
#15250 = DIRECTION('',(0.,0.,1.));
#15251 = DIRECTION('',(1.,0.,0.));
#15252 = PCURVE('',#14567,#15253);
#15253 = DEFINITIONAL_REPRESENTATION('',(#15254),#15258);
#15254 = LINE('',#15255,#15256);
#15255 = CARTESIAN_POINT('',(-0.,0.));
#15256 = VECTOR('',#15257,1.);
#15257 = DIRECTION('',(-1.,0.));
#15258 = ( GEOMETRIC_REPRESENTATION_CONTEXT(2) 
PARAMETRIC_REPRESENTATION_CONTEXT() REPRESENTATION_CONTEXT('2D SPACE',''
  ) );
#15259 = PCURVE('',#15260,#15265);
#15260 = PLANE('',#15261);
#15261 = AXIS2_PLACEMENT_3D('',#15262,#15263,#15264);
#15262 = CARTESIAN_POINT('',(8.3,10.25,31.7));
#15263 = DIRECTION('',(0.,0.,1.));
#15264 = DIRECTION('',(1.,0.,-0.));
#15265 = DEFINITIONAL_REPRESENTATION('',(#15266),#15270);
#15266 = CIRCLE('',#15267,1.25);
#15267 = AXIS2_PLACEMENT_2D('',#15268,#15269);
#15268 = CARTESIAN_POINT('',(0.,0.));
#15269 = DIRECTION('',(1.,0.));
#15270 = ( GEOMETRIC_REPRESENTATION_CONTEXT(2) 
PARAMETRIC_REPRESENTATION_CONTEXT() REPRESENTATION_CONTEXT('2D SPACE',''
  ) );
#15271 = ORIENTED_EDGE('',*,*,#15272,.T.);
#15272 = EDGE_CURVE('',#15244,#14547,#15273,.T.);
#15273 = SEAM_CURVE('',#15274,(#15278,#15285),.PCURVE_S1.);
#15274 = LINE('',#15275,#15276);
#15275 = CARTESIAN_POINT('',(9.55,10.25,31.7));
#15276 = VECTOR('',#15277,1.);
#15277 = DIRECTION('',(0.,0.,1.));
#15278 = PCURVE('',#14567,#15279);
#15279 = DEFINITIONAL_REPRESENTATION('',(#15280),#15284);
#15280 = LINE('',#15281,#15282);
#15281 = CARTESIAN_POINT('',(-6.28318530718,0.));
#15282 = VECTOR('',#15283,1.);
#15283 = DIRECTION('',(-0.,-1.));
#15284 = ( GEOMETRIC_REPRESENTATION_CONTEXT(2) 
PARAMETRIC_REPRESENTATION_CONTEXT() REPRESENTATION_CONTEXT('2D SPACE',''
  ) );
#15285 = PCURVE('',#14567,#15286);
#15286 = DEFINITIONAL_REPRESENTATION('',(#15287),#15291);
#15287 = LINE('',#15288,#15289);
#15288 = CARTESIAN_POINT('',(-0.,0.));
#15289 = VECTOR('',#15290,1.);
#15290 = DIRECTION('',(-0.,-1.));
#15291 = ( GEOMETRIC_REPRESENTATION_CONTEXT(2) 
PARAMETRIC_REPRESENTATION_CONTEXT() REPRESENTATION_CONTEXT('2D SPACE',''
  ) );
#15292 = ORIENTED_EDGE('',*,*,#14546,.F.);
#15293 = ORIENTED_EDGE('',*,*,#15272,.F.);
#15294 = ADVANCED_FACE('',(#15295),#14602,.F.);
#15295 = FACE_BOUND('',#15296,.T.);
#15296 = EDGE_LOOP('',(#15297,#15326,#15347,#15348));
#15297 = ORIENTED_EDGE('',*,*,#15298,.F.);
#15298 = EDGE_CURVE('',#15299,#15299,#15301,.T.);
#15299 = VERTEX_POINT('',#15300);
#15300 = CARTESIAN_POINT('',(34.,10.25,31.7));
#15301 = SURFACE_CURVE('',#15302,(#15307,#15314),.PCURVE_S1.);
#15302 = CIRCLE('',#15303,1.25);
#15303 = AXIS2_PLACEMENT_3D('',#15304,#15305,#15306);
#15304 = CARTESIAN_POINT('',(32.75,10.25,31.7));
#15305 = DIRECTION('',(0.,0.,1.));
#15306 = DIRECTION('',(1.,0.,0.));
#15307 = PCURVE('',#14602,#15308);
#15308 = DEFINITIONAL_REPRESENTATION('',(#15309),#15313);
#15309 = LINE('',#15310,#15311);
#15310 = CARTESIAN_POINT('',(-0.,0.));
#15311 = VECTOR('',#15312,1.);
#15312 = DIRECTION('',(-1.,0.));
#15313 = ( GEOMETRIC_REPRESENTATION_CONTEXT(2) 
PARAMETRIC_REPRESENTATION_CONTEXT() REPRESENTATION_CONTEXT('2D SPACE',''
  ) );
#15314 = PCURVE('',#15315,#15320);
#15315 = PLANE('',#15316);
#15316 = AXIS2_PLACEMENT_3D('',#15317,#15318,#15319);
#15317 = CARTESIAN_POINT('',(32.75,10.25,31.7));
#15318 = DIRECTION('',(0.,0.,1.));
#15319 = DIRECTION('',(1.,0.,-0.));
#15320 = DEFINITIONAL_REPRESENTATION('',(#15321),#15325);
#15321 = CIRCLE('',#15322,1.25);
#15322 = AXIS2_PLACEMENT_2D('',#15323,#15324);
#15323 = CARTESIAN_POINT('',(0.,0.));
#15324 = DIRECTION('',(1.,0.));
#15325 = ( GEOMETRIC_REPRESENTATION_CONTEXT(2) 
PARAMETRIC_REPRESENTATION_CONTEXT() REPRESENTATION_CONTEXT('2D SPACE',''
  ) );
#15326 = ORIENTED_EDGE('',*,*,#15327,.T.);
#15327 = EDGE_CURVE('',#15299,#14582,#15328,.T.);
#15328 = SEAM_CURVE('',#15329,(#15333,#15340),.PCURVE_S1.);
#15329 = LINE('',#15330,#15331);
#15330 = CARTESIAN_POINT('',(34.,10.25,31.7));
#15331 = VECTOR('',#15332,1.);
#15332 = DIRECTION('',(0.,0.,1.));
#15333 = PCURVE('',#14602,#15334);
#15334 = DEFINITIONAL_REPRESENTATION('',(#15335),#15339);
#15335 = LINE('',#15336,#15337);
#15336 = CARTESIAN_POINT('',(-6.28318530718,0.));
#15337 = VECTOR('',#15338,1.);
#15338 = DIRECTION('',(-0.,-1.));
#15339 = ( GEOMETRIC_REPRESENTATION_CONTEXT(2) 
PARAMETRIC_REPRESENTATION_CONTEXT() REPRESENTATION_CONTEXT('2D SPACE',''
  ) );
#15340 = PCURVE('',#14602,#15341);
#15341 = DEFINITIONAL_REPRESENTATION('',(#15342),#15346);
#15342 = LINE('',#15343,#15344);
#15343 = CARTESIAN_POINT('',(-0.,0.));
#15344 = VECTOR('',#15345,1.);
#15345 = DIRECTION('',(-0.,-1.));
#15346 = ( GEOMETRIC_REPRESENTATION_CONTEXT(2) 
PARAMETRIC_REPRESENTATION_CONTEXT() REPRESENTATION_CONTEXT('2D SPACE',''
  ) );
#15347 = ORIENTED_EDGE('',*,*,#14581,.F.);
#15348 = ORIENTED_EDGE('',*,*,#15327,.F.);
#15349 = ADVANCED_FACE('',(#15350),#14792,.T.);
#15350 = FACE_BOUND('',#15351,.F.);
#15351 = EDGE_LOOP('',(#15352,#15375,#15402,#15403));
#15352 = ORIENTED_EDGE('',*,*,#15353,.T.);
#15353 = EDGE_CURVE('',#14776,#15354,#15356,.T.);
#15354 = VERTEX_POINT('',#15355);
#15355 = CARTESIAN_POINT('',(2.95,0.,34.589));
#15356 = SEAM_CURVE('',#15357,(#15361,#15368),.PCURVE_S1.);
#15357 = LINE('',#15358,#15359);
#15358 = CARTESIAN_POINT('',(2.95,0.,33.789));
#15359 = VECTOR('',#15360,1.);
#15360 = DIRECTION('',(0.,0.,1.));
#15361 = PCURVE('',#14792,#15362);
#15362 = DEFINITIONAL_REPRESENTATION('',(#15363),#15367);
#15363 = LINE('',#15364,#15365);
#15364 = CARTESIAN_POINT('',(-0.,0.));
#15365 = VECTOR('',#15366,1.);
#15366 = DIRECTION('',(-0.,-1.));
#15367 = ( GEOMETRIC_REPRESENTATION_CONTEXT(2) 
PARAMETRIC_REPRESENTATION_CONTEXT() REPRESENTATION_CONTEXT('2D SPACE',''
  ) );
#15368 = PCURVE('',#14792,#15369);
#15369 = DEFINITIONAL_REPRESENTATION('',(#15370),#15374);
#15370 = LINE('',#15371,#15372);
#15371 = CARTESIAN_POINT('',(-6.28318530718,0.));
#15372 = VECTOR('',#15373,1.);
#15373 = DIRECTION('',(-0.,-1.));
#15374 = ( GEOMETRIC_REPRESENTATION_CONTEXT(2) 
PARAMETRIC_REPRESENTATION_CONTEXT() REPRESENTATION_CONTEXT('2D SPACE',''
  ) );
#15375 = ORIENTED_EDGE('',*,*,#15376,.T.);
#15376 = EDGE_CURVE('',#15354,#15354,#15377,.T.);
#15377 = SURFACE_CURVE('',#15378,(#15383,#15390),.PCURVE_S1.);
#15378 = CIRCLE('',#15379,2.95);
#15379 = AXIS2_PLACEMENT_3D('',#15380,#15381,#15382);
#15380 = CARTESIAN_POINT('',(0.,0.,34.589));
#15381 = DIRECTION('',(0.,0.,1.));
#15382 = DIRECTION('',(1.,0.,0.));
#15383 = PCURVE('',#14792,#15384);
#15384 = DEFINITIONAL_REPRESENTATION('',(#15385),#15389);
#15385 = LINE('',#15386,#15387);
#15386 = CARTESIAN_POINT('',(-0.,-0.8));
#15387 = VECTOR('',#15388,1.);
#15388 = DIRECTION('',(-1.,0.));
#15389 = ( GEOMETRIC_REPRESENTATION_CONTEXT(2) 
PARAMETRIC_REPRESENTATION_CONTEXT() REPRESENTATION_CONTEXT('2D SPACE',''
  ) );
#15390 = PCURVE('',#15391,#15396);
#15391 = PLANE('',#15392);
#15392 = AXIS2_PLACEMENT_3D('',#15393,#15394,#15395);
#15393 = CARTESIAN_POINT('',(-2.317695139897E-16,-4.53884492129E-18,
    34.589));
#15394 = DIRECTION('',(0.,0.,1.));
#15395 = DIRECTION('',(1.,0.,-0.));
#15396 = DEFINITIONAL_REPRESENTATION('',(#15397),#15401);
#15397 = CIRCLE('',#15398,2.95);
#15398 = AXIS2_PLACEMENT_2D('',#15399,#15400);
#15399 = CARTESIAN_POINT('',(2.317695139897E-16,4.53884492129E-18));
#15400 = DIRECTION('',(1.,0.));
#15401 = ( GEOMETRIC_REPRESENTATION_CONTEXT(2) 
PARAMETRIC_REPRESENTATION_CONTEXT() REPRESENTATION_CONTEXT('2D SPACE',''
  ) );
#15402 = ORIENTED_EDGE('',*,*,#15353,.F.);
#15403 = ORIENTED_EDGE('',*,*,#14775,.F.);
#15404 = ADVANCED_FACE('',(#15405,#15436,#15471,#15506,#15509,#15544),
  #15103,.T.);
#15405 = FACE_BOUND('',#15406,.T.);
#15406 = EDGE_LOOP('',(#15407));
#15407 = ORIENTED_EDGE('',*,*,#15408,.T.);
#15408 = EDGE_CURVE('',#15409,#15409,#15411,.T.);
#15409 = VERTEX_POINT('',#15410);
#15410 = CARTESIAN_POINT('',(9.6,0.,-0.511));
#15411 = SURFACE_CURVE('',#15412,(#15417,#15424),.PCURVE_S1.);
#15412 = CIRCLE('',#15413,9.6);
#15413 = AXIS2_PLACEMENT_3D('',#15414,#15415,#15416);
#15414 = CARTESIAN_POINT('',(0.,0.,-0.511));
#15415 = DIRECTION('',(0.,0.,1.));
#15416 = DIRECTION('',(1.,0.,0.));
#15417 = PCURVE('',#15103,#15418);
#15418 = DEFINITIONAL_REPRESENTATION('',(#15419),#15423);
#15419 = CIRCLE('',#15420,9.6);
#15420 = AXIS2_PLACEMENT_2D('',#15421,#15422);
#15421 = CARTESIAN_POINT('',(1.139533443783E-15,-1.778797461643E-16));
#15422 = DIRECTION('',(1.,0.));
#15423 = ( GEOMETRIC_REPRESENTATION_CONTEXT(2) 
PARAMETRIC_REPRESENTATION_CONTEXT() REPRESENTATION_CONTEXT('2D SPACE',''
  ) );
#15424 = PCURVE('',#15425,#15430);
#15425 = CYLINDRICAL_SURFACE('',#15426,9.6);
#15426 = AXIS2_PLACEMENT_3D('',#15427,#15428,#15429);
#15427 = CARTESIAN_POINT('',(0.,0.,-0.511));
#15428 = DIRECTION('',(0.,0.,1.));
#15429 = DIRECTION('',(1.,0.,0.));
#15430 = DEFINITIONAL_REPRESENTATION('',(#15431),#15435);
#15431 = LINE('',#15432,#15433);
#15432 = CARTESIAN_POINT('',(0.,0.));
#15433 = VECTOR('',#15434,1.);
#15434 = DIRECTION('',(1.,0.));
#15435 = ( GEOMETRIC_REPRESENTATION_CONTEXT(2) 
PARAMETRIC_REPRESENTATION_CONTEXT() REPRESENTATION_CONTEXT('2D SPACE',''
  ) );
#15436 = FACE_BOUND('',#15437,.T.);
#15437 = EDGE_LOOP('',(#15438));
#15438 = ORIENTED_EDGE('',*,*,#15439,.T.);
#15439 = EDGE_CURVE('',#15440,#15440,#15442,.T.);
#15440 = VERTEX_POINT('',#15441);
#15441 = CARTESIAN_POINT('',(1.25,-7.,-0.511));
#15442 = SURFACE_CURVE('',#15443,(#15448,#15459),.PCURVE_S1.);
#15443 = CIRCLE('',#15444,1.25);
#15444 = AXIS2_PLACEMENT_3D('',#15445,#15446,#15447);
#15445 = CARTESIAN_POINT('',(-1.285879139105E-15,-7.,-0.511));
#15446 = DIRECTION('',(0.,0.,-1.));
#15447 = DIRECTION('',(1.,0.,0.));
#15448 = PCURVE('',#15103,#15449);
#15449 = DEFINITIONAL_REPRESENTATION('',(#15450),#15458);
#15450 = ( BOUNDED_CURVE() B_SPLINE_CURVE(2,(#15451,#15452,#15453,#15454
    ,#15455,#15456,#15457),.UNSPECIFIED.,.T.,.F.) 
B_SPLINE_CURVE_WITH_KNOTS((1,2,2,2,2,1),(-2.094395102393,0.,
    2.094395102393,4.188790204786,6.28318530718,8.377580409573),
.UNSPECIFIED.) CURVE() GEOMETRIC_REPRESENTATION_ITEM() 
RATIONAL_B_SPLINE_CURVE((1.,0.5,1.,0.5,1.,0.5,1.)) REPRESENTATION_ITEM(
  '') );
#15451 = CARTESIAN_POINT('',(1.25,-7.));
#15452 = CARTESIAN_POINT('',(1.25,-9.165063509461));
#15453 = CARTESIAN_POINT('',(-0.625,-8.082531754731));
#15454 = CARTESIAN_POINT('',(-2.5,-7.));
#15455 = CARTESIAN_POINT('',(-0.625,-5.917468245269));
#15456 = CARTESIAN_POINT('',(1.25,-4.834936490539));
#15457 = CARTESIAN_POINT('',(1.25,-7.));
#15458 = ( GEOMETRIC_REPRESENTATION_CONTEXT(2) 
PARAMETRIC_REPRESENTATION_CONTEXT() REPRESENTATION_CONTEXT('2D SPACE',''
  ) );
#15459 = PCURVE('',#15460,#15465);
#15460 = CYLINDRICAL_SURFACE('',#15461,1.25);
#15461 = AXIS2_PLACEMENT_3D('',#15462,#15463,#15464);
#15462 = CARTESIAN_POINT('',(-1.285879139105E-15,-7.,-3.021));
#15463 = DIRECTION('',(-0.,-0.,-1.));
#15464 = DIRECTION('',(1.,0.,0.));
#15465 = DEFINITIONAL_REPRESENTATION('',(#15466),#15470);
#15466 = LINE('',#15467,#15468);
#15467 = CARTESIAN_POINT('',(-6.28318530718,-2.51));
#15468 = VECTOR('',#15469,1.);
#15469 = DIRECTION('',(1.,-0.));
#15470 = ( GEOMETRIC_REPRESENTATION_CONTEXT(2) 
PARAMETRIC_REPRESENTATION_CONTEXT() REPRESENTATION_CONTEXT('2D SPACE',''
  ) );
#15471 = FACE_BOUND('',#15472,.T.);
#15472 = EDGE_LOOP('',(#15473));
#15473 = ORIENTED_EDGE('',*,*,#15474,.T.);
#15474 = EDGE_CURVE('',#15475,#15475,#15477,.T.);
#15475 = VERTEX_POINT('',#15476);
#15476 = CARTESIAN_POINT('',(-5.75,8.572527594031E-16,-0.511));
#15477 = SURFACE_CURVE('',#15478,(#15483,#15494),.PCURVE_S1.);
#15478 = CIRCLE('',#15479,1.25);
#15479 = AXIS2_PLACEMENT_3D('',#15480,#15481,#15482);
#15480 = CARTESIAN_POINT('',(-7.,8.572527594031E-16,-0.511));
#15481 = DIRECTION('',(0.,0.,-1.));
#15482 = DIRECTION('',(1.,0.,0.));
#15483 = PCURVE('',#15103,#15484);
#15484 = DEFINITIONAL_REPRESENTATION('',(#15485),#15493);
#15485 = ( BOUNDED_CURVE() B_SPLINE_CURVE(2,(#15486,#15487,#15488,#15489
    ,#15490,#15491,#15492),.UNSPECIFIED.,.T.,.F.) 
B_SPLINE_CURVE_WITH_KNOTS((1,2,2,2,2,1),(-2.094395102393,0.,
    2.094395102393,4.188790204786,6.28318530718,8.377580409573),
.UNSPECIFIED.) CURVE() GEOMETRIC_REPRESENTATION_ITEM() 
RATIONAL_B_SPLINE_CURVE((1.,0.5,1.,0.5,1.,0.5,1.)) REPRESENTATION_ITEM(
  '') );
#15486 = CARTESIAN_POINT('',(-5.75,6.793730132389E-16));
#15487 = CARTESIAN_POINT('',(-5.75,-2.165063509461));
#15488 = CARTESIAN_POINT('',(-7.625,-1.082531754731));
#15489 = CARTESIAN_POINT('',(-9.5,3.73211313452E-16));
#15490 = CARTESIAN_POINT('',(-7.625,1.082531754731));
#15491 = CARTESIAN_POINT('',(-5.75,2.165063509461));
#15492 = CARTESIAN_POINT('',(-5.75,6.793730132389E-16));
#15493 = ( GEOMETRIC_REPRESENTATION_CONTEXT(2) 
PARAMETRIC_REPRESENTATION_CONTEXT() REPRESENTATION_CONTEXT('2D SPACE',''
  ) );
#15494 = PCURVE('',#15495,#15500);
#15495 = CYLINDRICAL_SURFACE('',#15496,1.25);
#15496 = AXIS2_PLACEMENT_3D('',#15497,#15498,#15499);
#15497 = CARTESIAN_POINT('',(-7.,8.572527594031E-16,-3.021));
#15498 = DIRECTION('',(-0.,-0.,-1.));
#15499 = DIRECTION('',(1.,0.,0.));
#15500 = DEFINITIONAL_REPRESENTATION('',(#15501),#15505);
#15501 = LINE('',#15502,#15503);
#15502 = CARTESIAN_POINT('',(-6.28318530718,-2.51));
#15503 = VECTOR('',#15504,1.);
#15504 = DIRECTION('',(1.,-0.));
#15505 = ( GEOMETRIC_REPRESENTATION_CONTEXT(2) 
PARAMETRIC_REPRESENTATION_CONTEXT() REPRESENTATION_CONTEXT('2D SPACE',''
  ) );
#15506 = FACE_BOUND('',#15507,.T.);
#15507 = EDGE_LOOP('',(#15508));
#15508 = ORIENTED_EDGE('',*,*,#15088,.F.);
#15509 = FACE_BOUND('',#15510,.T.);
#15510 = EDGE_LOOP('',(#15511));
#15511 = ORIENTED_EDGE('',*,*,#15512,.T.);
#15512 = EDGE_CURVE('',#15513,#15513,#15515,.T.);
#15513 = VERTEX_POINT('',#15514);
#15514 = CARTESIAN_POINT('',(8.25,0.,-0.511));
#15515 = SURFACE_CURVE('',#15516,(#15521,#15532),.PCURVE_S1.);
#15516 = CIRCLE('',#15517,1.25);
#15517 = AXIS2_PLACEMENT_3D('',#15518,#15519,#15520);
#15518 = CARTESIAN_POINT('',(7.,0.,-0.511));
#15519 = DIRECTION('',(0.,0.,-1.));
#15520 = DIRECTION('',(1.,0.,0.));
#15521 = PCURVE('',#15103,#15522);
#15522 = DEFINITIONAL_REPRESENTATION('',(#15523),#15531);
#15523 = ( BOUNDED_CURVE() B_SPLINE_CURVE(2,(#15524,#15525,#15526,#15527
    ,#15528,#15529,#15530),.UNSPECIFIED.,.T.,.F.) 
B_SPLINE_CURVE_WITH_KNOTS((1,2,2,2,2,1),(-2.094395102393,0.,
    2.094395102393,4.188790204786,6.28318530718,8.377580409573),
.UNSPECIFIED.) CURVE() GEOMETRIC_REPRESENTATION_ITEM() 
RATIONAL_B_SPLINE_CURVE((1.,0.5,1.,0.5,1.,0.5,1.)) REPRESENTATION_ITEM(
  '') );
#15524 = CARTESIAN_POINT('',(8.25,-1.778797461643E-16));
#15525 = CARTESIAN_POINT('',(8.25,-2.165063509461));
#15526 = CARTESIAN_POINT('',(6.375,-1.082531754731));
#15527 = CARTESIAN_POINT('',(4.5,-4.840414459511E-16));
#15528 = CARTESIAN_POINT('',(6.375,1.082531754731));
#15529 = CARTESIAN_POINT('',(8.25,2.165063509461));
#15530 = CARTESIAN_POINT('',(8.25,-1.778797461643E-16));
#15531 = ( GEOMETRIC_REPRESENTATION_CONTEXT(2) 
PARAMETRIC_REPRESENTATION_CONTEXT() REPRESENTATION_CONTEXT('2D SPACE',''
  ) );
#15532 = PCURVE('',#15533,#15538);
#15533 = CYLINDRICAL_SURFACE('',#15534,1.25);
#15534 = AXIS2_PLACEMENT_3D('',#15535,#15536,#15537);
#15535 = CARTESIAN_POINT('',(7.,0.,-3.021));
#15536 = DIRECTION('',(-0.,-0.,-1.));
#15537 = DIRECTION('',(1.,0.,0.));
#15538 = DEFINITIONAL_REPRESENTATION('',(#15539),#15543);
#15539 = LINE('',#15540,#15541);
#15540 = CARTESIAN_POINT('',(-6.28318530718,-2.51));
#15541 = VECTOR('',#15542,1.);
#15542 = DIRECTION('',(1.,-0.));
#15543 = ( GEOMETRIC_REPRESENTATION_CONTEXT(2) 
PARAMETRIC_REPRESENTATION_CONTEXT() REPRESENTATION_CONTEXT('2D SPACE',''
  ) );
#15544 = FACE_BOUND('',#15545,.T.);
#15545 = EDGE_LOOP('',(#15546));
#15546 = ORIENTED_EDGE('',*,*,#15547,.T.);
#15547 = EDGE_CURVE('',#15548,#15548,#15550,.T.);
#15548 = VERTEX_POINT('',#15549);
#15549 = CARTESIAN_POINT('',(1.25,7.,-0.511));
#15550 = SURFACE_CURVE('',#15551,(#15556,#15567),.PCURVE_S1.);
#15551 = CIRCLE('',#15552,1.25);
#15552 = AXIS2_PLACEMENT_3D('',#15553,#15554,#15555);
#15553 = CARTESIAN_POINT('',(4.286263797016E-16,7.,-0.511));
#15554 = DIRECTION('',(0.,0.,-1.));
#15555 = DIRECTION('',(1.,0.,0.));
#15556 = PCURVE('',#15103,#15557);
#15557 = DEFINITIONAL_REPRESENTATION('',(#15558),#15566);
#15558 = ( BOUNDED_CURVE() B_SPLINE_CURVE(2,(#15559,#15560,#15561,#15562
    ,#15563,#15564,#15565),.UNSPECIFIED.,.T.,.F.) 
B_SPLINE_CURVE_WITH_KNOTS((1,2,2,2,2,1),(-2.094395102393,0.,
    2.094395102393,4.188790204786,6.28318530718,8.377580409573),
.UNSPECIFIED.) CURVE() GEOMETRIC_REPRESENTATION_ITEM() 
RATIONAL_B_SPLINE_CURVE((1.,0.5,1.,0.5,1.,0.5,1.)) REPRESENTATION_ITEM(
  '') );
#15559 = CARTESIAN_POINT('',(1.25,7.));
#15560 = CARTESIAN_POINT('',(1.25,4.834936490539));
#15561 = CARTESIAN_POINT('',(-0.625,5.917468245269));
#15562 = CARTESIAN_POINT('',(-2.5,7.));
#15563 = CARTESIAN_POINT('',(-0.625,8.082531754731));
#15564 = CARTESIAN_POINT('',(1.25,9.165063509461));
#15565 = CARTESIAN_POINT('',(1.25,7.));
#15566 = ( GEOMETRIC_REPRESENTATION_CONTEXT(2) 
PARAMETRIC_REPRESENTATION_CONTEXT() REPRESENTATION_CONTEXT('2D SPACE',''
  ) );
#15567 = PCURVE('',#15568,#15573);
#15568 = CYLINDRICAL_SURFACE('',#15569,1.25);
#15569 = AXIS2_PLACEMENT_3D('',#15570,#15571,#15572);
#15570 = CARTESIAN_POINT('',(4.286263797016E-16,7.,-3.021));
#15571 = DIRECTION('',(-0.,-0.,-1.));
#15572 = DIRECTION('',(1.,0.,0.));
#15573 = DEFINITIONAL_REPRESENTATION('',(#15574),#15578);
#15574 = LINE('',#15575,#15576);
#15575 = CARTESIAN_POINT('',(-6.28318530718,-2.51));
#15576 = VECTOR('',#15577,1.);
#15577 = DIRECTION('',(1.,-0.));
#15578 = ( GEOMETRIC_REPRESENTATION_CONTEXT(2) 
PARAMETRIC_REPRESENTATION_CONTEXT() REPRESENTATION_CONTEXT('2D SPACE',''
  ) );
#15579 = ADVANCED_FACE('',(#15580,#15583),#15150,.T.);
#15580 = FACE_BOUND('',#15581,.T.);
#15581 = EDGE_LOOP('',(#15582));
#15582 = ORIENTED_EDGE('',*,*,#15133,.T.);
#15583 = FACE_BOUND('',#15584,.T.);
#15584 = EDGE_LOOP('',(#15585));
#15585 = ORIENTED_EDGE('',*,*,#15586,.T.);
#15586 = EDGE_CURVE('',#15587,#15587,#15589,.T.);
#15587 = VERTEX_POINT('',#15588);
#15588 = CARTESIAN_POINT('',(9.3,-10.25,31.7));
#15589 = SURFACE_CURVE('',#15590,(#15595,#15606),.PCURVE_S1.);
#15590 = CIRCLE('',#15591,1.);
#15591 = AXIS2_PLACEMENT_3D('',#15592,#15593,#15594);
#15592 = CARTESIAN_POINT('',(8.3,-10.25,31.7));
#15593 = DIRECTION('',(0.,0.,-1.));
#15594 = DIRECTION('',(1.,0.,0.));
#15595 = PCURVE('',#15150,#15596);
#15596 = DEFINITIONAL_REPRESENTATION('',(#15597),#15605);
#15597 = ( BOUNDED_CURVE() B_SPLINE_CURVE(2,(#15598,#15599,#15600,#15601
    ,#15602,#15603,#15604),.UNSPECIFIED.,.T.,.F.) 
B_SPLINE_CURVE_WITH_KNOTS((1,2,2,2,2,1),(-2.094395102393,0.,
    2.094395102393,4.188790204786,6.28318530718,8.377580409573),
.UNSPECIFIED.) CURVE() GEOMETRIC_REPRESENTATION_ITEM() 
RATIONAL_B_SPLINE_CURVE((1.,0.5,1.,0.5,1.,0.5,1.)) REPRESENTATION_ITEM(
  '') );
#15598 = CARTESIAN_POINT('',(1.,0.));
#15599 = CARTESIAN_POINT('',(1.,-1.732050807569));
#15600 = CARTESIAN_POINT('',(-0.5,-0.866025403784));
#15601 = CARTESIAN_POINT('',(-2.,-2.449293598295E-16));
#15602 = CARTESIAN_POINT('',(-0.5,0.866025403784));
#15603 = CARTESIAN_POINT('',(1.,1.732050807569));
#15604 = CARTESIAN_POINT('',(1.,0.));
#15605 = ( GEOMETRIC_REPRESENTATION_CONTEXT(2) 
PARAMETRIC_REPRESENTATION_CONTEXT() REPRESENTATION_CONTEXT('2D SPACE',''
  ) );
#15606 = PCURVE('',#15607,#15612);
#15607 = CYLINDRICAL_SURFACE('',#15608,1.);
#15608 = AXIS2_PLACEMENT_3D('',#15609,#15610,#15611);
#15609 = CARTESIAN_POINT('',(8.3,-10.25,29.));
#15610 = DIRECTION('',(-0.,-0.,-1.));
#15611 = DIRECTION('',(1.,0.,0.));
#15612 = DEFINITIONAL_REPRESENTATION('',(#15613),#15617);
#15613 = LINE('',#15614,#15615);
#15614 = CARTESIAN_POINT('',(-6.28318530718,-2.7));
#15615 = VECTOR('',#15616,1.);
#15616 = DIRECTION('',(1.,-0.));
#15617 = ( GEOMETRIC_REPRESENTATION_CONTEXT(2) 
PARAMETRIC_REPRESENTATION_CONTEXT() REPRESENTATION_CONTEXT('2D SPACE',''
  ) );
#15618 = ADVANCED_FACE('',(#15619,#15622),#15205,.T.);
#15619 = FACE_BOUND('',#15620,.T.);
#15620 = EDGE_LOOP('',(#15621));
#15621 = ORIENTED_EDGE('',*,*,#15188,.T.);
#15622 = FACE_BOUND('',#15623,.T.);
#15623 = EDGE_LOOP('',(#15624));
#15624 = ORIENTED_EDGE('',*,*,#15625,.T.);
#15625 = EDGE_CURVE('',#15626,#15626,#15628,.T.);
#15626 = VERTEX_POINT('',#15627);
#15627 = CARTESIAN_POINT('',(33.75,-10.25,31.7));
#15628 = SURFACE_CURVE('',#15629,(#15634,#15645),.PCURVE_S1.);
#15629 = CIRCLE('',#15630,1.);
#15630 = AXIS2_PLACEMENT_3D('',#15631,#15632,#15633);
#15631 = CARTESIAN_POINT('',(32.75,-10.25,31.7));
#15632 = DIRECTION('',(0.,0.,-1.));
#15633 = DIRECTION('',(1.,0.,0.));
#15634 = PCURVE('',#15205,#15635);
#15635 = DEFINITIONAL_REPRESENTATION('',(#15636),#15644);
#15636 = ( BOUNDED_CURVE() B_SPLINE_CURVE(2,(#15637,#15638,#15639,#15640
    ,#15641,#15642,#15643),.UNSPECIFIED.,.T.,.F.) 
B_SPLINE_CURVE_WITH_KNOTS((1,2,2,2,2,1),(-2.094395102393,0.,
    2.094395102393,4.188790204786,6.28318530718,8.377580409573),
.UNSPECIFIED.) CURVE() GEOMETRIC_REPRESENTATION_ITEM() 
RATIONAL_B_SPLINE_CURVE((1.,0.5,1.,0.5,1.,0.5,1.)) REPRESENTATION_ITEM(
  '') );
#15637 = CARTESIAN_POINT('',(1.,0.));
#15638 = CARTESIAN_POINT('',(1.,-1.732050807569));
#15639 = CARTESIAN_POINT('',(-0.5,-0.866025403784));
#15640 = CARTESIAN_POINT('',(-2.,-2.449293598295E-16));
#15641 = CARTESIAN_POINT('',(-0.5,0.866025403784));
#15642 = CARTESIAN_POINT('',(1.,1.732050807569));
#15643 = CARTESIAN_POINT('',(1.,0.));
#15644 = ( GEOMETRIC_REPRESENTATION_CONTEXT(2) 
PARAMETRIC_REPRESENTATION_CONTEXT() REPRESENTATION_CONTEXT('2D SPACE',''
  ) );
#15645 = PCURVE('',#15646,#15651);
#15646 = CYLINDRICAL_SURFACE('',#15647,1.);
#15647 = AXIS2_PLACEMENT_3D('',#15648,#15649,#15650);
#15648 = CARTESIAN_POINT('',(32.75,-10.25,29.));
#15649 = DIRECTION('',(-0.,-0.,-1.));
#15650 = DIRECTION('',(1.,0.,0.));
#15651 = DEFINITIONAL_REPRESENTATION('',(#15652),#15656);
#15652 = LINE('',#15653,#15654);
#15653 = CARTESIAN_POINT('',(-6.28318530718,-2.7));
#15654 = VECTOR('',#15655,1.);
#15655 = DIRECTION('',(1.,-0.));
#15656 = ( GEOMETRIC_REPRESENTATION_CONTEXT(2) 
PARAMETRIC_REPRESENTATION_CONTEXT() REPRESENTATION_CONTEXT('2D SPACE',''
  ) );
#15657 = ADVANCED_FACE('',(#15658,#15661),#15260,.T.);
#15658 = FACE_BOUND('',#15659,.T.);
#15659 = EDGE_LOOP('',(#15660));
#15660 = ORIENTED_EDGE('',*,*,#15243,.T.);
#15661 = FACE_BOUND('',#15662,.T.);
#15662 = EDGE_LOOP('',(#15663));
#15663 = ORIENTED_EDGE('',*,*,#15664,.T.);
#15664 = EDGE_CURVE('',#15665,#15665,#15667,.T.);
#15665 = VERTEX_POINT('',#15666);
#15666 = CARTESIAN_POINT('',(9.3,10.25,31.7));
#15667 = SURFACE_CURVE('',#15668,(#15673,#15684),.PCURVE_S1.);
#15668 = CIRCLE('',#15669,1.);
#15669 = AXIS2_PLACEMENT_3D('',#15670,#15671,#15672);
#15670 = CARTESIAN_POINT('',(8.3,10.25,31.7));
#15671 = DIRECTION('',(0.,0.,-1.));
#15672 = DIRECTION('',(1.,0.,0.));
#15673 = PCURVE('',#15260,#15674);
#15674 = DEFINITIONAL_REPRESENTATION('',(#15675),#15683);
#15675 = ( BOUNDED_CURVE() B_SPLINE_CURVE(2,(#15676,#15677,#15678,#15679
    ,#15680,#15681,#15682),.UNSPECIFIED.,.T.,.F.) 
B_SPLINE_CURVE_WITH_KNOTS((1,2,2,2,2,1),(-2.094395102393,0.,
    2.094395102393,4.188790204786,6.28318530718,8.377580409573),
.UNSPECIFIED.) CURVE() GEOMETRIC_REPRESENTATION_ITEM() 
RATIONAL_B_SPLINE_CURVE((1.,0.5,1.,0.5,1.,0.5,1.)) REPRESENTATION_ITEM(
  '') );
#15676 = CARTESIAN_POINT('',(1.,0.));
#15677 = CARTESIAN_POINT('',(1.,-1.732050807569));
#15678 = CARTESIAN_POINT('',(-0.5,-0.866025403784));
#15679 = CARTESIAN_POINT('',(-2.,-2.449293598295E-16));
#15680 = CARTESIAN_POINT('',(-0.5,0.866025403784));
#15681 = CARTESIAN_POINT('',(1.,1.732050807569));
#15682 = CARTESIAN_POINT('',(1.,0.));
#15683 = ( GEOMETRIC_REPRESENTATION_CONTEXT(2) 
PARAMETRIC_REPRESENTATION_CONTEXT() REPRESENTATION_CONTEXT('2D SPACE',''
  ) );
#15684 = PCURVE('',#15685,#15690);
#15685 = CYLINDRICAL_SURFACE('',#15686,1.);
#15686 = AXIS2_PLACEMENT_3D('',#15687,#15688,#15689);
#15687 = CARTESIAN_POINT('',(8.3,10.25,29.));
#15688 = DIRECTION('',(-0.,-0.,-1.));
#15689 = DIRECTION('',(1.,0.,0.));
#15690 = DEFINITIONAL_REPRESENTATION('',(#15691),#15695);
#15691 = LINE('',#15692,#15693);
#15692 = CARTESIAN_POINT('',(-6.28318530718,-2.7));
#15693 = VECTOR('',#15694,1.);
#15694 = DIRECTION('',(1.,-0.));
#15695 = ( GEOMETRIC_REPRESENTATION_CONTEXT(2) 
PARAMETRIC_REPRESENTATION_CONTEXT() REPRESENTATION_CONTEXT('2D SPACE',''
  ) );
#15696 = ADVANCED_FACE('',(#15697,#15700),#15315,.T.);
#15697 = FACE_BOUND('',#15698,.T.);
#15698 = EDGE_LOOP('',(#15699));
#15699 = ORIENTED_EDGE('',*,*,#15298,.T.);
#15700 = FACE_BOUND('',#15701,.T.);
#15701 = EDGE_LOOP('',(#15702));
#15702 = ORIENTED_EDGE('',*,*,#15703,.T.);
#15703 = EDGE_CURVE('',#15704,#15704,#15706,.T.);
#15704 = VERTEX_POINT('',#15705);
#15705 = CARTESIAN_POINT('',(33.75,10.25,31.7));
#15706 = SURFACE_CURVE('',#15707,(#15712,#15723),.PCURVE_S1.);
#15707 = CIRCLE('',#15708,1.);
#15708 = AXIS2_PLACEMENT_3D('',#15709,#15710,#15711);
#15709 = CARTESIAN_POINT('',(32.75,10.25,31.7));
#15710 = DIRECTION('',(0.,0.,-1.));
#15711 = DIRECTION('',(1.,0.,0.));
#15712 = PCURVE('',#15315,#15713);
#15713 = DEFINITIONAL_REPRESENTATION('',(#15714),#15722);
#15714 = ( BOUNDED_CURVE() B_SPLINE_CURVE(2,(#15715,#15716,#15717,#15718
    ,#15719,#15720,#15721),.UNSPECIFIED.,.T.,.F.) 
B_SPLINE_CURVE_WITH_KNOTS((1,2,2,2,2,1),(-2.094395102393,0.,
    2.094395102393,4.188790204786,6.28318530718,8.377580409573),
.UNSPECIFIED.) CURVE() GEOMETRIC_REPRESENTATION_ITEM() 
RATIONAL_B_SPLINE_CURVE((1.,0.5,1.,0.5,1.,0.5,1.)) REPRESENTATION_ITEM(
  '') );
#15715 = CARTESIAN_POINT('',(1.,0.));
#15716 = CARTESIAN_POINT('',(1.,-1.732050807569));
#15717 = CARTESIAN_POINT('',(-0.5,-0.866025403784));
#15718 = CARTESIAN_POINT('',(-2.,-2.449293598295E-16));
#15719 = CARTESIAN_POINT('',(-0.5,0.866025403784));
#15720 = CARTESIAN_POINT('',(1.,1.732050807569));
#15721 = CARTESIAN_POINT('',(1.,0.));
#15722 = ( GEOMETRIC_REPRESENTATION_CONTEXT(2) 
PARAMETRIC_REPRESENTATION_CONTEXT() REPRESENTATION_CONTEXT('2D SPACE',''
  ) );
#15723 = PCURVE('',#15724,#15729);
#15724 = CYLINDRICAL_SURFACE('',#15725,1.);
#15725 = AXIS2_PLACEMENT_3D('',#15726,#15727,#15728);
#15726 = CARTESIAN_POINT('',(32.75,10.25,29.));
#15727 = DIRECTION('',(-0.,-0.,-1.));
#15728 = DIRECTION('',(1.,0.,0.));
#15729 = DEFINITIONAL_REPRESENTATION('',(#15730),#15734);
#15730 = LINE('',#15731,#15732);
#15731 = CARTESIAN_POINT('',(-6.28318530718,-2.7));
#15732 = VECTOR('',#15733,1.);
#15733 = DIRECTION('',(1.,-0.));
#15734 = ( GEOMETRIC_REPRESENTATION_CONTEXT(2) 
PARAMETRIC_REPRESENTATION_CONTEXT() REPRESENTATION_CONTEXT('2D SPACE',''
  ) );
#15735 = ADVANCED_FACE('',(#15736),#15391,.T.);
#15736 = FACE_BOUND('',#15737,.T.);
#15737 = EDGE_LOOP('',(#15738));
#15738 = ORIENTED_EDGE('',*,*,#15376,.T.);
#15739 = ADVANCED_FACE('',(#15740),#15425,.T.);
#15740 = FACE_BOUND('',#15741,.T.);
#15741 = EDGE_LOOP('',(#15742,#15765,#15792,#15793));
#15742 = ORIENTED_EDGE('',*,*,#15743,.T.);
#15743 = EDGE_CURVE('',#15409,#15744,#15746,.T.);
#15744 = VERTEX_POINT('',#15745);
#15745 = CARTESIAN_POINT('',(9.6,0.,-3.011));
#15746 = SEAM_CURVE('',#15747,(#15751,#15758),.PCURVE_S1.);
#15747 = LINE('',#15748,#15749);
#15748 = CARTESIAN_POINT('',(9.6,0.,-0.511));
#15749 = VECTOR('',#15750,1.);
#15750 = DIRECTION('',(-0.,-0.,-1.));
#15751 = PCURVE('',#15425,#15752);
#15752 = DEFINITIONAL_REPRESENTATION('',(#15753),#15757);
#15753 = LINE('',#15754,#15755);
#15754 = CARTESIAN_POINT('',(0.,0.));
#15755 = VECTOR('',#15756,1.);
#15756 = DIRECTION('',(0.,-1.));
#15757 = ( GEOMETRIC_REPRESENTATION_CONTEXT(2) 
PARAMETRIC_REPRESENTATION_CONTEXT() REPRESENTATION_CONTEXT('2D SPACE',''
  ) );
#15758 = PCURVE('',#15425,#15759);
#15759 = DEFINITIONAL_REPRESENTATION('',(#15760),#15764);
#15760 = LINE('',#15761,#15762);
#15761 = CARTESIAN_POINT('',(6.28318530718,0.));
#15762 = VECTOR('',#15763,1.);
#15763 = DIRECTION('',(0.,-1.));
#15764 = ( GEOMETRIC_REPRESENTATION_CONTEXT(2) 
PARAMETRIC_REPRESENTATION_CONTEXT() REPRESENTATION_CONTEXT('2D SPACE',''
  ) );
#15765 = ORIENTED_EDGE('',*,*,#15766,.T.);
#15766 = EDGE_CURVE('',#15744,#15744,#15767,.T.);
#15767 = SURFACE_CURVE('',#15768,(#15773,#15780),.PCURVE_S1.);
#15768 = CIRCLE('',#15769,9.6);
#15769 = AXIS2_PLACEMENT_3D('',#15770,#15771,#15772);
#15770 = CARTESIAN_POINT('',(0.,0.,-3.011));
#15771 = DIRECTION('',(0.,0.,1.));
#15772 = DIRECTION('',(1.,0.,0.));
#15773 = PCURVE('',#15425,#15774);
#15774 = DEFINITIONAL_REPRESENTATION('',(#15775),#15779);
#15775 = LINE('',#15776,#15777);
#15776 = CARTESIAN_POINT('',(0.,-2.5));
#15777 = VECTOR('',#15778,1.);
#15778 = DIRECTION('',(1.,0.));
#15779 = ( GEOMETRIC_REPRESENTATION_CONTEXT(2) 
PARAMETRIC_REPRESENTATION_CONTEXT() REPRESENTATION_CONTEXT('2D SPACE',''
  ) );
#15780 = PCURVE('',#15781,#15786);
#15781 = PLANE('',#15782);
#15782 = AXIS2_PLACEMENT_3D('',#15783,#15784,#15785);
#15783 = CARTESIAN_POINT('',(-1.139533443783E-15,1.778797461643E-16,
    -3.011));
#15784 = DIRECTION('',(0.,0.,1.));
#15785 = DIRECTION('',(1.,0.,-0.));
#15786 = DEFINITIONAL_REPRESENTATION('',(#15787),#15791);
#15787 = CIRCLE('',#15788,9.6);
#15788 = AXIS2_PLACEMENT_2D('',#15789,#15790);
#15789 = CARTESIAN_POINT('',(1.139533443783E-15,-1.778797461643E-16));
#15790 = DIRECTION('',(1.,0.));
#15791 = ( GEOMETRIC_REPRESENTATION_CONTEXT(2) 
PARAMETRIC_REPRESENTATION_CONTEXT() REPRESENTATION_CONTEXT('2D SPACE',''
  ) );
#15792 = ORIENTED_EDGE('',*,*,#15743,.F.);
#15793 = ORIENTED_EDGE('',*,*,#15408,.F.);
#15794 = ADVANCED_FACE('',(#15795),#15460,.F.);
#15795 = FACE_BOUND('',#15796,.T.);
#15796 = EDGE_LOOP('',(#15797,#15825,#15846,#15847));
#15797 = ORIENTED_EDGE('',*,*,#15798,.T.);
#15798 = EDGE_CURVE('',#15799,#15799,#15801,.T.);
#15799 = VERTEX_POINT('',#15800);
#15800 = CARTESIAN_POINT('',(1.25,-7.,-3.011));
#15801 = SURFACE_CURVE('',#15802,(#15807,#15814),.PCURVE_S1.);
#15802 = CIRCLE('',#15803,1.25);
#15803 = AXIS2_PLACEMENT_3D('',#15804,#15805,#15806);
#15804 = CARTESIAN_POINT('',(-1.285879139105E-15,-7.,-3.011));
#15805 = DIRECTION('',(0.,0.,-1.));
#15806 = DIRECTION('',(1.,0.,0.));
#15807 = PCURVE('',#15460,#15808);
#15808 = DEFINITIONAL_REPRESENTATION('',(#15809),#15813);
#15809 = LINE('',#15810,#15811);
#15810 = CARTESIAN_POINT('',(-6.28318530718,-1.E-02));
#15811 = VECTOR('',#15812,1.);
#15812 = DIRECTION('',(1.,-0.));
#15813 = ( GEOMETRIC_REPRESENTATION_CONTEXT(2) 
PARAMETRIC_REPRESENTATION_CONTEXT() REPRESENTATION_CONTEXT('2D SPACE',''
  ) );
#15814 = PCURVE('',#15781,#15815);
#15815 = DEFINITIONAL_REPRESENTATION('',(#15816),#15824);
#15816 = ( BOUNDED_CURVE() B_SPLINE_CURVE(2,(#15817,#15818,#15819,#15820
    ,#15821,#15822,#15823),.UNSPECIFIED.,.T.,.F.) 
B_SPLINE_CURVE_WITH_KNOTS((1,2,2,2,2,1),(-2.094395102393,0.,
    2.094395102393,4.188790204786,6.28318530718,8.377580409573),
.UNSPECIFIED.) CURVE() GEOMETRIC_REPRESENTATION_ITEM() 
RATIONAL_B_SPLINE_CURVE((1.,0.5,1.,0.5,1.,0.5,1.)) REPRESENTATION_ITEM(
  '') );
#15817 = CARTESIAN_POINT('',(1.25,-7.));
#15818 = CARTESIAN_POINT('',(1.25,-9.165063509461));
#15819 = CARTESIAN_POINT('',(-0.625,-8.082531754731));
#15820 = CARTESIAN_POINT('',(-2.5,-7.));
#15821 = CARTESIAN_POINT('',(-0.625,-5.917468245269));
#15822 = CARTESIAN_POINT('',(1.25,-4.834936490539));
#15823 = CARTESIAN_POINT('',(1.25,-7.));
#15824 = ( GEOMETRIC_REPRESENTATION_CONTEXT(2) 
PARAMETRIC_REPRESENTATION_CONTEXT() REPRESENTATION_CONTEXT('2D SPACE',''
  ) );
#15825 = ORIENTED_EDGE('',*,*,#15826,.T.);
#15826 = EDGE_CURVE('',#15799,#15440,#15827,.T.);
#15827 = SEAM_CURVE('',#15828,(#15832,#15839),.PCURVE_S1.);
#15828 = LINE('',#15829,#15830);
#15829 = CARTESIAN_POINT('',(1.25,-7.,-3.021));
#15830 = VECTOR('',#15831,1.);
#15831 = DIRECTION('',(0.,0.,1.));
#15832 = PCURVE('',#15460,#15833);
#15833 = DEFINITIONAL_REPRESENTATION('',(#15834),#15838);
#15834 = LINE('',#15835,#15836);
#15835 = CARTESIAN_POINT('',(-6.28318530718,0.));
#15836 = VECTOR('',#15837,1.);
#15837 = DIRECTION('',(-0.,-1.));
#15838 = ( GEOMETRIC_REPRESENTATION_CONTEXT(2) 
PARAMETRIC_REPRESENTATION_CONTEXT() REPRESENTATION_CONTEXT('2D SPACE',''
  ) );
#15839 = PCURVE('',#15460,#15840);
#15840 = DEFINITIONAL_REPRESENTATION('',(#15841),#15845);
#15841 = LINE('',#15842,#15843);
#15842 = CARTESIAN_POINT('',(-0.,0.));
#15843 = VECTOR('',#15844,1.);
#15844 = DIRECTION('',(-0.,-1.));
#15845 = ( GEOMETRIC_REPRESENTATION_CONTEXT(2) 
PARAMETRIC_REPRESENTATION_CONTEXT() REPRESENTATION_CONTEXT('2D SPACE',''
  ) );
#15846 = ORIENTED_EDGE('',*,*,#15439,.F.);
#15847 = ORIENTED_EDGE('',*,*,#15826,.F.);
#15848 = ADVANCED_FACE('',(#15849),#15495,.F.);
#15849 = FACE_BOUND('',#15850,.T.);
#15850 = EDGE_LOOP('',(#15851,#15879,#15900,#15901));
#15851 = ORIENTED_EDGE('',*,*,#15852,.T.);
#15852 = EDGE_CURVE('',#15853,#15853,#15855,.T.);
#15853 = VERTEX_POINT('',#15854);
#15854 = CARTESIAN_POINT('',(-5.75,8.572527594031E-16,-3.011));
#15855 = SURFACE_CURVE('',#15856,(#15861,#15868),.PCURVE_S1.);
#15856 = CIRCLE('',#15857,1.25);
#15857 = AXIS2_PLACEMENT_3D('',#15858,#15859,#15860);
#15858 = CARTESIAN_POINT('',(-7.,8.572527594031E-16,-3.011));
#15859 = DIRECTION('',(0.,0.,-1.));
#15860 = DIRECTION('',(1.,0.,0.));
#15861 = PCURVE('',#15495,#15862);
#15862 = DEFINITIONAL_REPRESENTATION('',(#15863),#15867);
#15863 = LINE('',#15864,#15865);
#15864 = CARTESIAN_POINT('',(-6.28318530718,-1.E-02));
#15865 = VECTOR('',#15866,1.);
#15866 = DIRECTION('',(1.,-0.));
#15867 = ( GEOMETRIC_REPRESENTATION_CONTEXT(2) 
PARAMETRIC_REPRESENTATION_CONTEXT() REPRESENTATION_CONTEXT('2D SPACE',''
  ) );
#15868 = PCURVE('',#15781,#15869);
#15869 = DEFINITIONAL_REPRESENTATION('',(#15870),#15878);
#15870 = ( BOUNDED_CURVE() B_SPLINE_CURVE(2,(#15871,#15872,#15873,#15874
    ,#15875,#15876,#15877),.UNSPECIFIED.,.T.,.F.) 
B_SPLINE_CURVE_WITH_KNOTS((1,2,2,2,2,1),(-2.094395102393,0.,
    2.094395102393,4.188790204786,6.28318530718,8.377580409573),
.UNSPECIFIED.) CURVE() GEOMETRIC_REPRESENTATION_ITEM() 
RATIONAL_B_SPLINE_CURVE((1.,0.5,1.,0.5,1.,0.5,1.)) REPRESENTATION_ITEM(
  '') );
#15871 = CARTESIAN_POINT('',(-5.75,6.793730132389E-16));
#15872 = CARTESIAN_POINT('',(-5.75,-2.165063509461));
#15873 = CARTESIAN_POINT('',(-7.625,-1.082531754731));
#15874 = CARTESIAN_POINT('',(-9.5,3.73211313452E-16));
#15875 = CARTESIAN_POINT('',(-7.625,1.082531754731));
#15876 = CARTESIAN_POINT('',(-5.75,2.165063509461));
#15877 = CARTESIAN_POINT('',(-5.75,6.793730132389E-16));
#15878 = ( GEOMETRIC_REPRESENTATION_CONTEXT(2) 
PARAMETRIC_REPRESENTATION_CONTEXT() REPRESENTATION_CONTEXT('2D SPACE',''
  ) );
#15879 = ORIENTED_EDGE('',*,*,#15880,.T.);
#15880 = EDGE_CURVE('',#15853,#15475,#15881,.T.);
#15881 = SEAM_CURVE('',#15882,(#15886,#15893),.PCURVE_S1.);
#15882 = LINE('',#15883,#15884);
#15883 = CARTESIAN_POINT('',(-5.75,8.572527594031E-16,-3.021));
#15884 = VECTOR('',#15885,1.);
#15885 = DIRECTION('',(0.,0.,1.));
#15886 = PCURVE('',#15495,#15887);
#15887 = DEFINITIONAL_REPRESENTATION('',(#15888),#15892);
#15888 = LINE('',#15889,#15890);
#15889 = CARTESIAN_POINT('',(-6.28318530718,0.));
#15890 = VECTOR('',#15891,1.);
#15891 = DIRECTION('',(-0.,-1.));
#15892 = ( GEOMETRIC_REPRESENTATION_CONTEXT(2) 
PARAMETRIC_REPRESENTATION_CONTEXT() REPRESENTATION_CONTEXT('2D SPACE',''
  ) );
#15893 = PCURVE('',#15495,#15894);
#15894 = DEFINITIONAL_REPRESENTATION('',(#15895),#15899);
#15895 = LINE('',#15896,#15897);
#15896 = CARTESIAN_POINT('',(-0.,0.));
#15897 = VECTOR('',#15898,1.);
#15898 = DIRECTION('',(-0.,-1.));
#15899 = ( GEOMETRIC_REPRESENTATION_CONTEXT(2) 
PARAMETRIC_REPRESENTATION_CONTEXT() REPRESENTATION_CONTEXT('2D SPACE',''
  ) );
#15900 = ORIENTED_EDGE('',*,*,#15474,.F.);
#15901 = ORIENTED_EDGE('',*,*,#15880,.F.);
#15902 = ADVANCED_FACE('',(#15903),#15533,.F.);
#15903 = FACE_BOUND('',#15904,.T.);
#15904 = EDGE_LOOP('',(#15905,#15933,#15954,#15955));
#15905 = ORIENTED_EDGE('',*,*,#15906,.T.);
#15906 = EDGE_CURVE('',#15907,#15907,#15909,.T.);
#15907 = VERTEX_POINT('',#15908);
#15908 = CARTESIAN_POINT('',(8.25,0.,-3.011));
#15909 = SURFACE_CURVE('',#15910,(#15915,#15922),.PCURVE_S1.);
#15910 = CIRCLE('',#15911,1.25);
#15911 = AXIS2_PLACEMENT_3D('',#15912,#15913,#15914);
#15912 = CARTESIAN_POINT('',(7.,0.,-3.011));
#15913 = DIRECTION('',(0.,0.,-1.));
#15914 = DIRECTION('',(1.,0.,0.));
#15915 = PCURVE('',#15533,#15916);
#15916 = DEFINITIONAL_REPRESENTATION('',(#15917),#15921);
#15917 = LINE('',#15918,#15919);
#15918 = CARTESIAN_POINT('',(-6.28318530718,-1.E-02));
#15919 = VECTOR('',#15920,1.);
#15920 = DIRECTION('',(1.,-0.));
#15921 = ( GEOMETRIC_REPRESENTATION_CONTEXT(2) 
PARAMETRIC_REPRESENTATION_CONTEXT() REPRESENTATION_CONTEXT('2D SPACE',''
  ) );
#15922 = PCURVE('',#15781,#15923);
#15923 = DEFINITIONAL_REPRESENTATION('',(#15924),#15932);
#15924 = ( BOUNDED_CURVE() B_SPLINE_CURVE(2,(#15925,#15926,#15927,#15928
    ,#15929,#15930,#15931),.UNSPECIFIED.,.T.,.F.) 
B_SPLINE_CURVE_WITH_KNOTS((1,2,2,2,2,1),(-2.094395102393,0.,
    2.094395102393,4.188790204786,6.28318530718,8.377580409573),
.UNSPECIFIED.) CURVE() GEOMETRIC_REPRESENTATION_ITEM() 
RATIONAL_B_SPLINE_CURVE((1.,0.5,1.,0.5,1.,0.5,1.)) REPRESENTATION_ITEM(
  '') );
#15925 = CARTESIAN_POINT('',(8.25,-1.778797461643E-16));
#15926 = CARTESIAN_POINT('',(8.25,-2.165063509461));
#15927 = CARTESIAN_POINT('',(6.375,-1.082531754731));
#15928 = CARTESIAN_POINT('',(4.5,-4.840414459511E-16));
#15929 = CARTESIAN_POINT('',(6.375,1.082531754731));
#15930 = CARTESIAN_POINT('',(8.25,2.165063509461));
#15931 = CARTESIAN_POINT('',(8.25,-1.778797461643E-16));
#15932 = ( GEOMETRIC_REPRESENTATION_CONTEXT(2) 
PARAMETRIC_REPRESENTATION_CONTEXT() REPRESENTATION_CONTEXT('2D SPACE',''
  ) );
#15933 = ORIENTED_EDGE('',*,*,#15934,.T.);
#15934 = EDGE_CURVE('',#15907,#15513,#15935,.T.);
#15935 = SEAM_CURVE('',#15936,(#15940,#15947),.PCURVE_S1.);
#15936 = LINE('',#15937,#15938);
#15937 = CARTESIAN_POINT('',(8.25,0.,-3.021));
#15938 = VECTOR('',#15939,1.);
#15939 = DIRECTION('',(0.,0.,1.));
#15940 = PCURVE('',#15533,#15941);
#15941 = DEFINITIONAL_REPRESENTATION('',(#15942),#15946);
#15942 = LINE('',#15943,#15944);
#15943 = CARTESIAN_POINT('',(-6.28318530718,0.));
#15944 = VECTOR('',#15945,1.);
#15945 = DIRECTION('',(-0.,-1.));
#15946 = ( GEOMETRIC_REPRESENTATION_CONTEXT(2) 
PARAMETRIC_REPRESENTATION_CONTEXT() REPRESENTATION_CONTEXT('2D SPACE',''
  ) );
#15947 = PCURVE('',#15533,#15948);
#15948 = DEFINITIONAL_REPRESENTATION('',(#15949),#15953);
#15949 = LINE('',#15950,#15951);
#15950 = CARTESIAN_POINT('',(-0.,0.));
#15951 = VECTOR('',#15952,1.);
#15952 = DIRECTION('',(-0.,-1.));
#15953 = ( GEOMETRIC_REPRESENTATION_CONTEXT(2) 
PARAMETRIC_REPRESENTATION_CONTEXT() REPRESENTATION_CONTEXT('2D SPACE',''
  ) );
#15954 = ORIENTED_EDGE('',*,*,#15512,.F.);
#15955 = ORIENTED_EDGE('',*,*,#15934,.F.);
#15956 = ADVANCED_FACE('',(#15957),#15568,.F.);
#15957 = FACE_BOUND('',#15958,.T.);
#15958 = EDGE_LOOP('',(#15959,#15987,#16008,#16009));
#15959 = ORIENTED_EDGE('',*,*,#15960,.T.);
#15960 = EDGE_CURVE('',#15961,#15961,#15963,.T.);
#15961 = VERTEX_POINT('',#15962);
#15962 = CARTESIAN_POINT('',(1.25,7.,-3.011));
#15963 = SURFACE_CURVE('',#15964,(#15969,#15976),.PCURVE_S1.);
#15964 = CIRCLE('',#15965,1.25);
#15965 = AXIS2_PLACEMENT_3D('',#15966,#15967,#15968);
#15966 = CARTESIAN_POINT('',(4.286263797016E-16,7.,-3.011));
#15967 = DIRECTION('',(0.,0.,-1.));
#15968 = DIRECTION('',(1.,0.,0.));
#15969 = PCURVE('',#15568,#15970);
#15970 = DEFINITIONAL_REPRESENTATION('',(#15971),#15975);
#15971 = LINE('',#15972,#15973);
#15972 = CARTESIAN_POINT('',(-6.28318530718,-1.E-02));
#15973 = VECTOR('',#15974,1.);
#15974 = DIRECTION('',(1.,-0.));
#15975 = ( GEOMETRIC_REPRESENTATION_CONTEXT(2) 
PARAMETRIC_REPRESENTATION_CONTEXT() REPRESENTATION_CONTEXT('2D SPACE',''
  ) );
#15976 = PCURVE('',#15781,#15977);
#15977 = DEFINITIONAL_REPRESENTATION('',(#15978),#15986);
#15978 = ( BOUNDED_CURVE() B_SPLINE_CURVE(2,(#15979,#15980,#15981,#15982
    ,#15983,#15984,#15985),.UNSPECIFIED.,.T.,.F.) 
B_SPLINE_CURVE_WITH_KNOTS((1,2,2,2,2,1),(-2.094395102393,0.,
    2.094395102393,4.188790204786,6.28318530718,8.377580409573),
.UNSPECIFIED.) CURVE() GEOMETRIC_REPRESENTATION_ITEM() 
RATIONAL_B_SPLINE_CURVE((1.,0.5,1.,0.5,1.,0.5,1.)) REPRESENTATION_ITEM(
  '') );
#15979 = CARTESIAN_POINT('',(1.25,7.));
#15980 = CARTESIAN_POINT('',(1.25,4.834936490539));
#15981 = CARTESIAN_POINT('',(-0.625,5.917468245269));
#15982 = CARTESIAN_POINT('',(-2.5,7.));
#15983 = CARTESIAN_POINT('',(-0.625,8.082531754731));
#15984 = CARTESIAN_POINT('',(1.25,9.165063509461));
#15985 = CARTESIAN_POINT('',(1.25,7.));
#15986 = ( GEOMETRIC_REPRESENTATION_CONTEXT(2) 
PARAMETRIC_REPRESENTATION_CONTEXT() REPRESENTATION_CONTEXT('2D SPACE',''
  ) );
#15987 = ORIENTED_EDGE('',*,*,#15988,.T.);
#15988 = EDGE_CURVE('',#15961,#15548,#15989,.T.);
#15989 = SEAM_CURVE('',#15990,(#15994,#16001),.PCURVE_S1.);
#15990 = LINE('',#15991,#15992);
#15991 = CARTESIAN_POINT('',(1.25,7.,-3.021));
#15992 = VECTOR('',#15993,1.);
#15993 = DIRECTION('',(0.,0.,1.));
#15994 = PCURVE('',#15568,#15995);
#15995 = DEFINITIONAL_REPRESENTATION('',(#15996),#16000);
#15996 = LINE('',#15997,#15998);
#15997 = CARTESIAN_POINT('',(-6.28318530718,0.));
#15998 = VECTOR('',#15999,1.);
#15999 = DIRECTION('',(-0.,-1.));
#16000 = ( GEOMETRIC_REPRESENTATION_CONTEXT(2) 
PARAMETRIC_REPRESENTATION_CONTEXT() REPRESENTATION_CONTEXT('2D SPACE',''
  ) );
#16001 = PCURVE('',#15568,#16002);
#16002 = DEFINITIONAL_REPRESENTATION('',(#16003),#16007);
#16003 = LINE('',#16004,#16005);
#16004 = CARTESIAN_POINT('',(-0.,0.));
#16005 = VECTOR('',#16006,1.);
#16006 = DIRECTION('',(-0.,-1.));
#16007 = ( GEOMETRIC_REPRESENTATION_CONTEXT(2) 
PARAMETRIC_REPRESENTATION_CONTEXT() REPRESENTATION_CONTEXT('2D SPACE',''
  ) );
#16008 = ORIENTED_EDGE('',*,*,#15547,.F.);
#16009 = ORIENTED_EDGE('',*,*,#15988,.F.);
#16010 = ADVANCED_FACE('',(#16011),#15607,.F.);
#16011 = FACE_BOUND('',#16012,.T.);
#16012 = EDGE_LOOP('',(#16013,#16036,#16063,#16064));
#16013 = ORIENTED_EDGE('',*,*,#16014,.F.);
#16014 = EDGE_CURVE('',#16015,#15587,#16017,.T.);
#16015 = VERTEX_POINT('',#16016);
#16016 = CARTESIAN_POINT('',(9.3,-10.25,29.));
#16017 = SEAM_CURVE('',#16018,(#16022,#16029),.PCURVE_S1.);
#16018 = LINE('',#16019,#16020);
#16019 = CARTESIAN_POINT('',(9.3,-10.25,29.));
#16020 = VECTOR('',#16021,1.);
#16021 = DIRECTION('',(0.,0.,1.));
#16022 = PCURVE('',#15607,#16023);
#16023 = DEFINITIONAL_REPRESENTATION('',(#16024),#16028);
#16024 = LINE('',#16025,#16026);
#16025 = CARTESIAN_POINT('',(-6.28318530718,0.));
#16026 = VECTOR('',#16027,1.);
#16027 = DIRECTION('',(-0.,-1.));
#16028 = ( GEOMETRIC_REPRESENTATION_CONTEXT(2) 
PARAMETRIC_REPRESENTATION_CONTEXT() REPRESENTATION_CONTEXT('2D SPACE',''
  ) );
#16029 = PCURVE('',#15607,#16030);
#16030 = DEFINITIONAL_REPRESENTATION('',(#16031),#16035);
#16031 = LINE('',#16032,#16033);
#16032 = CARTESIAN_POINT('',(-0.,0.));
#16033 = VECTOR('',#16034,1.);
#16034 = DIRECTION('',(-0.,-1.));
#16035 = ( GEOMETRIC_REPRESENTATION_CONTEXT(2) 
PARAMETRIC_REPRESENTATION_CONTEXT() REPRESENTATION_CONTEXT('2D SPACE',''
  ) );
#16036 = ORIENTED_EDGE('',*,*,#16037,.F.);
#16037 = EDGE_CURVE('',#16015,#16015,#16038,.T.);
#16038 = SURFACE_CURVE('',#16039,(#16044,#16051),.PCURVE_S1.);
#16039 = CIRCLE('',#16040,1.);
#16040 = AXIS2_PLACEMENT_3D('',#16041,#16042,#16043);
#16041 = CARTESIAN_POINT('',(8.3,-10.25,29.));
#16042 = DIRECTION('',(0.,0.,1.));
#16043 = DIRECTION('',(1.,0.,0.));
#16044 = PCURVE('',#15607,#16045);
#16045 = DEFINITIONAL_REPRESENTATION('',(#16046),#16050);
#16046 = LINE('',#16047,#16048);
#16047 = CARTESIAN_POINT('',(-0.,0.));
#16048 = VECTOR('',#16049,1.);
#16049 = DIRECTION('',(-1.,0.));
#16050 = ( GEOMETRIC_REPRESENTATION_CONTEXT(2) 
PARAMETRIC_REPRESENTATION_CONTEXT() REPRESENTATION_CONTEXT('2D SPACE',''
  ) );
#16051 = PCURVE('',#16052,#16057);
#16052 = PLANE('',#16053);
#16053 = AXIS2_PLACEMENT_3D('',#16054,#16055,#16056);
#16054 = CARTESIAN_POINT('',(8.3,-10.25,29.));
#16055 = DIRECTION('',(0.,0.,1.));
#16056 = DIRECTION('',(1.,0.,-0.));
#16057 = DEFINITIONAL_REPRESENTATION('',(#16058),#16062);
#16058 = CIRCLE('',#16059,1.);
#16059 = AXIS2_PLACEMENT_2D('',#16060,#16061);
#16060 = CARTESIAN_POINT('',(0.,0.));
#16061 = DIRECTION('',(1.,0.));
#16062 = ( GEOMETRIC_REPRESENTATION_CONTEXT(2) 
PARAMETRIC_REPRESENTATION_CONTEXT() REPRESENTATION_CONTEXT('2D SPACE',''
  ) );
#16063 = ORIENTED_EDGE('',*,*,#16014,.T.);
#16064 = ORIENTED_EDGE('',*,*,#15586,.F.);
#16065 = ADVANCED_FACE('',(#16066),#15646,.F.);
#16066 = FACE_BOUND('',#16067,.T.);
#16067 = EDGE_LOOP('',(#16068,#16091,#16118,#16119));
#16068 = ORIENTED_EDGE('',*,*,#16069,.F.);
#16069 = EDGE_CURVE('',#16070,#15626,#16072,.T.);
#16070 = VERTEX_POINT('',#16071);
#16071 = CARTESIAN_POINT('',(33.75,-10.25,29.));
#16072 = SEAM_CURVE('',#16073,(#16077,#16084),.PCURVE_S1.);
#16073 = LINE('',#16074,#16075);
#16074 = CARTESIAN_POINT('',(33.75,-10.25,29.));
#16075 = VECTOR('',#16076,1.);
#16076 = DIRECTION('',(0.,0.,1.));
#16077 = PCURVE('',#15646,#16078);
#16078 = DEFINITIONAL_REPRESENTATION('',(#16079),#16083);
#16079 = LINE('',#16080,#16081);
#16080 = CARTESIAN_POINT('',(-6.28318530718,0.));
#16081 = VECTOR('',#16082,1.);
#16082 = DIRECTION('',(-0.,-1.));
#16083 = ( GEOMETRIC_REPRESENTATION_CONTEXT(2) 
PARAMETRIC_REPRESENTATION_CONTEXT() REPRESENTATION_CONTEXT('2D SPACE',''
  ) );
#16084 = PCURVE('',#15646,#16085);
#16085 = DEFINITIONAL_REPRESENTATION('',(#16086),#16090);
#16086 = LINE('',#16087,#16088);
#16087 = CARTESIAN_POINT('',(-0.,0.));
#16088 = VECTOR('',#16089,1.);
#16089 = DIRECTION('',(-0.,-1.));
#16090 = ( GEOMETRIC_REPRESENTATION_CONTEXT(2) 
PARAMETRIC_REPRESENTATION_CONTEXT() REPRESENTATION_CONTEXT('2D SPACE',''
  ) );
#16091 = ORIENTED_EDGE('',*,*,#16092,.F.);
#16092 = EDGE_CURVE('',#16070,#16070,#16093,.T.);
#16093 = SURFACE_CURVE('',#16094,(#16099,#16106),.PCURVE_S1.);
#16094 = CIRCLE('',#16095,1.);
#16095 = AXIS2_PLACEMENT_3D('',#16096,#16097,#16098);
#16096 = CARTESIAN_POINT('',(32.75,-10.25,29.));
#16097 = DIRECTION('',(0.,0.,1.));
#16098 = DIRECTION('',(1.,0.,0.));
#16099 = PCURVE('',#15646,#16100);
#16100 = DEFINITIONAL_REPRESENTATION('',(#16101),#16105);
#16101 = LINE('',#16102,#16103);
#16102 = CARTESIAN_POINT('',(-0.,0.));
#16103 = VECTOR('',#16104,1.);
#16104 = DIRECTION('',(-1.,0.));
#16105 = ( GEOMETRIC_REPRESENTATION_CONTEXT(2) 
PARAMETRIC_REPRESENTATION_CONTEXT() REPRESENTATION_CONTEXT('2D SPACE',''
  ) );
#16106 = PCURVE('',#16107,#16112);
#16107 = PLANE('',#16108);
#16108 = AXIS2_PLACEMENT_3D('',#16109,#16110,#16111);
#16109 = CARTESIAN_POINT('',(32.75,-10.25,29.));
#16110 = DIRECTION('',(0.,0.,1.));
#16111 = DIRECTION('',(1.,0.,-0.));
#16112 = DEFINITIONAL_REPRESENTATION('',(#16113),#16117);
#16113 = CIRCLE('',#16114,1.);
#16114 = AXIS2_PLACEMENT_2D('',#16115,#16116);
#16115 = CARTESIAN_POINT('',(0.,0.));
#16116 = DIRECTION('',(1.,0.));
#16117 = ( GEOMETRIC_REPRESENTATION_CONTEXT(2) 
PARAMETRIC_REPRESENTATION_CONTEXT() REPRESENTATION_CONTEXT('2D SPACE',''
  ) );
#16118 = ORIENTED_EDGE('',*,*,#16069,.T.);
#16119 = ORIENTED_EDGE('',*,*,#15625,.F.);
#16120 = ADVANCED_FACE('',(#16121),#15685,.F.);
#16121 = FACE_BOUND('',#16122,.T.);
#16122 = EDGE_LOOP('',(#16123,#16146,#16173,#16174));
#16123 = ORIENTED_EDGE('',*,*,#16124,.F.);
#16124 = EDGE_CURVE('',#16125,#15665,#16127,.T.);
#16125 = VERTEX_POINT('',#16126);
#16126 = CARTESIAN_POINT('',(9.3,10.25,29.));
#16127 = SEAM_CURVE('',#16128,(#16132,#16139),.PCURVE_S1.);
#16128 = LINE('',#16129,#16130);
#16129 = CARTESIAN_POINT('',(9.3,10.25,29.));
#16130 = VECTOR('',#16131,1.);
#16131 = DIRECTION('',(0.,0.,1.));
#16132 = PCURVE('',#15685,#16133);
#16133 = DEFINITIONAL_REPRESENTATION('',(#16134),#16138);
#16134 = LINE('',#16135,#16136);
#16135 = CARTESIAN_POINT('',(-6.28318530718,0.));
#16136 = VECTOR('',#16137,1.);
#16137 = DIRECTION('',(-0.,-1.));
#16138 = ( GEOMETRIC_REPRESENTATION_CONTEXT(2) 
PARAMETRIC_REPRESENTATION_CONTEXT() REPRESENTATION_CONTEXT('2D SPACE',''
  ) );
#16139 = PCURVE('',#15685,#16140);
#16140 = DEFINITIONAL_REPRESENTATION('',(#16141),#16145);
#16141 = LINE('',#16142,#16143);
#16142 = CARTESIAN_POINT('',(-0.,0.));
#16143 = VECTOR('',#16144,1.);
#16144 = DIRECTION('',(-0.,-1.));
#16145 = ( GEOMETRIC_REPRESENTATION_CONTEXT(2) 
PARAMETRIC_REPRESENTATION_CONTEXT() REPRESENTATION_CONTEXT('2D SPACE',''
  ) );
#16146 = ORIENTED_EDGE('',*,*,#16147,.F.);
#16147 = EDGE_CURVE('',#16125,#16125,#16148,.T.);
#16148 = SURFACE_CURVE('',#16149,(#16154,#16161),.PCURVE_S1.);
#16149 = CIRCLE('',#16150,1.);
#16150 = AXIS2_PLACEMENT_3D('',#16151,#16152,#16153);
#16151 = CARTESIAN_POINT('',(8.3,10.25,29.));
#16152 = DIRECTION('',(0.,0.,1.));
#16153 = DIRECTION('',(1.,0.,0.));
#16154 = PCURVE('',#15685,#16155);
#16155 = DEFINITIONAL_REPRESENTATION('',(#16156),#16160);
#16156 = LINE('',#16157,#16158);
#16157 = CARTESIAN_POINT('',(-0.,0.));
#16158 = VECTOR('',#16159,1.);
#16159 = DIRECTION('',(-1.,0.));
#16160 = ( GEOMETRIC_REPRESENTATION_CONTEXT(2) 
PARAMETRIC_REPRESENTATION_CONTEXT() REPRESENTATION_CONTEXT('2D SPACE',''
  ) );
#16161 = PCURVE('',#16162,#16167);
#16162 = PLANE('',#16163);
#16163 = AXIS2_PLACEMENT_3D('',#16164,#16165,#16166);
#16164 = CARTESIAN_POINT('',(8.3,10.25,29.));
#16165 = DIRECTION('',(0.,0.,1.));
#16166 = DIRECTION('',(1.,0.,-0.));
#16167 = DEFINITIONAL_REPRESENTATION('',(#16168),#16172);
#16168 = CIRCLE('',#16169,1.);
#16169 = AXIS2_PLACEMENT_2D('',#16170,#16171);
#16170 = CARTESIAN_POINT('',(0.,0.));
#16171 = DIRECTION('',(1.,0.));
#16172 = ( GEOMETRIC_REPRESENTATION_CONTEXT(2) 
PARAMETRIC_REPRESENTATION_CONTEXT() REPRESENTATION_CONTEXT('2D SPACE',''
  ) );
#16173 = ORIENTED_EDGE('',*,*,#16124,.T.);
#16174 = ORIENTED_EDGE('',*,*,#15664,.F.);
#16175 = ADVANCED_FACE('',(#16176),#15724,.F.);
#16176 = FACE_BOUND('',#16177,.T.);
#16177 = EDGE_LOOP('',(#16178,#16201,#16228,#16229));
#16178 = ORIENTED_EDGE('',*,*,#16179,.F.);
#16179 = EDGE_CURVE('',#16180,#15704,#16182,.T.);
#16180 = VERTEX_POINT('',#16181);
#16181 = CARTESIAN_POINT('',(33.75,10.25,29.));
#16182 = SEAM_CURVE('',#16183,(#16187,#16194),.PCURVE_S1.);
#16183 = LINE('',#16184,#16185);
#16184 = CARTESIAN_POINT('',(33.75,10.25,29.));
#16185 = VECTOR('',#16186,1.);
#16186 = DIRECTION('',(0.,0.,1.));
#16187 = PCURVE('',#15724,#16188);
#16188 = DEFINITIONAL_REPRESENTATION('',(#16189),#16193);
#16189 = LINE('',#16190,#16191);
#16190 = CARTESIAN_POINT('',(-6.28318530718,0.));
#16191 = VECTOR('',#16192,1.);
#16192 = DIRECTION('',(-0.,-1.));
#16193 = ( GEOMETRIC_REPRESENTATION_CONTEXT(2) 
PARAMETRIC_REPRESENTATION_CONTEXT() REPRESENTATION_CONTEXT('2D SPACE',''
  ) );
#16194 = PCURVE('',#15724,#16195);
#16195 = DEFINITIONAL_REPRESENTATION('',(#16196),#16200);
#16196 = LINE('',#16197,#16198);
#16197 = CARTESIAN_POINT('',(-0.,0.));
#16198 = VECTOR('',#16199,1.);
#16199 = DIRECTION('',(-0.,-1.));
#16200 = ( GEOMETRIC_REPRESENTATION_CONTEXT(2) 
PARAMETRIC_REPRESENTATION_CONTEXT() REPRESENTATION_CONTEXT('2D SPACE',''
  ) );
#16201 = ORIENTED_EDGE('',*,*,#16202,.F.);
#16202 = EDGE_CURVE('',#16180,#16180,#16203,.T.);
#16203 = SURFACE_CURVE('',#16204,(#16209,#16216),.PCURVE_S1.);
#16204 = CIRCLE('',#16205,1.);
#16205 = AXIS2_PLACEMENT_3D('',#16206,#16207,#16208);
#16206 = CARTESIAN_POINT('',(32.75,10.25,29.));
#16207 = DIRECTION('',(0.,0.,1.));
#16208 = DIRECTION('',(1.,0.,0.));
#16209 = PCURVE('',#15724,#16210);
#16210 = DEFINITIONAL_REPRESENTATION('',(#16211),#16215);
#16211 = LINE('',#16212,#16213);
#16212 = CARTESIAN_POINT('',(-0.,0.));
#16213 = VECTOR('',#16214,1.);
#16214 = DIRECTION('',(-1.,0.));
#16215 = ( GEOMETRIC_REPRESENTATION_CONTEXT(2) 
PARAMETRIC_REPRESENTATION_CONTEXT() REPRESENTATION_CONTEXT('2D SPACE',''
  ) );
#16216 = PCURVE('',#16217,#16222);
#16217 = PLANE('',#16218);
#16218 = AXIS2_PLACEMENT_3D('',#16219,#16220,#16221);
#16219 = CARTESIAN_POINT('',(32.75,10.25,29.));
#16220 = DIRECTION('',(0.,0.,1.));
#16221 = DIRECTION('',(1.,0.,-0.));
#16222 = DEFINITIONAL_REPRESENTATION('',(#16223),#16227);
#16223 = CIRCLE('',#16224,1.);
#16224 = AXIS2_PLACEMENT_2D('',#16225,#16226);
#16225 = CARTESIAN_POINT('',(0.,0.));
#16226 = DIRECTION('',(1.,0.));
#16227 = ( GEOMETRIC_REPRESENTATION_CONTEXT(2) 
PARAMETRIC_REPRESENTATION_CONTEXT() REPRESENTATION_CONTEXT('2D SPACE',''
  ) );
#16228 = ORIENTED_EDGE('',*,*,#16179,.T.);
#16229 = ORIENTED_EDGE('',*,*,#15703,.F.);
#16230 = ADVANCED_FACE('',(#16231,#16234,#16237,#16240,#16243),#15781,
  .F.);
#16231 = FACE_BOUND('',#16232,.F.);
#16232 = EDGE_LOOP('',(#16233));
#16233 = ORIENTED_EDGE('',*,*,#15766,.T.);
#16234 = FACE_BOUND('',#16235,.F.);
#16235 = EDGE_LOOP('',(#16236));
#16236 = ORIENTED_EDGE('',*,*,#15798,.T.);
#16237 = FACE_BOUND('',#16238,.F.);
#16238 = EDGE_LOOP('',(#16239));
#16239 = ORIENTED_EDGE('',*,*,#15852,.T.);
#16240 = FACE_BOUND('',#16241,.F.);
#16241 = EDGE_LOOP('',(#16242));
#16242 = ORIENTED_EDGE('',*,*,#15906,.T.);
#16243 = FACE_BOUND('',#16244,.F.);
#16244 = EDGE_LOOP('',(#16245));
#16245 = ORIENTED_EDGE('',*,*,#15960,.T.);
#16246 = ADVANCED_FACE('',(#16247),#16052,.T.);
#16247 = FACE_BOUND('',#16248,.T.);
#16248 = EDGE_LOOP('',(#16249));
#16249 = ORIENTED_EDGE('',*,*,#16037,.T.);
#16250 = ADVANCED_FACE('',(#16251),#16107,.T.);
#16251 = FACE_BOUND('',#16252,.T.);
#16252 = EDGE_LOOP('',(#16253));
#16253 = ORIENTED_EDGE('',*,*,#16092,.T.);
#16254 = ADVANCED_FACE('',(#16255),#16162,.T.);
#16255 = FACE_BOUND('',#16256,.T.);
#16256 = EDGE_LOOP('',(#16257));
#16257 = ORIENTED_EDGE('',*,*,#16147,.T.);
#16258 = ADVANCED_FACE('',(#16259),#16217,.T.);
#16259 = FACE_BOUND('',#16260,.T.);
#16260 = EDGE_LOOP('',(#16261));
#16261 = ORIENTED_EDGE('',*,*,#16202,.T.);
#16262 = ORIENTED_CLOSED_SHELL('',*,#16263,.F.);
#16263 = CLOSED_SHELL('',(#16264,#16301,#16356));
#16264 = ADVANCED_FACE('',(#16265),#16278,.T.);
#16265 = FACE_BOUND('',#16266,.T.);
#16266 = EDGE_LOOP('',(#16267));
#16267 = ORIENTED_EDGE('',*,*,#16268,.T.);
#16268 = EDGE_CURVE('',#16269,#16269,#16271,.T.);
#16269 = VERTEX_POINT('',#16270);
#16270 = CARTESIAN_POINT('',(2.,2.590520390792E-16,1.49));
#16271 = SURFACE_CURVE('',#16272,(#16277,#16289),.PCURVE_S1.);
#16272 = CIRCLE('',#16273,2.);
#16273 = AXIS2_PLACEMENT_3D('',#16274,#16275,#16276);
#16274 = CARTESIAN_POINT('',(1.42108547152E-14,2.590520390792E-16,1.49)
  );
#16275 = DIRECTION('',(0.,0.,1.));
#16276 = DIRECTION('',(1.,0.,-0.));
#16277 = PCURVE('',#16278,#16283);
#16278 = PLANE('',#16279);
#16279 = AXIS2_PLACEMENT_3D('',#16280,#16281,#16282);
#16280 = CARTESIAN_POINT('',(-5.581388296079E-16,7.162263714944E-16,1.49
    ));
#16281 = DIRECTION('',(0.,0.,1.));
#16282 = DIRECTION('',(1.,0.,-0.));
#16283 = DEFINITIONAL_REPRESENTATION('',(#16284),#16288);
#16284 = CIRCLE('',#16285,2.);
#16285 = AXIS2_PLACEMENT_2D('',#16286,#16287);
#16286 = CARTESIAN_POINT('',(1.476899354481E-14,-4.571743324152E-16));
#16287 = DIRECTION('',(1.,0.));
#16288 = ( GEOMETRIC_REPRESENTATION_CONTEXT(2) 
PARAMETRIC_REPRESENTATION_CONTEXT() REPRESENTATION_CONTEXT('2D SPACE',''
  ) );
#16289 = PCURVE('',#16290,#16295);
#16290 = CYLINDRICAL_SURFACE('',#16291,2.);
#16291 = AXIS2_PLACEMENT_3D('',#16292,#16293,#16294);
#16292 = CARTESIAN_POINT('',(1.42108547152E-14,2.590520390792E-16,1.69)
  );
#16293 = DIRECTION('',(0.,0.,1.));
#16294 = DIRECTION('',(1.,0.,0.));
#16295 = DEFINITIONAL_REPRESENTATION('',(#16296),#16300);
#16296 = LINE('',#16297,#16298);
#16297 = CARTESIAN_POINT('',(0.,-0.2));
#16298 = VECTOR('',#16299,1.);
#16299 = DIRECTION('',(1.,0.));
#16300 = ( GEOMETRIC_REPRESENTATION_CONTEXT(2) 
PARAMETRIC_REPRESENTATION_CONTEXT() REPRESENTATION_CONTEXT('2D SPACE',''
  ) );
#16301 = ADVANCED_FACE('',(#16302),#16290,.T.);
#16302 = FACE_BOUND('',#16303,.T.);
#16303 = EDGE_LOOP('',(#16304,#16305,#16328,#16355));
#16304 = ORIENTED_EDGE('',*,*,#16268,.F.);
#16305 = ORIENTED_EDGE('',*,*,#16306,.T.);
#16306 = EDGE_CURVE('',#16269,#16307,#16309,.T.);
#16307 = VERTEX_POINT('',#16308);
#16308 = CARTESIAN_POINT('',(2.,2.590520390792E-16,-0.511));
#16309 = SEAM_CURVE('',#16310,(#16314,#16321),.PCURVE_S1.);
#16310 = LINE('',#16311,#16312);
#16311 = CARTESIAN_POINT('',(2.,2.590520390792E-16,1.69));
#16312 = VECTOR('',#16313,1.);
#16313 = DIRECTION('',(-0.,-0.,-1.));
#16314 = PCURVE('',#16290,#16315);
#16315 = DEFINITIONAL_REPRESENTATION('',(#16316),#16320);
#16316 = LINE('',#16317,#16318);
#16317 = CARTESIAN_POINT('',(6.28318530718,0.));
#16318 = VECTOR('',#16319,1.);
#16319 = DIRECTION('',(0.,-1.));
#16320 = ( GEOMETRIC_REPRESENTATION_CONTEXT(2) 
PARAMETRIC_REPRESENTATION_CONTEXT() REPRESENTATION_CONTEXT('2D SPACE',''
  ) );
#16321 = PCURVE('',#16290,#16322);
#16322 = DEFINITIONAL_REPRESENTATION('',(#16323),#16327);
#16323 = LINE('',#16324,#16325);
#16324 = CARTESIAN_POINT('',(0.,0.));
#16325 = VECTOR('',#16326,1.);
#16326 = DIRECTION('',(0.,-1.));
#16327 = ( GEOMETRIC_REPRESENTATION_CONTEXT(2) 
PARAMETRIC_REPRESENTATION_CONTEXT() REPRESENTATION_CONTEXT('2D SPACE',''
  ) );
#16328 = ORIENTED_EDGE('',*,*,#16329,.T.);
#16329 = EDGE_CURVE('',#16307,#16307,#16330,.T.);
#16330 = SURFACE_CURVE('',#16331,(#16336,#16343),.PCURVE_S1.);
#16331 = CIRCLE('',#16332,2.);
#16332 = AXIS2_PLACEMENT_3D('',#16333,#16334,#16335);
#16333 = CARTESIAN_POINT('',(1.42108547152E-14,2.590520390792E-16,-0.511
    ));
#16334 = DIRECTION('',(0.,0.,1.));
#16335 = DIRECTION('',(1.,0.,0.));
#16336 = PCURVE('',#16290,#16337);
#16337 = DEFINITIONAL_REPRESENTATION('',(#16338),#16342);
#16338 = LINE('',#16339,#16340);
#16339 = CARTESIAN_POINT('',(0.,-2.201));
#16340 = VECTOR('',#16341,1.);
#16341 = DIRECTION('',(1.,0.));
#16342 = ( GEOMETRIC_REPRESENTATION_CONTEXT(2) 
PARAMETRIC_REPRESENTATION_CONTEXT() REPRESENTATION_CONTEXT('2D SPACE',''
  ) );
#16343 = PCURVE('',#16344,#16349);
#16344 = PLANE('',#16345);
#16345 = AXIS2_PLACEMENT_3D('',#16346,#16347,#16348);
#16346 = CARTESIAN_POINT('',(-1.139533443783E-15,1.778797461643E-16,
    -0.511));
#16347 = DIRECTION('',(0.,0.,1.));
#16348 = DIRECTION('',(1.,0.,-0.));
#16349 = DEFINITIONAL_REPRESENTATION('',(#16350),#16354);
#16350 = CIRCLE('',#16351,2.);
#16351 = AXIS2_PLACEMENT_2D('',#16352,#16353);
#16352 = CARTESIAN_POINT('',(1.535038815898E-14,8.117229291493E-17));
#16353 = DIRECTION('',(1.,0.));
#16354 = ( GEOMETRIC_REPRESENTATION_CONTEXT(2) 
PARAMETRIC_REPRESENTATION_CONTEXT() REPRESENTATION_CONTEXT('2D SPACE',''
  ) );
#16355 = ORIENTED_EDGE('',*,*,#16306,.F.);
#16356 = ADVANCED_FACE('',(#16357),#16344,.F.);
#16357 = FACE_BOUND('',#16358,.F.);
#16358 = EDGE_LOOP('',(#16359));
#16359 = ORIENTED_EDGE('',*,*,#16329,.T.);
#16360 = ( GEOMETRIC_REPRESENTATION_CONTEXT(3) 
GLOBAL_UNCERTAINTY_ASSIGNED_CONTEXT((#16364)) 
GLOBAL_UNIT_ASSIGNED_CONTEXT((#16361,#16362,#16363)) 
REPRESENTATION_CONTEXT('Context #1',
  '3D Context with UNIT and UNCERTAINTY') );
#16361 = ( LENGTH_UNIT() NAMED_UNIT(*) SI_UNIT(.MILLI.,.METRE.) );
#16362 = ( NAMED_UNIT(*) PLANE_ANGLE_UNIT() SI_UNIT($,.RADIAN.) );
#16363 = ( NAMED_UNIT(*) SI_UNIT($,.STERADIAN.) SOLID_ANGLE_UNIT() );
#16364 = UNCERTAINTY_MEASURE_WITH_UNIT(LENGTH_MEASURE(1.E-07),#16361,
  'distance_accuracy_value','confusion accuracy');
#16365 = CONTEXT_DEPENDENT_SHAPE_REPRESENTATION(#16366,#16368);
#16366 = ( REPRESENTATION_RELATIONSHIP('','',#12371,#10) 
REPRESENTATION_RELATIONSHIP_WITH_TRANSFORMATION(#16367) 
SHAPE_REPRESENTATION_RELATIONSHIP() );
#16367 = ITEM_DEFINED_TRANSFORMATION('','',#11,#35);
#16368 = PRODUCT_DEFINITION_SHAPE('Placement','Placement of an item',
  #16369);
#16369 = NEXT_ASSEMBLY_USAGE_OCCURRENCE('207','servo_J6','',#5,#12366,$
  );
#16370 = PRODUCT_RELATED_PRODUCT_CATEGORY('part',$,(#12368));
#16371 = SHAPE_DEFINITION_REPRESENTATION(#16372,#16378);
#16372 = PRODUCT_DEFINITION_SHAPE('','',#16373);
#16373 = PRODUCT_DEFINITION('design','',#16374,#16377);
#16374 = PRODUCT_DEFINITION_FORMATION('','',#16375);
#16375 = PRODUCT('servo_scr_J6_0','servo_scr_J6_0','',(#16376));
#16376 = PRODUCT_CONTEXT('',#2,'mechanical');
#16377 = PRODUCT_DEFINITION_CONTEXT('part definition',#2,'design');
#16378 = ADVANCED_BREP_SHAPE_REPRESENTATION('',(#11,#16379),#16567);
#16379 = MANIFOLD_SOLID_BREP('',#16380);
#16380 = CLOSED_SHELL('',(#16381,#16469,#16504,#16508,#16563));
#16381 = ADVANCED_FACE('',(#16382),#16396,.T.);
#16382 = FACE_BOUND('',#16383,.F.);
#16383 = EDGE_LOOP('',(#16384,#16414,#16441,#16442));
#16384 = ORIENTED_EDGE('',*,*,#16385,.T.);
#16385 = EDGE_CURVE('',#16386,#16388,#16390,.T.);
#16386 = VERTEX_POINT('',#16387);
#16387 = CARTESIAN_POINT('',(2.1,0.,0.));
#16388 = VERTEX_POINT('',#16389);
#16389 = CARTESIAN_POINT('',(2.1,0.,1.6));
#16390 = SEAM_CURVE('',#16391,(#16395,#16407),.PCURVE_S1.);
#16391 = LINE('',#16392,#16393);
#16392 = CARTESIAN_POINT('',(2.1,0.,0.));
#16393 = VECTOR('',#16394,1.);
#16394 = DIRECTION('',(0.,0.,1.));
#16395 = PCURVE('',#16396,#16401);
#16396 = CYLINDRICAL_SURFACE('',#16397,2.1);
#16397 = AXIS2_PLACEMENT_3D('',#16398,#16399,#16400);
#16398 = CARTESIAN_POINT('',(0.,0.,0.));
#16399 = DIRECTION('',(-0.,-0.,-1.));
#16400 = DIRECTION('',(1.,0.,0.));
#16401 = DEFINITIONAL_REPRESENTATION('',(#16402),#16406);
#16402 = LINE('',#16403,#16404);
#16403 = CARTESIAN_POINT('',(-0.,0.));
#16404 = VECTOR('',#16405,1.);
#16405 = DIRECTION('',(-0.,-1.));
#16406 = ( GEOMETRIC_REPRESENTATION_CONTEXT(2) 
PARAMETRIC_REPRESENTATION_CONTEXT() REPRESENTATION_CONTEXT('2D SPACE',''
  ) );
#16407 = PCURVE('',#16396,#16408);
#16408 = DEFINITIONAL_REPRESENTATION('',(#16409),#16413);
#16409 = LINE('',#16410,#16411);
#16410 = CARTESIAN_POINT('',(-6.28318530718,0.));
#16411 = VECTOR('',#16412,1.);
#16412 = DIRECTION('',(-0.,-1.));
#16413 = ( GEOMETRIC_REPRESENTATION_CONTEXT(2) 
PARAMETRIC_REPRESENTATION_CONTEXT() REPRESENTATION_CONTEXT('2D SPACE',''
  ) );
#16414 = ORIENTED_EDGE('',*,*,#16415,.T.);
#16415 = EDGE_CURVE('',#16388,#16388,#16416,.T.);
#16416 = SURFACE_CURVE('',#16417,(#16422,#16429),.PCURVE_S1.);
#16417 = CIRCLE('',#16418,2.1);
#16418 = AXIS2_PLACEMENT_3D('',#16419,#16420,#16421);
#16419 = CARTESIAN_POINT('',(0.,0.,1.6));
#16420 = DIRECTION('',(0.,0.,1.));
#16421 = DIRECTION('',(1.,0.,0.));
#16422 = PCURVE('',#16396,#16423);
#16423 = DEFINITIONAL_REPRESENTATION('',(#16424),#16428);
#16424 = LINE('',#16425,#16426);
#16425 = CARTESIAN_POINT('',(-0.,-1.6));
#16426 = VECTOR('',#16427,1.);
#16427 = DIRECTION('',(-1.,0.));
#16428 = ( GEOMETRIC_REPRESENTATION_CONTEXT(2) 
PARAMETRIC_REPRESENTATION_CONTEXT() REPRESENTATION_CONTEXT('2D SPACE',''
  ) );
#16429 = PCURVE('',#16430,#16435);
#16430 = PLANE('',#16431);
#16431 = AXIS2_PLACEMENT_3D('',#16432,#16433,#16434);
#16432 = CARTESIAN_POINT('',(-1.62790491969E-16,7.706521602866E-17,1.6)
  );
#16433 = DIRECTION('',(0.,0.,1.));
#16434 = DIRECTION('',(1.,0.,-0.));
#16435 = DEFINITIONAL_REPRESENTATION('',(#16436),#16440);
#16436 = CIRCLE('',#16437,2.1);
#16437 = AXIS2_PLACEMENT_2D('',#16438,#16439);
#16438 = CARTESIAN_POINT('',(1.62790491969E-16,-7.706521602866E-17));
#16439 = DIRECTION('',(1.,0.));
#16440 = ( GEOMETRIC_REPRESENTATION_CONTEXT(2) 
PARAMETRIC_REPRESENTATION_CONTEXT() REPRESENTATION_CONTEXT('2D SPACE',''
  ) );
#16441 = ORIENTED_EDGE('',*,*,#16385,.F.);
#16442 = ORIENTED_EDGE('',*,*,#16443,.F.);
#16443 = EDGE_CURVE('',#16386,#16386,#16444,.T.);
#16444 = SURFACE_CURVE('',#16445,(#16450,#16457),.PCURVE_S1.);
#16445 = CIRCLE('',#16446,2.1);
#16446 = AXIS2_PLACEMENT_3D('',#16447,#16448,#16449);
#16447 = CARTESIAN_POINT('',(0.,0.,0.));
#16448 = DIRECTION('',(0.,0.,1.));
#16449 = DIRECTION('',(1.,0.,0.));
#16450 = PCURVE('',#16396,#16451);
#16451 = DEFINITIONAL_REPRESENTATION('',(#16452),#16456);
#16452 = LINE('',#16453,#16454);
#16453 = CARTESIAN_POINT('',(-0.,0.));
#16454 = VECTOR('',#16455,1.);
#16455 = DIRECTION('',(-1.,0.));
#16456 = ( GEOMETRIC_REPRESENTATION_CONTEXT(2) 
PARAMETRIC_REPRESENTATION_CONTEXT() REPRESENTATION_CONTEXT('2D SPACE',''
  ) );
#16457 = PCURVE('',#16458,#16463);
#16458 = PLANE('',#16459);
#16459 = AXIS2_PLACEMENT_3D('',#16460,#16461,#16462);
#16460 = CARTESIAN_POINT('',(-1.62790491969E-16,7.706521602866E-17,0.));
#16461 = DIRECTION('',(0.,0.,1.));
#16462 = DIRECTION('',(1.,0.,-0.));
#16463 = DEFINITIONAL_REPRESENTATION('',(#16464),#16468);
#16464 = CIRCLE('',#16465,2.1);
#16465 = AXIS2_PLACEMENT_2D('',#16466,#16467);
#16466 = CARTESIAN_POINT('',(1.62790491969E-16,-7.706521602866E-17));
#16467 = DIRECTION('',(1.,0.));
#16468 = ( GEOMETRIC_REPRESENTATION_CONTEXT(2) 
PARAMETRIC_REPRESENTATION_CONTEXT() REPRESENTATION_CONTEXT('2D SPACE',''
  ) );
#16469 = ADVANCED_FACE('',(#16470,#16473),#16458,.F.);
#16470 = FACE_BOUND('',#16471,.F.);
#16471 = EDGE_LOOP('',(#16472));
#16472 = ORIENTED_EDGE('',*,*,#16443,.T.);
#16473 = FACE_BOUND('',#16474,.F.);
#16474 = EDGE_LOOP('',(#16475));
#16475 = ORIENTED_EDGE('',*,*,#16476,.F.);
#16476 = EDGE_CURVE('',#16477,#16477,#16479,.T.);
#16477 = VERTEX_POINT('',#16478);
#16478 = CARTESIAN_POINT('',(1.1,0.,0.));
#16479 = SURFACE_CURVE('',#16480,(#16485,#16492),.PCURVE_S1.);
#16480 = CIRCLE('',#16481,1.1);
#16481 = AXIS2_PLACEMENT_3D('',#16482,#16483,#16484);
#16482 = CARTESIAN_POINT('',(0.,0.,0.));
#16483 = DIRECTION('',(0.,0.,1.));
#16484 = DIRECTION('',(1.,0.,0.));
#16485 = PCURVE('',#16458,#16486);
#16486 = DEFINITIONAL_REPRESENTATION('',(#16487),#16491);
#16487 = CIRCLE('',#16488,1.1);
#16488 = AXIS2_PLACEMENT_2D('',#16489,#16490);
#16489 = CARTESIAN_POINT('',(1.62790491969E-16,-7.706521602866E-17));
#16490 = DIRECTION('',(1.,0.));
#16491 = ( GEOMETRIC_REPRESENTATION_CONTEXT(2) 
PARAMETRIC_REPRESENTATION_CONTEXT() REPRESENTATION_CONTEXT('2D SPACE',''
  ) );
#16492 = PCURVE('',#16493,#16498);
#16493 = CYLINDRICAL_SURFACE('',#16494,1.1);
#16494 = AXIS2_PLACEMENT_3D('',#16495,#16496,#16497);
#16495 = CARTESIAN_POINT('',(0.,0.,0.));
#16496 = DIRECTION('',(0.,0.,1.));
#16497 = DIRECTION('',(1.,0.,0.));
#16498 = DEFINITIONAL_REPRESENTATION('',(#16499),#16503);
#16499 = LINE('',#16500,#16501);
#16500 = CARTESIAN_POINT('',(0.,0.));
#16501 = VECTOR('',#16502,1.);
#16502 = DIRECTION('',(1.,0.));
#16503 = ( GEOMETRIC_REPRESENTATION_CONTEXT(2) 
PARAMETRIC_REPRESENTATION_CONTEXT() REPRESENTATION_CONTEXT('2D SPACE',''
  ) );
#16504 = ADVANCED_FACE('',(#16505),#16430,.T.);
#16505 = FACE_BOUND('',#16506,.T.);
#16506 = EDGE_LOOP('',(#16507));
#16507 = ORIENTED_EDGE('',*,*,#16415,.T.);
#16508 = ADVANCED_FACE('',(#16509),#16493,.T.);
#16509 = FACE_BOUND('',#16510,.T.);
#16510 = EDGE_LOOP('',(#16511,#16534,#16561,#16562));
#16511 = ORIENTED_EDGE('',*,*,#16512,.T.);
#16512 = EDGE_CURVE('',#16477,#16513,#16515,.T.);
#16513 = VERTEX_POINT('',#16514);
#16514 = CARTESIAN_POINT('',(1.1,0.,-8.));
#16515 = SEAM_CURVE('',#16516,(#16520,#16527),.PCURVE_S1.);
#16516 = LINE('',#16517,#16518);
#16517 = CARTESIAN_POINT('',(1.1,0.,0.));
#16518 = VECTOR('',#16519,1.);
#16519 = DIRECTION('',(-0.,-0.,-1.));
#16520 = PCURVE('',#16493,#16521);
#16521 = DEFINITIONAL_REPRESENTATION('',(#16522),#16526);
#16522 = LINE('',#16523,#16524);
#16523 = CARTESIAN_POINT('',(0.,0.));
#16524 = VECTOR('',#16525,1.);
#16525 = DIRECTION('',(0.,-1.));
#16526 = ( GEOMETRIC_REPRESENTATION_CONTEXT(2) 
PARAMETRIC_REPRESENTATION_CONTEXT() REPRESENTATION_CONTEXT('2D SPACE',''
  ) );
#16527 = PCURVE('',#16493,#16528);
#16528 = DEFINITIONAL_REPRESENTATION('',(#16529),#16533);
#16529 = LINE('',#16530,#16531);
#16530 = CARTESIAN_POINT('',(6.28318530718,0.));
#16531 = VECTOR('',#16532,1.);
#16532 = DIRECTION('',(0.,-1.));
#16533 = ( GEOMETRIC_REPRESENTATION_CONTEXT(2) 
PARAMETRIC_REPRESENTATION_CONTEXT() REPRESENTATION_CONTEXT('2D SPACE',''
  ) );
#16534 = ORIENTED_EDGE('',*,*,#16535,.T.);
#16535 = EDGE_CURVE('',#16513,#16513,#16536,.T.);
#16536 = SURFACE_CURVE('',#16537,(#16542,#16549),.PCURVE_S1.);
#16537 = CIRCLE('',#16538,1.1);
#16538 = AXIS2_PLACEMENT_3D('',#16539,#16540,#16541);
#16539 = CARTESIAN_POINT('',(0.,0.,-8.));
#16540 = DIRECTION('',(0.,0.,1.));
#16541 = DIRECTION('',(1.,0.,0.));
#16542 = PCURVE('',#16493,#16543);
#16543 = DEFINITIONAL_REPRESENTATION('',(#16544),#16548);
#16544 = LINE('',#16545,#16546);
#16545 = CARTESIAN_POINT('',(0.,-8.));
#16546 = VECTOR('',#16547,1.);
#16547 = DIRECTION('',(1.,0.));
#16548 = ( GEOMETRIC_REPRESENTATION_CONTEXT(2) 
PARAMETRIC_REPRESENTATION_CONTEXT() REPRESENTATION_CONTEXT('2D SPACE',''
  ) );
#16549 = PCURVE('',#16550,#16555);
#16550 = PLANE('',#16551);
#16551 = AXIS2_PLACEMENT_3D('',#16552,#16553,#16554);
#16552 = CARTESIAN_POINT('',(-3.884773103805E-17,3.279174610737E-17,-8.)
  );
#16553 = DIRECTION('',(0.,0.,1.));
#16554 = DIRECTION('',(1.,0.,-0.));
#16555 = DEFINITIONAL_REPRESENTATION('',(#16556),#16560);
#16556 = CIRCLE('',#16557,1.1);
#16557 = AXIS2_PLACEMENT_2D('',#16558,#16559);
#16558 = CARTESIAN_POINT('',(3.884773103805E-17,-3.279174610737E-17));
#16559 = DIRECTION('',(1.,0.));
#16560 = ( GEOMETRIC_REPRESENTATION_CONTEXT(2) 
PARAMETRIC_REPRESENTATION_CONTEXT() REPRESENTATION_CONTEXT('2D SPACE',''
  ) );
#16561 = ORIENTED_EDGE('',*,*,#16512,.F.);
#16562 = ORIENTED_EDGE('',*,*,#16476,.F.);
#16563 = ADVANCED_FACE('',(#16564),#16550,.F.);
#16564 = FACE_BOUND('',#16565,.F.);
#16565 = EDGE_LOOP('',(#16566));
#16566 = ORIENTED_EDGE('',*,*,#16535,.T.);
#16567 = ( GEOMETRIC_REPRESENTATION_CONTEXT(3) 
GLOBAL_UNCERTAINTY_ASSIGNED_CONTEXT((#16571)) 
GLOBAL_UNIT_ASSIGNED_CONTEXT((#16568,#16569,#16570)) 
REPRESENTATION_CONTEXT('Context #1',
  '3D Context with UNIT and UNCERTAINTY') );
#16568 = ( LENGTH_UNIT() NAMED_UNIT(*) SI_UNIT(.MILLI.,.METRE.) );
#16569 = ( NAMED_UNIT(*) PLANE_ANGLE_UNIT() SI_UNIT($,.RADIAN.) );
#16570 = ( NAMED_UNIT(*) SI_UNIT($,.STERADIAN.) SOLID_ANGLE_UNIT() );
#16571 = UNCERTAINTY_MEASURE_WITH_UNIT(LENGTH_MEASURE(1.E-07),#16568,
  'distance_accuracy_value','confusion accuracy');
#16572 = CONTEXT_DEPENDENT_SHAPE_REPRESENTATION(#16573,#16575);
#16573 = ( REPRESENTATION_RELATIONSHIP('','',#16378,#10) 
REPRESENTATION_RELATIONSHIP_WITH_TRANSFORMATION(#16574) 
SHAPE_REPRESENTATION_RELATIONSHIP() );
#16574 = ITEM_DEFINED_TRANSFORMATION('','',#11,#39);
#16575 = PRODUCT_DEFINITION_SHAPE('Placement','Placement of an item',
  #16576);
#16576 = NEXT_ASSEMBLY_USAGE_OCCURRENCE('208','servo_scr_J6_0','',#5,
  #16373,$);
#16577 = PRODUCT_RELATED_PRODUCT_CATEGORY('part',$,(#16375));
#16578 = CONTEXT_DEPENDENT_SHAPE_REPRESENTATION(#16579,#16581);
#16579 = ( REPRESENTATION_RELATIONSHIP('','',#16378,#10) 
REPRESENTATION_RELATIONSHIP_WITH_TRANSFORMATION(#16580) 
SHAPE_REPRESENTATION_RELATIONSHIP() );
#16580 = ITEM_DEFINED_TRANSFORMATION('','',#11,#43);
#16581 = PRODUCT_DEFINITION_SHAPE('Placement','Placement of an item',
  #16582);
#16582 = NEXT_ASSEMBLY_USAGE_OCCURRENCE('209','servo_scr_J6_1','',#5,
  #16373,$);
#16583 = SHAPE_DEFINITION_REPRESENTATION(#16584,#16590);
#16584 = PRODUCT_DEFINITION_SHAPE('','',#16585);
#16585 = PRODUCT_DEFINITION('design','',#16586,#16589);
#16586 = PRODUCT_DEFINITION_FORMATION('','',#16587);
#16587 = PRODUCT('brg_J6','brg_J6','',(#16588));
#16588 = PRODUCT_CONTEXT('',#2,'mechanical');
#16589 = PRODUCT_DEFINITION_CONTEXT('part definition',#2,'design');
#16590 = ADVANCED_BREP_SHAPE_REPRESENTATION('',(#11,#16591),#16773);
#16591 = MANIFOLD_SOLID_BREP('',#16592);
#16592 = CLOSED_SHELL('',(#16593,#16681,#16759,#16766));
#16593 = ADVANCED_FACE('',(#16594),#16608,.T.);
#16594 = FACE_BOUND('',#16595,.F.);
#16595 = EDGE_LOOP('',(#16596,#16626,#16653,#16654));
#16596 = ORIENTED_EDGE('',*,*,#16597,.T.);
#16597 = EDGE_CURVE('',#16598,#16600,#16602,.T.);
#16598 = VERTEX_POINT('',#16599);
#16599 = CARTESIAN_POINT('',(18.5,0.,0.));
#16600 = VERTEX_POINT('',#16601);
#16601 = CARTESIAN_POINT('',(18.5,0.,4.));
#16602 = SEAM_CURVE('',#16603,(#16607,#16619),.PCURVE_S1.);
#16603 = LINE('',#16604,#16605);
#16604 = CARTESIAN_POINT('',(18.5,0.,0.));
#16605 = VECTOR('',#16606,1.);
#16606 = DIRECTION('',(0.,0.,1.));
#16607 = PCURVE('',#16608,#16613);
#16608 = CYLINDRICAL_SURFACE('',#16609,18.5);
#16609 = AXIS2_PLACEMENT_3D('',#16610,#16611,#16612);
#16610 = CARTESIAN_POINT('',(0.,0.,0.));
#16611 = DIRECTION('',(-0.,-0.,-1.));
#16612 = DIRECTION('',(1.,0.,0.));
#16613 = DEFINITIONAL_REPRESENTATION('',(#16614),#16618);
#16614 = LINE('',#16615,#16616);
#16615 = CARTESIAN_POINT('',(-0.,0.));
#16616 = VECTOR('',#16617,1.);
#16617 = DIRECTION('',(-0.,-1.));
#16618 = ( GEOMETRIC_REPRESENTATION_CONTEXT(2) 
PARAMETRIC_REPRESENTATION_CONTEXT() REPRESENTATION_CONTEXT('2D SPACE',''
  ) );
#16619 = PCURVE('',#16608,#16620);
#16620 = DEFINITIONAL_REPRESENTATION('',(#16621),#16625);
#16621 = LINE('',#16622,#16623);
#16622 = CARTESIAN_POINT('',(-6.28318530718,0.));
#16623 = VECTOR('',#16624,1.);
#16624 = DIRECTION('',(-0.,-1.));
#16625 = ( GEOMETRIC_REPRESENTATION_CONTEXT(2) 
PARAMETRIC_REPRESENTATION_CONTEXT() REPRESENTATION_CONTEXT('2D SPACE',''
  ) );
#16626 = ORIENTED_EDGE('',*,*,#16627,.T.);
#16627 = EDGE_CURVE('',#16600,#16600,#16628,.T.);
#16628 = SURFACE_CURVE('',#16629,(#16634,#16641),.PCURVE_S1.);
#16629 = CIRCLE('',#16630,18.5);
#16630 = AXIS2_PLACEMENT_3D('',#16631,#16632,#16633);
#16631 = CARTESIAN_POINT('',(0.,0.,4.));
#16632 = DIRECTION('',(0.,0.,1.));
#16633 = DIRECTION('',(1.,0.,0.));
#16634 = PCURVE('',#16608,#16635);
#16635 = DEFINITIONAL_REPRESENTATION('',(#16636),#16640);
#16636 = LINE('',#16637,#16638);
#16637 = CARTESIAN_POINT('',(-0.,-4.));
#16638 = VECTOR('',#16639,1.);
#16639 = DIRECTION('',(-1.,0.));
#16640 = ( GEOMETRIC_REPRESENTATION_CONTEXT(2) 
PARAMETRIC_REPRESENTATION_CONTEXT() REPRESENTATION_CONTEXT('2D SPACE',''
  ) );
#16641 = PCURVE('',#16642,#16647);
#16642 = PLANE('',#16643);
#16643 = AXIS2_PLACEMENT_3D('',#16644,#16645,#16646);
#16644 = CARTESIAN_POINT('',(-1.18265092544E-15,1.610102991405E-15,4.));
#16645 = DIRECTION('',(0.,0.,1.));
#16646 = DIRECTION('',(1.,0.,-0.));
#16647 = DEFINITIONAL_REPRESENTATION('',(#16648),#16652);
#16648 = CIRCLE('',#16649,18.5);
#16649 = AXIS2_PLACEMENT_2D('',#16650,#16651);
#16650 = CARTESIAN_POINT('',(1.18265092544E-15,-1.610102991405E-15));
#16651 = DIRECTION('',(1.,0.));
#16652 = ( GEOMETRIC_REPRESENTATION_CONTEXT(2) 
PARAMETRIC_REPRESENTATION_CONTEXT() REPRESENTATION_CONTEXT('2D SPACE',''
  ) );
#16653 = ORIENTED_EDGE('',*,*,#16597,.F.);
#16654 = ORIENTED_EDGE('',*,*,#16655,.F.);
#16655 = EDGE_CURVE('',#16598,#16598,#16656,.T.);
#16656 = SURFACE_CURVE('',#16657,(#16662,#16669),.PCURVE_S1.);
#16657 = CIRCLE('',#16658,18.5);
#16658 = AXIS2_PLACEMENT_3D('',#16659,#16660,#16661);
#16659 = CARTESIAN_POINT('',(0.,0.,0.));
#16660 = DIRECTION('',(0.,0.,1.));
#16661 = DIRECTION('',(1.,0.,0.));
#16662 = PCURVE('',#16608,#16663);
#16663 = DEFINITIONAL_REPRESENTATION('',(#16664),#16668);
#16664 = LINE('',#16665,#16666);
#16665 = CARTESIAN_POINT('',(-0.,0.));
#16666 = VECTOR('',#16667,1.);
#16667 = DIRECTION('',(-1.,0.));
#16668 = ( GEOMETRIC_REPRESENTATION_CONTEXT(2) 
PARAMETRIC_REPRESENTATION_CONTEXT() REPRESENTATION_CONTEXT('2D SPACE',''
  ) );
#16669 = PCURVE('',#16670,#16675);
#16670 = PLANE('',#16671);
#16671 = AXIS2_PLACEMENT_3D('',#16672,#16673,#16674);
#16672 = CARTESIAN_POINT('',(-1.18265092544E-15,1.610102991405E-15,0.));
#16673 = DIRECTION('',(0.,0.,1.));
#16674 = DIRECTION('',(1.,0.,-0.));
#16675 = DEFINITIONAL_REPRESENTATION('',(#16676),#16680);
#16676 = CIRCLE('',#16677,18.5);
#16677 = AXIS2_PLACEMENT_2D('',#16678,#16679);
#16678 = CARTESIAN_POINT('',(1.18265092544E-15,-1.610102991405E-15));
#16679 = DIRECTION('',(1.,0.));
#16680 = ( GEOMETRIC_REPRESENTATION_CONTEXT(2) 
PARAMETRIC_REPRESENTATION_CONTEXT() REPRESENTATION_CONTEXT('2D SPACE',''
  ) );
#16681 = ADVANCED_FACE('',(#16682),#16696,.F.);
#16682 = FACE_BOUND('',#16683,.T.);
#16683 = EDGE_LOOP('',(#16684,#16714,#16736,#16737));
#16684 = ORIENTED_EDGE('',*,*,#16685,.T.);
#16685 = EDGE_CURVE('',#16686,#16688,#16690,.T.);
#16686 = VERTEX_POINT('',#16687);
#16687 = CARTESIAN_POINT('',(15.,7.681543089298E-16,0.));
#16688 = VERTEX_POINT('',#16689);
#16689 = CARTESIAN_POINT('',(15.,7.681543089298E-16,4.));
#16690 = SEAM_CURVE('',#16691,(#16695,#16707),.PCURVE_S1.);
#16691 = LINE('',#16692,#16693);
#16692 = CARTESIAN_POINT('',(15.,7.681543089298E-16,0.));
#16693 = VECTOR('',#16694,1.);
#16694 = DIRECTION('',(0.,0.,1.));
#16695 = PCURVE('',#16696,#16701);
#16696 = CYLINDRICAL_SURFACE('',#16697,15.);
#16697 = AXIS2_PLACEMENT_3D('',#16698,#16699,#16700);
#16698 = CARTESIAN_POINT('',(8.7569591218E-14,7.681543089298E-16,0.));
#16699 = DIRECTION('',(-0.,-0.,-1.));
#16700 = DIRECTION('',(1.,0.,0.));
#16701 = DEFINITIONAL_REPRESENTATION('',(#16702),#16706);
#16702 = LINE('',#16703,#16704);
#16703 = CARTESIAN_POINT('',(-0.,0.));
#16704 = VECTOR('',#16705,1.);
#16705 = DIRECTION('',(-0.,-1.));
#16706 = ( GEOMETRIC_REPRESENTATION_CONTEXT(2) 
PARAMETRIC_REPRESENTATION_CONTEXT() REPRESENTATION_CONTEXT('2D SPACE',''
  ) );
#16707 = PCURVE('',#16696,#16708);
#16708 = DEFINITIONAL_REPRESENTATION('',(#16709),#16713);
#16709 = LINE('',#16710,#16711);
#16710 = CARTESIAN_POINT('',(-6.28318530718,0.));
#16711 = VECTOR('',#16712,1.);
#16712 = DIRECTION('',(-0.,-1.));
#16713 = ( GEOMETRIC_REPRESENTATION_CONTEXT(2) 
PARAMETRIC_REPRESENTATION_CONTEXT() REPRESENTATION_CONTEXT('2D SPACE',''
  ) );
#16714 = ORIENTED_EDGE('',*,*,#16715,.T.);
#16715 = EDGE_CURVE('',#16688,#16688,#16716,.T.);
#16716 = SURFACE_CURVE('',#16717,(#16722,#16729),.PCURVE_S1.);
#16717 = CIRCLE('',#16718,15.);
#16718 = AXIS2_PLACEMENT_3D('',#16719,#16720,#16721);
#16719 = CARTESIAN_POINT('',(8.7569591218E-14,7.681543089298E-16,4.));
#16720 = DIRECTION('',(0.,0.,1.));
#16721 = DIRECTION('',(1.,0.,0.));
#16722 = PCURVE('',#16696,#16723);
#16723 = DEFINITIONAL_REPRESENTATION('',(#16724),#16728);
#16724 = LINE('',#16725,#16726);
#16725 = CARTESIAN_POINT('',(-0.,-4.));
#16726 = VECTOR('',#16727,1.);
#16727 = DIRECTION('',(-1.,0.));
#16728 = ( GEOMETRIC_REPRESENTATION_CONTEXT(2) 
PARAMETRIC_REPRESENTATION_CONTEXT() REPRESENTATION_CONTEXT('2D SPACE',''
  ) );
#16729 = PCURVE('',#16642,#16730);
#16730 = DEFINITIONAL_REPRESENTATION('',(#16731),#16735);
#16731 = CIRCLE('',#16732,15.);
#16732 = AXIS2_PLACEMENT_2D('',#16733,#16734);
#16733 = CARTESIAN_POINT('',(8.875224214344E-14,-8.41948682475E-16));
#16734 = DIRECTION('',(1.,0.));
#16735 = ( GEOMETRIC_REPRESENTATION_CONTEXT(2) 
PARAMETRIC_REPRESENTATION_CONTEXT() REPRESENTATION_CONTEXT('2D SPACE',''
  ) );
#16736 = ORIENTED_EDGE('',*,*,#16685,.F.);
#16737 = ORIENTED_EDGE('',*,*,#16738,.F.);
#16738 = EDGE_CURVE('',#16686,#16686,#16739,.T.);
#16739 = SURFACE_CURVE('',#16740,(#16745,#16752),.PCURVE_S1.);
#16740 = CIRCLE('',#16741,15.);
#16741 = AXIS2_PLACEMENT_3D('',#16742,#16743,#16744);
#16742 = CARTESIAN_POINT('',(8.7569591218E-14,7.681543089298E-16,0.));
#16743 = DIRECTION('',(0.,0.,1.));
#16744 = DIRECTION('',(1.,0.,0.));
#16745 = PCURVE('',#16696,#16746);
#16746 = DEFINITIONAL_REPRESENTATION('',(#16747),#16751);
#16747 = LINE('',#16748,#16749);
#16748 = CARTESIAN_POINT('',(-0.,0.));
#16749 = VECTOR('',#16750,1.);
#16750 = DIRECTION('',(-1.,0.));
#16751 = ( GEOMETRIC_REPRESENTATION_CONTEXT(2) 
PARAMETRIC_REPRESENTATION_CONTEXT() REPRESENTATION_CONTEXT('2D SPACE',''
  ) );
#16752 = PCURVE('',#16670,#16753);
#16753 = DEFINITIONAL_REPRESENTATION('',(#16754),#16758);
#16754 = CIRCLE('',#16755,15.);
#16755 = AXIS2_PLACEMENT_2D('',#16756,#16757);
#16756 = CARTESIAN_POINT('',(8.875224214344E-14,-8.41948682475E-16));
#16757 = DIRECTION('',(1.,0.));
#16758 = ( GEOMETRIC_REPRESENTATION_CONTEXT(2) 
PARAMETRIC_REPRESENTATION_CONTEXT() REPRESENTATION_CONTEXT('2D SPACE',''
  ) );
#16759 = ADVANCED_FACE('',(#16760,#16763),#16670,.F.);
#16760 = FACE_BOUND('',#16761,.F.);
#16761 = EDGE_LOOP('',(#16762));
#16762 = ORIENTED_EDGE('',*,*,#16655,.T.);
#16763 = FACE_BOUND('',#16764,.F.);
#16764 = EDGE_LOOP('',(#16765));
#16765 = ORIENTED_EDGE('',*,*,#16738,.F.);
#16766 = ADVANCED_FACE('',(#16767,#16770),#16642,.T.);
#16767 = FACE_BOUND('',#16768,.T.);
#16768 = EDGE_LOOP('',(#16769));
#16769 = ORIENTED_EDGE('',*,*,#16627,.T.);
#16770 = FACE_BOUND('',#16771,.T.);
#16771 = EDGE_LOOP('',(#16772));
#16772 = ORIENTED_EDGE('',*,*,#16715,.F.);
#16773 = ( GEOMETRIC_REPRESENTATION_CONTEXT(3) 
GLOBAL_UNCERTAINTY_ASSIGNED_CONTEXT((#16777)) 
GLOBAL_UNIT_ASSIGNED_CONTEXT((#16774,#16775,#16776)) 
REPRESENTATION_CONTEXT('Context #1',
  '3D Context with UNIT and UNCERTAINTY') );
#16774 = ( LENGTH_UNIT() NAMED_UNIT(*) SI_UNIT(.MILLI.,.METRE.) );
#16775 = ( NAMED_UNIT(*) PLANE_ANGLE_UNIT() SI_UNIT($,.RADIAN.) );
#16776 = ( NAMED_UNIT(*) SI_UNIT($,.STERADIAN.) SOLID_ANGLE_UNIT() );
#16777 = UNCERTAINTY_MEASURE_WITH_UNIT(LENGTH_MEASURE(1.E-07),#16774,
  'distance_accuracy_value','confusion accuracy');
#16778 = CONTEXT_DEPENDENT_SHAPE_REPRESENTATION(#16779,#16781);
#16779 = ( REPRESENTATION_RELATIONSHIP('','',#16590,#10) 
REPRESENTATION_RELATIONSHIP_WITH_TRANSFORMATION(#16780) 
SHAPE_REPRESENTATION_RELATIONSHIP() );
#16780 = ITEM_DEFINED_TRANSFORMATION('','',#11,#47);
#16781 = PRODUCT_DEFINITION_SHAPE('Placement','Placement of an item',
  #16782);
#16782 = NEXT_ASSEMBLY_USAGE_OCCURRENCE('210','brg_J6','',#5,#16585,$);
#16783 = PRODUCT_RELATED_PRODUCT_CATEGORY('part',$,(#16587));
#16784 = SHAPE_DEFINITION_REPRESENTATION(#16785,#16791);
#16785 = PRODUCT_DEFINITION_SHAPE('','',#16786);
#16786 = PRODUCT_DEFINITION('design','',#16787,#16790);
#16787 = PRODUCT_DEFINITION_FORMATION('','',#16788);
#16788 = PRODUCT('horn_screw_J5_0','horn_screw_J5_0','',(#16789));
#16789 = PRODUCT_CONTEXT('',#2,'mechanical');
#16790 = PRODUCT_DEFINITION_CONTEXT('part definition',#2,'design');
#16791 = ADVANCED_BREP_SHAPE_REPRESENTATION('',(#11,#16792),#16980);
#16792 = MANIFOLD_SOLID_BREP('',#16793);
#16793 = CLOSED_SHELL('',(#16794,#16882,#16917,#16921,#16976));
#16794 = ADVANCED_FACE('',(#16795),#16809,.T.);
#16795 = FACE_BOUND('',#16796,.F.);
#16796 = EDGE_LOOP('',(#16797,#16827,#16854,#16855));
#16797 = ORIENTED_EDGE('',*,*,#16798,.T.);
#16798 = EDGE_CURVE('',#16799,#16801,#16803,.T.);
#16799 = VERTEX_POINT('',#16800);
#16800 = CARTESIAN_POINT('',(2.25,0.,0.));
#16801 = VERTEX_POINT('',#16802);
#16802 = CARTESIAN_POINT('',(2.25,0.,2.5));
#16803 = SEAM_CURVE('',#16804,(#16808,#16820),.PCURVE_S1.);
#16804 = LINE('',#16805,#16806);
#16805 = CARTESIAN_POINT('',(2.25,0.,0.));
#16806 = VECTOR('',#16807,1.);
#16807 = DIRECTION('',(0.,0.,1.));
#16808 = PCURVE('',#16809,#16814);
#16809 = CYLINDRICAL_SURFACE('',#16810,2.25);
#16810 = AXIS2_PLACEMENT_3D('',#16811,#16812,#16813);
#16811 = CARTESIAN_POINT('',(0.,0.,0.));
#16812 = DIRECTION('',(-0.,-0.,-1.));
#16813 = DIRECTION('',(1.,0.,0.));
#16814 = DEFINITIONAL_REPRESENTATION('',(#16815),#16819);
#16815 = LINE('',#16816,#16817);
#16816 = CARTESIAN_POINT('',(-0.,0.));
#16817 = VECTOR('',#16818,1.);
#16818 = DIRECTION('',(-0.,-1.));
#16819 = ( GEOMETRIC_REPRESENTATION_CONTEXT(2) 
PARAMETRIC_REPRESENTATION_CONTEXT() REPRESENTATION_CONTEXT('2D SPACE',''
  ) );
#16820 = PCURVE('',#16809,#16821);
#16821 = DEFINITIONAL_REPRESENTATION('',(#16822),#16826);
#16822 = LINE('',#16823,#16824);
#16823 = CARTESIAN_POINT('',(-6.28318530718,0.));
#16824 = VECTOR('',#16825,1.);
#16825 = DIRECTION('',(-0.,-1.));
#16826 = ( GEOMETRIC_REPRESENTATION_CONTEXT(2) 
PARAMETRIC_REPRESENTATION_CONTEXT() REPRESENTATION_CONTEXT('2D SPACE',''
  ) );
#16827 = ORIENTED_EDGE('',*,*,#16828,.T.);
#16828 = EDGE_CURVE('',#16801,#16801,#16829,.T.);
#16829 = SURFACE_CURVE('',#16830,(#16835,#16842),.PCURVE_S1.);
#16830 = CIRCLE('',#16831,2.25);
#16831 = AXIS2_PLACEMENT_3D('',#16832,#16833,#16834);
#16832 = CARTESIAN_POINT('',(0.,0.,2.5));
#16833 = DIRECTION('',(0.,0.,1.));
#16834 = DIRECTION('',(1.,0.,0.));
#16835 = PCURVE('',#16809,#16836);
#16836 = DEFINITIONAL_REPRESENTATION('',(#16837),#16841);
#16837 = LINE('',#16838,#16839);
#16838 = CARTESIAN_POINT('',(-0.,-2.5));
#16839 = VECTOR('',#16840,1.);
#16840 = DIRECTION('',(-1.,0.));
#16841 = ( GEOMETRIC_REPRESENTATION_CONTEXT(2) 
PARAMETRIC_REPRESENTATION_CONTEXT() REPRESENTATION_CONTEXT('2D SPACE',''
  ) );
#16842 = PCURVE('',#16843,#16848);
#16843 = PLANE('',#16844);
#16844 = AXIS2_PLACEMENT_3D('',#16845,#16846,#16847);
#16845 = CARTESIAN_POINT('',(-7.596889625219E-17,6.008928256833E-17,2.5)
  );
#16846 = DIRECTION('',(0.,0.,1.));
#16847 = DIRECTION('',(1.,0.,-0.));
#16848 = DEFINITIONAL_REPRESENTATION('',(#16849),#16853);
#16849 = CIRCLE('',#16850,2.25);
#16850 = AXIS2_PLACEMENT_2D('',#16851,#16852);
#16851 = CARTESIAN_POINT('',(7.596889625219E-17,-6.008928256833E-17));
#16852 = DIRECTION('',(1.,0.));
#16853 = ( GEOMETRIC_REPRESENTATION_CONTEXT(2) 
PARAMETRIC_REPRESENTATION_CONTEXT() REPRESENTATION_CONTEXT('2D SPACE',''
  ) );
#16854 = ORIENTED_EDGE('',*,*,#16798,.F.);
#16855 = ORIENTED_EDGE('',*,*,#16856,.F.);
#16856 = EDGE_CURVE('',#16799,#16799,#16857,.T.);
#16857 = SURFACE_CURVE('',#16858,(#16863,#16870),.PCURVE_S1.);
#16858 = CIRCLE('',#16859,2.25);
#16859 = AXIS2_PLACEMENT_3D('',#16860,#16861,#16862);
#16860 = CARTESIAN_POINT('',(0.,0.,0.));
#16861 = DIRECTION('',(0.,0.,1.));
#16862 = DIRECTION('',(1.,0.,0.));
#16863 = PCURVE('',#16809,#16864);
#16864 = DEFINITIONAL_REPRESENTATION('',(#16865),#16869);
#16865 = LINE('',#16866,#16867);
#16866 = CARTESIAN_POINT('',(-0.,0.));
#16867 = VECTOR('',#16868,1.);
#16868 = DIRECTION('',(-1.,0.));
#16869 = ( GEOMETRIC_REPRESENTATION_CONTEXT(2) 
PARAMETRIC_REPRESENTATION_CONTEXT() REPRESENTATION_CONTEXT('2D SPACE',''
  ) );
#16870 = PCURVE('',#16871,#16876);
#16871 = PLANE('',#16872);
#16872 = AXIS2_PLACEMENT_3D('',#16873,#16874,#16875);
#16873 = CARTESIAN_POINT('',(-7.596889625219E-17,6.008928256833E-17,0.)
  );
#16874 = DIRECTION('',(0.,0.,1.));
#16875 = DIRECTION('',(1.,0.,-0.));
#16876 = DEFINITIONAL_REPRESENTATION('',(#16877),#16881);
#16877 = CIRCLE('',#16878,2.25);
#16878 = AXIS2_PLACEMENT_2D('',#16879,#16880);
#16879 = CARTESIAN_POINT('',(7.596889625219E-17,-6.008928256833E-17));
#16880 = DIRECTION('',(1.,0.));
#16881 = ( GEOMETRIC_REPRESENTATION_CONTEXT(2) 
PARAMETRIC_REPRESENTATION_CONTEXT() REPRESENTATION_CONTEXT('2D SPACE',''
  ) );
#16882 = ADVANCED_FACE('',(#16883,#16886),#16871,.F.);
#16883 = FACE_BOUND('',#16884,.F.);
#16884 = EDGE_LOOP('',(#16885));
#16885 = ORIENTED_EDGE('',*,*,#16856,.T.);
#16886 = FACE_BOUND('',#16887,.F.);
#16887 = EDGE_LOOP('',(#16888));
#16888 = ORIENTED_EDGE('',*,*,#16889,.F.);
#16889 = EDGE_CURVE('',#16890,#16890,#16892,.T.);
#16890 = VERTEX_POINT('',#16891);
#16891 = CARTESIAN_POINT('',(1.25,0.,0.));
#16892 = SURFACE_CURVE('',#16893,(#16898,#16905),.PCURVE_S1.);
#16893 = CIRCLE('',#16894,1.25);
#16894 = AXIS2_PLACEMENT_3D('',#16895,#16896,#16897);
#16895 = CARTESIAN_POINT('',(0.,0.,0.));
#16896 = DIRECTION('',(0.,0.,1.));
#16897 = DIRECTION('',(1.,0.,0.));
#16898 = PCURVE('',#16871,#16899);
#16899 = DEFINITIONAL_REPRESENTATION('',(#16900),#16904);
#16900 = CIRCLE('',#16901,1.25);
#16901 = AXIS2_PLACEMENT_2D('',#16902,#16903);
#16902 = CARTESIAN_POINT('',(7.596889625219E-17,-6.008928256833E-17));
#16903 = DIRECTION('',(1.,0.));
#16904 = ( GEOMETRIC_REPRESENTATION_CONTEXT(2) 
PARAMETRIC_REPRESENTATION_CONTEXT() REPRESENTATION_CONTEXT('2D SPACE',''
  ) );
#16905 = PCURVE('',#16906,#16911);
#16906 = CYLINDRICAL_SURFACE('',#16907,1.25);
#16907 = AXIS2_PLACEMENT_3D('',#16908,#16909,#16910);
#16908 = CARTESIAN_POINT('',(0.,0.,0.));
#16909 = DIRECTION('',(0.,0.,1.));
#16910 = DIRECTION('',(1.,0.,0.));
#16911 = DEFINITIONAL_REPRESENTATION('',(#16912),#16916);
#16912 = LINE('',#16913,#16914);
#16913 = CARTESIAN_POINT('',(0.,0.));
#16914 = VECTOR('',#16915,1.);
#16915 = DIRECTION('',(1.,0.));
#16916 = ( GEOMETRIC_REPRESENTATION_CONTEXT(2) 
PARAMETRIC_REPRESENTATION_CONTEXT() REPRESENTATION_CONTEXT('2D SPACE',''
  ) );
#16917 = ADVANCED_FACE('',(#16918),#16843,.T.);
#16918 = FACE_BOUND('',#16919,.T.);
#16919 = EDGE_LOOP('',(#16920));
#16920 = ORIENTED_EDGE('',*,*,#16828,.T.);
#16921 = ADVANCED_FACE('',(#16922),#16906,.T.);
#16922 = FACE_BOUND('',#16923,.T.);
#16923 = EDGE_LOOP('',(#16924,#16947,#16974,#16975));
#16924 = ORIENTED_EDGE('',*,*,#16925,.T.);
#16925 = EDGE_CURVE('',#16890,#16926,#16928,.T.);
#16926 = VERTEX_POINT('',#16927);
#16927 = CARTESIAN_POINT('',(1.25,0.,-6.));
#16928 = SEAM_CURVE('',#16929,(#16933,#16940),.PCURVE_S1.);
#16929 = LINE('',#16930,#16931);
#16930 = CARTESIAN_POINT('',(1.25,0.,0.));
#16931 = VECTOR('',#16932,1.);
#16932 = DIRECTION('',(-0.,-0.,-1.));
#16933 = PCURVE('',#16906,#16934);
#16934 = DEFINITIONAL_REPRESENTATION('',(#16935),#16939);
#16935 = LINE('',#16936,#16937);
#16936 = CARTESIAN_POINT('',(0.,0.));
#16937 = VECTOR('',#16938,1.);
#16938 = DIRECTION('',(0.,-1.));
#16939 = ( GEOMETRIC_REPRESENTATION_CONTEXT(2) 
PARAMETRIC_REPRESENTATION_CONTEXT() REPRESENTATION_CONTEXT('2D SPACE',''
  ) );
#16940 = PCURVE('',#16906,#16941);
#16941 = DEFINITIONAL_REPRESENTATION('',(#16942),#16946);
#16942 = LINE('',#16943,#16944);
#16943 = CARTESIAN_POINT('',(6.28318530718,0.));
#16944 = VECTOR('',#16945,1.);
#16945 = DIRECTION('',(0.,-1.));
#16946 = ( GEOMETRIC_REPRESENTATION_CONTEXT(2) 
PARAMETRIC_REPRESENTATION_CONTEXT() REPRESENTATION_CONTEXT('2D SPACE',''
  ) );
#16947 = ORIENTED_EDGE('',*,*,#16948,.T.);
#16948 = EDGE_CURVE('',#16926,#16926,#16949,.T.);
#16949 = SURFACE_CURVE('',#16950,(#16955,#16962),.PCURVE_S1.);
#16950 = CIRCLE('',#16951,1.25);
#16951 = AXIS2_PLACEMENT_3D('',#16952,#16953,#16954);
#16952 = CARTESIAN_POINT('',(0.,0.,-6.));
#16953 = DIRECTION('',(0.,0.,1.));
#16954 = DIRECTION('',(1.,0.,0.));
#16955 = PCURVE('',#16906,#16956);
#16956 = DEFINITIONAL_REPRESENTATION('',(#16957),#16961);
#16957 = LINE('',#16958,#16959);
#16958 = CARTESIAN_POINT('',(0.,-6.));
#16959 = VECTOR('',#16960,1.);
#16960 = DIRECTION('',(1.,0.));
#16961 = ( GEOMETRIC_REPRESENTATION_CONTEXT(2) 
PARAMETRIC_REPRESENTATION_CONTEXT() REPRESENTATION_CONTEXT('2D SPACE',''
  ) );
#16962 = PCURVE('',#16963,#16968);
#16963 = PLANE('',#16964);
#16964 = AXIS2_PLACEMENT_3D('',#16965,#16966,#16967);
#16965 = CARTESIAN_POINT('',(-6.837200662697E-17,8.571706328947E-17,-6.)
  );
#16966 = DIRECTION('',(0.,0.,1.));
#16967 = DIRECTION('',(1.,0.,-0.));
#16968 = DEFINITIONAL_REPRESENTATION('',(#16969),#16973);
#16969 = CIRCLE('',#16970,1.25);
#16970 = AXIS2_PLACEMENT_2D('',#16971,#16972);
#16971 = CARTESIAN_POINT('',(6.837200662697E-17,-8.571706328947E-17));
#16972 = DIRECTION('',(1.,0.));
#16973 = ( GEOMETRIC_REPRESENTATION_CONTEXT(2) 
PARAMETRIC_REPRESENTATION_CONTEXT() REPRESENTATION_CONTEXT('2D SPACE',''
  ) );
#16974 = ORIENTED_EDGE('',*,*,#16925,.F.);
#16975 = ORIENTED_EDGE('',*,*,#16889,.F.);
#16976 = ADVANCED_FACE('',(#16977),#16963,.F.);
#16977 = FACE_BOUND('',#16978,.F.);
#16978 = EDGE_LOOP('',(#16979));
#16979 = ORIENTED_EDGE('',*,*,#16948,.T.);
#16980 = ( GEOMETRIC_REPRESENTATION_CONTEXT(3) 
GLOBAL_UNCERTAINTY_ASSIGNED_CONTEXT((#16984)) 
GLOBAL_UNIT_ASSIGNED_CONTEXT((#16981,#16982,#16983)) 
REPRESENTATION_CONTEXT('Context #1',
  '3D Context with UNIT and UNCERTAINTY') );
#16981 = ( LENGTH_UNIT() NAMED_UNIT(*) SI_UNIT(.MILLI.,.METRE.) );
#16982 = ( NAMED_UNIT(*) PLANE_ANGLE_UNIT() SI_UNIT($,.RADIAN.) );
#16983 = ( NAMED_UNIT(*) SI_UNIT($,.STERADIAN.) SOLID_ANGLE_UNIT() );
#16984 = UNCERTAINTY_MEASURE_WITH_UNIT(LENGTH_MEASURE(1.E-07),#16981,
  'distance_accuracy_value','confusion accuracy');
#16985 = CONTEXT_DEPENDENT_SHAPE_REPRESENTATION(#16986,#16988);
#16986 = ( REPRESENTATION_RELATIONSHIP('','',#16791,#10) 
REPRESENTATION_RELATIONSHIP_WITH_TRANSFORMATION(#16987) 
SHAPE_REPRESENTATION_RELATIONSHIP() );
#16987 = ITEM_DEFINED_TRANSFORMATION('','',#11,#51);
#16988 = PRODUCT_DEFINITION_SHAPE('Placement','Placement of an item',
  #16989);
#16989 = NEXT_ASSEMBLY_USAGE_OCCURRENCE('211','horn_screw_J5_0','',#5,
  #16786,$);
#16990 = PRODUCT_RELATED_PRODUCT_CATEGORY('part',$,(#16788));
#16991 = CONTEXT_DEPENDENT_SHAPE_REPRESENTATION(#16992,#16994);
#16992 = ( REPRESENTATION_RELATIONSHIP('','',#16791,#10) 
REPRESENTATION_RELATIONSHIP_WITH_TRANSFORMATION(#16993) 
SHAPE_REPRESENTATION_RELATIONSHIP() );
#16993 = ITEM_DEFINED_TRANSFORMATION('','',#11,#55);
#16994 = PRODUCT_DEFINITION_SHAPE('Placement','Placement of an item',
  #16995);
#16995 = NEXT_ASSEMBLY_USAGE_OCCURRENCE('212','horn_screw_J5_90','',#5,
  #16786,$);
#16996 = CONTEXT_DEPENDENT_SHAPE_REPRESENTATION(#16997,#16999);
#16997 = ( REPRESENTATION_RELATIONSHIP('','',#16791,#10) 
REPRESENTATION_RELATIONSHIP_WITH_TRANSFORMATION(#16998) 
SHAPE_REPRESENTATION_RELATIONSHIP() );
#16998 = ITEM_DEFINED_TRANSFORMATION('','',#11,#59);
#16999 = PRODUCT_DEFINITION_SHAPE('Placement','Placement of an item',
  #17000);
#17000 = NEXT_ASSEMBLY_USAGE_OCCURRENCE('213','horn_screw_J5_180','',#5,
  #16786,$);
#17001 = CONTEXT_DEPENDENT_SHAPE_REPRESENTATION(#17002,#17004);
#17002 = ( REPRESENTATION_RELATIONSHIP('','',#16791,#10) 
REPRESENTATION_RELATIONSHIP_WITH_TRANSFORMATION(#17003) 
SHAPE_REPRESENTATION_RELATIONSHIP() );
#17003 = ITEM_DEFINED_TRANSFORMATION('','',#11,#63);
#17004 = PRODUCT_DEFINITION_SHAPE('Placement','Placement of an item',
  #17005);
#17005 = NEXT_ASSEMBLY_USAGE_OCCURRENCE('214','horn_screw_J5_270','',#5,
  #16786,$);
#17006 = SHAPE_DEFINITION_REPRESENTATION(#17007,#17013);
#17007 = PRODUCT_DEFINITION_SHAPE('','',#17008);
#17008 = PRODUCT_DEFINITION('design','',#17009,#17012);
#17009 = PRODUCT_DEFINITION_FORMATION('','',#17010);
#17010 = PRODUCT('cap_J6_0','cap_J6_0','',(#17011));
#17011 = PRODUCT_CONTEXT('',#2,'mechanical');
#17012 = PRODUCT_DEFINITION_CONTEXT('part definition',#2,'design');
#17013 = ADVANCED_BREP_SHAPE_REPRESENTATION('',(#11,#17014),#17202);
#17014 = MANIFOLD_SOLID_BREP('',#17015);
#17015 = CLOSED_SHELL('',(#17016,#17104,#17139,#17143,#17198));
#17016 = ADVANCED_FACE('',(#17017),#17031,.T.);
#17017 = FACE_BOUND('',#17018,.F.);
#17018 = EDGE_LOOP('',(#17019,#17049,#17076,#17077));
#17019 = ORIENTED_EDGE('',*,*,#17020,.T.);
#17020 = EDGE_CURVE('',#17021,#17023,#17025,.T.);
#17021 = VERTEX_POINT('',#17022);
#17022 = CARTESIAN_POINT('',(2.75,0.,0.));
#17023 = VERTEX_POINT('',#17024);
#17024 = CARTESIAN_POINT('',(2.75,0.,3.));
#17025 = SEAM_CURVE('',#17026,(#17030,#17042),.PCURVE_S1.);
#17026 = LINE('',#17027,#17028);
#17027 = CARTESIAN_POINT('',(2.75,0.,0.));
#17028 = VECTOR('',#17029,1.);
#17029 = DIRECTION('',(0.,0.,1.));
#17030 = PCURVE('',#17031,#17036);
#17031 = CYLINDRICAL_SURFACE('',#17032,2.75);
#17032 = AXIS2_PLACEMENT_3D('',#17033,#17034,#17035);
#17033 = CARTESIAN_POINT('',(0.,0.,0.));
#17034 = DIRECTION('',(-0.,-0.,-1.));
#17035 = DIRECTION('',(1.,0.,0.));
#17036 = DEFINITIONAL_REPRESENTATION('',(#17037),#17041);
#17037 = LINE('',#17038,#17039);
#17038 = CARTESIAN_POINT('',(-0.,0.));
#17039 = VECTOR('',#17040,1.);
#17040 = DIRECTION('',(-0.,-1.));
#17041 = ( GEOMETRIC_REPRESENTATION_CONTEXT(2) 
PARAMETRIC_REPRESENTATION_CONTEXT() REPRESENTATION_CONTEXT('2D SPACE',''
  ) );
#17042 = PCURVE('',#17031,#17043);
#17043 = DEFINITIONAL_REPRESENTATION('',(#17044),#17048);
#17044 = LINE('',#17045,#17046);
#17045 = CARTESIAN_POINT('',(-6.28318530718,0.));
#17046 = VECTOR('',#17047,1.);
#17047 = DIRECTION('',(-0.,-1.));
#17048 = ( GEOMETRIC_REPRESENTATION_CONTEXT(2) 
PARAMETRIC_REPRESENTATION_CONTEXT() REPRESENTATION_CONTEXT('2D SPACE',''
  ) );
#17049 = ORIENTED_EDGE('',*,*,#17050,.T.);
#17050 = EDGE_CURVE('',#17023,#17023,#17051,.T.);
#17051 = SURFACE_CURVE('',#17052,(#17057,#17064),.PCURVE_S1.);
#17052 = CIRCLE('',#17053,2.75);
#17053 = AXIS2_PLACEMENT_3D('',#17054,#17055,#17056);
#17054 = CARTESIAN_POINT('',(0.,0.,3.));
#17055 = DIRECTION('',(0.,0.,1.));
#17056 = DIRECTION('',(1.,0.,0.));
#17057 = PCURVE('',#17031,#17058);
#17058 = DEFINITIONAL_REPRESENTATION('',(#17059),#17063);
#17059 = LINE('',#17060,#17061);
#17060 = CARTESIAN_POINT('',(-0.,-3.));
#17061 = VECTOR('',#17062,1.);
#17062 = DIRECTION('',(-1.,0.));
#17063 = ( GEOMETRIC_REPRESENTATION_CONTEXT(2) 
PARAMETRIC_REPRESENTATION_CONTEXT() REPRESENTATION_CONTEXT('2D SPACE',''
  ) );
#17064 = PCURVE('',#17065,#17070);
#17065 = PLANE('',#17066);
#17066 = AXIS2_PLACEMENT_3D('',#17067,#17068,#17069);
#17067 = CARTESIAN_POINT('',(-1.864691089826E-16,-1.122592899218E-16,3.)
  );
#17068 = DIRECTION('',(0.,0.,1.));
#17069 = DIRECTION('',(1.,0.,-0.));
#17070 = DEFINITIONAL_REPRESENTATION('',(#17071),#17075);
#17071 = CIRCLE('',#17072,2.75);
#17072 = AXIS2_PLACEMENT_2D('',#17073,#17074);
#17073 = CARTESIAN_POINT('',(1.864691089826E-16,1.122592899218E-16));
#17074 = DIRECTION('',(1.,0.));
#17075 = ( GEOMETRIC_REPRESENTATION_CONTEXT(2) 
PARAMETRIC_REPRESENTATION_CONTEXT() REPRESENTATION_CONTEXT('2D SPACE',''
  ) );
#17076 = ORIENTED_EDGE('',*,*,#17020,.F.);
#17077 = ORIENTED_EDGE('',*,*,#17078,.F.);
#17078 = EDGE_CURVE('',#17021,#17021,#17079,.T.);
#17079 = SURFACE_CURVE('',#17080,(#17085,#17092),.PCURVE_S1.);
#17080 = CIRCLE('',#17081,2.75);
#17081 = AXIS2_PLACEMENT_3D('',#17082,#17083,#17084);
#17082 = CARTESIAN_POINT('',(0.,0.,0.));
#17083 = DIRECTION('',(0.,0.,1.));
#17084 = DIRECTION('',(1.,0.,0.));
#17085 = PCURVE('',#17031,#17086);
#17086 = DEFINITIONAL_REPRESENTATION('',(#17087),#17091);
#17087 = LINE('',#17088,#17089);
#17088 = CARTESIAN_POINT('',(-0.,0.));
#17089 = VECTOR('',#17090,1.);
#17090 = DIRECTION('',(-1.,0.));
#17091 = ( GEOMETRIC_REPRESENTATION_CONTEXT(2) 
PARAMETRIC_REPRESENTATION_CONTEXT() REPRESENTATION_CONTEXT('2D SPACE',''
  ) );
#17092 = PCURVE('',#17093,#17098);
#17093 = PLANE('',#17094);
#17094 = AXIS2_PLACEMENT_3D('',#17095,#17096,#17097);
#17095 = CARTESIAN_POINT('',(-1.864691089826E-16,-1.122592899218E-16,0.)
  );
#17096 = DIRECTION('',(0.,0.,1.));
#17097 = DIRECTION('',(1.,0.,-0.));
#17098 = DEFINITIONAL_REPRESENTATION('',(#17099),#17103);
#17099 = CIRCLE('',#17100,2.75);
#17100 = AXIS2_PLACEMENT_2D('',#17101,#17102);
#17101 = CARTESIAN_POINT('',(1.864691089826E-16,1.122592899218E-16));
#17102 = DIRECTION('',(1.,0.));
#17103 = ( GEOMETRIC_REPRESENTATION_CONTEXT(2) 
PARAMETRIC_REPRESENTATION_CONTEXT() REPRESENTATION_CONTEXT('2D SPACE',''
  ) );
#17104 = ADVANCED_FACE('',(#17105,#17108),#17093,.F.);
#17105 = FACE_BOUND('',#17106,.F.);
#17106 = EDGE_LOOP('',(#17107));
#17107 = ORIENTED_EDGE('',*,*,#17078,.T.);
#17108 = FACE_BOUND('',#17109,.F.);
#17109 = EDGE_LOOP('',(#17110));
#17110 = ORIENTED_EDGE('',*,*,#17111,.F.);
#17111 = EDGE_CURVE('',#17112,#17112,#17114,.T.);
#17112 = VERTEX_POINT('',#17113);
#17113 = CARTESIAN_POINT('',(1.5,0.,0.));
#17114 = SURFACE_CURVE('',#17115,(#17120,#17127),.PCURVE_S1.);
#17115 = CIRCLE('',#17116,1.5);
#17116 = AXIS2_PLACEMENT_3D('',#17117,#17118,#17119);
#17117 = CARTESIAN_POINT('',(0.,0.,0.));
#17118 = DIRECTION('',(0.,0.,1.));
#17119 = DIRECTION('',(1.,0.,0.));
#17120 = PCURVE('',#17093,#17121);
#17121 = DEFINITIONAL_REPRESENTATION('',(#17122),#17126);
#17122 = CIRCLE('',#17123,1.5);
#17123 = AXIS2_PLACEMENT_2D('',#17124,#17125);
#17124 = CARTESIAN_POINT('',(1.864691089826E-16,1.122592899218E-16));
#17125 = DIRECTION('',(1.,0.));
#17126 = ( GEOMETRIC_REPRESENTATION_CONTEXT(2) 
PARAMETRIC_REPRESENTATION_CONTEXT() REPRESENTATION_CONTEXT('2D SPACE',''
  ) );
#17127 = PCURVE('',#17128,#17133);
#17128 = CYLINDRICAL_SURFACE('',#17129,1.5);
#17129 = AXIS2_PLACEMENT_3D('',#17130,#17131,#17132);
#17130 = CARTESIAN_POINT('',(0.,0.,0.));
#17131 = DIRECTION('',(0.,0.,1.));
#17132 = DIRECTION('',(1.,0.,0.));
#17133 = DEFINITIONAL_REPRESENTATION('',(#17134),#17138);
#17134 = LINE('',#17135,#17136);
#17135 = CARTESIAN_POINT('',(0.,0.));
#17136 = VECTOR('',#17137,1.);
#17137 = DIRECTION('',(1.,0.));
#17138 = ( GEOMETRIC_REPRESENTATION_CONTEXT(2) 
PARAMETRIC_REPRESENTATION_CONTEXT() REPRESENTATION_CONTEXT('2D SPACE',''
  ) );
#17139 = ADVANCED_FACE('',(#17140),#17065,.T.);
#17140 = FACE_BOUND('',#17141,.T.);
#17141 = EDGE_LOOP('',(#17142));
#17142 = ORIENTED_EDGE('',*,*,#17050,.T.);
#17143 = ADVANCED_FACE('',(#17144),#17128,.T.);
#17144 = FACE_BOUND('',#17145,.T.);
#17145 = EDGE_LOOP('',(#17146,#17169,#17196,#17197));
#17146 = ORIENTED_EDGE('',*,*,#17147,.T.);
#17147 = EDGE_CURVE('',#17112,#17148,#17150,.T.);
#17148 = VERTEX_POINT('',#17149);
#17149 = CARTESIAN_POINT('',(1.5,0.,-12.));
#17150 = SEAM_CURVE('',#17151,(#17155,#17162),.PCURVE_S1.);
#17151 = LINE('',#17152,#17153);
#17152 = CARTESIAN_POINT('',(1.5,0.,0.));
#17153 = VECTOR('',#17154,1.);
#17154 = DIRECTION('',(-0.,-0.,-1.));
#17155 = PCURVE('',#17128,#17156);
#17156 = DEFINITIONAL_REPRESENTATION('',(#17157),#17161);
#17157 = LINE('',#17158,#17159);
#17158 = CARTESIAN_POINT('',(0.,0.));
#17159 = VECTOR('',#17160,1.);
#17160 = DIRECTION('',(0.,-1.));
#17161 = ( GEOMETRIC_REPRESENTATION_CONTEXT(2) 
PARAMETRIC_REPRESENTATION_CONTEXT() REPRESENTATION_CONTEXT('2D SPACE',''
  ) );
#17162 = PCURVE('',#17128,#17163);
#17163 = DEFINITIONAL_REPRESENTATION('',(#17164),#17168);
#17164 = LINE('',#17165,#17166);
#17165 = CARTESIAN_POINT('',(6.28318530718,0.));
#17166 = VECTOR('',#17167,1.);
#17167 = DIRECTION('',(0.,-1.));
#17168 = ( GEOMETRIC_REPRESENTATION_CONTEXT(2) 
PARAMETRIC_REPRESENTATION_CONTEXT() REPRESENTATION_CONTEXT('2D SPACE',''
  ) );
#17169 = ORIENTED_EDGE('',*,*,#17170,.T.);
#17170 = EDGE_CURVE('',#17148,#17148,#17171,.T.);
#17171 = SURFACE_CURVE('',#17172,(#17177,#17184),.PCURVE_S1.);
#17172 = CIRCLE('',#17173,1.5);
#17173 = AXIS2_PLACEMENT_3D('',#17174,#17175,#17176);
#17174 = CARTESIAN_POINT('',(0.,0.,-12.));
#17175 = DIRECTION('',(0.,0.,1.));
#17176 = DIRECTION('',(1.,0.,0.));
#17177 = PCURVE('',#17128,#17178);
#17178 = DEFINITIONAL_REPRESENTATION('',(#17179),#17183);
#17179 = LINE('',#17180,#17181);
#17180 = CARTESIAN_POINT('',(0.,-12.));
#17181 = VECTOR('',#17182,1.);
#17182 = DIRECTION('',(1.,0.));
#17183 = ( GEOMETRIC_REPRESENTATION_CONTEXT(2) 
PARAMETRIC_REPRESENTATION_CONTEXT() REPRESENTATION_CONTEXT('2D SPACE',''
  ) );
#17184 = PCURVE('',#17185,#17190);
#17185 = PLANE('',#17186);
#17186 = AXIS2_PLACEMENT_3D('',#17187,#17188,#17189);
#17187 = CARTESIAN_POINT('',(-8.546500828371E-17,-4.255667768225E-18,
    -12.));
#17188 = DIRECTION('',(0.,0.,1.));
#17189 = DIRECTION('',(1.,0.,-0.));
#17190 = DEFINITIONAL_REPRESENTATION('',(#17191),#17195);
#17191 = CIRCLE('',#17192,1.5);
#17192 = AXIS2_PLACEMENT_2D('',#17193,#17194);
#17193 = CARTESIAN_POINT('',(8.546500828371E-17,4.255667768225E-18));
#17194 = DIRECTION('',(1.,0.));
#17195 = ( GEOMETRIC_REPRESENTATION_CONTEXT(2) 
PARAMETRIC_REPRESENTATION_CONTEXT() REPRESENTATION_CONTEXT('2D SPACE',''
  ) );
#17196 = ORIENTED_EDGE('',*,*,#17147,.F.);
#17197 = ORIENTED_EDGE('',*,*,#17111,.F.);
#17198 = ADVANCED_FACE('',(#17199),#17185,.F.);
#17199 = FACE_BOUND('',#17200,.F.);
#17200 = EDGE_LOOP('',(#17201));
#17201 = ORIENTED_EDGE('',*,*,#17170,.T.);
#17202 = ( GEOMETRIC_REPRESENTATION_CONTEXT(3) 
GLOBAL_UNCERTAINTY_ASSIGNED_CONTEXT((#17206)) 
GLOBAL_UNIT_ASSIGNED_CONTEXT((#17203,#17204,#17205)) 
REPRESENTATION_CONTEXT('Context #1',
  '3D Context with UNIT and UNCERTAINTY') );
#17203 = ( LENGTH_UNIT() NAMED_UNIT(*) SI_UNIT(.MILLI.,.METRE.) );
#17204 = ( NAMED_UNIT(*) PLANE_ANGLE_UNIT() SI_UNIT($,.RADIAN.) );
#17205 = ( NAMED_UNIT(*) SI_UNIT($,.STERADIAN.) SOLID_ANGLE_UNIT() );
#17206 = UNCERTAINTY_MEASURE_WITH_UNIT(LENGTH_MEASURE(1.E-07),#17203,
  'distance_accuracy_value','confusion accuracy');
#17207 = CONTEXT_DEPENDENT_SHAPE_REPRESENTATION(#17208,#17210);
#17208 = ( REPRESENTATION_RELATIONSHIP('','',#17013,#10) 
REPRESENTATION_RELATIONSHIP_WITH_TRANSFORMATION(#17209) 
SHAPE_REPRESENTATION_RELATIONSHIP() );
#17209 = ITEM_DEFINED_TRANSFORMATION('','',#11,#67);
#17210 = PRODUCT_DEFINITION_SHAPE('Placement','Placement of an item',
  #17211);
#17211 = NEXT_ASSEMBLY_USAGE_OCCURRENCE('215','cap_J6_0','',#5,#17008,$
  );
#17212 = PRODUCT_RELATED_PRODUCT_CATEGORY('part',$,(#17010));
#17213 = SHAPE_DEFINITION_REPRESENTATION(#17214,#17220);
#17214 = PRODUCT_DEFINITION_SHAPE('','',#17215);
#17215 = PRODUCT_DEFINITION('design','',#17216,#17219);
#17216 = PRODUCT_DEFINITION_FORMATION('','',#17217);
#17217 = PRODUCT('cap_ins_J6_0','cap_ins_J6_0','',(#17218));
#17218 = PRODUCT_CONTEXT('',#2,'mechanical');
#17219 = PRODUCT_DEFINITION_CONTEXT('part definition',#2,'design');
#17220 = ADVANCED_BREP_SHAPE_REPRESENTATION('',(#11,#17221),#17403);
#17221 = MANIFOLD_SOLID_BREP('',#17222);
#17222 = CLOSED_SHELL('',(#17223,#17311,#17389,#17396));
#17223 = ADVANCED_FACE('',(#17224),#17238,.T.);
#17224 = FACE_BOUND('',#17225,.T.);
#17225 = EDGE_LOOP('',(#17226,#17256,#17283,#17284));
#17226 = ORIENTED_EDGE('',*,*,#17227,.T.);
#17227 = EDGE_CURVE('',#17228,#17230,#17232,.T.);
#17228 = VERTEX_POINT('',#17229);
#17229 = CARTESIAN_POINT('',(2.05,0.,0.));
#17230 = VERTEX_POINT('',#17231);
#17231 = CARTESIAN_POINT('',(2.05,0.,-5.7));
#17232 = SEAM_CURVE('',#17233,(#17237,#17249),.PCURVE_S1.);
#17233 = LINE('',#17234,#17235);
#17234 = CARTESIAN_POINT('',(2.05,0.,0.));
#17235 = VECTOR('',#17236,1.);
#17236 = DIRECTION('',(-0.,-0.,-1.));
#17237 = PCURVE('',#17238,#17243);
#17238 = CYLINDRICAL_SURFACE('',#17239,2.05);
#17239 = AXIS2_PLACEMENT_3D('',#17240,#17241,#17242);
#17240 = CARTESIAN_POINT('',(0.,0.,0.));
#17241 = DIRECTION('',(0.,0.,1.));
#17242 = DIRECTION('',(1.,0.,0.));
#17243 = DEFINITIONAL_REPRESENTATION('',(#17244),#17248);
#17244 = LINE('',#17245,#17246);
#17245 = CARTESIAN_POINT('',(0.,0.));
#17246 = VECTOR('',#17247,1.);
#17247 = DIRECTION('',(0.,-1.));
#17248 = ( GEOMETRIC_REPRESENTATION_CONTEXT(2) 
PARAMETRIC_REPRESENTATION_CONTEXT() REPRESENTATION_CONTEXT('2D SPACE',''
  ) );
#17249 = PCURVE('',#17238,#17250);
#17250 = DEFINITIONAL_REPRESENTATION('',(#17251),#17255);
#17251 = LINE('',#17252,#17253);
#17252 = CARTESIAN_POINT('',(6.28318530718,0.));
#17253 = VECTOR('',#17254,1.);
#17254 = DIRECTION('',(0.,-1.));
#17255 = ( GEOMETRIC_REPRESENTATION_CONTEXT(2) 
PARAMETRIC_REPRESENTATION_CONTEXT() REPRESENTATION_CONTEXT('2D SPACE',''
  ) );
#17256 = ORIENTED_EDGE('',*,*,#17257,.T.);
#17257 = EDGE_CURVE('',#17230,#17230,#17258,.T.);
#17258 = SURFACE_CURVE('',#17259,(#17264,#17271),.PCURVE_S1.);
#17259 = CIRCLE('',#17260,2.05);
#17260 = AXIS2_PLACEMENT_3D('',#17261,#17262,#17263);
#17261 = CARTESIAN_POINT('',(0.,0.,-5.7));
#17262 = DIRECTION('',(0.,0.,1.));
#17263 = DIRECTION('',(1.,0.,0.));
#17264 = PCURVE('',#17238,#17265);
#17265 = DEFINITIONAL_REPRESENTATION('',(#17266),#17270);
#17266 = LINE('',#17267,#17268);
#17267 = CARTESIAN_POINT('',(0.,-5.7));
#17268 = VECTOR('',#17269,1.);
#17269 = DIRECTION('',(1.,0.));
#17270 = ( GEOMETRIC_REPRESENTATION_CONTEXT(2) 
PARAMETRIC_REPRESENTATION_CONTEXT() REPRESENTATION_CONTEXT('2D SPACE',''
  ) );
#17271 = PCURVE('',#17272,#17277);
#17272 = PLANE('',#17273);
#17273 = AXIS2_PLACEMENT_3D('',#17274,#17275,#17276);
#17274 = CARTESIAN_POINT('',(-8.338049588655E-17,8.307679383136E-17,-5.7
    ));
#17275 = DIRECTION('',(0.,0.,1.));
#17276 = DIRECTION('',(1.,0.,-0.));
#17277 = DEFINITIONAL_REPRESENTATION('',(#17278),#17282);
#17278 = CIRCLE('',#17279,2.05);
#17279 = AXIS2_PLACEMENT_2D('',#17280,#17281);
#17280 = CARTESIAN_POINT('',(8.338049588655E-17,-8.307679383136E-17));
#17281 = DIRECTION('',(1.,0.));
#17282 = ( GEOMETRIC_REPRESENTATION_CONTEXT(2) 
PARAMETRIC_REPRESENTATION_CONTEXT() REPRESENTATION_CONTEXT('2D SPACE',''
  ) );
#17283 = ORIENTED_EDGE('',*,*,#17227,.F.);
#17284 = ORIENTED_EDGE('',*,*,#17285,.F.);
#17285 = EDGE_CURVE('',#17228,#17228,#17286,.T.);
#17286 = SURFACE_CURVE('',#17287,(#17292,#17299),.PCURVE_S1.);
#17287 = CIRCLE('',#17288,2.05);
#17288 = AXIS2_PLACEMENT_3D('',#17289,#17290,#17291);
#17289 = CARTESIAN_POINT('',(0.,0.,0.));
#17290 = DIRECTION('',(0.,0.,1.));
#17291 = DIRECTION('',(1.,0.,0.));
#17292 = PCURVE('',#17238,#17293);
#17293 = DEFINITIONAL_REPRESENTATION('',(#17294),#17298);
#17294 = LINE('',#17295,#17296);
#17295 = CARTESIAN_POINT('',(0.,0.));
#17296 = VECTOR('',#17297,1.);
#17297 = DIRECTION('',(1.,0.));
#17298 = ( GEOMETRIC_REPRESENTATION_CONTEXT(2) 
PARAMETRIC_REPRESENTATION_CONTEXT() REPRESENTATION_CONTEXT('2D SPACE',''
  ) );
#17299 = PCURVE('',#17300,#17305);
#17300 = PLANE('',#17301);
#17301 = AXIS2_PLACEMENT_3D('',#17302,#17303,#17304);
#17302 = CARTESIAN_POINT('',(-8.338049588655E-17,8.307679383136E-17,0.)
  );
#17303 = DIRECTION('',(0.,0.,1.));
#17304 = DIRECTION('',(1.,0.,-0.));
#17305 = DEFINITIONAL_REPRESENTATION('',(#17306),#17310);
#17306 = CIRCLE('',#17307,2.05);
#17307 = AXIS2_PLACEMENT_2D('',#17308,#17309);
#17308 = CARTESIAN_POINT('',(8.338049588655E-17,-8.307679383136E-17));
#17309 = DIRECTION('',(1.,0.));
#17310 = ( GEOMETRIC_REPRESENTATION_CONTEXT(2) 
PARAMETRIC_REPRESENTATION_CONTEXT() REPRESENTATION_CONTEXT('2D SPACE',''
  ) );
#17311 = ADVANCED_FACE('',(#17312),#17326,.F.);
#17312 = FACE_BOUND('',#17313,.F.);
#17313 = EDGE_LOOP('',(#17314,#17344,#17366,#17367));
#17314 = ORIENTED_EDGE('',*,*,#17315,.T.);
#17315 = EDGE_CURVE('',#17316,#17318,#17320,.T.);
#17316 = VERTEX_POINT('',#17317);
#17317 = CARTESIAN_POINT('',(1.5,1.083144414268E-16,0.));
#17318 = VERTEX_POINT('',#17319);
#17319 = CARTESIAN_POINT('',(1.5,1.083144414268E-16,-5.7));
#17320 = SEAM_CURVE('',#17321,(#17325,#17337),.PCURVE_S1.);
#17321 = LINE('',#17322,#17323);
#17322 = CARTESIAN_POINT('',(1.5,1.083144414268E-16,0.));
#17323 = VECTOR('',#17324,1.);
#17324 = DIRECTION('',(-0.,-0.,-1.));
#17325 = PCURVE('',#17326,#17331);
#17326 = CYLINDRICAL_SURFACE('',#17327,1.5);
#17327 = AXIS2_PLACEMENT_3D('',#17328,#17329,#17330);
#17328 = CARTESIAN_POINT('',(9.694142507703E-15,1.083144414268E-16,0.));
#17329 = DIRECTION('',(0.,0.,1.));
#17330 = DIRECTION('',(1.,0.,0.));
#17331 = DEFINITIONAL_REPRESENTATION('',(#17332),#17336);
#17332 = LINE('',#17333,#17334);
#17333 = CARTESIAN_POINT('',(0.,0.));
#17334 = VECTOR('',#17335,1.);
#17335 = DIRECTION('',(0.,-1.));
#17336 = ( GEOMETRIC_REPRESENTATION_CONTEXT(2) 
PARAMETRIC_REPRESENTATION_CONTEXT() REPRESENTATION_CONTEXT('2D SPACE',''
  ) );
#17337 = PCURVE('',#17326,#17338);
#17338 = DEFINITIONAL_REPRESENTATION('',(#17339),#17343);
#17339 = LINE('',#17340,#17341);
#17340 = CARTESIAN_POINT('',(6.28318530718,0.));
#17341 = VECTOR('',#17342,1.);
#17342 = DIRECTION('',(0.,-1.));
#17343 = ( GEOMETRIC_REPRESENTATION_CONTEXT(2) 
PARAMETRIC_REPRESENTATION_CONTEXT() REPRESENTATION_CONTEXT('2D SPACE',''
  ) );
#17344 = ORIENTED_EDGE('',*,*,#17345,.T.);
#17345 = EDGE_CURVE('',#17318,#17318,#17346,.T.);
#17346 = SURFACE_CURVE('',#17347,(#17352,#17359),.PCURVE_S1.);
#17347 = CIRCLE('',#17348,1.5);
#17348 = AXIS2_PLACEMENT_3D('',#17349,#17350,#17351);
#17349 = CARTESIAN_POINT('',(9.694142507703E-15,1.083144414268E-16,-5.7)
  );
#17350 = DIRECTION('',(0.,0.,1.));
#17351 = DIRECTION('',(1.,0.,0.));
#17352 = PCURVE('',#17326,#17353);
#17353 = DEFINITIONAL_REPRESENTATION('',(#17354),#17358);
#17354 = LINE('',#17355,#17356);
#17355 = CARTESIAN_POINT('',(0.,-5.7));
#17356 = VECTOR('',#17357,1.);
#17357 = DIRECTION('',(1.,0.));
#17358 = ( GEOMETRIC_REPRESENTATION_CONTEXT(2) 
PARAMETRIC_REPRESENTATION_CONTEXT() REPRESENTATION_CONTEXT('2D SPACE',''
  ) );
#17359 = PCURVE('',#17272,#17360);
#17360 = DEFINITIONAL_REPRESENTATION('',(#17361),#17365);
#17361 = CIRCLE('',#17362,1.5);
#17362 = AXIS2_PLACEMENT_2D('',#17363,#17364);
#17363 = CARTESIAN_POINT('',(9.777523003589E-15,2.523764759548E-17));
#17364 = DIRECTION('',(1.,0.));
#17365 = ( GEOMETRIC_REPRESENTATION_CONTEXT(2) 
PARAMETRIC_REPRESENTATION_CONTEXT() REPRESENTATION_CONTEXT('2D SPACE',''
  ) );
#17366 = ORIENTED_EDGE('',*,*,#17315,.F.);
#17367 = ORIENTED_EDGE('',*,*,#17368,.F.);
#17368 = EDGE_CURVE('',#17316,#17316,#17369,.T.);
#17369 = SURFACE_CURVE('',#17370,(#17375,#17382),.PCURVE_S1.);
#17370 = CIRCLE('',#17371,1.5);
#17371 = AXIS2_PLACEMENT_3D('',#17372,#17373,#17374);
#17372 = CARTESIAN_POINT('',(9.694142507703E-15,1.083144414268E-16,0.));
#17373 = DIRECTION('',(0.,0.,1.));
#17374 = DIRECTION('',(1.,0.,0.));
#17375 = PCURVE('',#17326,#17376);
#17376 = DEFINITIONAL_REPRESENTATION('',(#17377),#17381);
#17377 = LINE('',#17378,#17379);
#17378 = CARTESIAN_POINT('',(0.,0.));
#17379 = VECTOR('',#17380,1.);
#17380 = DIRECTION('',(1.,0.));
#17381 = ( GEOMETRIC_REPRESENTATION_CONTEXT(2) 
PARAMETRIC_REPRESENTATION_CONTEXT() REPRESENTATION_CONTEXT('2D SPACE',''
  ) );
#17382 = PCURVE('',#17300,#17383);
#17383 = DEFINITIONAL_REPRESENTATION('',(#17384),#17388);
#17384 = CIRCLE('',#17385,1.5);
#17385 = AXIS2_PLACEMENT_2D('',#17386,#17387);
#17386 = CARTESIAN_POINT('',(9.777523003589E-15,2.523764759548E-17));
#17387 = DIRECTION('',(1.,0.));
#17388 = ( GEOMETRIC_REPRESENTATION_CONTEXT(2) 
PARAMETRIC_REPRESENTATION_CONTEXT() REPRESENTATION_CONTEXT('2D SPACE',''
  ) );
#17389 = ADVANCED_FACE('',(#17390,#17393),#17300,.T.);
#17390 = FACE_BOUND('',#17391,.T.);
#17391 = EDGE_LOOP('',(#17392));
#17392 = ORIENTED_EDGE('',*,*,#17285,.T.);
#17393 = FACE_BOUND('',#17394,.T.);
#17394 = EDGE_LOOP('',(#17395));
#17395 = ORIENTED_EDGE('',*,*,#17368,.F.);
#17396 = ADVANCED_FACE('',(#17397,#17400),#17272,.F.);
#17397 = FACE_BOUND('',#17398,.F.);
#17398 = EDGE_LOOP('',(#17399));
#17399 = ORIENTED_EDGE('',*,*,#17257,.T.);
#17400 = FACE_BOUND('',#17401,.F.);
#17401 = EDGE_LOOP('',(#17402));
#17402 = ORIENTED_EDGE('',*,*,#17345,.F.);
#17403 = ( GEOMETRIC_REPRESENTATION_CONTEXT(3) 
GLOBAL_UNCERTAINTY_ASSIGNED_CONTEXT((#17407)) 
GLOBAL_UNIT_ASSIGNED_CONTEXT((#17404,#17405,#17406)) 
REPRESENTATION_CONTEXT('Context #1',
  '3D Context with UNIT and UNCERTAINTY') );
#17404 = ( LENGTH_UNIT() NAMED_UNIT(*) SI_UNIT(.MILLI.,.METRE.) );
#17405 = ( NAMED_UNIT(*) PLANE_ANGLE_UNIT() SI_UNIT($,.RADIAN.) );
#17406 = ( NAMED_UNIT(*) SI_UNIT($,.STERADIAN.) SOLID_ANGLE_UNIT() );
#17407 = UNCERTAINTY_MEASURE_WITH_UNIT(LENGTH_MEASURE(1.E-07),#17404,
  'distance_accuracy_value','confusion accuracy');
#17408 = CONTEXT_DEPENDENT_SHAPE_REPRESENTATION(#17409,#17411);
#17409 = ( REPRESENTATION_RELATIONSHIP('','',#17220,#10) 
REPRESENTATION_RELATIONSHIP_WITH_TRANSFORMATION(#17410) 
SHAPE_REPRESENTATION_RELATIONSHIP() );
#17410 = ITEM_DEFINED_TRANSFORMATION('','',#11,#71);
#17411 = PRODUCT_DEFINITION_SHAPE('Placement','Placement of an item',
  #17412);
#17412 = NEXT_ASSEMBLY_USAGE_OCCURRENCE('216','cap_ins_J6_0','',#5,
  #17215,$);
#17413 = PRODUCT_RELATED_PRODUCT_CATEGORY('part',$,(#17217));
#17414 = SHAPE_DEFINITION_REPRESENTATION(#17415,#17421);
#17415 = PRODUCT_DEFINITION_SHAPE('','',#17416);
#17416 = PRODUCT_DEFINITION('design','',#17417,#17420);
#17417 = PRODUCT_DEFINITION_FORMATION('','',#17418);
#17418 = PRODUCT('cap_J6_1','cap_J6_1','',(#17419));
#17419 = PRODUCT_CONTEXT('',#2,'mechanical');
#17420 = PRODUCT_DEFINITION_CONTEXT('part definition',#2,'design');
#17421 = ADVANCED_BREP_SHAPE_REPRESENTATION('',(#11,#17422),#17610);
#17422 = MANIFOLD_SOLID_BREP('',#17423);
#17423 = CLOSED_SHELL('',(#17424,#17512,#17547,#17551,#17606));
#17424 = ADVANCED_FACE('',(#17425),#17439,.T.);
#17425 = FACE_BOUND('',#17426,.F.);
#17426 = EDGE_LOOP('',(#17427,#17457,#17484,#17485));
#17427 = ORIENTED_EDGE('',*,*,#17428,.T.);
#17428 = EDGE_CURVE('',#17429,#17431,#17433,.T.);
#17429 = VERTEX_POINT('',#17430);
#17430 = CARTESIAN_POINT('',(2.75,0.,0.));
#17431 = VERTEX_POINT('',#17432);
#17432 = CARTESIAN_POINT('',(2.75,0.,3.));
#17433 = SEAM_CURVE('',#17434,(#17438,#17450),.PCURVE_S1.);
#17434 = LINE('',#17435,#17436);
#17435 = CARTESIAN_POINT('',(2.75,0.,0.));
#17436 = VECTOR('',#17437,1.);
#17437 = DIRECTION('',(0.,0.,1.));
#17438 = PCURVE('',#17439,#17444);
#17439 = CYLINDRICAL_SURFACE('',#17440,2.75);
#17440 = AXIS2_PLACEMENT_3D('',#17441,#17442,#17443);
#17441 = CARTESIAN_POINT('',(0.,0.,0.));
#17442 = DIRECTION('',(-0.,-0.,-1.));
#17443 = DIRECTION('',(1.,0.,0.));
#17444 = DEFINITIONAL_REPRESENTATION('',(#17445),#17449);
#17445 = LINE('',#17446,#17447);
#17446 = CARTESIAN_POINT('',(-0.,0.));
#17447 = VECTOR('',#17448,1.);
#17448 = DIRECTION('',(-0.,-1.));
#17449 = ( GEOMETRIC_REPRESENTATION_CONTEXT(2) 
PARAMETRIC_REPRESENTATION_CONTEXT() REPRESENTATION_CONTEXT('2D SPACE',''
  ) );
#17450 = PCURVE('',#17439,#17451);
#17451 = DEFINITIONAL_REPRESENTATION('',(#17452),#17456);
#17452 = LINE('',#17453,#17454);
#17453 = CARTESIAN_POINT('',(-6.28318530718,0.));
#17454 = VECTOR('',#17455,1.);
#17455 = DIRECTION('',(-0.,-1.));
#17456 = ( GEOMETRIC_REPRESENTATION_CONTEXT(2) 
PARAMETRIC_REPRESENTATION_CONTEXT() REPRESENTATION_CONTEXT('2D SPACE',''
  ) );
#17457 = ORIENTED_EDGE('',*,*,#17458,.T.);
#17458 = EDGE_CURVE('',#17431,#17431,#17459,.T.);
#17459 = SURFACE_CURVE('',#17460,(#17465,#17472),.PCURVE_S1.);
#17460 = CIRCLE('',#17461,2.75);
#17461 = AXIS2_PLACEMENT_3D('',#17462,#17463,#17464);
#17462 = CARTESIAN_POINT('',(0.,0.,3.));
#17463 = DIRECTION('',(0.,0.,1.));
#17464 = DIRECTION('',(1.,0.,0.));
#17465 = PCURVE('',#17439,#17466);
#17466 = DEFINITIONAL_REPRESENTATION('',(#17467),#17471);
#17467 = LINE('',#17468,#17469);
#17468 = CARTESIAN_POINT('',(-0.,-3.));
#17469 = VECTOR('',#17470,1.);
#17470 = DIRECTION('',(-1.,0.));
#17471 = ( GEOMETRIC_REPRESENTATION_CONTEXT(2) 
PARAMETRIC_REPRESENTATION_CONTEXT() REPRESENTATION_CONTEXT('2D SPACE',''
  ) );
#17472 = PCURVE('',#17473,#17478);
#17473 = PLANE('',#17474);
#17474 = AXIS2_PLACEMENT_3D('',#17475,#17476,#17477);
#17475 = CARTESIAN_POINT('',(-1.864691089826E-16,-1.122592899218E-16,3.)
  );
#17476 = DIRECTION('',(0.,0.,1.));
#17477 = DIRECTION('',(1.,0.,-0.));
#17478 = DEFINITIONAL_REPRESENTATION('',(#17479),#17483);
#17479 = CIRCLE('',#17480,2.75);
#17480 = AXIS2_PLACEMENT_2D('',#17481,#17482);
#17481 = CARTESIAN_POINT('',(1.864691089826E-16,1.122592899218E-16));
#17482 = DIRECTION('',(1.,0.));
#17483 = ( GEOMETRIC_REPRESENTATION_CONTEXT(2) 
PARAMETRIC_REPRESENTATION_CONTEXT() REPRESENTATION_CONTEXT('2D SPACE',''
  ) );
#17484 = ORIENTED_EDGE('',*,*,#17428,.F.);
#17485 = ORIENTED_EDGE('',*,*,#17486,.F.);
#17486 = EDGE_CURVE('',#17429,#17429,#17487,.T.);
#17487 = SURFACE_CURVE('',#17488,(#17493,#17500),.PCURVE_S1.);
#17488 = CIRCLE('',#17489,2.75);
#17489 = AXIS2_PLACEMENT_3D('',#17490,#17491,#17492);
#17490 = CARTESIAN_POINT('',(0.,0.,0.));
#17491 = DIRECTION('',(0.,0.,1.));
#17492 = DIRECTION('',(1.,0.,0.));
#17493 = PCURVE('',#17439,#17494);
#17494 = DEFINITIONAL_REPRESENTATION('',(#17495),#17499);
#17495 = LINE('',#17496,#17497);
#17496 = CARTESIAN_POINT('',(-0.,0.));
#17497 = VECTOR('',#17498,1.);
#17498 = DIRECTION('',(-1.,0.));
#17499 = ( GEOMETRIC_REPRESENTATION_CONTEXT(2) 
PARAMETRIC_REPRESENTATION_CONTEXT() REPRESENTATION_CONTEXT('2D SPACE',''
  ) );
#17500 = PCURVE('',#17501,#17506);
#17501 = PLANE('',#17502);
#17502 = AXIS2_PLACEMENT_3D('',#17503,#17504,#17505);
#17503 = CARTESIAN_POINT('',(-1.864691089826E-16,-1.122592899218E-16,0.)
  );
#17504 = DIRECTION('',(0.,0.,1.));
#17505 = DIRECTION('',(1.,0.,-0.));
#17506 = DEFINITIONAL_REPRESENTATION('',(#17507),#17511);
#17507 = CIRCLE('',#17508,2.75);
#17508 = AXIS2_PLACEMENT_2D('',#17509,#17510);
#17509 = CARTESIAN_POINT('',(1.864691089826E-16,1.122592899218E-16));
#17510 = DIRECTION('',(1.,0.));
#17511 = ( GEOMETRIC_REPRESENTATION_CONTEXT(2) 
PARAMETRIC_REPRESENTATION_CONTEXT() REPRESENTATION_CONTEXT('2D SPACE',''
  ) );
#17512 = ADVANCED_FACE('',(#17513,#17516),#17501,.F.);
#17513 = FACE_BOUND('',#17514,.F.);
#17514 = EDGE_LOOP('',(#17515));
#17515 = ORIENTED_EDGE('',*,*,#17486,.T.);
#17516 = FACE_BOUND('',#17517,.F.);
#17517 = EDGE_LOOP('',(#17518));
#17518 = ORIENTED_EDGE('',*,*,#17519,.F.);
#17519 = EDGE_CURVE('',#17520,#17520,#17522,.T.);
#17520 = VERTEX_POINT('',#17521);
#17521 = CARTESIAN_POINT('',(1.5,0.,0.));
#17522 = SURFACE_CURVE('',#17523,(#17528,#17535),.PCURVE_S1.);
#17523 = CIRCLE('',#17524,1.5);
#17524 = AXIS2_PLACEMENT_3D('',#17525,#17526,#17527);
#17525 = CARTESIAN_POINT('',(0.,0.,0.));
#17526 = DIRECTION('',(0.,0.,1.));
#17527 = DIRECTION('',(1.,0.,0.));
#17528 = PCURVE('',#17501,#17529);
#17529 = DEFINITIONAL_REPRESENTATION('',(#17530),#17534);
#17530 = CIRCLE('',#17531,1.5);
#17531 = AXIS2_PLACEMENT_2D('',#17532,#17533);
#17532 = CARTESIAN_POINT('',(1.864691089826E-16,1.122592899218E-16));
#17533 = DIRECTION('',(1.,0.));
#17534 = ( GEOMETRIC_REPRESENTATION_CONTEXT(2) 
PARAMETRIC_REPRESENTATION_CONTEXT() REPRESENTATION_CONTEXT('2D SPACE',''
  ) );
#17535 = PCURVE('',#17536,#17541);
#17536 = CYLINDRICAL_SURFACE('',#17537,1.5);
#17537 = AXIS2_PLACEMENT_3D('',#17538,#17539,#17540);
#17538 = CARTESIAN_POINT('',(0.,0.,0.));
#17539 = DIRECTION('',(0.,0.,1.));
#17540 = DIRECTION('',(1.,0.,0.));
#17541 = DEFINITIONAL_REPRESENTATION('',(#17542),#17546);
#17542 = LINE('',#17543,#17544);
#17543 = CARTESIAN_POINT('',(0.,0.));
#17544 = VECTOR('',#17545,1.);
#17545 = DIRECTION('',(1.,0.));
#17546 = ( GEOMETRIC_REPRESENTATION_CONTEXT(2) 
PARAMETRIC_REPRESENTATION_CONTEXT() REPRESENTATION_CONTEXT('2D SPACE',''
  ) );
#17547 = ADVANCED_FACE('',(#17548),#17473,.T.);
#17548 = FACE_BOUND('',#17549,.T.);
#17549 = EDGE_LOOP('',(#17550));
#17550 = ORIENTED_EDGE('',*,*,#17458,.T.);
#17551 = ADVANCED_FACE('',(#17552),#17536,.T.);
#17552 = FACE_BOUND('',#17553,.T.);
#17553 = EDGE_LOOP('',(#17554,#17577,#17604,#17605));
#17554 = ORIENTED_EDGE('',*,*,#17555,.T.);
#17555 = EDGE_CURVE('',#17520,#17556,#17558,.T.);
#17556 = VERTEX_POINT('',#17557);
#17557 = CARTESIAN_POINT('',(1.5,0.,-12.));
#17558 = SEAM_CURVE('',#17559,(#17563,#17570),.PCURVE_S1.);
#17559 = LINE('',#17560,#17561);
#17560 = CARTESIAN_POINT('',(1.5,0.,0.));
#17561 = VECTOR('',#17562,1.);
#17562 = DIRECTION('',(-0.,-0.,-1.));
#17563 = PCURVE('',#17536,#17564);
#17564 = DEFINITIONAL_REPRESENTATION('',(#17565),#17569);
#17565 = LINE('',#17566,#17567);
#17566 = CARTESIAN_POINT('',(0.,0.));
#17567 = VECTOR('',#17568,1.);
#17568 = DIRECTION('',(0.,-1.));
#17569 = ( GEOMETRIC_REPRESENTATION_CONTEXT(2) 
PARAMETRIC_REPRESENTATION_CONTEXT() REPRESENTATION_CONTEXT('2D SPACE',''
  ) );
#17570 = PCURVE('',#17536,#17571);
#17571 = DEFINITIONAL_REPRESENTATION('',(#17572),#17576);
#17572 = LINE('',#17573,#17574);
#17573 = CARTESIAN_POINT('',(6.28318530718,0.));
#17574 = VECTOR('',#17575,1.);
#17575 = DIRECTION('',(0.,-1.));
#17576 = ( GEOMETRIC_REPRESENTATION_CONTEXT(2) 
PARAMETRIC_REPRESENTATION_CONTEXT() REPRESENTATION_CONTEXT('2D SPACE',''
  ) );
#17577 = ORIENTED_EDGE('',*,*,#17578,.T.);
#17578 = EDGE_CURVE('',#17556,#17556,#17579,.T.);
#17579 = SURFACE_CURVE('',#17580,(#17585,#17592),.PCURVE_S1.);
#17580 = CIRCLE('',#17581,1.5);
#17581 = AXIS2_PLACEMENT_3D('',#17582,#17583,#17584);
#17582 = CARTESIAN_POINT('',(0.,0.,-12.));
#17583 = DIRECTION('',(0.,0.,1.));
#17584 = DIRECTION('',(1.,0.,0.));
#17585 = PCURVE('',#17536,#17586);
#17586 = DEFINITIONAL_REPRESENTATION('',(#17587),#17591);
#17587 = LINE('',#17588,#17589);
#17588 = CARTESIAN_POINT('',(0.,-12.));
#17589 = VECTOR('',#17590,1.);
#17590 = DIRECTION('',(1.,0.));
#17591 = ( GEOMETRIC_REPRESENTATION_CONTEXT(2) 
PARAMETRIC_REPRESENTATION_CONTEXT() REPRESENTATION_CONTEXT('2D SPACE',''
  ) );
#17592 = PCURVE('',#17593,#17598);
#17593 = PLANE('',#17594);
#17594 = AXIS2_PLACEMENT_3D('',#17595,#17596,#17597);
#17595 = CARTESIAN_POINT('',(-8.546500828371E-17,-4.255667768225E-18,
    -12.));
#17596 = DIRECTION('',(0.,0.,1.));
#17597 = DIRECTION('',(1.,0.,-0.));
#17598 = DEFINITIONAL_REPRESENTATION('',(#17599),#17603);
#17599 = CIRCLE('',#17600,1.5);
#17600 = AXIS2_PLACEMENT_2D('',#17601,#17602);
#17601 = CARTESIAN_POINT('',(8.546500828371E-17,4.255667768225E-18));
#17602 = DIRECTION('',(1.,0.));
#17603 = ( GEOMETRIC_REPRESENTATION_CONTEXT(2) 
PARAMETRIC_REPRESENTATION_CONTEXT() REPRESENTATION_CONTEXT('2D SPACE',''
  ) );
#17604 = ORIENTED_EDGE('',*,*,#17555,.F.);
#17605 = ORIENTED_EDGE('',*,*,#17519,.F.);
#17606 = ADVANCED_FACE('',(#17607),#17593,.F.);
#17607 = FACE_BOUND('',#17608,.F.);
#17608 = EDGE_LOOP('',(#17609));
#17609 = ORIENTED_EDGE('',*,*,#17578,.T.);
#17610 = ( GEOMETRIC_REPRESENTATION_CONTEXT(3) 
GLOBAL_UNCERTAINTY_ASSIGNED_CONTEXT((#17614)) 
GLOBAL_UNIT_ASSIGNED_CONTEXT((#17611,#17612,#17613)) 
REPRESENTATION_CONTEXT('Context #1',
  '3D Context with UNIT and UNCERTAINTY') );
#17611 = ( LENGTH_UNIT() NAMED_UNIT(*) SI_UNIT(.MILLI.,.METRE.) );
#17612 = ( NAMED_UNIT(*) PLANE_ANGLE_UNIT() SI_UNIT($,.RADIAN.) );
#17613 = ( NAMED_UNIT(*) SI_UNIT($,.STERADIAN.) SOLID_ANGLE_UNIT() );
#17614 = UNCERTAINTY_MEASURE_WITH_UNIT(LENGTH_MEASURE(1.E-07),#17611,
  'distance_accuracy_value','confusion accuracy');
#17615 = CONTEXT_DEPENDENT_SHAPE_REPRESENTATION(#17616,#17618);
#17616 = ( REPRESENTATION_RELATIONSHIP('','',#17421,#10) 
REPRESENTATION_RELATIONSHIP_WITH_TRANSFORMATION(#17617) 
SHAPE_REPRESENTATION_RELATIONSHIP() );
#17617 = ITEM_DEFINED_TRANSFORMATION('','',#11,#75);
#17618 = PRODUCT_DEFINITION_SHAPE('Placement','Placement of an item',
  #17619);
#17619 = NEXT_ASSEMBLY_USAGE_OCCURRENCE('217','cap_J6_1','',#5,#17416,$
  );
#17620 = PRODUCT_RELATED_PRODUCT_CATEGORY('part',$,(#17418));
#17621 = SHAPE_DEFINITION_REPRESENTATION(#17622,#17628);
#17622 = PRODUCT_DEFINITION_SHAPE('','',#17623);
#17623 = PRODUCT_DEFINITION('design','',#17624,#17627);
#17624 = PRODUCT_DEFINITION_FORMATION('','',#17625);
#17625 = PRODUCT('cap_ins_J6_1','cap_ins_J6_1','',(#17626));
#17626 = PRODUCT_CONTEXT('',#2,'mechanical');
#17627 = PRODUCT_DEFINITION_CONTEXT('part definition',#2,'design');
#17628 = ADVANCED_BREP_SHAPE_REPRESENTATION('',(#11,#17629),#17811);
#17629 = MANIFOLD_SOLID_BREP('',#17630);
#17630 = CLOSED_SHELL('',(#17631,#17719,#17797,#17804));
#17631 = ADVANCED_FACE('',(#17632),#17646,.T.);
#17632 = FACE_BOUND('',#17633,.T.);
#17633 = EDGE_LOOP('',(#17634,#17664,#17691,#17692));
#17634 = ORIENTED_EDGE('',*,*,#17635,.T.);
#17635 = EDGE_CURVE('',#17636,#17638,#17640,.T.);
#17636 = VERTEX_POINT('',#17637);
#17637 = CARTESIAN_POINT('',(2.05,0.,0.));
#17638 = VERTEX_POINT('',#17639);
#17639 = CARTESIAN_POINT('',(2.05,0.,-5.7));
#17640 = SEAM_CURVE('',#17641,(#17645,#17657),.PCURVE_S1.);
#17641 = LINE('',#17642,#17643);
#17642 = CARTESIAN_POINT('',(2.05,0.,0.));
#17643 = VECTOR('',#17644,1.);
#17644 = DIRECTION('',(-0.,-0.,-1.));
#17645 = PCURVE('',#17646,#17651);
#17646 = CYLINDRICAL_SURFACE('',#17647,2.05);
#17647 = AXIS2_PLACEMENT_3D('',#17648,#17649,#17650);
#17648 = CARTESIAN_POINT('',(0.,0.,0.));
#17649 = DIRECTION('',(0.,0.,1.));
#17650 = DIRECTION('',(1.,0.,0.));
#17651 = DEFINITIONAL_REPRESENTATION('',(#17652),#17656);
#17652 = LINE('',#17653,#17654);
#17653 = CARTESIAN_POINT('',(0.,0.));
#17654 = VECTOR('',#17655,1.);
#17655 = DIRECTION('',(0.,-1.));
#17656 = ( GEOMETRIC_REPRESENTATION_CONTEXT(2) 
PARAMETRIC_REPRESENTATION_CONTEXT() REPRESENTATION_CONTEXT('2D SPACE',''
  ) );
#17657 = PCURVE('',#17646,#17658);
#17658 = DEFINITIONAL_REPRESENTATION('',(#17659),#17663);
#17659 = LINE('',#17660,#17661);
#17660 = CARTESIAN_POINT('',(6.28318530718,0.));
#17661 = VECTOR('',#17662,1.);
#17662 = DIRECTION('',(0.,-1.));
#17663 = ( GEOMETRIC_REPRESENTATION_CONTEXT(2) 
PARAMETRIC_REPRESENTATION_CONTEXT() REPRESENTATION_CONTEXT('2D SPACE',''
  ) );
#17664 = ORIENTED_EDGE('',*,*,#17665,.T.);
#17665 = EDGE_CURVE('',#17638,#17638,#17666,.T.);
#17666 = SURFACE_CURVE('',#17667,(#17672,#17679),.PCURVE_S1.);
#17667 = CIRCLE('',#17668,2.05);
#17668 = AXIS2_PLACEMENT_3D('',#17669,#17670,#17671);
#17669 = CARTESIAN_POINT('',(0.,0.,-5.7));
#17670 = DIRECTION('',(0.,0.,1.));
#17671 = DIRECTION('',(1.,0.,0.));
#17672 = PCURVE('',#17646,#17673);
#17673 = DEFINITIONAL_REPRESENTATION('',(#17674),#17678);
#17674 = LINE('',#17675,#17676);
#17675 = CARTESIAN_POINT('',(0.,-5.7));
#17676 = VECTOR('',#17677,1.);
#17677 = DIRECTION('',(1.,0.));
#17678 = ( GEOMETRIC_REPRESENTATION_CONTEXT(2) 
PARAMETRIC_REPRESENTATION_CONTEXT() REPRESENTATION_CONTEXT('2D SPACE',''
  ) );
#17679 = PCURVE('',#17680,#17685);
#17680 = PLANE('',#17681);
#17681 = AXIS2_PLACEMENT_3D('',#17682,#17683,#17684);
#17682 = CARTESIAN_POINT('',(-8.338049588655E-17,8.307679383136E-17,-5.7
    ));
#17683 = DIRECTION('',(0.,0.,1.));
#17684 = DIRECTION('',(1.,0.,-0.));
#17685 = DEFINITIONAL_REPRESENTATION('',(#17686),#17690);
#17686 = CIRCLE('',#17687,2.05);
#17687 = AXIS2_PLACEMENT_2D('',#17688,#17689);
#17688 = CARTESIAN_POINT('',(8.338049588655E-17,-8.307679383136E-17));
#17689 = DIRECTION('',(1.,0.));
#17690 = ( GEOMETRIC_REPRESENTATION_CONTEXT(2) 
PARAMETRIC_REPRESENTATION_CONTEXT() REPRESENTATION_CONTEXT('2D SPACE',''
  ) );
#17691 = ORIENTED_EDGE('',*,*,#17635,.F.);
#17692 = ORIENTED_EDGE('',*,*,#17693,.F.);
#17693 = EDGE_CURVE('',#17636,#17636,#17694,.T.);
#17694 = SURFACE_CURVE('',#17695,(#17700,#17707),.PCURVE_S1.);
#17695 = CIRCLE('',#17696,2.05);
#17696 = AXIS2_PLACEMENT_3D('',#17697,#17698,#17699);
#17697 = CARTESIAN_POINT('',(0.,0.,0.));
#17698 = DIRECTION('',(0.,0.,1.));
#17699 = DIRECTION('',(1.,0.,0.));
#17700 = PCURVE('',#17646,#17701);
#17701 = DEFINITIONAL_REPRESENTATION('',(#17702),#17706);
#17702 = LINE('',#17703,#17704);
#17703 = CARTESIAN_POINT('',(0.,0.));
#17704 = VECTOR('',#17705,1.);
#17705 = DIRECTION('',(1.,0.));
#17706 = ( GEOMETRIC_REPRESENTATION_CONTEXT(2) 
PARAMETRIC_REPRESENTATION_CONTEXT() REPRESENTATION_CONTEXT('2D SPACE',''
  ) );
#17707 = PCURVE('',#17708,#17713);
#17708 = PLANE('',#17709);
#17709 = AXIS2_PLACEMENT_3D('',#17710,#17711,#17712);
#17710 = CARTESIAN_POINT('',(-8.338049588655E-17,8.307679383136E-17,0.)
  );
#17711 = DIRECTION('',(0.,0.,1.));
#17712 = DIRECTION('',(1.,0.,-0.));
#17713 = DEFINITIONAL_REPRESENTATION('',(#17714),#17718);
#17714 = CIRCLE('',#17715,2.05);
#17715 = AXIS2_PLACEMENT_2D('',#17716,#17717);
#17716 = CARTESIAN_POINT('',(8.338049588655E-17,-8.307679383136E-17));
#17717 = DIRECTION('',(1.,0.));
#17718 = ( GEOMETRIC_REPRESENTATION_CONTEXT(2) 
PARAMETRIC_REPRESENTATION_CONTEXT() REPRESENTATION_CONTEXT('2D SPACE',''
  ) );
#17719 = ADVANCED_FACE('',(#17720),#17734,.F.);
#17720 = FACE_BOUND('',#17721,.F.);
#17721 = EDGE_LOOP('',(#17722,#17752,#17774,#17775));
#17722 = ORIENTED_EDGE('',*,*,#17723,.T.);
#17723 = EDGE_CURVE('',#17724,#17726,#17728,.T.);
#17724 = VERTEX_POINT('',#17725);
#17725 = CARTESIAN_POINT('',(1.5,1.083144414268E-16,0.));
#17726 = VERTEX_POINT('',#17727);
#17727 = CARTESIAN_POINT('',(1.5,1.083144414268E-16,-5.7));
#17728 = SEAM_CURVE('',#17729,(#17733,#17745),.PCURVE_S1.);
#17729 = LINE('',#17730,#17731);
#17730 = CARTESIAN_POINT('',(1.5,1.083144414268E-16,0.));
#17731 = VECTOR('',#17732,1.);
#17732 = DIRECTION('',(-0.,-0.,-1.));
#17733 = PCURVE('',#17734,#17739);
#17734 = CYLINDRICAL_SURFACE('',#17735,1.5);
#17735 = AXIS2_PLACEMENT_3D('',#17736,#17737,#17738);
#17736 = CARTESIAN_POINT('',(9.694142507703E-15,1.083144414268E-16,0.));
#17737 = DIRECTION('',(0.,0.,1.));
#17738 = DIRECTION('',(1.,0.,0.));
#17739 = DEFINITIONAL_REPRESENTATION('',(#17740),#17744);
#17740 = LINE('',#17741,#17742);
#17741 = CARTESIAN_POINT('',(0.,0.));
#17742 = VECTOR('',#17743,1.);
#17743 = DIRECTION('',(0.,-1.));
#17744 = ( GEOMETRIC_REPRESENTATION_CONTEXT(2) 
PARAMETRIC_REPRESENTATION_CONTEXT() REPRESENTATION_CONTEXT('2D SPACE',''
  ) );
#17745 = PCURVE('',#17734,#17746);
#17746 = DEFINITIONAL_REPRESENTATION('',(#17747),#17751);
#17747 = LINE('',#17748,#17749);
#17748 = CARTESIAN_POINT('',(6.28318530718,0.));
#17749 = VECTOR('',#17750,1.);
#17750 = DIRECTION('',(0.,-1.));
#17751 = ( GEOMETRIC_REPRESENTATION_CONTEXT(2) 
PARAMETRIC_REPRESENTATION_CONTEXT() REPRESENTATION_CONTEXT('2D SPACE',''
  ) );
#17752 = ORIENTED_EDGE('',*,*,#17753,.T.);
#17753 = EDGE_CURVE('',#17726,#17726,#17754,.T.);
#17754 = SURFACE_CURVE('',#17755,(#17760,#17767),.PCURVE_S1.);
#17755 = CIRCLE('',#17756,1.5);
#17756 = AXIS2_PLACEMENT_3D('',#17757,#17758,#17759);
#17757 = CARTESIAN_POINT('',(9.694142507703E-15,1.083144414268E-16,-5.7)
  );
#17758 = DIRECTION('',(0.,0.,1.));
#17759 = DIRECTION('',(1.,0.,0.));
#17760 = PCURVE('',#17734,#17761);
#17761 = DEFINITIONAL_REPRESENTATION('',(#17762),#17766);
#17762 = LINE('',#17763,#17764);
#17763 = CARTESIAN_POINT('',(0.,-5.7));
#17764 = VECTOR('',#17765,1.);
#17765 = DIRECTION('',(1.,0.));
#17766 = ( GEOMETRIC_REPRESENTATION_CONTEXT(2) 
PARAMETRIC_REPRESENTATION_CONTEXT() REPRESENTATION_CONTEXT('2D SPACE',''
  ) );
#17767 = PCURVE('',#17680,#17768);
#17768 = DEFINITIONAL_REPRESENTATION('',(#17769),#17773);
#17769 = CIRCLE('',#17770,1.5);
#17770 = AXIS2_PLACEMENT_2D('',#17771,#17772);
#17771 = CARTESIAN_POINT('',(9.777523003589E-15,2.523764759548E-17));
#17772 = DIRECTION('',(1.,0.));
#17773 = ( GEOMETRIC_REPRESENTATION_CONTEXT(2) 
PARAMETRIC_REPRESENTATION_CONTEXT() REPRESENTATION_CONTEXT('2D SPACE',''
  ) );
#17774 = ORIENTED_EDGE('',*,*,#17723,.F.);
#17775 = ORIENTED_EDGE('',*,*,#17776,.F.);
#17776 = EDGE_CURVE('',#17724,#17724,#17777,.T.);
#17777 = SURFACE_CURVE('',#17778,(#17783,#17790),.PCURVE_S1.);
#17778 = CIRCLE('',#17779,1.5);
#17779 = AXIS2_PLACEMENT_3D('',#17780,#17781,#17782);
#17780 = CARTESIAN_POINT('',(9.694142507703E-15,1.083144414268E-16,0.));
#17781 = DIRECTION('',(0.,0.,1.));
#17782 = DIRECTION('',(1.,0.,0.));
#17783 = PCURVE('',#17734,#17784);
#17784 = DEFINITIONAL_REPRESENTATION('',(#17785),#17789);
#17785 = LINE('',#17786,#17787);
#17786 = CARTESIAN_POINT('',(0.,0.));
#17787 = VECTOR('',#17788,1.);
#17788 = DIRECTION('',(1.,0.));
#17789 = ( GEOMETRIC_REPRESENTATION_CONTEXT(2) 
PARAMETRIC_REPRESENTATION_CONTEXT() REPRESENTATION_CONTEXT('2D SPACE',''
  ) );
#17790 = PCURVE('',#17708,#17791);
#17791 = DEFINITIONAL_REPRESENTATION('',(#17792),#17796);
#17792 = CIRCLE('',#17793,1.5);
#17793 = AXIS2_PLACEMENT_2D('',#17794,#17795);
#17794 = CARTESIAN_POINT('',(9.777523003589E-15,2.523764759548E-17));
#17795 = DIRECTION('',(1.,0.));
#17796 = ( GEOMETRIC_REPRESENTATION_CONTEXT(2) 
PARAMETRIC_REPRESENTATION_CONTEXT() REPRESENTATION_CONTEXT('2D SPACE',''
  ) );
#17797 = ADVANCED_FACE('',(#17798,#17801),#17708,.T.);
#17798 = FACE_BOUND('',#17799,.T.);
#17799 = EDGE_LOOP('',(#17800));
#17800 = ORIENTED_EDGE('',*,*,#17693,.T.);
#17801 = FACE_BOUND('',#17802,.T.);
#17802 = EDGE_LOOP('',(#17803));
#17803 = ORIENTED_EDGE('',*,*,#17776,.F.);
#17804 = ADVANCED_FACE('',(#17805,#17808),#17680,.F.);
#17805 = FACE_BOUND('',#17806,.F.);
#17806 = EDGE_LOOP('',(#17807));
#17807 = ORIENTED_EDGE('',*,*,#17665,.T.);
#17808 = FACE_BOUND('',#17809,.F.);
#17809 = EDGE_LOOP('',(#17810));
#17810 = ORIENTED_EDGE('',*,*,#17753,.F.);
#17811 = ( GEOMETRIC_REPRESENTATION_CONTEXT(3) 
GLOBAL_UNCERTAINTY_ASSIGNED_CONTEXT((#17815)) 
GLOBAL_UNIT_ASSIGNED_CONTEXT((#17812,#17813,#17814)) 
REPRESENTATION_CONTEXT('Context #1',
  '3D Context with UNIT and UNCERTAINTY') );
#17812 = ( LENGTH_UNIT() NAMED_UNIT(*) SI_UNIT(.MILLI.,.METRE.) );
#17813 = ( NAMED_UNIT(*) PLANE_ANGLE_UNIT() SI_UNIT($,.RADIAN.) );
#17814 = ( NAMED_UNIT(*) SI_UNIT($,.STERADIAN.) SOLID_ANGLE_UNIT() );
#17815 = UNCERTAINTY_MEASURE_WITH_UNIT(LENGTH_MEASURE(1.E-07),#17812,
  'distance_accuracy_value','confusion accuracy');
#17816 = CONTEXT_DEPENDENT_SHAPE_REPRESENTATION(#17817,#17819);
#17817 = ( REPRESENTATION_RELATIONSHIP('','',#17628,#10) 
REPRESENTATION_RELATIONSHIP_WITH_TRANSFORMATION(#17818) 
SHAPE_REPRESENTATION_RELATIONSHIP() );
#17818 = ITEM_DEFINED_TRANSFORMATION('','',#11,#79);
#17819 = PRODUCT_DEFINITION_SHAPE('Placement','Placement of an item',
  #17820);
#17820 = NEXT_ASSEMBLY_USAGE_OCCURRENCE('218','cap_ins_J6_1','',#5,
  #17623,$);
#17821 = PRODUCT_RELATED_PRODUCT_CATEGORY('part',$,(#17625));
#17822 = SHAPE_DEFINITION_REPRESENTATION(#17823,#17829);
#17823 = PRODUCT_DEFINITION_SHAPE('','',#17824);
#17824 = PRODUCT_DEFINITION('design','',#17825,#17828);
#17825 = PRODUCT_DEFINITION_FORMATION('','',#17826);
#17826 = PRODUCT('cap_J6_2','cap_J6_2','',(#17827));
#17827 = PRODUCT_CONTEXT('',#2,'mechanical');
#17828 = PRODUCT_DEFINITION_CONTEXT('part definition',#2,'design');
#17829 = ADVANCED_BREP_SHAPE_REPRESENTATION('',(#11,#17830),#18018);
#17830 = MANIFOLD_SOLID_BREP('',#17831);
#17831 = CLOSED_SHELL('',(#17832,#17920,#17955,#17959,#18014));
#17832 = ADVANCED_FACE('',(#17833),#17847,.T.);
#17833 = FACE_BOUND('',#17834,.F.);
#17834 = EDGE_LOOP('',(#17835,#17865,#17892,#17893));
#17835 = ORIENTED_EDGE('',*,*,#17836,.T.);
#17836 = EDGE_CURVE('',#17837,#17839,#17841,.T.);
#17837 = VERTEX_POINT('',#17838);
#17838 = CARTESIAN_POINT('',(2.75,0.,0.));
#17839 = VERTEX_POINT('',#17840);
#17840 = CARTESIAN_POINT('',(2.75,0.,3.));
#17841 = SEAM_CURVE('',#17842,(#17846,#17858),.PCURVE_S1.);
#17842 = LINE('',#17843,#17844);
#17843 = CARTESIAN_POINT('',(2.75,0.,0.));
#17844 = VECTOR('',#17845,1.);
#17845 = DIRECTION('',(0.,0.,1.));
#17846 = PCURVE('',#17847,#17852);
#17847 = CYLINDRICAL_SURFACE('',#17848,2.75);
#17848 = AXIS2_PLACEMENT_3D('',#17849,#17850,#17851);
#17849 = CARTESIAN_POINT('',(0.,0.,0.));
#17850 = DIRECTION('',(-0.,-0.,-1.));
#17851 = DIRECTION('',(1.,0.,0.));
#17852 = DEFINITIONAL_REPRESENTATION('',(#17853),#17857);
#17853 = LINE('',#17854,#17855);
#17854 = CARTESIAN_POINT('',(-0.,0.));
#17855 = VECTOR('',#17856,1.);
#17856 = DIRECTION('',(-0.,-1.));
#17857 = ( GEOMETRIC_REPRESENTATION_CONTEXT(2) 
PARAMETRIC_REPRESENTATION_CONTEXT() REPRESENTATION_CONTEXT('2D SPACE',''
  ) );
#17858 = PCURVE('',#17847,#17859);
#17859 = DEFINITIONAL_REPRESENTATION('',(#17860),#17864);
#17860 = LINE('',#17861,#17862);
#17861 = CARTESIAN_POINT('',(-6.28318530718,0.));
#17862 = VECTOR('',#17863,1.);
#17863 = DIRECTION('',(-0.,-1.));
#17864 = ( GEOMETRIC_REPRESENTATION_CONTEXT(2) 
PARAMETRIC_REPRESENTATION_CONTEXT() REPRESENTATION_CONTEXT('2D SPACE',''
  ) );
#17865 = ORIENTED_EDGE('',*,*,#17866,.T.);
#17866 = EDGE_CURVE('',#17839,#17839,#17867,.T.);
#17867 = SURFACE_CURVE('',#17868,(#17873,#17880),.PCURVE_S1.);
#17868 = CIRCLE('',#17869,2.75);
#17869 = AXIS2_PLACEMENT_3D('',#17870,#17871,#17872);
#17870 = CARTESIAN_POINT('',(0.,0.,3.));
#17871 = DIRECTION('',(0.,0.,1.));
#17872 = DIRECTION('',(1.,0.,0.));
#17873 = PCURVE('',#17847,#17874);
#17874 = DEFINITIONAL_REPRESENTATION('',(#17875),#17879);
#17875 = LINE('',#17876,#17877);
#17876 = CARTESIAN_POINT('',(-0.,-3.));
#17877 = VECTOR('',#17878,1.);
#17878 = DIRECTION('',(-1.,0.));
#17879 = ( GEOMETRIC_REPRESENTATION_CONTEXT(2) 
PARAMETRIC_REPRESENTATION_CONTEXT() REPRESENTATION_CONTEXT('2D SPACE',''
  ) );
#17880 = PCURVE('',#17881,#17886);
#17881 = PLANE('',#17882);
#17882 = AXIS2_PLACEMENT_3D('',#17883,#17884,#17885);
#17883 = CARTESIAN_POINT('',(-1.864691089826E-16,-1.122592899218E-16,3.)
  );
#17884 = DIRECTION('',(0.,0.,1.));
#17885 = DIRECTION('',(1.,0.,-0.));
#17886 = DEFINITIONAL_REPRESENTATION('',(#17887),#17891);
#17887 = CIRCLE('',#17888,2.75);
#17888 = AXIS2_PLACEMENT_2D('',#17889,#17890);
#17889 = CARTESIAN_POINT('',(1.864691089826E-16,1.122592899218E-16));
#17890 = DIRECTION('',(1.,0.));
#17891 = ( GEOMETRIC_REPRESENTATION_CONTEXT(2) 
PARAMETRIC_REPRESENTATION_CONTEXT() REPRESENTATION_CONTEXT('2D SPACE',''
  ) );
#17892 = ORIENTED_EDGE('',*,*,#17836,.F.);
#17893 = ORIENTED_EDGE('',*,*,#17894,.F.);
#17894 = EDGE_CURVE('',#17837,#17837,#17895,.T.);
#17895 = SURFACE_CURVE('',#17896,(#17901,#17908),.PCURVE_S1.);
#17896 = CIRCLE('',#17897,2.75);
#17897 = AXIS2_PLACEMENT_3D('',#17898,#17899,#17900);
#17898 = CARTESIAN_POINT('',(0.,0.,0.));
#17899 = DIRECTION('',(0.,0.,1.));
#17900 = DIRECTION('',(1.,0.,0.));
#17901 = PCURVE('',#17847,#17902);
#17902 = DEFINITIONAL_REPRESENTATION('',(#17903),#17907);
#17903 = LINE('',#17904,#17905);
#17904 = CARTESIAN_POINT('',(-0.,0.));
#17905 = VECTOR('',#17906,1.);
#17906 = DIRECTION('',(-1.,0.));
#17907 = ( GEOMETRIC_REPRESENTATION_CONTEXT(2) 
PARAMETRIC_REPRESENTATION_CONTEXT() REPRESENTATION_CONTEXT('2D SPACE',''
  ) );
#17908 = PCURVE('',#17909,#17914);
#17909 = PLANE('',#17910);
#17910 = AXIS2_PLACEMENT_3D('',#17911,#17912,#17913);
#17911 = CARTESIAN_POINT('',(-1.864691089826E-16,-1.122592899218E-16,0.)
  );
#17912 = DIRECTION('',(0.,0.,1.));
#17913 = DIRECTION('',(1.,0.,-0.));
#17914 = DEFINITIONAL_REPRESENTATION('',(#17915),#17919);
#17915 = CIRCLE('',#17916,2.75);
#17916 = AXIS2_PLACEMENT_2D('',#17917,#17918);
#17917 = CARTESIAN_POINT('',(1.864691089826E-16,1.122592899218E-16));
#17918 = DIRECTION('',(1.,0.));
#17919 = ( GEOMETRIC_REPRESENTATION_CONTEXT(2) 
PARAMETRIC_REPRESENTATION_CONTEXT() REPRESENTATION_CONTEXT('2D SPACE',''
  ) );
#17920 = ADVANCED_FACE('',(#17921,#17924),#17909,.F.);
#17921 = FACE_BOUND('',#17922,.F.);
#17922 = EDGE_LOOP('',(#17923));
#17923 = ORIENTED_EDGE('',*,*,#17894,.T.);
#17924 = FACE_BOUND('',#17925,.F.);
#17925 = EDGE_LOOP('',(#17926));
#17926 = ORIENTED_EDGE('',*,*,#17927,.F.);
#17927 = EDGE_CURVE('',#17928,#17928,#17930,.T.);
#17928 = VERTEX_POINT('',#17929);
#17929 = CARTESIAN_POINT('',(1.5,0.,0.));
#17930 = SURFACE_CURVE('',#17931,(#17936,#17943),.PCURVE_S1.);
#17931 = CIRCLE('',#17932,1.5);
#17932 = AXIS2_PLACEMENT_3D('',#17933,#17934,#17935);
#17933 = CARTESIAN_POINT('',(0.,0.,0.));
#17934 = DIRECTION('',(0.,0.,1.));
#17935 = DIRECTION('',(1.,0.,0.));
#17936 = PCURVE('',#17909,#17937);
#17937 = DEFINITIONAL_REPRESENTATION('',(#17938),#17942);
#17938 = CIRCLE('',#17939,1.5);
#17939 = AXIS2_PLACEMENT_2D('',#17940,#17941);
#17940 = CARTESIAN_POINT('',(1.864691089826E-16,1.122592899218E-16));
#17941 = DIRECTION('',(1.,0.));
#17942 = ( GEOMETRIC_REPRESENTATION_CONTEXT(2) 
PARAMETRIC_REPRESENTATION_CONTEXT() REPRESENTATION_CONTEXT('2D SPACE',''
  ) );
#17943 = PCURVE('',#17944,#17949);
#17944 = CYLINDRICAL_SURFACE('',#17945,1.5);
#17945 = AXIS2_PLACEMENT_3D('',#17946,#17947,#17948);
#17946 = CARTESIAN_POINT('',(0.,0.,0.));
#17947 = DIRECTION('',(0.,0.,1.));
#17948 = DIRECTION('',(1.,0.,0.));
#17949 = DEFINITIONAL_REPRESENTATION('',(#17950),#17954);
#17950 = LINE('',#17951,#17952);
#17951 = CARTESIAN_POINT('',(0.,0.));
#17952 = VECTOR('',#17953,1.);
#17953 = DIRECTION('',(1.,0.));
#17954 = ( GEOMETRIC_REPRESENTATION_CONTEXT(2) 
PARAMETRIC_REPRESENTATION_CONTEXT() REPRESENTATION_CONTEXT('2D SPACE',''
  ) );
#17955 = ADVANCED_FACE('',(#17956),#17881,.T.);
#17956 = FACE_BOUND('',#17957,.T.);
#17957 = EDGE_LOOP('',(#17958));
#17958 = ORIENTED_EDGE('',*,*,#17866,.T.);
#17959 = ADVANCED_FACE('',(#17960),#17944,.T.);
#17960 = FACE_BOUND('',#17961,.T.);
#17961 = EDGE_LOOP('',(#17962,#17985,#18012,#18013));
#17962 = ORIENTED_EDGE('',*,*,#17963,.T.);
#17963 = EDGE_CURVE('',#17928,#17964,#17966,.T.);
#17964 = VERTEX_POINT('',#17965);
#17965 = CARTESIAN_POINT('',(1.5,0.,-12.));
#17966 = SEAM_CURVE('',#17967,(#17971,#17978),.PCURVE_S1.);
#17967 = LINE('',#17968,#17969);
#17968 = CARTESIAN_POINT('',(1.5,0.,0.));
#17969 = VECTOR('',#17970,1.);
#17970 = DIRECTION('',(-0.,-0.,-1.));
#17971 = PCURVE('',#17944,#17972);
#17972 = DEFINITIONAL_REPRESENTATION('',(#17973),#17977);
#17973 = LINE('',#17974,#17975);
#17974 = CARTESIAN_POINT('',(0.,0.));
#17975 = VECTOR('',#17976,1.);
#17976 = DIRECTION('',(0.,-1.));
#17977 = ( GEOMETRIC_REPRESENTATION_CONTEXT(2) 
PARAMETRIC_REPRESENTATION_CONTEXT() REPRESENTATION_CONTEXT('2D SPACE',''
  ) );
#17978 = PCURVE('',#17944,#17979);
#17979 = DEFINITIONAL_REPRESENTATION('',(#17980),#17984);
#17980 = LINE('',#17981,#17982);
#17981 = CARTESIAN_POINT('',(6.28318530718,0.));
#17982 = VECTOR('',#17983,1.);
#17983 = DIRECTION('',(0.,-1.));
#17984 = ( GEOMETRIC_REPRESENTATION_CONTEXT(2) 
PARAMETRIC_REPRESENTATION_CONTEXT() REPRESENTATION_CONTEXT('2D SPACE',''
  ) );
#17985 = ORIENTED_EDGE('',*,*,#17986,.T.);
#17986 = EDGE_CURVE('',#17964,#17964,#17987,.T.);
#17987 = SURFACE_CURVE('',#17988,(#17993,#18000),.PCURVE_S1.);
#17988 = CIRCLE('',#17989,1.5);
#17989 = AXIS2_PLACEMENT_3D('',#17990,#17991,#17992);
#17990 = CARTESIAN_POINT('',(0.,0.,-12.));
#17991 = DIRECTION('',(0.,0.,1.));
#17992 = DIRECTION('',(1.,0.,0.));
#17993 = PCURVE('',#17944,#17994);
#17994 = DEFINITIONAL_REPRESENTATION('',(#17995),#17999);
#17995 = LINE('',#17996,#17997);
#17996 = CARTESIAN_POINT('',(0.,-12.));
#17997 = VECTOR('',#17998,1.);
#17998 = DIRECTION('',(1.,0.));
#17999 = ( GEOMETRIC_REPRESENTATION_CONTEXT(2) 
PARAMETRIC_REPRESENTATION_CONTEXT() REPRESENTATION_CONTEXT('2D SPACE',''
  ) );
#18000 = PCURVE('',#18001,#18006);
#18001 = PLANE('',#18002);
#18002 = AXIS2_PLACEMENT_3D('',#18003,#18004,#18005);
#18003 = CARTESIAN_POINT('',(-8.546500828371E-17,-4.255667768225E-18,
    -12.));
#18004 = DIRECTION('',(0.,0.,1.));
#18005 = DIRECTION('',(1.,0.,-0.));
#18006 = DEFINITIONAL_REPRESENTATION('',(#18007),#18011);
#18007 = CIRCLE('',#18008,1.5);
#18008 = AXIS2_PLACEMENT_2D('',#18009,#18010);
#18009 = CARTESIAN_POINT('',(8.546500828371E-17,4.255667768225E-18));
#18010 = DIRECTION('',(1.,0.));
#18011 = ( GEOMETRIC_REPRESENTATION_CONTEXT(2) 
PARAMETRIC_REPRESENTATION_CONTEXT() REPRESENTATION_CONTEXT('2D SPACE',''
  ) );
#18012 = ORIENTED_EDGE('',*,*,#17963,.F.);
#18013 = ORIENTED_EDGE('',*,*,#17927,.F.);
#18014 = ADVANCED_FACE('',(#18015),#18001,.F.);
#18015 = FACE_BOUND('',#18016,.F.);
#18016 = EDGE_LOOP('',(#18017));
#18017 = ORIENTED_EDGE('',*,*,#17986,.T.);
#18018 = ( GEOMETRIC_REPRESENTATION_CONTEXT(3) 
GLOBAL_UNCERTAINTY_ASSIGNED_CONTEXT((#18022)) 
GLOBAL_UNIT_ASSIGNED_CONTEXT((#18019,#18020,#18021)) 
REPRESENTATION_CONTEXT('Context #1',
  '3D Context with UNIT and UNCERTAINTY') );
#18019 = ( LENGTH_UNIT() NAMED_UNIT(*) SI_UNIT(.MILLI.,.METRE.) );
#18020 = ( NAMED_UNIT(*) PLANE_ANGLE_UNIT() SI_UNIT($,.RADIAN.) );
#18021 = ( NAMED_UNIT(*) SI_UNIT($,.STERADIAN.) SOLID_ANGLE_UNIT() );
#18022 = UNCERTAINTY_MEASURE_WITH_UNIT(LENGTH_MEASURE(1.E-07),#18019,
  'distance_accuracy_value','confusion accuracy');
#18023 = CONTEXT_DEPENDENT_SHAPE_REPRESENTATION(#18024,#18026);
#18024 = ( REPRESENTATION_RELATIONSHIP('','',#17829,#10) 
REPRESENTATION_RELATIONSHIP_WITH_TRANSFORMATION(#18025) 
SHAPE_REPRESENTATION_RELATIONSHIP() );
#18025 = ITEM_DEFINED_TRANSFORMATION('','',#11,#83);
#18026 = PRODUCT_DEFINITION_SHAPE('Placement','Placement of an item',
  #18027);
#18027 = NEXT_ASSEMBLY_USAGE_OCCURRENCE('219','cap_J6_2','',#5,#17824,$
  );
#18028 = PRODUCT_RELATED_PRODUCT_CATEGORY('part',$,(#17826));
#18029 = SHAPE_DEFINITION_REPRESENTATION(#18030,#18036);
#18030 = PRODUCT_DEFINITION_SHAPE('','',#18031);
#18031 = PRODUCT_DEFINITION('design','',#18032,#18035);
#18032 = PRODUCT_DEFINITION_FORMATION('','',#18033);
#18033 = PRODUCT('cap_ins_J6_2','cap_ins_J6_2','',(#18034));
#18034 = PRODUCT_CONTEXT('',#2,'mechanical');
#18035 = PRODUCT_DEFINITION_CONTEXT('part definition',#2,'design');
#18036 = ADVANCED_BREP_SHAPE_REPRESENTATION('',(#11,#18037),#18219);
#18037 = MANIFOLD_SOLID_BREP('',#18038);
#18038 = CLOSED_SHELL('',(#18039,#18127,#18205,#18212));
#18039 = ADVANCED_FACE('',(#18040),#18054,.T.);
#18040 = FACE_BOUND('',#18041,.T.);
#18041 = EDGE_LOOP('',(#18042,#18072,#18099,#18100));
#18042 = ORIENTED_EDGE('',*,*,#18043,.T.);
#18043 = EDGE_CURVE('',#18044,#18046,#18048,.T.);
#18044 = VERTEX_POINT('',#18045);
#18045 = CARTESIAN_POINT('',(2.05,0.,0.));
#18046 = VERTEX_POINT('',#18047);
#18047 = CARTESIAN_POINT('',(2.05,0.,-5.7));
#18048 = SEAM_CURVE('',#18049,(#18053,#18065),.PCURVE_S1.);
#18049 = LINE('',#18050,#18051);
#18050 = CARTESIAN_POINT('',(2.05,0.,0.));
#18051 = VECTOR('',#18052,1.);
#18052 = DIRECTION('',(-0.,-0.,-1.));
#18053 = PCURVE('',#18054,#18059);
#18054 = CYLINDRICAL_SURFACE('',#18055,2.05);
#18055 = AXIS2_PLACEMENT_3D('',#18056,#18057,#18058);
#18056 = CARTESIAN_POINT('',(0.,0.,0.));
#18057 = DIRECTION('',(0.,0.,1.));
#18058 = DIRECTION('',(1.,0.,0.));
#18059 = DEFINITIONAL_REPRESENTATION('',(#18060),#18064);
#18060 = LINE('',#18061,#18062);
#18061 = CARTESIAN_POINT('',(0.,0.));
#18062 = VECTOR('',#18063,1.);
#18063 = DIRECTION('',(0.,-1.));
#18064 = ( GEOMETRIC_REPRESENTATION_CONTEXT(2) 
PARAMETRIC_REPRESENTATION_CONTEXT() REPRESENTATION_CONTEXT('2D SPACE',''
  ) );
#18065 = PCURVE('',#18054,#18066);
#18066 = DEFINITIONAL_REPRESENTATION('',(#18067),#18071);
#18067 = LINE('',#18068,#18069);
#18068 = CARTESIAN_POINT('',(6.28318530718,0.));
#18069 = VECTOR('',#18070,1.);
#18070 = DIRECTION('',(0.,-1.));
#18071 = ( GEOMETRIC_REPRESENTATION_CONTEXT(2) 
PARAMETRIC_REPRESENTATION_CONTEXT() REPRESENTATION_CONTEXT('2D SPACE',''
  ) );
#18072 = ORIENTED_EDGE('',*,*,#18073,.T.);
#18073 = EDGE_CURVE('',#18046,#18046,#18074,.T.);
#18074 = SURFACE_CURVE('',#18075,(#18080,#18087),.PCURVE_S1.);
#18075 = CIRCLE('',#18076,2.05);
#18076 = AXIS2_PLACEMENT_3D('',#18077,#18078,#18079);
#18077 = CARTESIAN_POINT('',(0.,0.,-5.7));
#18078 = DIRECTION('',(0.,0.,1.));
#18079 = DIRECTION('',(1.,0.,0.));
#18080 = PCURVE('',#18054,#18081);
#18081 = DEFINITIONAL_REPRESENTATION('',(#18082),#18086);
#18082 = LINE('',#18083,#18084);
#18083 = CARTESIAN_POINT('',(0.,-5.7));
#18084 = VECTOR('',#18085,1.);
#18085 = DIRECTION('',(1.,0.));
#18086 = ( GEOMETRIC_REPRESENTATION_CONTEXT(2) 
PARAMETRIC_REPRESENTATION_CONTEXT() REPRESENTATION_CONTEXT('2D SPACE',''
  ) );
#18087 = PCURVE('',#18088,#18093);
#18088 = PLANE('',#18089);
#18089 = AXIS2_PLACEMENT_3D('',#18090,#18091,#18092);
#18090 = CARTESIAN_POINT('',(-8.338049588655E-17,8.307679383136E-17,-5.7
    ));
#18091 = DIRECTION('',(0.,0.,1.));
#18092 = DIRECTION('',(1.,0.,-0.));
#18093 = DEFINITIONAL_REPRESENTATION('',(#18094),#18098);
#18094 = CIRCLE('',#18095,2.05);
#18095 = AXIS2_PLACEMENT_2D('',#18096,#18097);
#18096 = CARTESIAN_POINT('',(8.338049588655E-17,-8.307679383136E-17));
#18097 = DIRECTION('',(1.,0.));
#18098 = ( GEOMETRIC_REPRESENTATION_CONTEXT(2) 
PARAMETRIC_REPRESENTATION_CONTEXT() REPRESENTATION_CONTEXT('2D SPACE',''
  ) );
#18099 = ORIENTED_EDGE('',*,*,#18043,.F.);
#18100 = ORIENTED_EDGE('',*,*,#18101,.F.);
#18101 = EDGE_CURVE('',#18044,#18044,#18102,.T.);
#18102 = SURFACE_CURVE('',#18103,(#18108,#18115),.PCURVE_S1.);
#18103 = CIRCLE('',#18104,2.05);
#18104 = AXIS2_PLACEMENT_3D('',#18105,#18106,#18107);
#18105 = CARTESIAN_POINT('',(0.,0.,0.));
#18106 = DIRECTION('',(0.,0.,1.));
#18107 = DIRECTION('',(1.,0.,0.));
#18108 = PCURVE('',#18054,#18109);
#18109 = DEFINITIONAL_REPRESENTATION('',(#18110),#18114);
#18110 = LINE('',#18111,#18112);
#18111 = CARTESIAN_POINT('',(0.,0.));
#18112 = VECTOR('',#18113,1.);
#18113 = DIRECTION('',(1.,0.));
#18114 = ( GEOMETRIC_REPRESENTATION_CONTEXT(2) 
PARAMETRIC_REPRESENTATION_CONTEXT() REPRESENTATION_CONTEXT('2D SPACE',''
  ) );
#18115 = PCURVE('',#18116,#18121);
#18116 = PLANE('',#18117);
#18117 = AXIS2_PLACEMENT_3D('',#18118,#18119,#18120);
#18118 = CARTESIAN_POINT('',(-8.338049588655E-17,8.307679383136E-17,0.)
  );
#18119 = DIRECTION('',(0.,0.,1.));
#18120 = DIRECTION('',(1.,0.,-0.));
#18121 = DEFINITIONAL_REPRESENTATION('',(#18122),#18126);
#18122 = CIRCLE('',#18123,2.05);
#18123 = AXIS2_PLACEMENT_2D('',#18124,#18125);
#18124 = CARTESIAN_POINT('',(8.338049588655E-17,-8.307679383136E-17));
#18125 = DIRECTION('',(1.,0.));
#18126 = ( GEOMETRIC_REPRESENTATION_CONTEXT(2) 
PARAMETRIC_REPRESENTATION_CONTEXT() REPRESENTATION_CONTEXT('2D SPACE',''
  ) );
#18127 = ADVANCED_FACE('',(#18128),#18142,.F.);
#18128 = FACE_BOUND('',#18129,.F.);
#18129 = EDGE_LOOP('',(#18130,#18160,#18182,#18183));
#18130 = ORIENTED_EDGE('',*,*,#18131,.T.);
#18131 = EDGE_CURVE('',#18132,#18134,#18136,.T.);
#18132 = VERTEX_POINT('',#18133);
#18133 = CARTESIAN_POINT('',(1.5,1.083144414268E-16,0.));
#18134 = VERTEX_POINT('',#18135);
#18135 = CARTESIAN_POINT('',(1.5,1.083144414268E-16,-5.7));
#18136 = SEAM_CURVE('',#18137,(#18141,#18153),.PCURVE_S1.);
#18137 = LINE('',#18138,#18139);
#18138 = CARTESIAN_POINT('',(1.5,1.083144414268E-16,0.));
#18139 = VECTOR('',#18140,1.);
#18140 = DIRECTION('',(-0.,-0.,-1.));
#18141 = PCURVE('',#18142,#18147);
#18142 = CYLINDRICAL_SURFACE('',#18143,1.5);
#18143 = AXIS2_PLACEMENT_3D('',#18144,#18145,#18146);
#18144 = CARTESIAN_POINT('',(9.694142507703E-15,1.083144414268E-16,0.));
#18145 = DIRECTION('',(0.,0.,1.));
#18146 = DIRECTION('',(1.,0.,0.));
#18147 = DEFINITIONAL_REPRESENTATION('',(#18148),#18152);
#18148 = LINE('',#18149,#18150);
#18149 = CARTESIAN_POINT('',(0.,0.));
#18150 = VECTOR('',#18151,1.);
#18151 = DIRECTION('',(0.,-1.));
#18152 = ( GEOMETRIC_REPRESENTATION_CONTEXT(2) 
PARAMETRIC_REPRESENTATION_CONTEXT() REPRESENTATION_CONTEXT('2D SPACE',''
  ) );
#18153 = PCURVE('',#18142,#18154);
#18154 = DEFINITIONAL_REPRESENTATION('',(#18155),#18159);
#18155 = LINE('',#18156,#18157);
#18156 = CARTESIAN_POINT('',(6.28318530718,0.));
#18157 = VECTOR('',#18158,1.);
#18158 = DIRECTION('',(0.,-1.));
#18159 = ( GEOMETRIC_REPRESENTATION_CONTEXT(2) 
PARAMETRIC_REPRESENTATION_CONTEXT() REPRESENTATION_CONTEXT('2D SPACE',''
  ) );
#18160 = ORIENTED_EDGE('',*,*,#18161,.T.);
#18161 = EDGE_CURVE('',#18134,#18134,#18162,.T.);
#18162 = SURFACE_CURVE('',#18163,(#18168,#18175),.PCURVE_S1.);
#18163 = CIRCLE('',#18164,1.5);
#18164 = AXIS2_PLACEMENT_3D('',#18165,#18166,#18167);
#18165 = CARTESIAN_POINT('',(9.694142507703E-15,1.083144414268E-16,-5.7)
  );
#18166 = DIRECTION('',(0.,0.,1.));
#18167 = DIRECTION('',(1.,0.,0.));
#18168 = PCURVE('',#18142,#18169);
#18169 = DEFINITIONAL_REPRESENTATION('',(#18170),#18174);
#18170 = LINE('',#18171,#18172);
#18171 = CARTESIAN_POINT('',(0.,-5.7));
#18172 = VECTOR('',#18173,1.);
#18173 = DIRECTION('',(1.,0.));
#18174 = ( GEOMETRIC_REPRESENTATION_CONTEXT(2) 
PARAMETRIC_REPRESENTATION_CONTEXT() REPRESENTATION_CONTEXT('2D SPACE',''
  ) );
#18175 = PCURVE('',#18088,#18176);
#18176 = DEFINITIONAL_REPRESENTATION('',(#18177),#18181);
#18177 = CIRCLE('',#18178,1.5);
#18178 = AXIS2_PLACEMENT_2D('',#18179,#18180);
#18179 = CARTESIAN_POINT('',(9.777523003589E-15,2.523764759548E-17));
#18180 = DIRECTION('',(1.,0.));
#18181 = ( GEOMETRIC_REPRESENTATION_CONTEXT(2) 
PARAMETRIC_REPRESENTATION_CONTEXT() REPRESENTATION_CONTEXT('2D SPACE',''
  ) );
#18182 = ORIENTED_EDGE('',*,*,#18131,.F.);
#18183 = ORIENTED_EDGE('',*,*,#18184,.F.);
#18184 = EDGE_CURVE('',#18132,#18132,#18185,.T.);
#18185 = SURFACE_CURVE('',#18186,(#18191,#18198),.PCURVE_S1.);
#18186 = CIRCLE('',#18187,1.5);
#18187 = AXIS2_PLACEMENT_3D('',#18188,#18189,#18190);
#18188 = CARTESIAN_POINT('',(9.694142507703E-15,1.083144414268E-16,0.));
#18189 = DIRECTION('',(0.,0.,1.));
#18190 = DIRECTION('',(1.,0.,0.));
#18191 = PCURVE('',#18142,#18192);
#18192 = DEFINITIONAL_REPRESENTATION('',(#18193),#18197);
#18193 = LINE('',#18194,#18195);
#18194 = CARTESIAN_POINT('',(0.,0.));
#18195 = VECTOR('',#18196,1.);
#18196 = DIRECTION('',(1.,0.));
#18197 = ( GEOMETRIC_REPRESENTATION_CONTEXT(2) 
PARAMETRIC_REPRESENTATION_CONTEXT() REPRESENTATION_CONTEXT('2D SPACE',''
  ) );
#18198 = PCURVE('',#18116,#18199);
#18199 = DEFINITIONAL_REPRESENTATION('',(#18200),#18204);
#18200 = CIRCLE('',#18201,1.5);
#18201 = AXIS2_PLACEMENT_2D('',#18202,#18203);
#18202 = CARTESIAN_POINT('',(9.777523003589E-15,2.523764759548E-17));
#18203 = DIRECTION('',(1.,0.));
#18204 = ( GEOMETRIC_REPRESENTATION_CONTEXT(2) 
PARAMETRIC_REPRESENTATION_CONTEXT() REPRESENTATION_CONTEXT('2D SPACE',''
  ) );
#18205 = ADVANCED_FACE('',(#18206,#18209),#18116,.T.);
#18206 = FACE_BOUND('',#18207,.T.);
#18207 = EDGE_LOOP('',(#18208));
#18208 = ORIENTED_EDGE('',*,*,#18101,.T.);
#18209 = FACE_BOUND('',#18210,.T.);
#18210 = EDGE_LOOP('',(#18211));
#18211 = ORIENTED_EDGE('',*,*,#18184,.F.);
#18212 = ADVANCED_FACE('',(#18213,#18216),#18088,.F.);
#18213 = FACE_BOUND('',#18214,.F.);
#18214 = EDGE_LOOP('',(#18215));
#18215 = ORIENTED_EDGE('',*,*,#18073,.T.);
#18216 = FACE_BOUND('',#18217,.F.);
#18217 = EDGE_LOOP('',(#18218));
#18218 = ORIENTED_EDGE('',*,*,#18161,.F.);
#18219 = ( GEOMETRIC_REPRESENTATION_CONTEXT(3) 
GLOBAL_UNCERTAINTY_ASSIGNED_CONTEXT((#18223)) 
GLOBAL_UNIT_ASSIGNED_CONTEXT((#18220,#18221,#18222)) 
REPRESENTATION_CONTEXT('Context #1',
  '3D Context with UNIT and UNCERTAINTY') );
#18220 = ( LENGTH_UNIT() NAMED_UNIT(*) SI_UNIT(.MILLI.,.METRE.) );
#18221 = ( NAMED_UNIT(*) PLANE_ANGLE_UNIT() SI_UNIT($,.RADIAN.) );
#18222 = ( NAMED_UNIT(*) SI_UNIT($,.STERADIAN.) SOLID_ANGLE_UNIT() );
#18223 = UNCERTAINTY_MEASURE_WITH_UNIT(LENGTH_MEASURE(1.E-07),#18220,
  'distance_accuracy_value','confusion accuracy');
#18224 = CONTEXT_DEPENDENT_SHAPE_REPRESENTATION(#18225,#18227);
#18225 = ( REPRESENTATION_RELATIONSHIP('','',#18036,#10) 
REPRESENTATION_RELATIONSHIP_WITH_TRANSFORMATION(#18226) 
SHAPE_REPRESENTATION_RELATIONSHIP() );
#18226 = ITEM_DEFINED_TRANSFORMATION('','',#11,#87);
#18227 = PRODUCT_DEFINITION_SHAPE('Placement','Placement of an item',
  #18228);
#18228 = NEXT_ASSEMBLY_USAGE_OCCURRENCE('220','cap_ins_J6_2','',#5,
  #18031,$);
#18229 = PRODUCT_RELATED_PRODUCT_CATEGORY('part',$,(#18033));
#18230 = SHAPE_DEFINITION_REPRESENTATION(#18231,#18237);
#18231 = PRODUCT_DEFINITION_SHAPE('','',#18232);
#18232 = PRODUCT_DEFINITION('design','',#18233,#18236);
#18233 = PRODUCT_DEFINITION_FORMATION('','',#18234);
#18234 = PRODUCT('cap_J6_3','cap_J6_3','',(#18235));
#18235 = PRODUCT_CONTEXT('',#2,'mechanical');
#18236 = PRODUCT_DEFINITION_CONTEXT('part definition',#2,'design');
#18237 = ADVANCED_BREP_SHAPE_REPRESENTATION('',(#11,#18238),#18426);
#18238 = MANIFOLD_SOLID_BREP('',#18239);
#18239 = CLOSED_SHELL('',(#18240,#18328,#18363,#18367,#18422));
#18240 = ADVANCED_FACE('',(#18241),#18255,.T.);
#18241 = FACE_BOUND('',#18242,.F.);
#18242 = EDGE_LOOP('',(#18243,#18273,#18300,#18301));
#18243 = ORIENTED_EDGE('',*,*,#18244,.T.);
#18244 = EDGE_CURVE('',#18245,#18247,#18249,.T.);
#18245 = VERTEX_POINT('',#18246);
#18246 = CARTESIAN_POINT('',(2.75,0.,0.));
#18247 = VERTEX_POINT('',#18248);
#18248 = CARTESIAN_POINT('',(2.75,0.,3.));
#18249 = SEAM_CURVE('',#18250,(#18254,#18266),.PCURVE_S1.);
#18250 = LINE('',#18251,#18252);
#18251 = CARTESIAN_POINT('',(2.75,0.,0.));
#18252 = VECTOR('',#18253,1.);
#18253 = DIRECTION('',(0.,0.,1.));
#18254 = PCURVE('',#18255,#18260);
#18255 = CYLINDRICAL_SURFACE('',#18256,2.75);
#18256 = AXIS2_PLACEMENT_3D('',#18257,#18258,#18259);
#18257 = CARTESIAN_POINT('',(0.,0.,0.));
#18258 = DIRECTION('',(-0.,-0.,-1.));
#18259 = DIRECTION('',(1.,0.,0.));
#18260 = DEFINITIONAL_REPRESENTATION('',(#18261),#18265);
#18261 = LINE('',#18262,#18263);
#18262 = CARTESIAN_POINT('',(-0.,0.));
#18263 = VECTOR('',#18264,1.);
#18264 = DIRECTION('',(-0.,-1.));
#18265 = ( GEOMETRIC_REPRESENTATION_CONTEXT(2) 
PARAMETRIC_REPRESENTATION_CONTEXT() REPRESENTATION_CONTEXT('2D SPACE',''
  ) );
#18266 = PCURVE('',#18255,#18267);
#18267 = DEFINITIONAL_REPRESENTATION('',(#18268),#18272);
#18268 = LINE('',#18269,#18270);
#18269 = CARTESIAN_POINT('',(-6.28318530718,0.));
#18270 = VECTOR('',#18271,1.);
#18271 = DIRECTION('',(-0.,-1.));
#18272 = ( GEOMETRIC_REPRESENTATION_CONTEXT(2) 
PARAMETRIC_REPRESENTATION_CONTEXT() REPRESENTATION_CONTEXT('2D SPACE',''
  ) );
#18273 = ORIENTED_EDGE('',*,*,#18274,.T.);
#18274 = EDGE_CURVE('',#18247,#18247,#18275,.T.);
#18275 = SURFACE_CURVE('',#18276,(#18281,#18288),.PCURVE_S1.);
#18276 = CIRCLE('',#18277,2.75);
#18277 = AXIS2_PLACEMENT_3D('',#18278,#18279,#18280);
#18278 = CARTESIAN_POINT('',(0.,0.,3.));
#18279 = DIRECTION('',(0.,0.,1.));
#18280 = DIRECTION('',(1.,0.,0.));
#18281 = PCURVE('',#18255,#18282);
#18282 = DEFINITIONAL_REPRESENTATION('',(#18283),#18287);
#18283 = LINE('',#18284,#18285);
#18284 = CARTESIAN_POINT('',(-0.,-3.));
#18285 = VECTOR('',#18286,1.);
#18286 = DIRECTION('',(-1.,0.));
#18287 = ( GEOMETRIC_REPRESENTATION_CONTEXT(2) 
PARAMETRIC_REPRESENTATION_CONTEXT() REPRESENTATION_CONTEXT('2D SPACE',''
  ) );
#18288 = PCURVE('',#18289,#18294);
#18289 = PLANE('',#18290);
#18290 = AXIS2_PLACEMENT_3D('',#18291,#18292,#18293);
#18291 = CARTESIAN_POINT('',(-1.864691089826E-16,-1.122592899218E-16,3.)
  );
#18292 = DIRECTION('',(0.,0.,1.));
#18293 = DIRECTION('',(1.,0.,-0.));
#18294 = DEFINITIONAL_REPRESENTATION('',(#18295),#18299);
#18295 = CIRCLE('',#18296,2.75);
#18296 = AXIS2_PLACEMENT_2D('',#18297,#18298);
#18297 = CARTESIAN_POINT('',(1.864691089826E-16,1.122592899218E-16));
#18298 = DIRECTION('',(1.,0.));
#18299 = ( GEOMETRIC_REPRESENTATION_CONTEXT(2) 
PARAMETRIC_REPRESENTATION_CONTEXT() REPRESENTATION_CONTEXT('2D SPACE',''
  ) );
#18300 = ORIENTED_EDGE('',*,*,#18244,.F.);
#18301 = ORIENTED_EDGE('',*,*,#18302,.F.);
#18302 = EDGE_CURVE('',#18245,#18245,#18303,.T.);
#18303 = SURFACE_CURVE('',#18304,(#18309,#18316),.PCURVE_S1.);
#18304 = CIRCLE('',#18305,2.75);
#18305 = AXIS2_PLACEMENT_3D('',#18306,#18307,#18308);
#18306 = CARTESIAN_POINT('',(0.,0.,0.));
#18307 = DIRECTION('',(0.,0.,1.));
#18308 = DIRECTION('',(1.,0.,0.));
#18309 = PCURVE('',#18255,#18310);
#18310 = DEFINITIONAL_REPRESENTATION('',(#18311),#18315);
#18311 = LINE('',#18312,#18313);
#18312 = CARTESIAN_POINT('',(-0.,0.));
#18313 = VECTOR('',#18314,1.);
#18314 = DIRECTION('',(-1.,0.));
#18315 = ( GEOMETRIC_REPRESENTATION_CONTEXT(2) 
PARAMETRIC_REPRESENTATION_CONTEXT() REPRESENTATION_CONTEXT('2D SPACE',''
  ) );
#18316 = PCURVE('',#18317,#18322);
#18317 = PLANE('',#18318);
#18318 = AXIS2_PLACEMENT_3D('',#18319,#18320,#18321);
#18319 = CARTESIAN_POINT('',(-1.864691089826E-16,-1.122592899218E-16,0.)
  );
#18320 = DIRECTION('',(0.,0.,1.));
#18321 = DIRECTION('',(1.,0.,-0.));
#18322 = DEFINITIONAL_REPRESENTATION('',(#18323),#18327);
#18323 = CIRCLE('',#18324,2.75);
#18324 = AXIS2_PLACEMENT_2D('',#18325,#18326);
#18325 = CARTESIAN_POINT('',(1.864691089826E-16,1.122592899218E-16));
#18326 = DIRECTION('',(1.,0.));
#18327 = ( GEOMETRIC_REPRESENTATION_CONTEXT(2) 
PARAMETRIC_REPRESENTATION_CONTEXT() REPRESENTATION_CONTEXT('2D SPACE',''
  ) );
#18328 = ADVANCED_FACE('',(#18329,#18332),#18317,.F.);
#18329 = FACE_BOUND('',#18330,.F.);
#18330 = EDGE_LOOP('',(#18331));
#18331 = ORIENTED_EDGE('',*,*,#18302,.T.);
#18332 = FACE_BOUND('',#18333,.F.);
#18333 = EDGE_LOOP('',(#18334));
#18334 = ORIENTED_EDGE('',*,*,#18335,.F.);
#18335 = EDGE_CURVE('',#18336,#18336,#18338,.T.);
#18336 = VERTEX_POINT('',#18337);
#18337 = CARTESIAN_POINT('',(1.5,0.,0.));
#18338 = SURFACE_CURVE('',#18339,(#18344,#18351),.PCURVE_S1.);
#18339 = CIRCLE('',#18340,1.5);
#18340 = AXIS2_PLACEMENT_3D('',#18341,#18342,#18343);
#18341 = CARTESIAN_POINT('',(0.,0.,0.));
#18342 = DIRECTION('',(0.,0.,1.));
#18343 = DIRECTION('',(1.,0.,0.));
#18344 = PCURVE('',#18317,#18345);
#18345 = DEFINITIONAL_REPRESENTATION('',(#18346),#18350);
#18346 = CIRCLE('',#18347,1.5);
#18347 = AXIS2_PLACEMENT_2D('',#18348,#18349);
#18348 = CARTESIAN_POINT('',(1.864691089826E-16,1.122592899218E-16));
#18349 = DIRECTION('',(1.,0.));
#18350 = ( GEOMETRIC_REPRESENTATION_CONTEXT(2) 
PARAMETRIC_REPRESENTATION_CONTEXT() REPRESENTATION_CONTEXT('2D SPACE',''
  ) );
#18351 = PCURVE('',#18352,#18357);
#18352 = CYLINDRICAL_SURFACE('',#18353,1.5);
#18353 = AXIS2_PLACEMENT_3D('',#18354,#18355,#18356);
#18354 = CARTESIAN_POINT('',(0.,0.,0.));
#18355 = DIRECTION('',(0.,0.,1.));
#18356 = DIRECTION('',(1.,0.,0.));
#18357 = DEFINITIONAL_REPRESENTATION('',(#18358),#18362);
#18358 = LINE('',#18359,#18360);
#18359 = CARTESIAN_POINT('',(0.,0.));
#18360 = VECTOR('',#18361,1.);
#18361 = DIRECTION('',(1.,0.));
#18362 = ( GEOMETRIC_REPRESENTATION_CONTEXT(2) 
PARAMETRIC_REPRESENTATION_CONTEXT() REPRESENTATION_CONTEXT('2D SPACE',''
  ) );
#18363 = ADVANCED_FACE('',(#18364),#18289,.T.);
#18364 = FACE_BOUND('',#18365,.T.);
#18365 = EDGE_LOOP('',(#18366));
#18366 = ORIENTED_EDGE('',*,*,#18274,.T.);
#18367 = ADVANCED_FACE('',(#18368),#18352,.T.);
#18368 = FACE_BOUND('',#18369,.T.);
#18369 = EDGE_LOOP('',(#18370,#18393,#18420,#18421));
#18370 = ORIENTED_EDGE('',*,*,#18371,.T.);
#18371 = EDGE_CURVE('',#18336,#18372,#18374,.T.);
#18372 = VERTEX_POINT('',#18373);
#18373 = CARTESIAN_POINT('',(1.5,0.,-12.));
#18374 = SEAM_CURVE('',#18375,(#18379,#18386),.PCURVE_S1.);
#18375 = LINE('',#18376,#18377);
#18376 = CARTESIAN_POINT('',(1.5,0.,0.));
#18377 = VECTOR('',#18378,1.);
#18378 = DIRECTION('',(-0.,-0.,-1.));
#18379 = PCURVE('',#18352,#18380);
#18380 = DEFINITIONAL_REPRESENTATION('',(#18381),#18385);
#18381 = LINE('',#18382,#18383);
#18382 = CARTESIAN_POINT('',(0.,0.));
#18383 = VECTOR('',#18384,1.);
#18384 = DIRECTION('',(0.,-1.));
#18385 = ( GEOMETRIC_REPRESENTATION_CONTEXT(2) 
PARAMETRIC_REPRESENTATION_CONTEXT() REPRESENTATION_CONTEXT('2D SPACE',''
  ) );
#18386 = PCURVE('',#18352,#18387);
#18387 = DEFINITIONAL_REPRESENTATION('',(#18388),#18392);
#18388 = LINE('',#18389,#18390);
#18389 = CARTESIAN_POINT('',(6.28318530718,0.));
#18390 = VECTOR('',#18391,1.);
#18391 = DIRECTION('',(0.,-1.));
#18392 = ( GEOMETRIC_REPRESENTATION_CONTEXT(2) 
PARAMETRIC_REPRESENTATION_CONTEXT() REPRESENTATION_CONTEXT('2D SPACE',''
  ) );
#18393 = ORIENTED_EDGE('',*,*,#18394,.T.);
#18394 = EDGE_CURVE('',#18372,#18372,#18395,.T.);
#18395 = SURFACE_CURVE('',#18396,(#18401,#18408),.PCURVE_S1.);
#18396 = CIRCLE('',#18397,1.5);
#18397 = AXIS2_PLACEMENT_3D('',#18398,#18399,#18400);
#18398 = CARTESIAN_POINT('',(0.,0.,-12.));
#18399 = DIRECTION('',(0.,0.,1.));
#18400 = DIRECTION('',(1.,0.,0.));
#18401 = PCURVE('',#18352,#18402);
#18402 = DEFINITIONAL_REPRESENTATION('',(#18403),#18407);
#18403 = LINE('',#18404,#18405);
#18404 = CARTESIAN_POINT('',(0.,-12.));
#18405 = VECTOR('',#18406,1.);
#18406 = DIRECTION('',(1.,0.));
#18407 = ( GEOMETRIC_REPRESENTATION_CONTEXT(2) 
PARAMETRIC_REPRESENTATION_CONTEXT() REPRESENTATION_CONTEXT('2D SPACE',''
  ) );
#18408 = PCURVE('',#18409,#18414);
#18409 = PLANE('',#18410);
#18410 = AXIS2_PLACEMENT_3D('',#18411,#18412,#18413);
#18411 = CARTESIAN_POINT('',(-8.546500828371E-17,-4.255667768225E-18,
    -12.));
#18412 = DIRECTION('',(0.,0.,1.));
#18413 = DIRECTION('',(1.,0.,-0.));
#18414 = DEFINITIONAL_REPRESENTATION('',(#18415),#18419);
#18415 = CIRCLE('',#18416,1.5);
#18416 = AXIS2_PLACEMENT_2D('',#18417,#18418);
#18417 = CARTESIAN_POINT('',(8.546500828371E-17,4.255667768225E-18));
#18418 = DIRECTION('',(1.,0.));
#18419 = ( GEOMETRIC_REPRESENTATION_CONTEXT(2) 
PARAMETRIC_REPRESENTATION_CONTEXT() REPRESENTATION_CONTEXT('2D SPACE',''
  ) );
#18420 = ORIENTED_EDGE('',*,*,#18371,.F.);
#18421 = ORIENTED_EDGE('',*,*,#18335,.F.);
#18422 = ADVANCED_FACE('',(#18423),#18409,.F.);
#18423 = FACE_BOUND('',#18424,.F.);
#18424 = EDGE_LOOP('',(#18425));
#18425 = ORIENTED_EDGE('',*,*,#18394,.T.);
#18426 = ( GEOMETRIC_REPRESENTATION_CONTEXT(3) 
GLOBAL_UNCERTAINTY_ASSIGNED_CONTEXT((#18430)) 
GLOBAL_UNIT_ASSIGNED_CONTEXT((#18427,#18428,#18429)) 
REPRESENTATION_CONTEXT('Context #1',
  '3D Context with UNIT and UNCERTAINTY') );
#18427 = ( LENGTH_UNIT() NAMED_UNIT(*) SI_UNIT(.MILLI.,.METRE.) );
#18428 = ( NAMED_UNIT(*) PLANE_ANGLE_UNIT() SI_UNIT($,.RADIAN.) );
#18429 = ( NAMED_UNIT(*) SI_UNIT($,.STERADIAN.) SOLID_ANGLE_UNIT() );
#18430 = UNCERTAINTY_MEASURE_WITH_UNIT(LENGTH_MEASURE(1.E-07),#18427,
  'distance_accuracy_value','confusion accuracy');
#18431 = CONTEXT_DEPENDENT_SHAPE_REPRESENTATION(#18432,#18434);
#18432 = ( REPRESENTATION_RELATIONSHIP('','',#18237,#10) 
REPRESENTATION_RELATIONSHIP_WITH_TRANSFORMATION(#18433) 
SHAPE_REPRESENTATION_RELATIONSHIP() );
#18433 = ITEM_DEFINED_TRANSFORMATION('','',#11,#91);
#18434 = PRODUCT_DEFINITION_SHAPE('Placement','Placement of an item',
  #18435);
#18435 = NEXT_ASSEMBLY_USAGE_OCCURRENCE('221','cap_J6_3','',#5,#18232,$
  );
#18436 = PRODUCT_RELATED_PRODUCT_CATEGORY('part',$,(#18234));
#18437 = SHAPE_DEFINITION_REPRESENTATION(#18438,#18444);
#18438 = PRODUCT_DEFINITION_SHAPE('','',#18439);
#18439 = PRODUCT_DEFINITION('design','',#18440,#18443);
#18440 = PRODUCT_DEFINITION_FORMATION('','',#18441);
#18441 = PRODUCT('cap_ins_J6_3','cap_ins_J6_3','',(#18442));
#18442 = PRODUCT_CONTEXT('',#2,'mechanical');
#18443 = PRODUCT_DEFINITION_CONTEXT('part definition',#2,'design');
#18444 = ADVANCED_BREP_SHAPE_REPRESENTATION('',(#11,#18445),#18627);
#18445 = MANIFOLD_SOLID_BREP('',#18446);
#18446 = CLOSED_SHELL('',(#18447,#18535,#18613,#18620));
#18447 = ADVANCED_FACE('',(#18448),#18462,.T.);
#18448 = FACE_BOUND('',#18449,.T.);
#18449 = EDGE_LOOP('',(#18450,#18480,#18507,#18508));
#18450 = ORIENTED_EDGE('',*,*,#18451,.T.);
#18451 = EDGE_CURVE('',#18452,#18454,#18456,.T.);
#18452 = VERTEX_POINT('',#18453);
#18453 = CARTESIAN_POINT('',(2.05,0.,0.));
#18454 = VERTEX_POINT('',#18455);
#18455 = CARTESIAN_POINT('',(2.05,0.,-5.7));
#18456 = SEAM_CURVE('',#18457,(#18461,#18473),.PCURVE_S1.);
#18457 = LINE('',#18458,#18459);
#18458 = CARTESIAN_POINT('',(2.05,0.,0.));
#18459 = VECTOR('',#18460,1.);
#18460 = DIRECTION('',(-0.,-0.,-1.));
#18461 = PCURVE('',#18462,#18467);
#18462 = CYLINDRICAL_SURFACE('',#18463,2.05);
#18463 = AXIS2_PLACEMENT_3D('',#18464,#18465,#18466);
#18464 = CARTESIAN_POINT('',(0.,0.,0.));
#18465 = DIRECTION('',(0.,0.,1.));
#18466 = DIRECTION('',(1.,0.,0.));
#18467 = DEFINITIONAL_REPRESENTATION('',(#18468),#18472);
#18468 = LINE('',#18469,#18470);
#18469 = CARTESIAN_POINT('',(0.,0.));
#18470 = VECTOR('',#18471,1.);
#18471 = DIRECTION('',(0.,-1.));
#18472 = ( GEOMETRIC_REPRESENTATION_CONTEXT(2) 
PARAMETRIC_REPRESENTATION_CONTEXT() REPRESENTATION_CONTEXT('2D SPACE',''
  ) );
#18473 = PCURVE('',#18462,#18474);
#18474 = DEFINITIONAL_REPRESENTATION('',(#18475),#18479);
#18475 = LINE('',#18476,#18477);
#18476 = CARTESIAN_POINT('',(6.28318530718,0.));
#18477 = VECTOR('',#18478,1.);
#18478 = DIRECTION('',(0.,-1.));
#18479 = ( GEOMETRIC_REPRESENTATION_CONTEXT(2) 
PARAMETRIC_REPRESENTATION_CONTEXT() REPRESENTATION_CONTEXT('2D SPACE',''
  ) );
#18480 = ORIENTED_EDGE('',*,*,#18481,.T.);
#18481 = EDGE_CURVE('',#18454,#18454,#18482,.T.);
#18482 = SURFACE_CURVE('',#18483,(#18488,#18495),.PCURVE_S1.);
#18483 = CIRCLE('',#18484,2.05);
#18484 = AXIS2_PLACEMENT_3D('',#18485,#18486,#18487);
#18485 = CARTESIAN_POINT('',(0.,0.,-5.7));
#18486 = DIRECTION('',(0.,0.,1.));
#18487 = DIRECTION('',(1.,0.,0.));
#18488 = PCURVE('',#18462,#18489);
#18489 = DEFINITIONAL_REPRESENTATION('',(#18490),#18494);
#18490 = LINE('',#18491,#18492);
#18491 = CARTESIAN_POINT('',(0.,-5.7));
#18492 = VECTOR('',#18493,1.);
#18493 = DIRECTION('',(1.,0.));
#18494 = ( GEOMETRIC_REPRESENTATION_CONTEXT(2) 
PARAMETRIC_REPRESENTATION_CONTEXT() REPRESENTATION_CONTEXT('2D SPACE',''
  ) );
#18495 = PCURVE('',#18496,#18501);
#18496 = PLANE('',#18497);
#18497 = AXIS2_PLACEMENT_3D('',#18498,#18499,#18500);
#18498 = CARTESIAN_POINT('',(-8.338049588655E-17,8.307679383136E-17,-5.7
    ));
#18499 = DIRECTION('',(0.,0.,1.));
#18500 = DIRECTION('',(1.,0.,-0.));
#18501 = DEFINITIONAL_REPRESENTATION('',(#18502),#18506);
#18502 = CIRCLE('',#18503,2.05);
#18503 = AXIS2_PLACEMENT_2D('',#18504,#18505);
#18504 = CARTESIAN_POINT('',(8.338049588655E-17,-8.307679383136E-17));
#18505 = DIRECTION('',(1.,0.));
#18506 = ( GEOMETRIC_REPRESENTATION_CONTEXT(2) 
PARAMETRIC_REPRESENTATION_CONTEXT() REPRESENTATION_CONTEXT('2D SPACE',''
  ) );
#18507 = ORIENTED_EDGE('',*,*,#18451,.F.);
#18508 = ORIENTED_EDGE('',*,*,#18509,.F.);
#18509 = EDGE_CURVE('',#18452,#18452,#18510,.T.);
#18510 = SURFACE_CURVE('',#18511,(#18516,#18523),.PCURVE_S1.);
#18511 = CIRCLE('',#18512,2.05);
#18512 = AXIS2_PLACEMENT_3D('',#18513,#18514,#18515);
#18513 = CARTESIAN_POINT('',(0.,0.,0.));
#18514 = DIRECTION('',(0.,0.,1.));
#18515 = DIRECTION('',(1.,0.,0.));
#18516 = PCURVE('',#18462,#18517);
#18517 = DEFINITIONAL_REPRESENTATION('',(#18518),#18522);
#18518 = LINE('',#18519,#18520);
#18519 = CARTESIAN_POINT('',(0.,0.));
#18520 = VECTOR('',#18521,1.);
#18521 = DIRECTION('',(1.,0.));
#18522 = ( GEOMETRIC_REPRESENTATION_CONTEXT(2) 
PARAMETRIC_REPRESENTATION_CONTEXT() REPRESENTATION_CONTEXT('2D SPACE',''
  ) );
#18523 = PCURVE('',#18524,#18529);
#18524 = PLANE('',#18525);
#18525 = AXIS2_PLACEMENT_3D('',#18526,#18527,#18528);
#18526 = CARTESIAN_POINT('',(-8.338049588655E-17,8.307679383136E-17,0.)
  );
#18527 = DIRECTION('',(0.,0.,1.));
#18528 = DIRECTION('',(1.,0.,-0.));
#18529 = DEFINITIONAL_REPRESENTATION('',(#18530),#18534);
#18530 = CIRCLE('',#18531,2.05);
#18531 = AXIS2_PLACEMENT_2D('',#18532,#18533);
#18532 = CARTESIAN_POINT('',(8.338049588655E-17,-8.307679383136E-17));
#18533 = DIRECTION('',(1.,0.));
#18534 = ( GEOMETRIC_REPRESENTATION_CONTEXT(2) 
PARAMETRIC_REPRESENTATION_CONTEXT() REPRESENTATION_CONTEXT('2D SPACE',''
  ) );
#18535 = ADVANCED_FACE('',(#18536),#18550,.F.);
#18536 = FACE_BOUND('',#18537,.F.);
#18537 = EDGE_LOOP('',(#18538,#18568,#18590,#18591));
#18538 = ORIENTED_EDGE('',*,*,#18539,.T.);
#18539 = EDGE_CURVE('',#18540,#18542,#18544,.T.);
#18540 = VERTEX_POINT('',#18541);
#18541 = CARTESIAN_POINT('',(1.5,1.083144414268E-16,0.));
#18542 = VERTEX_POINT('',#18543);
#18543 = CARTESIAN_POINT('',(1.5,1.083144414268E-16,-5.7));
#18544 = SEAM_CURVE('',#18545,(#18549,#18561),.PCURVE_S1.);
#18545 = LINE('',#18546,#18547);
#18546 = CARTESIAN_POINT('',(1.5,1.083144414268E-16,0.));
#18547 = VECTOR('',#18548,1.);
#18548 = DIRECTION('',(-0.,-0.,-1.));
#18549 = PCURVE('',#18550,#18555);
#18550 = CYLINDRICAL_SURFACE('',#18551,1.5);
#18551 = AXIS2_PLACEMENT_3D('',#18552,#18553,#18554);
#18552 = CARTESIAN_POINT('',(9.694142507703E-15,1.083144414268E-16,0.));
#18553 = DIRECTION('',(0.,0.,1.));
#18554 = DIRECTION('',(1.,0.,0.));
#18555 = DEFINITIONAL_REPRESENTATION('',(#18556),#18560);
#18556 = LINE('',#18557,#18558);
#18557 = CARTESIAN_POINT('',(0.,0.));
#18558 = VECTOR('',#18559,1.);
#18559 = DIRECTION('',(0.,-1.));
#18560 = ( GEOMETRIC_REPRESENTATION_CONTEXT(2) 
PARAMETRIC_REPRESENTATION_CONTEXT() REPRESENTATION_CONTEXT('2D SPACE',''
  ) );
#18561 = PCURVE('',#18550,#18562);
#18562 = DEFINITIONAL_REPRESENTATION('',(#18563),#18567);
#18563 = LINE('',#18564,#18565);
#18564 = CARTESIAN_POINT('',(6.28318530718,0.));
#18565 = VECTOR('',#18566,1.);
#18566 = DIRECTION('',(0.,-1.));
#18567 = ( GEOMETRIC_REPRESENTATION_CONTEXT(2) 
PARAMETRIC_REPRESENTATION_CONTEXT() REPRESENTATION_CONTEXT('2D SPACE',''
  ) );
#18568 = ORIENTED_EDGE('',*,*,#18569,.T.);
#18569 = EDGE_CURVE('',#18542,#18542,#18570,.T.);
#18570 = SURFACE_CURVE('',#18571,(#18576,#18583),.PCURVE_S1.);
#18571 = CIRCLE('',#18572,1.5);
#18572 = AXIS2_PLACEMENT_3D('',#18573,#18574,#18575);
#18573 = CARTESIAN_POINT('',(9.694142507703E-15,1.083144414268E-16,-5.7)
  );
#18574 = DIRECTION('',(0.,0.,1.));
#18575 = DIRECTION('',(1.,0.,0.));
#18576 = PCURVE('',#18550,#18577);
#18577 = DEFINITIONAL_REPRESENTATION('',(#18578),#18582);
#18578 = LINE('',#18579,#18580);
#18579 = CARTESIAN_POINT('',(0.,-5.7));
#18580 = VECTOR('',#18581,1.);
#18581 = DIRECTION('',(1.,0.));
#18582 = ( GEOMETRIC_REPRESENTATION_CONTEXT(2) 
PARAMETRIC_REPRESENTATION_CONTEXT() REPRESENTATION_CONTEXT('2D SPACE',''
  ) );
#18583 = PCURVE('',#18496,#18584);
#18584 = DEFINITIONAL_REPRESENTATION('',(#18585),#18589);
#18585 = CIRCLE('',#18586,1.5);
#18586 = AXIS2_PLACEMENT_2D('',#18587,#18588);
#18587 = CARTESIAN_POINT('',(9.777523003589E-15,2.523764759548E-17));
#18588 = DIRECTION('',(1.,0.));
#18589 = ( GEOMETRIC_REPRESENTATION_CONTEXT(2) 
PARAMETRIC_REPRESENTATION_CONTEXT() REPRESENTATION_CONTEXT('2D SPACE',''
  ) );
#18590 = ORIENTED_EDGE('',*,*,#18539,.F.);
#18591 = ORIENTED_EDGE('',*,*,#18592,.F.);
#18592 = EDGE_CURVE('',#18540,#18540,#18593,.T.);
#18593 = SURFACE_CURVE('',#18594,(#18599,#18606),.PCURVE_S1.);
#18594 = CIRCLE('',#18595,1.5);
#18595 = AXIS2_PLACEMENT_3D('',#18596,#18597,#18598);
#18596 = CARTESIAN_POINT('',(9.694142507703E-15,1.083144414268E-16,0.));
#18597 = DIRECTION('',(0.,0.,1.));
#18598 = DIRECTION('',(1.,0.,0.));
#18599 = PCURVE('',#18550,#18600);
#18600 = DEFINITIONAL_REPRESENTATION('',(#18601),#18605);
#18601 = LINE('',#18602,#18603);
#18602 = CARTESIAN_POINT('',(0.,0.));
#18603 = VECTOR('',#18604,1.);
#18604 = DIRECTION('',(1.,0.));
#18605 = ( GEOMETRIC_REPRESENTATION_CONTEXT(2) 
PARAMETRIC_REPRESENTATION_CONTEXT() REPRESENTATION_CONTEXT('2D SPACE',''
  ) );
#18606 = PCURVE('',#18524,#18607);
#18607 = DEFINITIONAL_REPRESENTATION('',(#18608),#18612);
#18608 = CIRCLE('',#18609,1.5);
#18609 = AXIS2_PLACEMENT_2D('',#18610,#18611);
#18610 = CARTESIAN_POINT('',(9.777523003589E-15,2.523764759548E-17));
#18611 = DIRECTION('',(1.,0.));
#18612 = ( GEOMETRIC_REPRESENTATION_CONTEXT(2) 
PARAMETRIC_REPRESENTATION_CONTEXT() REPRESENTATION_CONTEXT('2D SPACE',''
  ) );
#18613 = ADVANCED_FACE('',(#18614,#18617),#18524,.T.);
#18614 = FACE_BOUND('',#18615,.T.);
#18615 = EDGE_LOOP('',(#18616));
#18616 = ORIENTED_EDGE('',*,*,#18509,.T.);
#18617 = FACE_BOUND('',#18618,.T.);
#18618 = EDGE_LOOP('',(#18619));
#18619 = ORIENTED_EDGE('',*,*,#18592,.F.);
#18620 = ADVANCED_FACE('',(#18621,#18624),#18496,.F.);
#18621 = FACE_BOUND('',#18622,.F.);
#18622 = EDGE_LOOP('',(#18623));
#18623 = ORIENTED_EDGE('',*,*,#18481,.T.);
#18624 = FACE_BOUND('',#18625,.F.);
#18625 = EDGE_LOOP('',(#18626));
#18626 = ORIENTED_EDGE('',*,*,#18569,.F.);
#18627 = ( GEOMETRIC_REPRESENTATION_CONTEXT(3) 
GLOBAL_UNCERTAINTY_ASSIGNED_CONTEXT((#18631)) 
GLOBAL_UNIT_ASSIGNED_CONTEXT((#18628,#18629,#18630)) 
REPRESENTATION_CONTEXT('Context #1',
  '3D Context with UNIT and UNCERTAINTY') );
#18628 = ( LENGTH_UNIT() NAMED_UNIT(*) SI_UNIT(.MILLI.,.METRE.) );
#18629 = ( NAMED_UNIT(*) PLANE_ANGLE_UNIT() SI_UNIT($,.RADIAN.) );
#18630 = ( NAMED_UNIT(*) SI_UNIT($,.STERADIAN.) SOLID_ANGLE_UNIT() );
#18631 = UNCERTAINTY_MEASURE_WITH_UNIT(LENGTH_MEASURE(1.E-07),#18628,
  'distance_accuracy_value','confusion accuracy');
#18632 = CONTEXT_DEPENDENT_SHAPE_REPRESENTATION(#18633,#18635);
#18633 = ( REPRESENTATION_RELATIONSHIP('','',#18444,#10) 
REPRESENTATION_RELATIONSHIP_WITH_TRANSFORMATION(#18634) 
SHAPE_REPRESENTATION_RELATIONSHIP() );
#18634 = ITEM_DEFINED_TRANSFORMATION('','',#11,#95);
#18635 = PRODUCT_DEFINITION_SHAPE('Placement','Placement of an item',
  #18636);
#18636 = NEXT_ASSEMBLY_USAGE_OCCURRENCE('222','cap_ins_J6_3','',#5,
  #18439,$);
#18637 = PRODUCT_RELATED_PRODUCT_CATEGORY('part',$,(#18441));
#18638 = SHAPE_DEFINITION_REPRESENTATION(#18639,#18645);
#18639 = PRODUCT_DEFINITION_SHAPE('','',#18640);
#18640 = PRODUCT_DEFINITION('design','',#18641,#18644);
#18641 = PRODUCT_DEFINITION_FORMATION('','',#18642);
#18642 = PRODUCT('j5_grub','j5_grub','',(#18643));
#18643 = PRODUCT_CONTEXT('',#2,'mechanical');
#18644 = PRODUCT_DEFINITION_CONTEXT('part definition',#2,'design');
#18645 = ADVANCED_BREP_SHAPE_REPRESENTATION('',(#11,#18646),#18744);
#18646 = MANIFOLD_SOLID_BREP('',#18647);
#18647 = CLOSED_SHELL('',(#18648,#18736,#18740));
#18648 = ADVANCED_FACE('',(#18649),#18663,.T.);
#18649 = FACE_BOUND('',#18650,.T.);
#18650 = EDGE_LOOP('',(#18651,#18681,#18708,#18709));
#18651 = ORIENTED_EDGE('',*,*,#18652,.T.);
#18652 = EDGE_CURVE('',#18653,#18655,#18657,.T.);
#18653 = VERTEX_POINT('',#18654);
#18654 = CARTESIAN_POINT('',(1.5,0.,0.));
#18655 = VERTEX_POINT('',#18656);
#18656 = CARTESIAN_POINT('',(1.5,0.,-4.));
#18657 = SEAM_CURVE('',#18658,(#18662,#18674),.PCURVE_S1.);
#18658 = LINE('',#18659,#18660);
#18659 = CARTESIAN_POINT('',(1.5,0.,0.));
#18660 = VECTOR('',#18661,1.);
#18661 = DIRECTION('',(-0.,-0.,-1.));
#18662 = PCURVE('',#18663,#18668);
#18663 = CYLINDRICAL_SURFACE('',#18664,1.5);
#18664 = AXIS2_PLACEMENT_3D('',#18665,#18666,#18667);
#18665 = CARTESIAN_POINT('',(0.,0.,0.));
#18666 = DIRECTION('',(0.,0.,1.));
#18667 = DIRECTION('',(1.,0.,0.));
#18668 = DEFINITIONAL_REPRESENTATION('',(#18669),#18673);
#18669 = LINE('',#18670,#18671);
#18670 = CARTESIAN_POINT('',(0.,0.));
#18671 = VECTOR('',#18672,1.);
#18672 = DIRECTION('',(0.,-1.));
#18673 = ( GEOMETRIC_REPRESENTATION_CONTEXT(2) 
PARAMETRIC_REPRESENTATION_CONTEXT() REPRESENTATION_CONTEXT('2D SPACE',''
  ) );
#18674 = PCURVE('',#18663,#18675);
#18675 = DEFINITIONAL_REPRESENTATION('',(#18676),#18680);
#18676 = LINE('',#18677,#18678);
#18677 = CARTESIAN_POINT('',(6.28318530718,0.));
#18678 = VECTOR('',#18679,1.);
#18679 = DIRECTION('',(0.,-1.));
#18680 = ( GEOMETRIC_REPRESENTATION_CONTEXT(2) 
PARAMETRIC_REPRESENTATION_CONTEXT() REPRESENTATION_CONTEXT('2D SPACE',''
  ) );
#18681 = ORIENTED_EDGE('',*,*,#18682,.T.);
#18682 = EDGE_CURVE('',#18655,#18655,#18683,.T.);
#18683 = SURFACE_CURVE('',#18684,(#18689,#18696),.PCURVE_S1.);
#18684 = CIRCLE('',#18685,1.5);
#18685 = AXIS2_PLACEMENT_3D('',#18686,#18687,#18688);
#18686 = CARTESIAN_POINT('',(0.,0.,-4.));
#18687 = DIRECTION('',(0.,0.,1.));
#18688 = DIRECTION('',(1.,0.,0.));
#18689 = PCURVE('',#18663,#18690);
#18690 = DEFINITIONAL_REPRESENTATION('',(#18691),#18695);
#18691 = LINE('',#18692,#18693);
#18692 = CARTESIAN_POINT('',(0.,-4.));
#18693 = VECTOR('',#18694,1.);
#18694 = DIRECTION('',(1.,0.));
#18695 = ( GEOMETRIC_REPRESENTATION_CONTEXT(2) 
PARAMETRIC_REPRESENTATION_CONTEXT() REPRESENTATION_CONTEXT('2D SPACE',''
  ) );
#18696 = PCURVE('',#18697,#18702);
#18697 = PLANE('',#18698);
#18698 = AXIS2_PLACEMENT_3D('',#18699,#18700,#18701);
#18699 = CARTESIAN_POINT('',(-8.546500828371E-17,-4.255667768225E-18,-4.
    ));
#18700 = DIRECTION('',(0.,0.,1.));
#18701 = DIRECTION('',(1.,0.,-0.));
#18702 = DEFINITIONAL_REPRESENTATION('',(#18703),#18707);
#18703 = CIRCLE('',#18704,1.5);
#18704 = AXIS2_PLACEMENT_2D('',#18705,#18706);
#18705 = CARTESIAN_POINT('',(8.546500828371E-17,4.255667768225E-18));
#18706 = DIRECTION('',(1.,0.));
#18707 = ( GEOMETRIC_REPRESENTATION_CONTEXT(2) 
PARAMETRIC_REPRESENTATION_CONTEXT() REPRESENTATION_CONTEXT('2D SPACE',''
  ) );
#18708 = ORIENTED_EDGE('',*,*,#18652,.F.);
#18709 = ORIENTED_EDGE('',*,*,#18710,.F.);
#18710 = EDGE_CURVE('',#18653,#18653,#18711,.T.);
#18711 = SURFACE_CURVE('',#18712,(#18717,#18724),.PCURVE_S1.);
#18712 = CIRCLE('',#18713,1.5);
#18713 = AXIS2_PLACEMENT_3D('',#18714,#18715,#18716);
#18714 = CARTESIAN_POINT('',(0.,0.,0.));
#18715 = DIRECTION('',(0.,0.,1.));
#18716 = DIRECTION('',(1.,0.,0.));
#18717 = PCURVE('',#18663,#18718);
#18718 = DEFINITIONAL_REPRESENTATION('',(#18719),#18723);
#18719 = LINE('',#18720,#18721);
#18720 = CARTESIAN_POINT('',(0.,0.));
#18721 = VECTOR('',#18722,1.);
#18722 = DIRECTION('',(1.,0.));
#18723 = ( GEOMETRIC_REPRESENTATION_CONTEXT(2) 
PARAMETRIC_REPRESENTATION_CONTEXT() REPRESENTATION_CONTEXT('2D SPACE',''
  ) );
#18724 = PCURVE('',#18725,#18730);
#18725 = PLANE('',#18726);
#18726 = AXIS2_PLACEMENT_3D('',#18727,#18728,#18729);
#18727 = CARTESIAN_POINT('',(-8.546500828371E-17,-4.255667768225E-18,0.)
  );
#18728 = DIRECTION('',(0.,0.,1.));
#18729 = DIRECTION('',(1.,0.,-0.));
#18730 = DEFINITIONAL_REPRESENTATION('',(#18731),#18735);
#18731 = CIRCLE('',#18732,1.5);
#18732 = AXIS2_PLACEMENT_2D('',#18733,#18734);
#18733 = CARTESIAN_POINT('',(8.546500828371E-17,4.255667768225E-18));
#18734 = DIRECTION('',(1.,0.));
#18735 = ( GEOMETRIC_REPRESENTATION_CONTEXT(2) 
PARAMETRIC_REPRESENTATION_CONTEXT() REPRESENTATION_CONTEXT('2D SPACE',''
  ) );
#18736 = ADVANCED_FACE('',(#18737),#18725,.T.);
#18737 = FACE_BOUND('',#18738,.T.);
#18738 = EDGE_LOOP('',(#18739));
#18739 = ORIENTED_EDGE('',*,*,#18710,.T.);
#18740 = ADVANCED_FACE('',(#18741),#18697,.F.);
#18741 = FACE_BOUND('',#18742,.F.);
#18742 = EDGE_LOOP('',(#18743));
#18743 = ORIENTED_EDGE('',*,*,#18682,.T.);
#18744 = ( GEOMETRIC_REPRESENTATION_CONTEXT(3) 
GLOBAL_UNCERTAINTY_ASSIGNED_CONTEXT((#18748)) 
GLOBAL_UNIT_ASSIGNED_CONTEXT((#18745,#18746,#18747)) 
REPRESENTATION_CONTEXT('Context #1',
  '3D Context with UNIT and UNCERTAINTY') );
#18745 = ( LENGTH_UNIT() NAMED_UNIT(*) SI_UNIT(.MILLI.,.METRE.) );
#18746 = ( NAMED_UNIT(*) PLANE_ANGLE_UNIT() SI_UNIT($,.RADIAN.) );
#18747 = ( NAMED_UNIT(*) SI_UNIT($,.STERADIAN.) SOLID_ANGLE_UNIT() );
#18748 = UNCERTAINTY_MEASURE_WITH_UNIT(LENGTH_MEASURE(1.E-07),#18745,
  'distance_accuracy_value','confusion accuracy');
#18749 = CONTEXT_DEPENDENT_SHAPE_REPRESENTATION(#18750,#18752);
#18750 = ( REPRESENTATION_RELATIONSHIP('','',#18645,#10) 
REPRESENTATION_RELATIONSHIP_WITH_TRANSFORMATION(#18751) 
SHAPE_REPRESENTATION_RELATIONSHIP() );
#18751 = ITEM_DEFINED_TRANSFORMATION('','',#11,#99);
#18752 = PRODUCT_DEFINITION_SHAPE('Placement','Placement of an item',
  #18753);
#18753 = NEXT_ASSEMBLY_USAGE_OCCURRENCE('223','j5_grub','',#5,#18640,$);
#18754 = PRODUCT_RELATED_PRODUCT_CATEGORY('part',$,(#18642));
#18755 = MECHANICAL_DESIGN_GEOMETRIC_PRESENTATION_REPRESENTATION('',(
    #18756),#16360);
#18756 = STYLED_ITEM('color',(#18757),#12372);
#18757 = PRESENTATION_STYLE_ASSIGNMENT((#18758));
#18758 = SURFACE_STYLE_USAGE(.BOTH.,#18759);
#18759 = SURFACE_SIDE_STYLE('',(#18760));
#18760 = SURFACE_STYLE_FILL_AREA(#18761);
#18761 = FILL_AREA_STYLE('',(#18762));
#18762 = FILL_AREA_STYLE_COLOUR('',#18763);
#18763 = COLOUR_RGB('',9.999999991362E-02,9.999999991362E-02,
  9.999999991362E-02);
#18764 = MECHANICAL_DESIGN_GEOMETRIC_PRESENTATION_REPRESENTATION('',(
    #18765),#18219);
#18765 = STYLED_ITEM('color',(#18766),#18037);
#18766 = PRESENTATION_STYLE_ASSIGNMENT((#18767));
#18767 = SURFACE_STYLE_USAGE(.BOTH.,#18768);
#18768 = SURFACE_SIDE_STYLE('',(#18769));
#18769 = SURFACE_STYLE_FILL_AREA(#18770);
#18770 = FILL_AREA_STYLE('',(#18771));
#18771 = FILL_AREA_STYLE_COLOUR('',#18772);
#18772 = COLOUR_RGB('',0.800000010877,0.599999994755,0.199999998682);
#18773 = MECHANICAL_DESIGN_GEOMETRIC_PRESENTATION_REPRESENTATION('',(
    #18774),#16980);
#18774 = STYLED_ITEM('color',(#18775),#16792);
#18775 = PRESENTATION_STYLE_ASSIGNMENT((#18776));
#18776 = SURFACE_STYLE_USAGE(.BOTH.,#18777);
#18777 = SURFACE_SIDE_STYLE('',(#18778));
#18778 = SURFACE_STYLE_FILL_AREA(#18779);
#18779 = FILL_AREA_STYLE('',(#18780));
#18780 = FILL_AREA_STYLE_COLOUR('',#18781);
#18781 = COLOUR_RGB('',0.649999988539,0.649999988539,0.700000005816);
#18782 = MECHANICAL_DESIGN_GEOMETRIC_PRESENTATION_REPRESENTATION('',(
    #18783),#17610);
#18783 = STYLED_ITEM('color',(#18784),#17422);
#18784 = PRESENTATION_STYLE_ASSIGNMENT((#18785));
#18785 = SURFACE_STYLE_USAGE(.BOTH.,#18786);
#18786 = SURFACE_SIDE_STYLE('',(#18787));
#18787 = SURFACE_STYLE_FILL_AREA(#18788);
#18788 = FILL_AREA_STYLE('',(#18789));
#18789 = FILL_AREA_STYLE_COLOUR('',#18781);
#18790 = MECHANICAL_DESIGN_GEOMETRIC_PRESENTATION_REPRESENTATION('',(
    #18791),#12353);
#18791 = STYLED_ITEM('color',(#18792),#12171);
#18792 = PRESENTATION_STYLE_ASSIGNMENT((#18793));
#18793 = SURFACE_STYLE_USAGE(.BOTH.,#18794);
#18794 = SURFACE_SIDE_STYLE('',(#18795));
#18795 = SURFACE_STYLE_FILL_AREA(#18796);
#18796 = FILL_AREA_STYLE('',(#18797));
#18797 = FILL_AREA_STYLE_COLOUR('',#18798);
#18798 = COLOUR_RGB('',0.750000000934,0.199999998682,0.149999997808);
#18799 = MECHANICAL_DESIGN_GEOMETRIC_PRESENTATION_REPRESENTATION('',(
    #18800),#17202);
#18800 = STYLED_ITEM('color',(#18801),#17014);
#18801 = PRESENTATION_STYLE_ASSIGNMENT((#18802));
#18802 = SURFACE_STYLE_USAGE(.BOTH.,#18803);
#18803 = SURFACE_SIDE_STYLE('',(#18804));
#18804 = SURFACE_STYLE_FILL_AREA(#18805);
#18805 = FILL_AREA_STYLE('',(#18806));
#18806 = FILL_AREA_STYLE_COLOUR('',#18781);
#18807 = MECHANICAL_DESIGN_GEOMETRIC_PRESENTATION_REPRESENTATION('',(
    #18808),#10198);
#18808 = STYLED_ITEM('color',(#18809),#1137);
#18809 = PRESENTATION_STYLE_ASSIGNMENT((#18810));
#18810 = SURFACE_STYLE_USAGE(.BOTH.,#18811);
#18811 = SURFACE_SIDE_STYLE('',(#18812));
#18812 = SURFACE_STYLE_FILL_AREA(#18813);
#18813 = FILL_AREA_STYLE('',(#18814));
#18814 = FILL_AREA_STYLE_COLOUR('',#18815);
#18815 = COLOUR_RGB('',0.149999997808,0.399999997426,0.750000000934);
#18816 = MECHANICAL_DESIGN_GEOMETRIC_PRESENTATION_REPRESENTATION('',(
    #18817),#18426);
#18817 = STYLED_ITEM('color',(#18818),#18238);
#18818 = PRESENTATION_STYLE_ASSIGNMENT((#18819));
#18819 = SURFACE_STYLE_USAGE(.BOTH.,#18820);
#18820 = SURFACE_SIDE_STYLE('',(#18821));
#18821 = SURFACE_STYLE_FILL_AREA(#18822);
#18822 = FILL_AREA_STYLE('',(#18823));
#18823 = FILL_AREA_STYLE_COLOUR('',#18781);
#18824 = MECHANICAL_DESIGN_GEOMETRIC_PRESENTATION_REPRESENTATION('',(
    #18825),#16567);
#18825 = STYLED_ITEM('color',(#18826),#16379);
#18826 = PRESENTATION_STYLE_ASSIGNMENT((#18827));
#18827 = SURFACE_STYLE_USAGE(.BOTH.,#18828);
#18828 = SURFACE_SIDE_STYLE('',(#18829));
#18829 = SURFACE_STYLE_FILL_AREA(#18830);
#18830 = FILL_AREA_STYLE('',(#18831));
#18831 = FILL_AREA_STYLE_COLOUR('',#18781);
#18832 = MECHANICAL_DESIGN_GEOMETRIC_PRESENTATION_REPRESENTATION('',(
    #18833),#17811);
#18833 = STYLED_ITEM('color',(#18834),#17629);
#18834 = PRESENTATION_STYLE_ASSIGNMENT((#18835));
#18835 = SURFACE_STYLE_USAGE(.BOTH.,#18836);
#18836 = SURFACE_SIDE_STYLE('',(#18837));
#18837 = SURFACE_STYLE_FILL_AREA(#18838);
#18838 = FILL_AREA_STYLE('',(#18839));
#18839 = FILL_AREA_STYLE_COLOUR('',#18772);
#18840 = MECHANICAL_DESIGN_GEOMETRIC_PRESENTATION_REPRESENTATION('',(
    #18841),#1118);
#18841 = STYLED_ITEM('color',(#18842),#117);
#18842 = PRESENTATION_STYLE_ASSIGNMENT((#18843));
#18843 = SURFACE_STYLE_USAGE(.BOTH.,#18844);
#18844 = SURFACE_SIDE_STYLE('',(#18845));
#18845 = SURFACE_STYLE_FILL_AREA(#18846);
#18846 = FILL_AREA_STYLE('',(#18847));
#18847 = FILL_AREA_STYLE_COLOUR('',#18798);
#18848 = MECHANICAL_DESIGN_GEOMETRIC_PRESENTATION_REPRESENTATION('',(
    #18849),#11951);
#18849 = STYLED_ITEM('color',(#18850),#10217);
#18850 = PRESENTATION_STYLE_ASSIGNMENT((#18851));
#18851 = SURFACE_STYLE_USAGE(.BOTH.,#18852);
#18852 = SURFACE_SIDE_STYLE('',(#18853));
#18853 = SURFACE_STYLE_FILL_AREA(#18854);
#18854 = FILL_AREA_STYLE('',(#18855));
#18855 = FILL_AREA_STYLE_COLOUR('',#18815);
#18856 = MECHANICAL_DESIGN_GEOMETRIC_PRESENTATION_REPRESENTATION('',(
    #18857),#16773);
#18857 = STYLED_ITEM('color',(#18858),#16591);
#18858 = PRESENTATION_STYLE_ASSIGNMENT((#18859));
#18859 = SURFACE_STYLE_USAGE(.BOTH.,#18860);
#18860 = SURFACE_SIDE_STYLE('',(#18861));
#18861 = SURFACE_STYLE_FILL_AREA(#18862);
#18862 = FILL_AREA_STYLE('',(#18863));
#18863 = FILL_AREA_STYLE_COLOUR('',#18781);
#18864 = MECHANICAL_DESIGN_GEOMETRIC_PRESENTATION_REPRESENTATION('',(
    #18865),#18018);
#18865 = STYLED_ITEM('color',(#18866),#17830);
#18866 = PRESENTATION_STYLE_ASSIGNMENT((#18867));
#18867 = SURFACE_STYLE_USAGE(.BOTH.,#18868);
#18868 = SURFACE_SIDE_STYLE('',(#18869));
#18869 = SURFACE_STYLE_FILL_AREA(#18870);
#18870 = FILL_AREA_STYLE('',(#18871));
#18871 = FILL_AREA_STYLE_COLOUR('',#18781);
#18872 = MECHANICAL_DESIGN_GEOMETRIC_PRESENTATION_REPRESENTATION('',(
    #18873),#18627);
#18873 = STYLED_ITEM('color',(#18874),#18445);
#18874 = PRESENTATION_STYLE_ASSIGNMENT((#18875));
#18875 = SURFACE_STYLE_USAGE(.BOTH.,#18876);
#18876 = SURFACE_SIDE_STYLE('',(#18877));
#18877 = SURFACE_STYLE_FILL_AREA(#18878);
#18878 = FILL_AREA_STYLE('',(#18879));
#18879 = FILL_AREA_STYLE_COLOUR('',#18772);
#18880 = MECHANICAL_DESIGN_GEOMETRIC_PRESENTATION_REPRESENTATION('',(
    #18881),#18744);
#18881 = STYLED_ITEM('color',(#18882),#18646);
#18882 = PRESENTATION_STYLE_ASSIGNMENT((#18883));
#18883 = SURFACE_STYLE_USAGE(.BOTH.,#18884);
#18884 = SURFACE_SIDE_STYLE('',(#18885));
#18885 = SURFACE_STYLE_FILL_AREA(#18886);
#18886 = FILL_AREA_STYLE('',(#18887));
#18887 = FILL_AREA_STYLE_COLOUR('',#18781);
#18888 = MECHANICAL_DESIGN_GEOMETRIC_PRESENTATION_REPRESENTATION('',(
    #18889),#17403);
#18889 = STYLED_ITEM('color',(#18890),#17221);
#18890 = PRESENTATION_STYLE_ASSIGNMENT((#18891));
#18891 = SURFACE_STYLE_USAGE(.BOTH.,#18892);
#18892 = SURFACE_SIDE_STYLE('',(#18893));
#18893 = SURFACE_STYLE_FILL_AREA(#18894);
#18894 = FILL_AREA_STYLE('',(#18895));
#18895 = FILL_AREA_STYLE_COLOUR('',#18772);
#18896 = MECHANICAL_DESIGN_GEOMETRIC_PRESENTATION_REPRESENTATION('',(
    #18897),#12152);
#18897 = STYLED_ITEM('color',(#18898),#11970);
#18898 = PRESENTATION_STYLE_ASSIGNMENT((#18899));
#18899 = SURFACE_STYLE_USAGE(.BOTH.,#18900);
#18900 = SURFACE_SIDE_STYLE('',(#18901));
#18901 = SURFACE_STYLE_FILL_AREA(#18902);
#18902 = FILL_AREA_STYLE('',(#18903));
#18903 = FILL_AREA_STYLE_COLOUR('',#18798);
ENDSEC;
END-ISO-10303-21;
