ISO-10303-21;
HEADER;
FILE_DESCRIPTION(('Open CASCADE Model'),'2;1');
FILE_NAME('Open CASCADE Shape Model','2026-08-14T11:09:02',('Author'),(
    'Open CASCADE'),'Open CASCADE STEP processor 7.9','Open CASCADE 7.9'
  ,'Unknown');
FILE_SCHEMA(('AUTOMOTIVE_DESIGN { 1 0 10303 214 1 1 1 1 }'));
ENDSEC;
DATA;
#1 = APPLICATION_PROTOCOL_DEFINITION('international standard',
  'automotive_design',2000,#2);
#2 = APPLICATION_CONTEXT(
  'core data for automotive mechanical design processes');
#3 = SHAPE_DEFINITION_REPRESENTATION(#4,#10);
#4 = PRODUCT_DEFINITION_SHAPE('','',#5);
#5 = PRODUCT_DEFINITION('design','',#6,#9);
#6 = PRODUCT_DEFINITION_FORMATION('','',#7);
#7 = PRODUCT('Open CASCADE STEP translator 7.9 1',
  'Open CASCADE STEP translator 7.9 1','',(#8));
#8 = PRODUCT_CONTEXT('',#2,'mechanical');
#9 = PRODUCT_DEFINITION_CONTEXT('part definition',#2,'design');
#10 = ADVANCED_BREP_SHAPE_REPRESENTATION('',(#11,#15),#3313);
#11 = AXIS2_PLACEMENT_3D('',#12,#13,#14);
#12 = CARTESIAN_POINT('',(0.,0.,0.));
#13 = DIRECTION('',(0.,0.,1.));
#14 = DIRECTION('',(1.,0.,-0.));
#15 = MANIFOLD_SOLID_BREP('',#16);
#16 = CLOSED_SHELL('',(#17,#401,#678,#796,#914,#1148,#1377,#1495,#1613,
    #1782,#1832,#1882,#1932,#1982,#1988,#2043,#2097,#2130,#2136,#2191,
    #2527,#2574,#2580,#2635,#2682,#2729,#2735,#2790,#2837,#2869,#2919,
    #2967,#3014,#3042,#3075,#3111,#3213,#3220,#3248,#3256,#3281,#3306));
#17 = ADVANCED_FACE('',(#18,#261,#296,#331,#366),#32,.F.);
#18 = FACE_BOUND('',#19,.F.);
#19 = EDGE_LOOP('',(#20,#55,#84,#112,#145,#173,#202,#230));
#20 = ORIENTED_EDGE('',*,*,#21,.F.);
#21 = EDGE_CURVE('',#22,#24,#26,.T.);
#22 = VERTEX_POINT('',#23);
#23 = CARTESIAN_POINT('',(-31.,-26.,23.));
#24 = VERTEX_POINT('',#25);
#25 = CARTESIAN_POINT('',(-31.,-26.,-23.));
#26 = SURFACE_CURVE('',#27,(#31,#43),.PCURVE_S1.);
#27 = LINE('',#28,#29);
#28 = CARTESIAN_POINT('',(-31.,-26.,23.));
#29 = VECTOR('',#30,1.);
#30 = DIRECTION('',(0.,0.,-1.));
#31 = PCURVE('',#32,#37);
#32 = PLANE('',#33);
#33 = AXIS2_PLACEMENT_3D('',#34,#35,#36);
#34 = CARTESIAN_POINT('',(-31.,-26.,-27.));
#35 = DIRECTION('',(0.,1.,0.));
#36 = DIRECTION('',(1.,0.,0.));
#37 = DEFINITIONAL_REPRESENTATION('',(#38),#42);
#38 = LINE('',#39,#40);
#39 = CARTESIAN_POINT('',(0.,-50.));
#40 = VECTOR('',#41,1.);
#41 = DIRECTION('',(0.,1.));
#42 = ( GEOMETRIC_REPRESENTATION_CONTEXT(2) 
PARAMETRIC_REPRESENTATION_CONTEXT() REPRESENTATION_CONTEXT('2D SPACE',''
  ) );
#43 = PCURVE('',#44,#49);
#44 = PLANE('',#45);
#45 = AXIS2_PLACEMENT_3D('',#46,#47,#48);
#46 = CARTESIAN_POINT('',(-31.,-26.,-27.));
#47 = DIRECTION('',(1.,0.,0.));
#48 = DIRECTION('',(0.,1.,0.));
#49 = DEFINITIONAL_REPRESENTATION('',(#50),#54);
#50 = LINE('',#51,#52);
#51 = CARTESIAN_POINT('',(0.,50.));
#52 = VECTOR('',#53,1.);
#53 = DIRECTION('',(0.,-1.));
#54 = ( GEOMETRIC_REPRESENTATION_CONTEXT(2) 
PARAMETRIC_REPRESENTATION_CONTEXT() REPRESENTATION_CONTEXT('2D SPACE',''
  ) );
#55 = ORIENTED_EDGE('',*,*,#56,.T.);
#56 = EDGE_CURVE('',#22,#57,#59,.T.);
#57 = VERTEX_POINT('',#58);
#58 = CARTESIAN_POINT('',(-27.,-26.,27.));
#59 = SURFACE_CURVE('',#60,(#65,#72),.PCURVE_S1.);
#60 = CIRCLE('',#61,4.);
#61 = AXIS2_PLACEMENT_3D('',#62,#63,#64);
#62 = CARTESIAN_POINT('',(-27.,-26.,23.));
#63 = DIRECTION('',(0.,1.,0.));
#64 = DIRECTION('',(0.,-0.,1.));
#65 = PCURVE('',#32,#66);
#66 = DEFINITIONAL_REPRESENTATION('',(#67),#71);
#67 = CIRCLE('',#68,4.);
#68 = AXIS2_PLACEMENT_2D('',#69,#70);
#69 = CARTESIAN_POINT('',(4.,-50.));
#70 = DIRECTION('',(0.,-1.));
#71 = ( GEOMETRIC_REPRESENTATION_CONTEXT(2) 
PARAMETRIC_REPRESENTATION_CONTEXT() REPRESENTATION_CONTEXT('2D SPACE',''
  ) );
#72 = PCURVE('',#73,#78);
#73 = CYLINDRICAL_SURFACE('',#74,4.);
#74 = AXIS2_PLACEMENT_3D('',#75,#76,#77);
#75 = CARTESIAN_POINT('',(-27.,-26.,23.));
#76 = DIRECTION('',(0.,1.,0.));
#77 = DIRECTION('',(-1.,0.,0.));
#78 = DEFINITIONAL_REPRESENTATION('',(#79),#83);
#79 = LINE('',#80,#81);
#80 = CARTESIAN_POINT('',(-4.712388980385,0.));
#81 = VECTOR('',#82,1.);
#82 = DIRECTION('',(1.,0.));
#83 = ( GEOMETRIC_REPRESENTATION_CONTEXT(2) 
PARAMETRIC_REPRESENTATION_CONTEXT() REPRESENTATION_CONTEXT('2D SPACE',''
  ) );
#84 = ORIENTED_EDGE('',*,*,#85,.T.);
#85 = EDGE_CURVE('',#57,#86,#88,.T.);
#86 = VERTEX_POINT('',#87);
#87 = CARTESIAN_POINT('',(27.,-26.,27.));
#88 = SURFACE_CURVE('',#89,(#93,#100),.PCURVE_S1.);
#89 = LINE('',#90,#91);
#90 = CARTESIAN_POINT('',(-31.,-26.,27.));
#91 = VECTOR('',#92,1.);
#92 = DIRECTION('',(1.,0.,0.));
#93 = PCURVE('',#32,#94);
#94 = DEFINITIONAL_REPRESENTATION('',(#95),#99);
#95 = LINE('',#96,#97);
#96 = CARTESIAN_POINT('',(0.,-54.));
#97 = VECTOR('',#98,1.);
#98 = DIRECTION('',(1.,0.));
#99 = ( GEOMETRIC_REPRESENTATION_CONTEXT(2) 
PARAMETRIC_REPRESENTATION_CONTEXT() REPRESENTATION_CONTEXT('2D SPACE',''
  ) );
#100 = PCURVE('',#101,#106);
#101 = PLANE('',#102);
#102 = AXIS2_PLACEMENT_3D('',#103,#104,#105);
#103 = CARTESIAN_POINT('',(-31.,-26.,27.));
#104 = DIRECTION('',(0.,0.,1.));
#105 = DIRECTION('',(1.,0.,0.));
#106 = DEFINITIONAL_REPRESENTATION('',(#107),#111);
#107 = LINE('',#108,#109);
#108 = CARTESIAN_POINT('',(0.,0.));
#109 = VECTOR('',#110,1.);
#110 = DIRECTION('',(1.,0.));
#111 = ( GEOMETRIC_REPRESENTATION_CONTEXT(2) 
PARAMETRIC_REPRESENTATION_CONTEXT() REPRESENTATION_CONTEXT('2D SPACE',''
  ) );
#112 = ORIENTED_EDGE('',*,*,#113,.F.);
#113 = EDGE_CURVE('',#114,#86,#116,.T.);
#114 = VERTEX_POINT('',#115);
#115 = CARTESIAN_POINT('',(31.,-26.,23.));
#116 = SURFACE_CURVE('',#117,(#122,#133),.PCURVE_S1.);
#117 = CIRCLE('',#118,4.);
#118 = AXIS2_PLACEMENT_3D('',#119,#120,#121);
#119 = CARTESIAN_POINT('',(27.,-26.,23.));
#120 = DIRECTION('',(-0.,-1.,0.));
#121 = DIRECTION('',(0.,-0.,1.));
#122 = PCURVE('',#32,#123);
#123 = DEFINITIONAL_REPRESENTATION('',(#124),#132);
#124 = ( BOUNDED_CURVE() B_SPLINE_CURVE(2,(#125,#126,#127,#128,#129,#130
,#131),.UNSPECIFIED.,.T.,.F.) B_SPLINE_CURVE_WITH_KNOTS((1,2,2,2,2,1),(
    -2.094395102393,0.,2.094395102393,4.188790204786,6.28318530718,
8.377580409573),.UNSPECIFIED.) CURVE() GEOMETRIC_REPRESENTATION_ITEM() 
RATIONAL_B_SPLINE_CURVE((1.,0.5,1.,0.5,1.,0.5,1.)) REPRESENTATION_ITEM(
  '') );
#125 = CARTESIAN_POINT('',(58.,-54.));
#126 = CARTESIAN_POINT('',(51.071796769724,-54.));
#127 = CARTESIAN_POINT('',(54.535898384862,-48.));
#128 = CARTESIAN_POINT('',(58.,-42.));
#129 = CARTESIAN_POINT('',(61.464101615138,-48.));
#130 = CARTESIAN_POINT('',(64.928203230276,-54.));
#131 = CARTESIAN_POINT('',(58.,-54.));
#132 = ( GEOMETRIC_REPRESENTATION_CONTEXT(2) 
PARAMETRIC_REPRESENTATION_CONTEXT() REPRESENTATION_CONTEXT('2D SPACE',''
  ) );
#133 = PCURVE('',#134,#139);
#134 = CYLINDRICAL_SURFACE('',#135,4.);
#135 = AXIS2_PLACEMENT_3D('',#136,#137,#138);
#136 = CARTESIAN_POINT('',(27.,-26.,23.));
#137 = DIRECTION('',(0.,1.,0.));
#138 = DIRECTION('',(1.,0.,-0.));
#139 = DEFINITIONAL_REPRESENTATION('',(#140),#144);
#140 = LINE('',#141,#142);
#141 = CARTESIAN_POINT('',(4.712388980385,-0.));
#142 = VECTOR('',#143,1.);
#143 = DIRECTION('',(-1.,0.));
#144 = ( GEOMETRIC_REPRESENTATION_CONTEXT(2) 
PARAMETRIC_REPRESENTATION_CONTEXT() REPRESENTATION_CONTEXT('2D SPACE',''
  ) );
#145 = ORIENTED_EDGE('',*,*,#146,.F.);
#146 = EDGE_CURVE('',#147,#114,#149,.T.);
#147 = VERTEX_POINT('',#148);
#148 = CARTESIAN_POINT('',(31.,-26.,-23.));
#149 = SURFACE_CURVE('',#150,(#154,#161),.PCURVE_S1.);
#150 = LINE('',#151,#152);
#151 = CARTESIAN_POINT('',(31.,-26.,-23.));
#152 = VECTOR('',#153,1.);
#153 = DIRECTION('',(0.,0.,1.));
#154 = PCURVE('',#32,#155);
#155 = DEFINITIONAL_REPRESENTATION('',(#156),#160);
#156 = LINE('',#157,#158);
#157 = CARTESIAN_POINT('',(62.,-4.));
#158 = VECTOR('',#159,1.);
#159 = DIRECTION('',(0.,-1.));
#160 = ( GEOMETRIC_REPRESENTATION_CONTEXT(2) 
PARAMETRIC_REPRESENTATION_CONTEXT() REPRESENTATION_CONTEXT('2D SPACE',''
  ) );
#161 = PCURVE('',#162,#167);
#162 = PLANE('',#163);
#163 = AXIS2_PLACEMENT_3D('',#164,#165,#166);
#164 = CARTESIAN_POINT('',(31.,-26.,-27.));
#165 = DIRECTION('',(1.,0.,0.));
#166 = DIRECTION('',(0.,0.,1.));
#167 = DEFINITIONAL_REPRESENTATION('',(#168),#172);
#168 = LINE('',#169,#170);
#169 = CARTESIAN_POINT('',(4.,0.));
#170 = VECTOR('',#171,1.);
#171 = DIRECTION('',(1.,0.));
#172 = ( GEOMETRIC_REPRESENTATION_CONTEXT(2) 
PARAMETRIC_REPRESENTATION_CONTEXT() REPRESENTATION_CONTEXT('2D SPACE',''
  ) );
#173 = ORIENTED_EDGE('',*,*,#174,.T.);
#174 = EDGE_CURVE('',#147,#175,#177,.T.);
#175 = VERTEX_POINT('',#176);
#176 = CARTESIAN_POINT('',(27.,-26.,-27.));
#177 = SURFACE_CURVE('',#178,(#183,#190),.PCURVE_S1.);
#178 = CIRCLE('',#179,4.);
#179 = AXIS2_PLACEMENT_3D('',#180,#181,#182);
#180 = CARTESIAN_POINT('',(27.,-26.,-23.));
#181 = DIRECTION('',(0.,1.,0.));
#182 = DIRECTION('',(0.,-0.,1.));
#183 = PCURVE('',#32,#184);
#184 = DEFINITIONAL_REPRESENTATION('',(#185),#189);
#185 = CIRCLE('',#186,4.);
#186 = AXIS2_PLACEMENT_2D('',#187,#188);
#187 = CARTESIAN_POINT('',(58.,-4.));
#188 = DIRECTION('',(0.,-1.));
#189 = ( GEOMETRIC_REPRESENTATION_CONTEXT(2) 
PARAMETRIC_REPRESENTATION_CONTEXT() REPRESENTATION_CONTEXT('2D SPACE',''
  ) );
#190 = PCURVE('',#191,#196);
#191 = CYLINDRICAL_SURFACE('',#192,4.);
#192 = AXIS2_PLACEMENT_3D('',#193,#194,#195);
#193 = CARTESIAN_POINT('',(27.,-26.,-23.));
#194 = DIRECTION('',(0.,1.,0.));
#195 = DIRECTION('',(1.,0.,-0.));
#196 = DEFINITIONAL_REPRESENTATION('',(#197),#201);
#197 = LINE('',#198,#199);
#198 = CARTESIAN_POINT('',(-1.570796326795,0.));
#199 = VECTOR('',#200,1.);
#200 = DIRECTION('',(1.,0.));
#201 = ( GEOMETRIC_REPRESENTATION_CONTEXT(2) 
PARAMETRIC_REPRESENTATION_CONTEXT() REPRESENTATION_CONTEXT('2D SPACE',''
  ) );
#202 = ORIENTED_EDGE('',*,*,#203,.F.);
#203 = EDGE_CURVE('',#204,#175,#206,.T.);
#204 = VERTEX_POINT('',#205);
#205 = CARTESIAN_POINT('',(-27.,-26.,-27.));
#206 = SURFACE_CURVE('',#207,(#211,#218),.PCURVE_S1.);
#207 = LINE('',#208,#209);
#208 = CARTESIAN_POINT('',(-31.,-26.,-27.));
#209 = VECTOR('',#210,1.);
#210 = DIRECTION('',(1.,0.,0.));
#211 = PCURVE('',#32,#212);
#212 = DEFINITIONAL_REPRESENTATION('',(#213),#217);
#213 = LINE('',#214,#215);
#214 = CARTESIAN_POINT('',(0.,0.));
#215 = VECTOR('',#216,1.);
#216 = DIRECTION('',(1.,0.));
#217 = ( GEOMETRIC_REPRESENTATION_CONTEXT(2) 
PARAMETRIC_REPRESENTATION_CONTEXT() REPRESENTATION_CONTEXT('2D SPACE',''
  ) );
#218 = PCURVE('',#219,#224);
#219 = PLANE('',#220);
#220 = AXIS2_PLACEMENT_3D('',#221,#222,#223);
#221 = CARTESIAN_POINT('',(-31.,-26.,-27.));
#222 = DIRECTION('',(0.,0.,1.));
#223 = DIRECTION('',(1.,0.,0.));
#224 = DEFINITIONAL_REPRESENTATION('',(#225),#229);
#225 = LINE('',#226,#227);
#226 = CARTESIAN_POINT('',(0.,0.));
#227 = VECTOR('',#228,1.);
#228 = DIRECTION('',(1.,0.));
#229 = ( GEOMETRIC_REPRESENTATION_CONTEXT(2) 
PARAMETRIC_REPRESENTATION_CONTEXT() REPRESENTATION_CONTEXT('2D SPACE',''
  ) );
#230 = ORIENTED_EDGE('',*,*,#231,.F.);
#231 = EDGE_CURVE('',#24,#204,#232,.T.);
#232 = SURFACE_CURVE('',#233,(#238,#249),.PCURVE_S1.);
#233 = CIRCLE('',#234,4.);
#234 = AXIS2_PLACEMENT_3D('',#235,#236,#237);
#235 = CARTESIAN_POINT('',(-27.,-26.,-23.));
#236 = DIRECTION('',(-0.,-1.,0.));
#237 = DIRECTION('',(0.,-0.,1.));
#238 = PCURVE('',#32,#239);
#239 = DEFINITIONAL_REPRESENTATION('',(#240),#248);
#240 = ( BOUNDED_CURVE() B_SPLINE_CURVE(2,(#241,#242,#243,#244,#245,#246
,#247),.UNSPECIFIED.,.T.,.F.) B_SPLINE_CURVE_WITH_KNOTS((1,2,2,2,2,1),(
    -2.094395102393,0.,2.094395102393,4.188790204786,6.28318530718,
8.377580409573),.UNSPECIFIED.) CURVE() GEOMETRIC_REPRESENTATION_ITEM() 
RATIONAL_B_SPLINE_CURVE((1.,0.5,1.,0.5,1.,0.5,1.)) REPRESENTATION_ITEM(
  '') );
#241 = CARTESIAN_POINT('',(4.,-8.));
#242 = CARTESIAN_POINT('',(-2.928203230276,-8.));
#243 = CARTESIAN_POINT('',(0.535898384862,-2.));
#244 = CARTESIAN_POINT('',(4.,4.));
#245 = CARTESIAN_POINT('',(7.464101615138,-2.));
#246 = CARTESIAN_POINT('',(10.928203230276,-8.));
#247 = CARTESIAN_POINT('',(4.,-8.));
#248 = ( GEOMETRIC_REPRESENTATION_CONTEXT(2) 
PARAMETRIC_REPRESENTATION_CONTEXT() REPRESENTATION_CONTEXT('2D SPACE',''
  ) );
#249 = PCURVE('',#250,#255);
#250 = CYLINDRICAL_SURFACE('',#251,4.);
#251 = AXIS2_PLACEMENT_3D('',#252,#253,#254);
#252 = CARTESIAN_POINT('',(-27.,-26.,-23.));
#253 = DIRECTION('',(0.,1.,0.));
#254 = DIRECTION('',(-1.,0.,0.));
#255 = DEFINITIONAL_REPRESENTATION('',(#256),#260);
#256 = LINE('',#257,#258);
#257 = CARTESIAN_POINT('',(1.570796326795,-0.));
#258 = VECTOR('',#259,1.);
#259 = DIRECTION('',(-1.,0.));
#260 = ( GEOMETRIC_REPRESENTATION_CONTEXT(2) 
PARAMETRIC_REPRESENTATION_CONTEXT() REPRESENTATION_CONTEXT('2D SPACE',''
  ) );
#261 = FACE_BOUND('',#262,.F.);
#262 = EDGE_LOOP('',(#263));
#263 = ORIENTED_EDGE('',*,*,#264,.T.);
#264 = EDGE_CURVE('',#265,#265,#267,.T.);
#265 = VERTEX_POINT('',#266);
#266 = CARTESIAN_POINT('',(-7.95,-26.,13.5));
#267 = SURFACE_CURVE('',#268,(#273,#284),.PCURVE_S1.);
#268 = CIRCLE('',#269,2.05);
#269 = AXIS2_PLACEMENT_3D('',#270,#271,#272);
#270 = CARTESIAN_POINT('',(-10.,-26.,13.5));
#271 = DIRECTION('',(0.,-1.,0.));
#272 = DIRECTION('',(1.,0.,0.));
#273 = PCURVE('',#32,#274);
#274 = DEFINITIONAL_REPRESENTATION('',(#275),#283);
#275 = ( BOUNDED_CURVE() B_SPLINE_CURVE(2,(#276,#277,#278,#279,#280,#281
,#282),.UNSPECIFIED.,.T.,.F.) B_SPLINE_CURVE_WITH_KNOTS((1,2,2,2,2,1),(
    -2.094395102393,0.,2.094395102393,4.188790204786,6.28318530718,
8.377580409573),.UNSPECIFIED.) CURVE() GEOMETRIC_REPRESENTATION_ITEM() 
RATIONAL_B_SPLINE_CURVE((1.,0.5,1.,0.5,1.,0.5,1.)) REPRESENTATION_ITEM(
  '') );
#276 = CARTESIAN_POINT('',(23.05,-40.5));
#277 = CARTESIAN_POINT('',(23.05,-44.05070415551));
#278 = CARTESIAN_POINT('',(19.975,-42.27535207775));
#279 = CARTESIAN_POINT('',(16.9,-40.5));
#280 = CARTESIAN_POINT('',(19.975,-38.72464792224));
#281 = CARTESIAN_POINT('',(23.05,-36.94929584448));
#282 = CARTESIAN_POINT('',(23.05,-40.5));
#283 = ( GEOMETRIC_REPRESENTATION_CONTEXT(2) 
PARAMETRIC_REPRESENTATION_CONTEXT() REPRESENTATION_CONTEXT('2D SPACE',''
  ) );
#284 = PCURVE('',#285,#290);
#285 = CYLINDRICAL_SURFACE('',#286,2.05);
#286 = AXIS2_PLACEMENT_3D('',#287,#288,#289);
#287 = CARTESIAN_POINT('',(-10.,-19.5,13.5));
#288 = DIRECTION('',(-0.,1.,-0.));
#289 = DIRECTION('',(1.,0.,0.));
#290 = DEFINITIONAL_REPRESENTATION('',(#291),#295);
#291 = LINE('',#292,#293);
#292 = CARTESIAN_POINT('',(-0.,-6.5));
#293 = VECTOR('',#294,1.);
#294 = DIRECTION('',(-1.,0.));
#295 = ( GEOMETRIC_REPRESENTATION_CONTEXT(2) 
PARAMETRIC_REPRESENTATION_CONTEXT() REPRESENTATION_CONTEXT('2D SPACE',''
  ) );
#296 = FACE_BOUND('',#297,.F.);
#297 = EDGE_LOOP('',(#298));
#298 = ORIENTED_EDGE('',*,*,#299,.T.);
#299 = EDGE_CURVE('',#300,#300,#302,.T.);
#300 = VERTEX_POINT('',#301);
#301 = CARTESIAN_POINT('',(12.05,-26.,13.5));
#302 = SURFACE_CURVE('',#303,(#308,#319),.PCURVE_S1.);
#303 = CIRCLE('',#304,2.05);
#304 = AXIS2_PLACEMENT_3D('',#305,#306,#307);
#305 = CARTESIAN_POINT('',(10.,-26.,13.5));
#306 = DIRECTION('',(0.,-1.,0.));
#307 = DIRECTION('',(1.,0.,0.));
#308 = PCURVE('',#32,#309);
#309 = DEFINITIONAL_REPRESENTATION('',(#310),#318);
#310 = ( BOUNDED_CURVE() B_SPLINE_CURVE(2,(#311,#312,#313,#314,#315,#316
,#317),.UNSPECIFIED.,.T.,.F.) B_SPLINE_CURVE_WITH_KNOTS((1,2,2,2,2,1),(
    -2.094395102393,0.,2.094395102393,4.188790204786,6.28318530718,
8.377580409573),.UNSPECIFIED.) CURVE() GEOMETRIC_REPRESENTATION_ITEM() 
RATIONAL_B_SPLINE_CURVE((1.,0.5,1.,0.5,1.,0.5,1.)) REPRESENTATION_ITEM(
  '') );
#311 = CARTESIAN_POINT('',(43.05,-40.5));
#312 = CARTESIAN_POINT('',(43.05,-44.05070415551));
#313 = CARTESIAN_POINT('',(39.975,-42.27535207775));
#314 = CARTESIAN_POINT('',(36.9,-40.5));
#315 = CARTESIAN_POINT('',(39.975,-38.72464792224));
#316 = CARTESIAN_POINT('',(43.05,-36.94929584448));
#317 = CARTESIAN_POINT('',(43.05,-40.5));
#318 = ( GEOMETRIC_REPRESENTATION_CONTEXT(2) 
PARAMETRIC_REPRESENTATION_CONTEXT() REPRESENTATION_CONTEXT('2D SPACE',''
  ) );
#319 = PCURVE('',#320,#325);
#320 = CYLINDRICAL_SURFACE('',#321,2.05);
#321 = AXIS2_PLACEMENT_3D('',#322,#323,#324);
#322 = CARTESIAN_POINT('',(10.,-19.5,13.5));
#323 = DIRECTION('',(-0.,1.,-0.));
#324 = DIRECTION('',(1.,0.,0.));
#325 = DEFINITIONAL_REPRESENTATION('',(#326),#330);
#326 = LINE('',#327,#328);
#327 = CARTESIAN_POINT('',(-0.,-6.5));
#328 = VECTOR('',#329,1.);
#329 = DIRECTION('',(-1.,0.));
#330 = ( GEOMETRIC_REPRESENTATION_CONTEXT(2) 
PARAMETRIC_REPRESENTATION_CONTEXT() REPRESENTATION_CONTEXT('2D SPACE',''
  ) );
#331 = FACE_BOUND('',#332,.F.);
#332 = EDGE_LOOP('',(#333));
#333 = ORIENTED_EDGE('',*,*,#334,.T.);
#334 = EDGE_CURVE('',#335,#335,#337,.T.);
#335 = VERTEX_POINT('',#336);
#336 = CARTESIAN_POINT('',(-7.95,-26.,-13.5));
#337 = SURFACE_CURVE('',#338,(#343,#354),.PCURVE_S1.);
#338 = CIRCLE('',#339,2.05);
#339 = AXIS2_PLACEMENT_3D('',#340,#341,#342);
#340 = CARTESIAN_POINT('',(-10.,-26.,-13.5));
#341 = DIRECTION('',(0.,-1.,0.));
#342 = DIRECTION('',(1.,0.,0.));
#343 = PCURVE('',#32,#344);
#344 = DEFINITIONAL_REPRESENTATION('',(#345),#353);
#345 = ( BOUNDED_CURVE() B_SPLINE_CURVE(2,(#346,#347,#348,#349,#350,#351
,#352),.UNSPECIFIED.,.T.,.F.) B_SPLINE_CURVE_WITH_KNOTS((1,2,2,2,2,1),(
    -2.094395102393,0.,2.094395102393,4.188790204786,6.28318530718,
8.377580409573),.UNSPECIFIED.) CURVE() GEOMETRIC_REPRESENTATION_ITEM() 
RATIONAL_B_SPLINE_CURVE((1.,0.5,1.,0.5,1.,0.5,1.)) REPRESENTATION_ITEM(
  '') );
#346 = CARTESIAN_POINT('',(23.05,-13.5));
#347 = CARTESIAN_POINT('',(23.05,-17.05070415551));
#348 = CARTESIAN_POINT('',(19.975,-15.27535207775));
#349 = CARTESIAN_POINT('',(16.9,-13.5));
#350 = CARTESIAN_POINT('',(19.975,-11.72464792224));
#351 = CARTESIAN_POINT('',(23.05,-9.949295844484));
#352 = CARTESIAN_POINT('',(23.05,-13.5));
#353 = ( GEOMETRIC_REPRESENTATION_CONTEXT(2) 
PARAMETRIC_REPRESENTATION_CONTEXT() REPRESENTATION_CONTEXT('2D SPACE',''
  ) );
#354 = PCURVE('',#355,#360);
#355 = CYLINDRICAL_SURFACE('',#356,2.05);
#356 = AXIS2_PLACEMENT_3D('',#357,#358,#359);
#357 = CARTESIAN_POINT('',(-10.,-19.5,-13.5));
#358 = DIRECTION('',(-0.,1.,-0.));
#359 = DIRECTION('',(1.,0.,0.));
#360 = DEFINITIONAL_REPRESENTATION('',(#361),#365);
#361 = LINE('',#362,#363);
#362 = CARTESIAN_POINT('',(-0.,-6.5));
#363 = VECTOR('',#364,1.);
#364 = DIRECTION('',(-1.,0.));
#365 = ( GEOMETRIC_REPRESENTATION_CONTEXT(2) 
PARAMETRIC_REPRESENTATION_CONTEXT() REPRESENTATION_CONTEXT('2D SPACE',''
  ) );
#366 = FACE_BOUND('',#367,.F.);
#367 = EDGE_LOOP('',(#368));
#368 = ORIENTED_EDGE('',*,*,#369,.T.);
#369 = EDGE_CURVE('',#370,#370,#372,.T.);
#370 = VERTEX_POINT('',#371);
#371 = CARTESIAN_POINT('',(12.05,-26.,-13.5));
#372 = SURFACE_CURVE('',#373,(#378,#389),.PCURVE_S1.);
#373 = CIRCLE('',#374,2.05);
#374 = AXIS2_PLACEMENT_3D('',#375,#376,#377);
#375 = CARTESIAN_POINT('',(10.,-26.,-13.5));
#376 = DIRECTION('',(0.,-1.,0.));
#377 = DIRECTION('',(1.,0.,0.));
#378 = PCURVE('',#32,#379);
#379 = DEFINITIONAL_REPRESENTATION('',(#380),#388);
#380 = ( BOUNDED_CURVE() B_SPLINE_CURVE(2,(#381,#382,#383,#384,#385,#386
,#387),.UNSPECIFIED.,.T.,.F.) B_SPLINE_CURVE_WITH_KNOTS((1,2,2,2,2,1),(
    -2.094395102393,0.,2.094395102393,4.188790204786,6.28318530718,
8.377580409573),.UNSPECIFIED.) CURVE() GEOMETRIC_REPRESENTATION_ITEM() 
RATIONAL_B_SPLINE_CURVE((1.,0.5,1.,0.5,1.,0.5,1.)) REPRESENTATION_ITEM(
  '') );
#381 = CARTESIAN_POINT('',(43.05,-13.5));
#382 = CARTESIAN_POINT('',(43.05,-17.05070415551));
#383 = CARTESIAN_POINT('',(39.975,-15.27535207775));
#384 = CARTESIAN_POINT('',(36.9,-13.5));
#385 = CARTESIAN_POINT('',(39.975,-11.72464792224));
#386 = CARTESIAN_POINT('',(43.05,-9.949295844484));
#387 = CARTESIAN_POINT('',(43.05,-13.5));
#388 = ( GEOMETRIC_REPRESENTATION_CONTEXT(2) 
PARAMETRIC_REPRESENTATION_CONTEXT() REPRESENTATION_CONTEXT('2D SPACE',''
  ) );
#389 = PCURVE('',#390,#395);
#390 = CYLINDRICAL_SURFACE('',#391,2.05);
#391 = AXIS2_PLACEMENT_3D('',#392,#393,#394);
#392 = CARTESIAN_POINT('',(10.,-19.5,-13.5));
#393 = DIRECTION('',(-0.,1.,-0.));
#394 = DIRECTION('',(1.,0.,0.));
#395 = DEFINITIONAL_REPRESENTATION('',(#396),#400);
#396 = LINE('',#397,#398);
#397 = CARTESIAN_POINT('',(-0.,-6.5));
#398 = VECTOR('',#399,1.);
#399 = DIRECTION('',(-1.,0.));
#400 = ( GEOMETRIC_REPRESENTATION_CONTEXT(2) 
PARAMETRIC_REPRESENTATION_CONTEXT() REPRESENTATION_CONTEXT('2D SPACE',''
  ) );
#401 = ADVANCED_FACE('',(#402,#647),#44,.F.);
#402 = FACE_BOUND('',#403,.F.);
#403 = EDGE_LOOP('',(#404,#427,#456,#479,#512,#540,#569,#592,#625,#646)
  );
#404 = ORIENTED_EDGE('',*,*,#405,.T.);
#405 = EDGE_CURVE('',#24,#406,#408,.T.);
#406 = VERTEX_POINT('',#407);
#407 = CARTESIAN_POINT('',(-31.,-25.65685424949,-23.));
#408 = SURFACE_CURVE('',#409,(#413,#420),.PCURVE_S1.);
#409 = LINE('',#410,#411);
#410 = CARTESIAN_POINT('',(-31.,-26.,-23.));
#411 = VECTOR('',#412,1.);
#412 = DIRECTION('',(0.,1.,0.));
#413 = PCURVE('',#44,#414);
#414 = DEFINITIONAL_REPRESENTATION('',(#415),#419);
#415 = LINE('',#416,#417);
#416 = CARTESIAN_POINT('',(0.,4.));
#417 = VECTOR('',#418,1.);
#418 = DIRECTION('',(1.,0.));
#419 = ( GEOMETRIC_REPRESENTATION_CONTEXT(2) 
PARAMETRIC_REPRESENTATION_CONTEXT() REPRESENTATION_CONTEXT('2D SPACE',''
  ) );
#420 = PCURVE('',#250,#421);
#421 = DEFINITIONAL_REPRESENTATION('',(#422),#426);
#422 = LINE('',#423,#424);
#423 = CARTESIAN_POINT('',(-0.,0.));
#424 = VECTOR('',#425,1.);
#425 = DIRECTION('',(-0.,1.));
#426 = ( GEOMETRIC_REPRESENTATION_CONTEXT(2) 
PARAMETRIC_REPRESENTATION_CONTEXT() REPRESENTATION_CONTEXT('2D SPACE',''
  ) );
#427 = ORIENTED_EDGE('',*,*,#428,.T.);
#428 = EDGE_CURVE('',#406,#429,#431,.T.);
#429 = VERTEX_POINT('',#430);
#430 = CARTESIAN_POINT('',(-31.,-20.,-27.));
#431 = SURFACE_CURVE('',#432,(#437,#444),.PCURVE_S1.);
#432 = CIRCLE('',#433,6.);
#433 = AXIS2_PLACEMENT_3D('',#434,#435,#436);
#434 = CARTESIAN_POINT('',(-31.,-20.,-21.));
#435 = DIRECTION('',(1.,0.,0.));
#436 = DIRECTION('',(-0.,0.,1.));
#437 = PCURVE('',#44,#438);
#438 = DEFINITIONAL_REPRESENTATION('',(#439),#443);
#439 = CIRCLE('',#440,6.);
#440 = AXIS2_PLACEMENT_2D('',#441,#442);
#441 = CARTESIAN_POINT('',(6.,6.));
#442 = DIRECTION('',(0.,1.));
#443 = ( GEOMETRIC_REPRESENTATION_CONTEXT(2) 
PARAMETRIC_REPRESENTATION_CONTEXT() REPRESENTATION_CONTEXT('2D SPACE',''
  ) );
#444 = PCURVE('',#445,#450);
#445 = CYLINDRICAL_SURFACE('',#446,6.);
#446 = AXIS2_PLACEMENT_3D('',#447,#448,#449);
#447 = CARTESIAN_POINT('',(-31.,-20.,-21.));
#448 = DIRECTION('',(1.,0.,0.));
#449 = DIRECTION('',(0.,-1.,-0.));
#450 = DEFINITIONAL_REPRESENTATION('',(#451),#455);
#451 = LINE('',#452,#453);
#452 = CARTESIAN_POINT('',(-1.570796326795,0.));
#453 = VECTOR('',#454,1.);
#454 = DIRECTION('',(1.,0.));
#455 = ( GEOMETRIC_REPRESENTATION_CONTEXT(2) 
PARAMETRIC_REPRESENTATION_CONTEXT() REPRESENTATION_CONTEXT('2D SPACE',''
  ) );
#456 = ORIENTED_EDGE('',*,*,#457,.T.);
#457 = EDGE_CURVE('',#429,#458,#460,.T.);
#458 = VERTEX_POINT('',#459);
#459 = CARTESIAN_POINT('',(-31.,20.,-27.));
#460 = SURFACE_CURVE('',#461,(#465,#472),.PCURVE_S1.);
#461 = LINE('',#462,#463);
#462 = CARTESIAN_POINT('',(-31.,-26.,-27.));
#463 = VECTOR('',#464,1.);
#464 = DIRECTION('',(0.,1.,0.));
#465 = PCURVE('',#44,#466);
#466 = DEFINITIONAL_REPRESENTATION('',(#467),#471);
#467 = LINE('',#468,#469);
#468 = CARTESIAN_POINT('',(0.,0.));
#469 = VECTOR('',#470,1.);
#470 = DIRECTION('',(1.,0.));
#471 = ( GEOMETRIC_REPRESENTATION_CONTEXT(2) 
PARAMETRIC_REPRESENTATION_CONTEXT() REPRESENTATION_CONTEXT('2D SPACE',''
  ) );
#472 = PCURVE('',#219,#473);
#473 = DEFINITIONAL_REPRESENTATION('',(#474),#478);
#474 = LINE('',#475,#476);
#475 = CARTESIAN_POINT('',(0.,0.));
#476 = VECTOR('',#477,1.);
#477 = DIRECTION('',(0.,1.));
#478 = ( GEOMETRIC_REPRESENTATION_CONTEXT(2) 
PARAMETRIC_REPRESENTATION_CONTEXT() REPRESENTATION_CONTEXT('2D SPACE',''
  ) );
#479 = ORIENTED_EDGE('',*,*,#480,.F.);
#480 = EDGE_CURVE('',#481,#458,#483,.T.);
#481 = VERTEX_POINT('',#482);
#482 = CARTESIAN_POINT('',(-31.,26.,-21.));
#483 = SURFACE_CURVE('',#484,(#489,#500),.PCURVE_S1.);
#484 = CIRCLE('',#485,6.);
#485 = AXIS2_PLACEMENT_3D('',#486,#487,#488);
#486 = CARTESIAN_POINT('',(-31.,20.,-21.));
#487 = DIRECTION('',(-1.,0.,-0.));
#488 = DIRECTION('',(-0.,0.,1.));
#489 = PCURVE('',#44,#490);
#490 = DEFINITIONAL_REPRESENTATION('',(#491),#499);
#491 = ( BOUNDED_CURVE() B_SPLINE_CURVE(2,(#492,#493,#494,#495,#496,#497
,#498),.UNSPECIFIED.,.T.,.F.) B_SPLINE_CURVE_WITH_KNOTS((1,2,2,2,2,1),(
    -2.094395102393,0.,2.094395102393,4.188790204786,6.28318530718,
8.377580409573),.UNSPECIFIED.) CURVE() GEOMETRIC_REPRESENTATION_ITEM() 
RATIONAL_B_SPLINE_CURVE((1.,0.5,1.,0.5,1.,0.5,1.)) REPRESENTATION_ITEM(
  '') );
#492 = CARTESIAN_POINT('',(46.,12.));
#493 = CARTESIAN_POINT('',(56.392304845413,12.));
#494 = CARTESIAN_POINT('',(51.196152422707,3.));
#495 = CARTESIAN_POINT('',(46.,-6.));
#496 = CARTESIAN_POINT('',(40.803847577293,3.));
#497 = CARTESIAN_POINT('',(35.607695154587,12.));
#498 = CARTESIAN_POINT('',(46.,12.));
#499 = ( GEOMETRIC_REPRESENTATION_CONTEXT(2) 
PARAMETRIC_REPRESENTATION_CONTEXT() REPRESENTATION_CONTEXT('2D SPACE',''
  ) );
#500 = PCURVE('',#501,#506);
#501 = CYLINDRICAL_SURFACE('',#502,6.);
#502 = AXIS2_PLACEMENT_3D('',#503,#504,#505);
#503 = CARTESIAN_POINT('',(-31.,20.,-21.));
#504 = DIRECTION('',(1.,0.,0.));
#505 = DIRECTION('',(-0.,1.,0.));
#506 = DEFINITIONAL_REPRESENTATION('',(#507),#511);
#507 = LINE('',#508,#509);
#508 = CARTESIAN_POINT('',(1.570796326795,-0.));
#509 = VECTOR('',#510,1.);
#510 = DIRECTION('',(-1.,0.));
#511 = ( GEOMETRIC_REPRESENTATION_CONTEXT(2) 
PARAMETRIC_REPRESENTATION_CONTEXT() REPRESENTATION_CONTEXT('2D SPACE',''
  ) );
#512 = ORIENTED_EDGE('',*,*,#513,.T.);
#513 = EDGE_CURVE('',#481,#514,#516,.T.);
#514 = VERTEX_POINT('',#515);
#515 = CARTESIAN_POINT('',(-31.,26.,21.));
#516 = SURFACE_CURVE('',#517,(#521,#528),.PCURVE_S1.);
#517 = LINE('',#518,#519);
#518 = CARTESIAN_POINT('',(-31.,26.,-27.));
#519 = VECTOR('',#520,1.);
#520 = DIRECTION('',(0.,0.,1.));
#521 = PCURVE('',#44,#522);
#522 = DEFINITIONAL_REPRESENTATION('',(#523),#527);
#523 = LINE('',#524,#525);
#524 = CARTESIAN_POINT('',(52.,0.));
#525 = VECTOR('',#526,1.);
#526 = DIRECTION('',(0.,1.));
#527 = ( GEOMETRIC_REPRESENTATION_CONTEXT(2) 
PARAMETRIC_REPRESENTATION_CONTEXT() REPRESENTATION_CONTEXT('2D SPACE',''
  ) );
#528 = PCURVE('',#529,#534);
#529 = PLANE('',#530);
#530 = AXIS2_PLACEMENT_3D('',#531,#532,#533);
#531 = CARTESIAN_POINT('',(-31.,26.,-27.));
#532 = DIRECTION('',(0.,1.,0.));
#533 = DIRECTION('',(1.,0.,0.));
#534 = DEFINITIONAL_REPRESENTATION('',(#535),#539);
#535 = LINE('',#536,#537);
#536 = CARTESIAN_POINT('',(0.,0.));
#537 = VECTOR('',#538,1.);
#538 = DIRECTION('',(0.,-1.));
#539 = ( GEOMETRIC_REPRESENTATION_CONTEXT(2) 
PARAMETRIC_REPRESENTATION_CONTEXT() REPRESENTATION_CONTEXT('2D SPACE',''
  ) );
#540 = ORIENTED_EDGE('',*,*,#541,.T.);
#541 = EDGE_CURVE('',#514,#542,#544,.T.);
#542 = VERTEX_POINT('',#543);
#543 = CARTESIAN_POINT('',(-31.,20.,27.));
#544 = SURFACE_CURVE('',#545,(#550,#557),.PCURVE_S1.);
#545 = CIRCLE('',#546,6.);
#546 = AXIS2_PLACEMENT_3D('',#547,#548,#549);
#547 = CARTESIAN_POINT('',(-31.,20.,21.));
#548 = DIRECTION('',(1.,0.,0.));
#549 = DIRECTION('',(-0.,0.,1.));
#550 = PCURVE('',#44,#551);
#551 = DEFINITIONAL_REPRESENTATION('',(#552),#556);
#552 = CIRCLE('',#553,6.);
#553 = AXIS2_PLACEMENT_2D('',#554,#555);
#554 = CARTESIAN_POINT('',(46.,48.));
#555 = DIRECTION('',(0.,1.));
#556 = ( GEOMETRIC_REPRESENTATION_CONTEXT(2) 
PARAMETRIC_REPRESENTATION_CONTEXT() REPRESENTATION_CONTEXT('2D SPACE',''
  ) );
#557 = PCURVE('',#558,#563);
#558 = CYLINDRICAL_SURFACE('',#559,6.);
#559 = AXIS2_PLACEMENT_3D('',#560,#561,#562);
#560 = CARTESIAN_POINT('',(-31.,20.,21.));
#561 = DIRECTION('',(1.,0.,0.));
#562 = DIRECTION('',(-0.,1.,0.));
#563 = DEFINITIONAL_REPRESENTATION('',(#564),#568);
#564 = LINE('',#565,#566);
#565 = CARTESIAN_POINT('',(-4.712388980385,0.));
#566 = VECTOR('',#567,1.);
#567 = DIRECTION('',(1.,0.));
#568 = ( GEOMETRIC_REPRESENTATION_CONTEXT(2) 
PARAMETRIC_REPRESENTATION_CONTEXT() REPRESENTATION_CONTEXT('2D SPACE',''
  ) );
#569 = ORIENTED_EDGE('',*,*,#570,.F.);
#570 = EDGE_CURVE('',#571,#542,#573,.T.);
#571 = VERTEX_POINT('',#572);
#572 = CARTESIAN_POINT('',(-31.,-20.,27.));
#573 = SURFACE_CURVE('',#574,(#578,#585),.PCURVE_S1.);
#574 = LINE('',#575,#576);
#575 = CARTESIAN_POINT('',(-31.,-26.,27.));
#576 = VECTOR('',#577,1.);
#577 = DIRECTION('',(0.,1.,0.));
#578 = PCURVE('',#44,#579);
#579 = DEFINITIONAL_REPRESENTATION('',(#580),#584);
#580 = LINE('',#581,#582);
#581 = CARTESIAN_POINT('',(0.,54.));
#582 = VECTOR('',#583,1.);
#583 = DIRECTION('',(1.,0.));
#584 = ( GEOMETRIC_REPRESENTATION_CONTEXT(2) 
PARAMETRIC_REPRESENTATION_CONTEXT() REPRESENTATION_CONTEXT('2D SPACE',''
  ) );
#585 = PCURVE('',#101,#586);
#586 = DEFINITIONAL_REPRESENTATION('',(#587),#591);
#587 = LINE('',#588,#589);
#588 = CARTESIAN_POINT('',(0.,0.));
#589 = VECTOR('',#590,1.);
#590 = DIRECTION('',(0.,1.));
#591 = ( GEOMETRIC_REPRESENTATION_CONTEXT(2) 
PARAMETRIC_REPRESENTATION_CONTEXT() REPRESENTATION_CONTEXT('2D SPACE',''
  ) );
#592 = ORIENTED_EDGE('',*,*,#593,.F.);
#593 = EDGE_CURVE('',#594,#571,#596,.T.);
#594 = VERTEX_POINT('',#595);
#595 = CARTESIAN_POINT('',(-31.,-25.65685424949,23.));
#596 = SURFACE_CURVE('',#597,(#602,#613),.PCURVE_S1.);
#597 = CIRCLE('',#598,6.);
#598 = AXIS2_PLACEMENT_3D('',#599,#600,#601);
#599 = CARTESIAN_POINT('',(-31.,-20.,21.));
#600 = DIRECTION('',(-1.,0.,-0.));
#601 = DIRECTION('',(-0.,0.,1.));
#602 = PCURVE('',#44,#603);
#603 = DEFINITIONAL_REPRESENTATION('',(#604),#612);
#604 = ( BOUNDED_CURVE() B_SPLINE_CURVE(2,(#605,#606,#607,#608,#609,#610
,#611),.UNSPECIFIED.,.T.,.F.) B_SPLINE_CURVE_WITH_KNOTS((1,2,2,2,2,1),(
    -2.094395102393,0.,2.094395102393,4.188790204786,6.28318530718,
8.377580409573),.UNSPECIFIED.) CURVE() GEOMETRIC_REPRESENTATION_ITEM() 
RATIONAL_B_SPLINE_CURVE((1.,0.5,1.,0.5,1.,0.5,1.)) REPRESENTATION_ITEM(
  '') );
#605 = CARTESIAN_POINT('',(6.,54.));
#606 = CARTESIAN_POINT('',(16.392304845413,54.));
#607 = CARTESIAN_POINT('',(11.196152422707,45.));
#608 = CARTESIAN_POINT('',(6.,36.));
#609 = CARTESIAN_POINT('',(0.803847577293,45.));
#610 = CARTESIAN_POINT('',(-4.392304845413,54.));
#611 = CARTESIAN_POINT('',(6.,54.));
#612 = ( GEOMETRIC_REPRESENTATION_CONTEXT(2) 
PARAMETRIC_REPRESENTATION_CONTEXT() REPRESENTATION_CONTEXT('2D SPACE',''
  ) );
#613 = PCURVE('',#614,#619);
#614 = CYLINDRICAL_SURFACE('',#615,6.);
#615 = AXIS2_PLACEMENT_3D('',#616,#617,#618);
#616 = CARTESIAN_POINT('',(-31.,-20.,21.));
#617 = DIRECTION('',(1.,0.,0.));
#618 = DIRECTION('',(0.,-1.,-0.));
#619 = DEFINITIONAL_REPRESENTATION('',(#620),#624);
#620 = LINE('',#621,#622);
#621 = CARTESIAN_POINT('',(4.712388980385,-0.));
#622 = VECTOR('',#623,1.);
#623 = DIRECTION('',(-1.,0.));
#624 = ( GEOMETRIC_REPRESENTATION_CONTEXT(2) 
PARAMETRIC_REPRESENTATION_CONTEXT() REPRESENTATION_CONTEXT('2D SPACE',''
  ) );
#625 = ORIENTED_EDGE('',*,*,#626,.F.);
#626 = EDGE_CURVE('',#22,#594,#627,.T.);
#627 = SURFACE_CURVE('',#628,(#632,#639),.PCURVE_S1.);
#628 = LINE('',#629,#630);
#629 = CARTESIAN_POINT('',(-31.,-26.,23.));
#630 = VECTOR('',#631,1.);
#631 = DIRECTION('',(0.,1.,0.));
#632 = PCURVE('',#44,#633);
#633 = DEFINITIONAL_REPRESENTATION('',(#634),#638);
#634 = LINE('',#635,#636);
#635 = CARTESIAN_POINT('',(0.,50.));
#636 = VECTOR('',#637,1.);
#637 = DIRECTION('',(1.,0.));
#638 = ( GEOMETRIC_REPRESENTATION_CONTEXT(2) 
PARAMETRIC_REPRESENTATION_CONTEXT() REPRESENTATION_CONTEXT('2D SPACE',''
  ) );
#639 = PCURVE('',#73,#640);
#640 = DEFINITIONAL_REPRESENTATION('',(#641),#645);
#641 = LINE('',#642,#643);
#642 = CARTESIAN_POINT('',(0.,0.));
#643 = VECTOR('',#644,1.);
#644 = DIRECTION('',(0.,1.));
#645 = ( GEOMETRIC_REPRESENTATION_CONTEXT(2) 
PARAMETRIC_REPRESENTATION_CONTEXT() REPRESENTATION_CONTEXT('2D SPACE',''
  ) );
#646 = ORIENTED_EDGE('',*,*,#21,.T.);
#647 = FACE_BOUND('',#648,.F.);
#648 = EDGE_LOOP('',(#649));
#649 = ORIENTED_EDGE('',*,*,#650,.F.);
#650 = EDGE_CURVE('',#651,#651,#653,.T.);
#651 = VERTEX_POINT('',#652);
#652 = CARTESIAN_POINT('',(-31.,19.,0.));
#653 = SURFACE_CURVE('',#654,(#659,#666),.PCURVE_S1.);
#654 = CIRCLE('',#655,19.);
#655 = AXIS2_PLACEMENT_3D('',#656,#657,#658);
#656 = CARTESIAN_POINT('',(-31.,-1.094280939257E-15,-8.881784197001E-16)
  );
#657 = DIRECTION('',(1.,0.,0.));
#658 = DIRECTION('',(-0.,1.,2.916755924453E-16));
#659 = PCURVE('',#44,#660);
#660 = DEFINITIONAL_REPRESENTATION('',(#661),#665);
#661 = CIRCLE('',#662,19.);
#662 = AXIS2_PLACEMENT_2D('',#663,#664);
#663 = CARTESIAN_POINT('',(26.,27.));
#664 = DIRECTION('',(1.,2.916755924453E-16));
#665 = ( GEOMETRIC_REPRESENTATION_CONTEXT(2) 
PARAMETRIC_REPRESENTATION_CONTEXT() REPRESENTATION_CONTEXT('2D SPACE',''
  ) );
#666 = PCURVE('',#667,#672);
#667 = CYLINDRICAL_SURFACE('',#668,19.);
#668 = AXIS2_PLACEMENT_3D('',#669,#670,#671);
#669 = CARTESIAN_POINT('',(-74.0000002,0.,0.));
#670 = DIRECTION('',(-1.,0.,0.));
#671 = DIRECTION('',(0.,1.,0.));
#672 = DEFINITIONAL_REPRESENTATION('',(#673),#677);
#673 = LINE('',#674,#675);
#674 = CARTESIAN_POINT('',(-0.,-43.0000002));
#675 = VECTOR('',#676,1.);
#676 = DIRECTION('',(-1.,-0.));
#677 = ( GEOMETRIC_REPRESENTATION_CONTEXT(2) 
PARAMETRIC_REPRESENTATION_CONTEXT() REPRESENTATION_CONTEXT('2D SPACE',''
  ) );
#678 = ADVANCED_FACE('',(#679),#73,.T.);
#679 = FACE_BOUND('',#680,.T.);
#680 = EDGE_LOOP('',(#681,#682,#683,#706));
#681 = ORIENTED_EDGE('',*,*,#626,.F.);
#682 = ORIENTED_EDGE('',*,*,#56,.T.);
#683 = ORIENTED_EDGE('',*,*,#684,.T.);
#684 = EDGE_CURVE('',#57,#685,#687,.T.);
#685 = VERTEX_POINT('',#686);
#686 = CARTESIAN_POINT('',(-27.,-20.,27.));
#687 = SURFACE_CURVE('',#688,(#692,#699),.PCURVE_S1.);
#688 = LINE('',#689,#690);
#689 = CARTESIAN_POINT('',(-27.,-26.,27.));
#690 = VECTOR('',#691,1.);
#691 = DIRECTION('',(0.,1.,0.));
#692 = PCURVE('',#73,#693);
#693 = DEFINITIONAL_REPRESENTATION('',(#694),#698);
#694 = LINE('',#695,#696);
#695 = CARTESIAN_POINT('',(1.570796326795,0.));
#696 = VECTOR('',#697,1.);
#697 = DIRECTION('',(0.,1.));
#698 = ( GEOMETRIC_REPRESENTATION_CONTEXT(2) 
PARAMETRIC_REPRESENTATION_CONTEXT() REPRESENTATION_CONTEXT('2D SPACE',''
  ) );
#699 = PCURVE('',#101,#700);
#700 = DEFINITIONAL_REPRESENTATION('',(#701),#705);
#701 = LINE('',#702,#703);
#702 = CARTESIAN_POINT('',(4.,0.));
#703 = VECTOR('',#704,1.);
#704 = DIRECTION('',(0.,1.));
#705 = ( GEOMETRIC_REPRESENTATION_CONTEXT(2) 
PARAMETRIC_REPRESENTATION_CONTEXT() REPRESENTATION_CONTEXT('2D SPACE',''
  ) );
#706 = ORIENTED_EDGE('',*,*,#707,.F.);
#707 = EDGE_CURVE('',#594,#685,#708,.T.);
#708 = SURFACE_CURVE('',#709,(#736,#766),.PCURVE_S1.);
#709 = B_SPLINE_CURVE_WITH_KNOTS('',7,(#710,#711,#712,#713,#714,#715,
    #716,#717,#718,#719,#720,#721,#722,#723,#724,#725,#726,#727,#728,
    #729,#730,#731,#732,#733,#734,#735),.UNSPECIFIED.,.F.,.F.,(8,6,6,6,8
    ),(0.,0.159965750944,0.297264856358,0.630669293906,1.),
  .UNSPECIFIED.);
#710 = CARTESIAN_POINT('',(-31.,-25.65685424949,23.));
#711 = CARTESIAN_POINT('',(-31.,-25.57786484077,23.223415786189));
#712 = CARTESIAN_POINT('',(-30.98544167134,-25.48995306074,
    23.439310929771));
#713 = CARTESIAN_POINT('',(-30.95808864956,-25.39413816954,
    23.646853542742));
#714 = CARTESIAN_POINT('',(-30.91960926157,-25.29154523299,
    23.845407028304));
#715 = CARTESIAN_POINT('',(-30.8716116436,-25.18337152447,
    24.034492834984));
#716 = CARTESIAN_POINT('',(-30.8156653831,-25.07086818597,
    24.213764335951));
#717 = CARTESIAN_POINT('',(-30.69978959309,-24.85617649671,
    24.52824032513));
#718 = CARTESIAN_POINT('',(-30.64132471841,-24.75437128389,
    24.666695484462));
#719 = CARTESIAN_POINT('',(-30.57863411318,-24.65037341286,
    24.798596589884));
#720 = CARTESIAN_POINT('',(-30.51231319266,-24.54455234223,
    24.924221504817));
#721 = CARTESIAN_POINT('',(-30.44284435398,-24.43719608026,
    25.043873391692));
#722 = CARTESIAN_POINT('',(-30.37060759543,-24.32851217884,
    25.157867425878));
#723 = CARTESIAN_POINT('',(-30.11445660164,-23.95179792623,
    25.530353315017));
#724 = CARTESIAN_POINT('',(-29.91781088439,-23.67702973443,
    25.763533991311));
#725 = CARTESIAN_POINT('',(-29.71097168934,-23.39766456217,
    25.968632699513));
#726 = CARTESIAN_POINT('',(-29.49710491369,-23.1157290375,
    26.148393459282));
#727 = CARTESIAN_POINT('',(-29.27802042488,-22.83207137506,
    26.305364756925));
#728 = CARTESIAN_POINT('',(-29.05444363228,-22.54658504883,
    26.441662017102));
#729 = CARTESIAN_POINT('',(-28.57350172355,-21.9390915926,
    26.688469555453));
#730 = CARTESIAN_POINT('',(-28.3159986396,-21.61760952051,
    26.794153096896));
#731 = CARTESIAN_POINT('',(-28.05544102495,-21.29496096581,
    26.877207086013));
#732 = CARTESIAN_POINT('',(-27.79293913729,-20.97172729031,
    26.938749451015));
#733 = CARTESIAN_POINT('',(-27.5292114738,-20.6481496458,26.979555620504
    ));
#734 = CARTESIAN_POINT('',(-27.26475446576,-20.32425650147,
    27.000000021877));
#735 = CARTESIAN_POINT('',(-27.,-20.,27.));
#736 = PCURVE('',#73,#737);
#737 = DEFINITIONAL_REPRESENTATION('',(#738),#765);
#738 = B_SPLINE_CURVE_WITH_KNOTS('',7,(#739,#740,#741,#742,#743,#744,
    #745,#746,#747,#748,#749,#750,#751,#752,#753,#754,#755,#756,#757,
    #758,#759,#760,#761,#762,#763,#764),.UNSPECIFIED.,.F.,.F.,(8,6,6,6,8
    ),(0.,0.159965750944,0.297264856358,0.630669293906,1.),
  .UNSPECIFIED.);
#739 = CARTESIAN_POINT('',(0.,0.343145750508));
#740 = CARTESIAN_POINT('',(5.585394654728E-02,0.422135159227));
#741 = CARTESIAN_POINT('',(0.109827791721,0.510046939255));
#742 = CARTESIAN_POINT('',(0.161997826039,0.605861830453));
#743 = CARTESIAN_POINT('',(0.212404140688,0.708454767005));
#744 = CARTESIAN_POINT('',(0.261058521903,0.81662847553));
#745 = CARTESIAN_POINT('',(0.307948247692,0.929131814023));
#746 = CARTESIAN_POINT('',(0.391734563133,1.143823503282));
#747 = CARTESIAN_POINT('',(0.429267315352,1.245628716105));
#748 = CARTESIAN_POINT('',(0.465722059759,1.349626587138));
#749 = CARTESIAN_POINT('',(0.501182338357,1.455447657769));
#750 = CARTESIAN_POINT('',(0.53572934709,1.562803919736));
#751 = CARTESIAN_POINT('',(0.569444063973,1.671487821155));
#752 = CARTESIAN_POINT('',(0.682459292268,2.048202073763));
#753 = CARTESIAN_POINT('',(0.758349298781,2.322970265571));
#754 = CARTESIAN_POINT('',(0.830735972617,2.602335437823));
#755 = CARTESIAN_POINT('',(0.900184250757,2.884270962491));
#756 = CARTESIAN_POINT('',(0.967261357489,3.167928624934));
#757 = CARTESIAN_POINT('',(1.032546951125,3.45341495117));
#758 = CARTESIAN_POINT('',(1.167690180829,4.060908407394));
#759 = CARTESIAN_POINT('',(1.237027648024,4.382390479488));
#760 = CARTESIAN_POINT('',(1.305046037151,4.705039034184));
#761 = CARTESIAN_POINT('',(1.372088433693,5.028272709681));
#762 = CARTESIAN_POINT('',(1.438493123817,5.351850354192));
#763 = CARTESIAN_POINT('',(1.50460780509,5.675743498528));
#764 = CARTESIAN_POINT('',(1.570796326795,6.));
#765 = ( GEOMETRIC_REPRESENTATION_CONTEXT(2) 
PARAMETRIC_REPRESENTATION_CONTEXT() REPRESENTATION_CONTEXT('2D SPACE',''
  ) );
#766 = PCURVE('',#614,#767);
#767 = DEFINITIONAL_REPRESENTATION('',(#768),#795);
#768 = B_SPLINE_CURVE_WITH_KNOTS('',7,(#769,#770,#771,#772,#773,#774,
    #775,#776,#777,#778,#779,#780,#781,#782,#783,#784,#785,#786,#787,
    #788,#789,#790,#791,#792,#793,#794),.UNSPECIFIED.,.F.,.F.,(8,6,6,6,8
    ),(0.,0.159965750944,0.297264856358,0.630669293906,1.),
  .UNSPECIFIED.);
#769 = CARTESIAN_POINT('',(-0.339836909454,0.));
#770 = CARTESIAN_POINT('',(-0.379331613814,-6.138710218313E-17));
#771 = CARTESIAN_POINT('',(-0.418140238232,1.455832865575E-02));
#772 = CARTESIAN_POINT('',(-0.456176131672,4.191135043111E-02));
#773 = CARTESIAN_POINT('',(-0.49336146072,8.039073842349E-02));
#774 = CARTESIAN_POINT('',(-0.529619194786,0.128388356396));
#775 = CARTESIAN_POINT('',(-0.564867751653,0.184334616892));
#776 = CARTESIAN_POINT('',(-0.628329828957,0.300210406909));
#777 = CARTESIAN_POINT('',(-0.656954783175,0.358675281589));
#778 = CARTESIAN_POINT('',(-0.684924754382,0.421365886814));
#779 = CARTESIAN_POINT('',(-0.712275743514,0.487686807335));
#780 = CARTESIAN_POINT('',(-0.739048208087,0.557155646016));
#781 = CARTESIAN_POINT('',(-0.765287106186,0.629392404568));
#782 = CARTESIAN_POINT('',(-0.853582595835,0.885543398351));
#783 = CARTESIAN_POINT('',(-0.91347164188,1.082189115608));
#784 = CARTESIAN_POINT('',(-0.971014336495,1.289028310654));
#785 = CARTESIAN_POINT('',(-1.026538896166,1.502895086304));
#786 = CARTESIAN_POINT('',(-1.080413265392,1.721979575114));
#787 = CARTESIAN_POINT('',(-1.133045448552,1.945556367719));
#788 = CARTESIAN_POINT('',(-1.242331294482,2.426498276445));
#789 = CARTESIAN_POINT('',(-1.298601141038,2.6840013604));
#790 = CARTESIAN_POINT('',(-1.353940762133,2.944558975044));
#791 = CARTESIAN_POINT('',(-1.40858413979,3.207060862702));
#792 = CARTESIAN_POINT('',(-1.462771279584,3.470788526197));
#793 = CARTESIAN_POINT('',(-1.516753606384,3.735245534232));
#794 = CARTESIAN_POINT('',(-1.570796326795,4.));
#795 = ( GEOMETRIC_REPRESENTATION_CONTEXT(2) 
PARAMETRIC_REPRESENTATION_CONTEXT() REPRESENTATION_CONTEXT('2D SPACE',''
  ) );
#796 = ADVANCED_FACE('',(#797),#250,.T.);
#797 = FACE_BOUND('',#798,.F.);
#798 = EDGE_LOOP('',(#799,#800,#801,#824));
#799 = ORIENTED_EDGE('',*,*,#405,.F.);
#800 = ORIENTED_EDGE('',*,*,#231,.T.);
#801 = ORIENTED_EDGE('',*,*,#802,.T.);
#802 = EDGE_CURVE('',#204,#803,#805,.T.);
#803 = VERTEX_POINT('',#804);
#804 = CARTESIAN_POINT('',(-27.,-20.,-27.));
#805 = SURFACE_CURVE('',#806,(#810,#817),.PCURVE_S1.);
#806 = LINE('',#807,#808);
#807 = CARTESIAN_POINT('',(-27.,-26.,-27.));
#808 = VECTOR('',#809,1.);
#809 = DIRECTION('',(0.,1.,0.));
#810 = PCURVE('',#250,#811);
#811 = DEFINITIONAL_REPRESENTATION('',(#812),#816);
#812 = LINE('',#813,#814);
#813 = CARTESIAN_POINT('',(-1.570796326795,0.));
#814 = VECTOR('',#815,1.);
#815 = DIRECTION('',(-0.,1.));
#816 = ( GEOMETRIC_REPRESENTATION_CONTEXT(2) 
PARAMETRIC_REPRESENTATION_CONTEXT() REPRESENTATION_CONTEXT('2D SPACE',''
  ) );
#817 = PCURVE('',#219,#818);
#818 = DEFINITIONAL_REPRESENTATION('',(#819),#823);
#819 = LINE('',#820,#821);
#820 = CARTESIAN_POINT('',(4.,0.));
#821 = VECTOR('',#822,1.);
#822 = DIRECTION('',(0.,1.));
#823 = ( GEOMETRIC_REPRESENTATION_CONTEXT(2) 
PARAMETRIC_REPRESENTATION_CONTEXT() REPRESENTATION_CONTEXT('2D SPACE',''
  ) );
#824 = ORIENTED_EDGE('',*,*,#825,.F.);
#825 = EDGE_CURVE('',#406,#803,#826,.T.);
#826 = SURFACE_CURVE('',#827,(#854,#884),.PCURVE_S1.);
#827 = B_SPLINE_CURVE_WITH_KNOTS('',7,(#828,#829,#830,#831,#832,#833,
    #834,#835,#836,#837,#838,#839,#840,#841,#842,#843,#844,#845,#846,
    #847,#848,#849,#850,#851,#852,#853),.UNSPECIFIED.,.F.,.F.,(8,6,6,6,8
    ),(0.,0.15996575099,0.297264856397,0.630669293926,1.),
  .UNSPECIFIED.);
#828 = CARTESIAN_POINT('',(-31.,-25.65685424949,-23.));
#829 = CARTESIAN_POINT('',(-31.,-25.57786484079,-23.22341578612));
#830 = CARTESIAN_POINT('',(-30.98544167135,-25.48995306075,
    -23.43931092976));
#831 = CARTESIAN_POINT('',(-30.95808864956,-25.39413816952,
    -23.64685354279));
#832 = CARTESIAN_POINT('',(-30.91960926156,-25.29154523296,
    -23.84540702835));
#833 = CARTESIAN_POINT('',(-30.87161164359,-25.18337152446,
    -24.03449283498));
#834 = CARTESIAN_POINT('',(-30.81566538313,-25.07086818601,
    -24.21376433589));
#835 = CARTESIAN_POINT('',(-30.69978959309,-24.85617649671,
    -24.52824032513));
#836 = CARTESIAN_POINT('',(-30.64132471841,-24.75437128389,
    -24.66669548446));
#837 = CARTESIAN_POINT('',(-30.57863411318,-24.65037341286,
    -24.79859658988));
#838 = CARTESIAN_POINT('',(-30.51231319266,-24.54455234223,
    -24.92422150481));
#839 = CARTESIAN_POINT('',(-30.44284435398,-24.43719608026,
    -25.04387339169));
#840 = CARTESIAN_POINT('',(-30.37060759543,-24.32851217884,
    -25.15786742587));
#841 = CARTESIAN_POINT('',(-30.11445660164,-23.95179792623,
    -25.53035331501));
#842 = CARTESIAN_POINT('',(-29.91781088439,-23.67702973442,
    -25.76353399131));
#843 = CARTESIAN_POINT('',(-29.71097168934,-23.39766456217,
    -25.96863269951));
#844 = CARTESIAN_POINT('',(-29.49710491369,-23.1157290375,
    -26.14839345928));
#845 = CARTESIAN_POINT('',(-29.27802042488,-22.83207137506,
    -26.30536475692));
#846 = CARTESIAN_POINT('',(-29.05444363228,-22.54658504883,
    -26.4416620171));
#847 = CARTESIAN_POINT('',(-28.57350172355,-21.9390915926,
    -26.68846955545));
#848 = CARTESIAN_POINT('',(-28.3159986396,-21.61760952051,
    -26.79415309689));
#849 = CARTESIAN_POINT('',(-28.05544102495,-21.29496096581,
    -26.87720708601));
#850 = CARTESIAN_POINT('',(-27.79293913729,-20.97172729032,
    -26.93874945101));
#851 = CARTESIAN_POINT('',(-27.5292114738,-20.6481496458,-26.9795556205)
  );
#852 = CARTESIAN_POINT('',(-27.26475446576,-20.32425650147,
    -27.00000002187));
#853 = CARTESIAN_POINT('',(-27.,-20.,-27.));
#854 = PCURVE('',#250,#855);
#855 = DEFINITIONAL_REPRESENTATION('',(#856),#883);
#856 = B_SPLINE_CURVE_WITH_KNOTS('',7,(#857,#858,#859,#860,#861,#862,
    #863,#864,#865,#866,#867,#868,#869,#870,#871,#872,#873,#874,#875,
    #876,#877,#878,#879,#880,#881,#882),.UNSPECIFIED.,.F.,.F.,(8,6,6,6,8
    ),(0.,0.15996575099,0.297264856397,0.630669293926,1.),
  .UNSPECIFIED.);
#857 = CARTESIAN_POINT('',(0.,0.343145750508));
#858 = CARTESIAN_POINT('',(-5.585394653126E-02,0.422135159204));
#859 = CARTESIAN_POINT('',(-0.109827791718,0.510046939245));
#860 = CARTESIAN_POINT('',(-0.161997826051,0.605861830472));
#861 = CARTESIAN_POINT('',(-0.212404140701,0.708454767036));
#862 = CARTESIAN_POINT('',(-0.261058521902,0.816628475534));
#863 = CARTESIAN_POINT('',(-0.307948247676,0.929131813983));
#864 = CARTESIAN_POINT('',(-0.391734563133,1.143823503282));
#865 = CARTESIAN_POINT('',(-0.429267315352,1.245628716104));
#866 = CARTESIAN_POINT('',(-0.465722059759,1.349626587138));
#867 = CARTESIAN_POINT('',(-0.501182338357,1.455447657769));
#868 = CARTESIAN_POINT('',(-0.53572934709,1.562803919736));
#869 = CARTESIAN_POINT('',(-0.569444063973,1.671487821155));
#870 = CARTESIAN_POINT('',(-0.682459292268,2.048202073763));
#871 = CARTESIAN_POINT('',(-0.758349298781,2.322970265571));
#872 = CARTESIAN_POINT('',(-0.830735972616,2.602335437822));
#873 = CARTESIAN_POINT('',(-0.900184250757,2.884270962492));
#874 = CARTESIAN_POINT('',(-0.967261357489,3.167928624934));
#875 = CARTESIAN_POINT('',(-1.032546951125,3.45341495117));
#876 = CARTESIAN_POINT('',(-1.167690180829,4.060908407395));
#877 = CARTESIAN_POINT('',(-1.237027648024,4.382390479488));
#878 = CARTESIAN_POINT('',(-1.305046037151,4.705039034183));
#879 = CARTESIAN_POINT('',(-1.372088433693,5.02827270968));
#880 = CARTESIAN_POINT('',(-1.438493123816,5.351850354191));
#881 = CARTESIAN_POINT('',(-1.50460780509,5.67574349853));
#882 = CARTESIAN_POINT('',(-1.570796326795,6.));
#883 = ( GEOMETRIC_REPRESENTATION_CONTEXT(2) 
PARAMETRIC_REPRESENTATION_CONTEXT() REPRESENTATION_CONTEXT('2D SPACE',''
  ) );
#884 = PCURVE('',#445,#885);
#885 = DEFINITIONAL_REPRESENTATION('',(#886),#913);
#886 = B_SPLINE_CURVE_WITH_KNOTS('',7,(#887,#888,#889,#890,#891,#892,
    #893,#894,#895,#896,#897,#898,#899,#900,#901,#902,#903,#904,#905,
    #906,#907,#908,#909,#910,#911,#912),.UNSPECIFIED.,.F.,.F.,(8,6,6,6,8
    ),(0.,0.15996575099,0.297264856397,0.630669293926,1.),
  .UNSPECIFIED.);
#887 = CARTESIAN_POINT('',(0.339836909454,0.));
#888 = CARTESIAN_POINT('',(0.379331613802,2.630875807094E-17));
#889 = CARTESIAN_POINT('',(0.41814023823,1.455832864746E-02));
#890 = CARTESIAN_POINT('',(0.45617613168,4.1911350434E-02));
#891 = CARTESIAN_POINT('',(0.49336146073,8.039073843898E-02));
#892 = CARTESIAN_POINT('',(0.529619194786,0.128388356402));
#893 = CARTESIAN_POINT('',(0.564867751641,0.18433461687));
#894 = CARTESIAN_POINT('',(0.628329828957,0.300210406909));
#895 = CARTESIAN_POINT('',(0.656954783175,0.358675281588));
#896 = CARTESIAN_POINT('',(0.684924754382,0.421365886814));
#897 = CARTESIAN_POINT('',(0.712275743514,0.487686807335));
#898 = CARTESIAN_POINT('',(0.739048208087,0.557155646016));
#899 = CARTESIAN_POINT('',(0.765287106186,0.629392404568));
#900 = CARTESIAN_POINT('',(0.853582595835,0.885543398351));
#901 = CARTESIAN_POINT('',(0.91347164188,1.082189115609));
#902 = CARTESIAN_POINT('',(0.971014336495,1.289028310653));
#903 = CARTESIAN_POINT('',(1.026538896167,1.502895086305));
#904 = CARTESIAN_POINT('',(1.080413265392,1.721979575113));
#905 = CARTESIAN_POINT('',(1.133045448552,1.945556367719));
#906 = CARTESIAN_POINT('',(1.242331294483,2.426498276446));
#907 = CARTESIAN_POINT('',(1.298601141038,2.6840013604));
#908 = CARTESIAN_POINT('',(1.353940762133,2.944558975044));
#909 = CARTESIAN_POINT('',(1.40858413979,3.207060862701));
#910 = CARTESIAN_POINT('',(1.462771279584,3.470788526196));
#911 = CARTESIAN_POINT('',(1.516753606384,3.735245534233));
#912 = CARTESIAN_POINT('',(1.570796326795,4.));
#913 = ( GEOMETRIC_REPRESENTATION_CONTEXT(2) 
PARAMETRIC_REPRESENTATION_CONTEXT() REPRESENTATION_CONTEXT('2D SPACE',''
  ) );
#914 = ADVANCED_FACE('',(#915),#101,.T.);
#915 = FACE_BOUND('',#916,.T.);
#916 = EDGE_LOOP('',(#917,#947,#975,#996,#997,#1018,#1019,#1020,#1043,
    #1071,#1094,#1122));
#917 = ORIENTED_EDGE('',*,*,#918,.F.);
#918 = EDGE_CURVE('',#919,#921,#923,.T.);
#919 = VERTEX_POINT('',#920);
#920 = CARTESIAN_POINT('',(-20.5,-20.,27.));
#921 = VERTEX_POINT('',#922);
#922 = CARTESIAN_POINT('',(20.5,-20.,27.));
#923 = SURFACE_CURVE('',#924,(#928,#935),.PCURVE_S1.);
#924 = LINE('',#925,#926);
#925 = CARTESIAN_POINT('',(-31.,-20.,27.));
#926 = VECTOR('',#927,1.);
#927 = DIRECTION('',(1.,0.,0.));
#928 = PCURVE('',#101,#929);
#929 = DEFINITIONAL_REPRESENTATION('',(#930),#934);
#930 = LINE('',#931,#932);
#931 = CARTESIAN_POINT('',(0.,6.));
#932 = VECTOR('',#933,1.);
#933 = DIRECTION('',(1.,0.));
#934 = ( GEOMETRIC_REPRESENTATION_CONTEXT(2) 
PARAMETRIC_REPRESENTATION_CONTEXT() REPRESENTATION_CONTEXT('2D SPACE',''
  ) );
#935 = PCURVE('',#936,#941);
#936 = PLANE('',#937);
#937 = AXIS2_PLACEMENT_3D('',#938,#939,#940);
#938 = CARTESIAN_POINT('',(-31.,-20.,-27.));
#939 = DIRECTION('',(0.,1.,0.));
#940 = DIRECTION('',(0.,0.,1.));
#941 = DEFINITIONAL_REPRESENTATION('',(#942),#946);
#942 = LINE('',#943,#944);
#943 = CARTESIAN_POINT('',(54.,0.));
#944 = VECTOR('',#945,1.);
#945 = DIRECTION('',(0.,1.));
#946 = ( GEOMETRIC_REPRESENTATION_CONTEXT(2) 
PARAMETRIC_REPRESENTATION_CONTEXT() REPRESENTATION_CONTEXT('2D SPACE',''
  ) );
#947 = ORIENTED_EDGE('',*,*,#948,.F.);
#948 = EDGE_CURVE('',#949,#919,#951,.T.);
#949 = VERTEX_POINT('',#950);
#950 = CARTESIAN_POINT('',(-20.5,20.,27.));
#951 = SURFACE_CURVE('',#952,(#956,#963),.PCURVE_S1.);
#952 = LINE('',#953,#954);
#953 = CARTESIAN_POINT('',(-20.5,20.,27.));
#954 = VECTOR('',#955,1.);
#955 = DIRECTION('',(-0.,-1.,-0.));
#956 = PCURVE('',#101,#957);
#957 = DEFINITIONAL_REPRESENTATION('',(#958),#962);
#958 = LINE('',#959,#960);
#959 = CARTESIAN_POINT('',(10.5,46.));
#960 = VECTOR('',#961,1.);
#961 = DIRECTION('',(0.,-1.));
#962 = ( GEOMETRIC_REPRESENTATION_CONTEXT(2) 
PARAMETRIC_REPRESENTATION_CONTEXT() REPRESENTATION_CONTEXT('2D SPACE',''
  ) );
#963 = PCURVE('',#964,#969);
#964 = PLANE('',#965);
#965 = AXIS2_PLACEMENT_3D('',#966,#967,#968);
#966 = CARTESIAN_POINT('',(-20.25,20.,26.75));
#967 = DIRECTION('',(0.707106781187,0.,0.707106781187));
#968 = DIRECTION('',(0.,-1.,0.));
#969 = DEFINITIONAL_REPRESENTATION('',(#970),#974);
#970 = LINE('',#971,#972);
#971 = CARTESIAN_POINT('',(0.,-0.353553390593));
#972 = VECTOR('',#973,1.);
#973 = DIRECTION('',(1.,0.));
#974 = ( GEOMETRIC_REPRESENTATION_CONTEXT(2) 
PARAMETRIC_REPRESENTATION_CONTEXT() REPRESENTATION_CONTEXT('2D SPACE',''
  ) );
#975 = ORIENTED_EDGE('',*,*,#976,.F.);
#976 = EDGE_CURVE('',#542,#949,#977,.T.);
#977 = SURFACE_CURVE('',#978,(#982,#989),.PCURVE_S1.);
#978 = LINE('',#979,#980);
#979 = CARTESIAN_POINT('',(-31.,20.,27.));
#980 = VECTOR('',#981,1.);
#981 = DIRECTION('',(1.,0.,0.));
#982 = PCURVE('',#101,#983);
#983 = DEFINITIONAL_REPRESENTATION('',(#984),#988);
#984 = LINE('',#985,#986);
#985 = CARTESIAN_POINT('',(0.,46.));
#986 = VECTOR('',#987,1.);
#987 = DIRECTION('',(1.,0.));
#988 = ( GEOMETRIC_REPRESENTATION_CONTEXT(2) 
PARAMETRIC_REPRESENTATION_CONTEXT() REPRESENTATION_CONTEXT('2D SPACE',''
  ) );
#989 = PCURVE('',#558,#990);
#990 = DEFINITIONAL_REPRESENTATION('',(#991),#995);
#991 = LINE('',#992,#993);
#992 = CARTESIAN_POINT('',(1.570796326795,0.));
#993 = VECTOR('',#994,1.);
#994 = DIRECTION('',(0.,1.));
#995 = ( GEOMETRIC_REPRESENTATION_CONTEXT(2) 
PARAMETRIC_REPRESENTATION_CONTEXT() REPRESENTATION_CONTEXT('2D SPACE',''
  ) );
#996 = ORIENTED_EDGE('',*,*,#570,.F.);
#997 = ORIENTED_EDGE('',*,*,#998,.T.);
#998 = EDGE_CURVE('',#571,#685,#999,.T.);
#999 = SURFACE_CURVE('',#1000,(#1004,#1011),.PCURVE_S1.);
#1000 = LINE('',#1001,#1002);
#1001 = CARTESIAN_POINT('',(-31.,-20.,27.));
#1002 = VECTOR('',#1003,1.);
#1003 = DIRECTION('',(1.,0.,0.));
#1004 = PCURVE('',#101,#1005);
#1005 = DEFINITIONAL_REPRESENTATION('',(#1006),#1010);
#1006 = LINE('',#1007,#1008);
#1007 = CARTESIAN_POINT('',(0.,6.));
#1008 = VECTOR('',#1009,1.);
#1009 = DIRECTION('',(1.,0.));
#1010 = ( GEOMETRIC_REPRESENTATION_CONTEXT(2) 
PARAMETRIC_REPRESENTATION_CONTEXT() REPRESENTATION_CONTEXT('2D SPACE',''
  ) );
#1011 = PCURVE('',#614,#1012);
#1012 = DEFINITIONAL_REPRESENTATION('',(#1013),#1017);
#1013 = LINE('',#1014,#1015);
#1014 = CARTESIAN_POINT('',(-1.570796326795,0.));
#1015 = VECTOR('',#1016,1.);
#1016 = DIRECTION('',(-0.,1.));
#1017 = ( GEOMETRIC_REPRESENTATION_CONTEXT(2) 
PARAMETRIC_REPRESENTATION_CONTEXT() REPRESENTATION_CONTEXT('2D SPACE',''
  ) );
#1018 = ORIENTED_EDGE('',*,*,#684,.F.);
#1019 = ORIENTED_EDGE('',*,*,#85,.T.);
#1020 = ORIENTED_EDGE('',*,*,#1021,.T.);
#1021 = EDGE_CURVE('',#86,#1022,#1024,.T.);
#1022 = VERTEX_POINT('',#1023);
#1023 = CARTESIAN_POINT('',(27.,-20.,27.));
#1024 = SURFACE_CURVE('',#1025,(#1029,#1036),.PCURVE_S1.);
#1025 = LINE('',#1026,#1027);
#1026 = CARTESIAN_POINT('',(27.,-26.,27.));
#1027 = VECTOR('',#1028,1.);
#1028 = DIRECTION('',(0.,1.,0.));
#1029 = PCURVE('',#101,#1030);
#1030 = DEFINITIONAL_REPRESENTATION('',(#1031),#1035);
#1031 = LINE('',#1032,#1033);
#1032 = CARTESIAN_POINT('',(58.,0.));
#1033 = VECTOR('',#1034,1.);
#1034 = DIRECTION('',(0.,1.));
#1035 = ( GEOMETRIC_REPRESENTATION_CONTEXT(2) 
PARAMETRIC_REPRESENTATION_CONTEXT() REPRESENTATION_CONTEXT('2D SPACE',''
  ) );
#1036 = PCURVE('',#134,#1037);
#1037 = DEFINITIONAL_REPRESENTATION('',(#1038),#1042);
#1038 = LINE('',#1039,#1040);
#1039 = CARTESIAN_POINT('',(-1.570796326795,0.));
#1040 = VECTOR('',#1041,1.);
#1041 = DIRECTION('',(-0.,1.));
#1042 = ( GEOMETRIC_REPRESENTATION_CONTEXT(2) 
PARAMETRIC_REPRESENTATION_CONTEXT() REPRESENTATION_CONTEXT('2D SPACE',''
  ) );
#1043 = ORIENTED_EDGE('',*,*,#1044,.T.);
#1044 = EDGE_CURVE('',#1022,#1045,#1047,.T.);
#1045 = VERTEX_POINT('',#1046);
#1046 = CARTESIAN_POINT('',(31.,-20.,27.));
#1047 = SURFACE_CURVE('',#1048,(#1052,#1059),.PCURVE_S1.);
#1048 = LINE('',#1049,#1050);
#1049 = CARTESIAN_POINT('',(20.,-20.,27.));
#1050 = VECTOR('',#1051,1.);
#1051 = DIRECTION('',(1.,0.,0.));
#1052 = PCURVE('',#101,#1053);
#1053 = DEFINITIONAL_REPRESENTATION('',(#1054),#1058);
#1054 = LINE('',#1055,#1056);
#1055 = CARTESIAN_POINT('',(51.,6.));
#1056 = VECTOR('',#1057,1.);
#1057 = DIRECTION('',(1.,0.));
#1058 = ( GEOMETRIC_REPRESENTATION_CONTEXT(2) 
PARAMETRIC_REPRESENTATION_CONTEXT() REPRESENTATION_CONTEXT('2D SPACE',''
  ) );
#1059 = PCURVE('',#1060,#1065);
#1060 = CYLINDRICAL_SURFACE('',#1061,6.);
#1061 = AXIS2_PLACEMENT_3D('',#1062,#1063,#1064);
#1062 = CARTESIAN_POINT('',(20.,-20.,21.));
#1063 = DIRECTION('',(1.,0.,0.));
#1064 = DIRECTION('',(0.,-1.,-0.));
#1065 = DEFINITIONAL_REPRESENTATION('',(#1066),#1070);
#1066 = LINE('',#1067,#1068);
#1067 = CARTESIAN_POINT('',(-1.570796326795,0.));
#1068 = VECTOR('',#1069,1.);
#1069 = DIRECTION('',(-0.,1.));
#1070 = ( GEOMETRIC_REPRESENTATION_CONTEXT(2) 
PARAMETRIC_REPRESENTATION_CONTEXT() REPRESENTATION_CONTEXT('2D SPACE',''
  ) );
#1071 = ORIENTED_EDGE('',*,*,#1072,.T.);
#1072 = EDGE_CURVE('',#1045,#1073,#1075,.T.);
#1073 = VERTEX_POINT('',#1074);
#1074 = CARTESIAN_POINT('',(31.,20.,27.));
#1075 = SURFACE_CURVE('',#1076,(#1080,#1087),.PCURVE_S1.);
#1076 = LINE('',#1077,#1078);
#1077 = CARTESIAN_POINT('',(31.,-26.,27.));
#1078 = VECTOR('',#1079,1.);
#1079 = DIRECTION('',(0.,1.,0.));
#1080 = PCURVE('',#101,#1081);
#1081 = DEFINITIONAL_REPRESENTATION('',(#1082),#1086);
#1082 = LINE('',#1083,#1084);
#1083 = CARTESIAN_POINT('',(62.,0.));
#1084 = VECTOR('',#1085,1.);
#1085 = DIRECTION('',(0.,1.));
#1086 = ( GEOMETRIC_REPRESENTATION_CONTEXT(2) 
PARAMETRIC_REPRESENTATION_CONTEXT() REPRESENTATION_CONTEXT('2D SPACE',''
  ) );
#1087 = PCURVE('',#162,#1088);
#1088 = DEFINITIONAL_REPRESENTATION('',(#1089),#1093);
#1089 = LINE('',#1090,#1091);
#1090 = CARTESIAN_POINT('',(54.,0.));
#1091 = VECTOR('',#1092,1.);
#1092 = DIRECTION('',(0.,-1.));
#1093 = ( GEOMETRIC_REPRESENTATION_CONTEXT(2) 
PARAMETRIC_REPRESENTATION_CONTEXT() REPRESENTATION_CONTEXT('2D SPACE',''
  ) );
#1094 = ORIENTED_EDGE('',*,*,#1095,.F.);
#1095 = EDGE_CURVE('',#1096,#1073,#1098,.T.);
#1096 = VERTEX_POINT('',#1097);
#1097 = CARTESIAN_POINT('',(20.5,20.,27.));
#1098 = SURFACE_CURVE('',#1099,(#1103,#1110),.PCURVE_S1.);
#1099 = LINE('',#1100,#1101);
#1100 = CARTESIAN_POINT('',(20.,20.,27.));
#1101 = VECTOR('',#1102,1.);
#1102 = DIRECTION('',(1.,0.,0.));
#1103 = PCURVE('',#101,#1104);
#1104 = DEFINITIONAL_REPRESENTATION('',(#1105),#1109);
#1105 = LINE('',#1106,#1107);
#1106 = CARTESIAN_POINT('',(51.,46.));
#1107 = VECTOR('',#1108,1.);
#1108 = DIRECTION('',(1.,0.));
#1109 = ( GEOMETRIC_REPRESENTATION_CONTEXT(2) 
PARAMETRIC_REPRESENTATION_CONTEXT() REPRESENTATION_CONTEXT('2D SPACE',''
  ) );
#1110 = PCURVE('',#1111,#1116);
#1111 = CYLINDRICAL_SURFACE('',#1112,6.);
#1112 = AXIS2_PLACEMENT_3D('',#1113,#1114,#1115);
#1113 = CARTESIAN_POINT('',(20.,20.,21.));
#1114 = DIRECTION('',(1.,0.,0.));
#1115 = DIRECTION('',(-0.,1.,0.));
#1116 = DEFINITIONAL_REPRESENTATION('',(#1117),#1121);
#1117 = LINE('',#1118,#1119);
#1118 = CARTESIAN_POINT('',(1.570796326795,0.));
#1119 = VECTOR('',#1120,1.);
#1120 = DIRECTION('',(0.,1.));
#1121 = ( GEOMETRIC_REPRESENTATION_CONTEXT(2) 
PARAMETRIC_REPRESENTATION_CONTEXT() REPRESENTATION_CONTEXT('2D SPACE',''
  ) );
#1122 = ORIENTED_EDGE('',*,*,#1123,.T.);
#1123 = EDGE_CURVE('',#1096,#921,#1124,.T.);
#1124 = SURFACE_CURVE('',#1125,(#1129,#1136),.PCURVE_S1.);
#1125 = LINE('',#1126,#1127);
#1126 = CARTESIAN_POINT('',(20.5,20.,27.));
#1127 = VECTOR('',#1128,1.);
#1128 = DIRECTION('',(-0.,-1.,-0.));
#1129 = PCURVE('',#101,#1130);
#1130 = DEFINITIONAL_REPRESENTATION('',(#1131),#1135);
#1131 = LINE('',#1132,#1133);
#1132 = CARTESIAN_POINT('',(51.5,46.));
#1133 = VECTOR('',#1134,1.);
#1134 = DIRECTION('',(0.,-1.));
#1135 = ( GEOMETRIC_REPRESENTATION_CONTEXT(2) 
PARAMETRIC_REPRESENTATION_CONTEXT() REPRESENTATION_CONTEXT('2D SPACE',''
  ) );
#1136 = PCURVE('',#1137,#1142);
#1137 = PLANE('',#1138);
#1138 = AXIS2_PLACEMENT_3D('',#1139,#1140,#1141);
#1139 = CARTESIAN_POINT('',(20.25,20.,26.75));
#1140 = DIRECTION('',(0.707106781187,0.,-0.707106781187));
#1141 = DIRECTION('',(-0.,1.,0.));
#1142 = DEFINITIONAL_REPRESENTATION('',(#1143),#1147);
#1143 = LINE('',#1144,#1145);
#1144 = CARTESIAN_POINT('',(-0.,0.353553390593));
#1145 = VECTOR('',#1146,1.);
#1146 = DIRECTION('',(-1.,0.));
#1147 = ( GEOMETRIC_REPRESENTATION_CONTEXT(2) 
PARAMETRIC_REPRESENTATION_CONTEXT() REPRESENTATION_CONTEXT('2D SPACE',''
  ) );
#1148 = ADVANCED_FACE('',(#1149),#219,.F.);
#1149 = FACE_BOUND('',#1150,.F.);
#1150 = EDGE_LOOP('',(#1151,#1176,#1204,#1225,#1226,#1247,#1248,#1249,
    #1272,#1300,#1323,#1351));
#1151 = ORIENTED_EDGE('',*,*,#1152,.F.);
#1152 = EDGE_CURVE('',#1153,#1155,#1157,.T.);
#1153 = VERTEX_POINT('',#1154);
#1154 = CARTESIAN_POINT('',(-20.5,-20.,-27.));
#1155 = VERTEX_POINT('',#1156);
#1156 = CARTESIAN_POINT('',(20.5,-20.,-27.));
#1157 = SURFACE_CURVE('',#1158,(#1162,#1169),.PCURVE_S1.);
#1158 = LINE('',#1159,#1160);
#1159 = CARTESIAN_POINT('',(-31.,-20.,-27.));
#1160 = VECTOR('',#1161,1.);
#1161 = DIRECTION('',(1.,0.,0.));
#1162 = PCURVE('',#219,#1163);
#1163 = DEFINITIONAL_REPRESENTATION('',(#1164),#1168);
#1164 = LINE('',#1165,#1166);
#1165 = CARTESIAN_POINT('',(0.,6.));
#1166 = VECTOR('',#1167,1.);
#1167 = DIRECTION('',(1.,0.));
#1168 = ( GEOMETRIC_REPRESENTATION_CONTEXT(2) 
PARAMETRIC_REPRESENTATION_CONTEXT() REPRESENTATION_CONTEXT('2D SPACE',''
  ) );
#1169 = PCURVE('',#936,#1170);
#1170 = DEFINITIONAL_REPRESENTATION('',(#1171),#1175);
#1171 = LINE('',#1172,#1173);
#1172 = CARTESIAN_POINT('',(0.,0.));
#1173 = VECTOR('',#1174,1.);
#1174 = DIRECTION('',(0.,1.));
#1175 = ( GEOMETRIC_REPRESENTATION_CONTEXT(2) 
PARAMETRIC_REPRESENTATION_CONTEXT() REPRESENTATION_CONTEXT('2D SPACE',''
  ) );
#1176 = ORIENTED_EDGE('',*,*,#1177,.T.);
#1177 = EDGE_CURVE('',#1153,#1178,#1180,.T.);
#1178 = VERTEX_POINT('',#1179);
#1179 = CARTESIAN_POINT('',(-20.5,20.,-27.));
#1180 = SURFACE_CURVE('',#1181,(#1185,#1192),.PCURVE_S1.);
#1181 = LINE('',#1182,#1183);
#1182 = CARTESIAN_POINT('',(-20.5,-20.,-27.));
#1183 = VECTOR('',#1184,1.);
#1184 = DIRECTION('',(0.,1.,0.));
#1185 = PCURVE('',#219,#1186);
#1186 = DEFINITIONAL_REPRESENTATION('',(#1187),#1191);
#1187 = LINE('',#1188,#1189);
#1188 = CARTESIAN_POINT('',(10.5,6.));
#1189 = VECTOR('',#1190,1.);
#1190 = DIRECTION('',(0.,1.));
#1191 = ( GEOMETRIC_REPRESENTATION_CONTEXT(2) 
PARAMETRIC_REPRESENTATION_CONTEXT() REPRESENTATION_CONTEXT('2D SPACE',''
  ) );
#1192 = PCURVE('',#1193,#1198);
#1193 = PLANE('',#1194);
#1194 = AXIS2_PLACEMENT_3D('',#1195,#1196,#1197);
#1195 = CARTESIAN_POINT('',(-20.25,-20.,-26.75));
#1196 = DIRECTION('',(-0.707106781187,0.,0.707106781187));
#1197 = DIRECTION('',(-0.,-1.,-0.));
#1198 = DEFINITIONAL_REPRESENTATION('',(#1199),#1203);
#1199 = LINE('',#1200,#1201);
#1200 = CARTESIAN_POINT('',(-0.,-0.353553390593));
#1201 = VECTOR('',#1202,1.);
#1202 = DIRECTION('',(-1.,0.));
#1203 = ( GEOMETRIC_REPRESENTATION_CONTEXT(2) 
PARAMETRIC_REPRESENTATION_CONTEXT() REPRESENTATION_CONTEXT('2D SPACE',''
  ) );
#1204 = ORIENTED_EDGE('',*,*,#1205,.F.);
#1205 = EDGE_CURVE('',#458,#1178,#1206,.T.);
#1206 = SURFACE_CURVE('',#1207,(#1211,#1218),.PCURVE_S1.);
#1207 = LINE('',#1208,#1209);
#1208 = CARTESIAN_POINT('',(-31.,20.,-27.));
#1209 = VECTOR('',#1210,1.);
#1210 = DIRECTION('',(1.,0.,0.));
#1211 = PCURVE('',#219,#1212);
#1212 = DEFINITIONAL_REPRESENTATION('',(#1213),#1217);
#1213 = LINE('',#1214,#1215);
#1214 = CARTESIAN_POINT('',(0.,46.));
#1215 = VECTOR('',#1216,1.);
#1216 = DIRECTION('',(1.,0.));
#1217 = ( GEOMETRIC_REPRESENTATION_CONTEXT(2) 
PARAMETRIC_REPRESENTATION_CONTEXT() REPRESENTATION_CONTEXT('2D SPACE',''
  ) );
#1218 = PCURVE('',#501,#1219);
#1219 = DEFINITIONAL_REPRESENTATION('',(#1220),#1224);
#1220 = LINE('',#1221,#1222);
#1221 = CARTESIAN_POINT('',(-1.570796326795,0.));
#1222 = VECTOR('',#1223,1.);
#1223 = DIRECTION('',(-0.,1.));
#1224 = ( GEOMETRIC_REPRESENTATION_CONTEXT(2) 
PARAMETRIC_REPRESENTATION_CONTEXT() REPRESENTATION_CONTEXT('2D SPACE',''
  ) );
#1225 = ORIENTED_EDGE('',*,*,#457,.F.);
#1226 = ORIENTED_EDGE('',*,*,#1227,.T.);
#1227 = EDGE_CURVE('',#429,#803,#1228,.T.);
#1228 = SURFACE_CURVE('',#1229,(#1233,#1240),.PCURVE_S1.);
#1229 = LINE('',#1230,#1231);
#1230 = CARTESIAN_POINT('',(-31.,-20.,-27.));
#1231 = VECTOR('',#1232,1.);
#1232 = DIRECTION('',(1.,0.,0.));
#1233 = PCURVE('',#219,#1234);
#1234 = DEFINITIONAL_REPRESENTATION('',(#1235),#1239);
#1235 = LINE('',#1236,#1237);
#1236 = CARTESIAN_POINT('',(0.,6.));
#1237 = VECTOR('',#1238,1.);
#1238 = DIRECTION('',(1.,0.));
#1239 = ( GEOMETRIC_REPRESENTATION_CONTEXT(2) 
PARAMETRIC_REPRESENTATION_CONTEXT() REPRESENTATION_CONTEXT('2D SPACE',''
  ) );
#1240 = PCURVE('',#445,#1241);
#1241 = DEFINITIONAL_REPRESENTATION('',(#1242),#1246);
#1242 = LINE('',#1243,#1244);
#1243 = CARTESIAN_POINT('',(1.570796326795,0.));
#1244 = VECTOR('',#1245,1.);
#1245 = DIRECTION('',(0.,1.));
#1246 = ( GEOMETRIC_REPRESENTATION_CONTEXT(2) 
PARAMETRIC_REPRESENTATION_CONTEXT() REPRESENTATION_CONTEXT('2D SPACE',''
  ) );
#1247 = ORIENTED_EDGE('',*,*,#802,.F.);
#1248 = ORIENTED_EDGE('',*,*,#203,.T.);
#1249 = ORIENTED_EDGE('',*,*,#1250,.T.);
#1250 = EDGE_CURVE('',#175,#1251,#1253,.T.);
#1251 = VERTEX_POINT('',#1252);
#1252 = CARTESIAN_POINT('',(27.,-20.,-27.));
#1253 = SURFACE_CURVE('',#1254,(#1258,#1265),.PCURVE_S1.);
#1254 = LINE('',#1255,#1256);
#1255 = CARTESIAN_POINT('',(27.,-26.,-27.));
#1256 = VECTOR('',#1257,1.);
#1257 = DIRECTION('',(0.,1.,0.));
#1258 = PCURVE('',#219,#1259);
#1259 = DEFINITIONAL_REPRESENTATION('',(#1260),#1264);
#1260 = LINE('',#1261,#1262);
#1261 = CARTESIAN_POINT('',(58.,0.));
#1262 = VECTOR('',#1263,1.);
#1263 = DIRECTION('',(0.,1.));
#1264 = ( GEOMETRIC_REPRESENTATION_CONTEXT(2) 
PARAMETRIC_REPRESENTATION_CONTEXT() REPRESENTATION_CONTEXT('2D SPACE',''
  ) );
#1265 = PCURVE('',#191,#1266);
#1266 = DEFINITIONAL_REPRESENTATION('',(#1267),#1271);
#1267 = LINE('',#1268,#1269);
#1268 = CARTESIAN_POINT('',(1.570796326795,0.));
#1269 = VECTOR('',#1270,1.);
#1270 = DIRECTION('',(0.,1.));
#1271 = ( GEOMETRIC_REPRESENTATION_CONTEXT(2) 
PARAMETRIC_REPRESENTATION_CONTEXT() REPRESENTATION_CONTEXT('2D SPACE',''
  ) );
#1272 = ORIENTED_EDGE('',*,*,#1273,.T.);
#1273 = EDGE_CURVE('',#1251,#1274,#1276,.T.);
#1274 = VERTEX_POINT('',#1275);
#1275 = CARTESIAN_POINT('',(31.,-20.,-27.));
#1276 = SURFACE_CURVE('',#1277,(#1281,#1288),.PCURVE_S1.);
#1277 = LINE('',#1278,#1279);
#1278 = CARTESIAN_POINT('',(20.,-20.,-27.));
#1279 = VECTOR('',#1280,1.);
#1280 = DIRECTION('',(1.,0.,0.));
#1281 = PCURVE('',#219,#1282);
#1282 = DEFINITIONAL_REPRESENTATION('',(#1283),#1287);
#1283 = LINE('',#1284,#1285);
#1284 = CARTESIAN_POINT('',(51.,6.));
#1285 = VECTOR('',#1286,1.);
#1286 = DIRECTION('',(1.,0.));
#1287 = ( GEOMETRIC_REPRESENTATION_CONTEXT(2) 
PARAMETRIC_REPRESENTATION_CONTEXT() REPRESENTATION_CONTEXT('2D SPACE',''
  ) );
#1288 = PCURVE('',#1289,#1294);
#1289 = CYLINDRICAL_SURFACE('',#1290,6.);
#1290 = AXIS2_PLACEMENT_3D('',#1291,#1292,#1293);
#1291 = CARTESIAN_POINT('',(20.,-20.,-21.));
#1292 = DIRECTION('',(1.,0.,0.));
#1293 = DIRECTION('',(0.,-1.,-0.));
#1294 = DEFINITIONAL_REPRESENTATION('',(#1295),#1299);
#1295 = LINE('',#1296,#1297);
#1296 = CARTESIAN_POINT('',(1.570796326795,0.));
#1297 = VECTOR('',#1298,1.);
#1298 = DIRECTION('',(0.,1.));
#1299 = ( GEOMETRIC_REPRESENTATION_CONTEXT(2) 
PARAMETRIC_REPRESENTATION_CONTEXT() REPRESENTATION_CONTEXT('2D SPACE',''
  ) );
#1300 = ORIENTED_EDGE('',*,*,#1301,.T.);
#1301 = EDGE_CURVE('',#1274,#1302,#1304,.T.);
#1302 = VERTEX_POINT('',#1303);
#1303 = CARTESIAN_POINT('',(31.,20.,-27.));
#1304 = SURFACE_CURVE('',#1305,(#1309,#1316),.PCURVE_S1.);
#1305 = LINE('',#1306,#1307);
#1306 = CARTESIAN_POINT('',(31.,-26.,-27.));
#1307 = VECTOR('',#1308,1.);
#1308 = DIRECTION('',(0.,1.,0.));
#1309 = PCURVE('',#219,#1310);
#1310 = DEFINITIONAL_REPRESENTATION('',(#1311),#1315);
#1311 = LINE('',#1312,#1313);
#1312 = CARTESIAN_POINT('',(62.,0.));
#1313 = VECTOR('',#1314,1.);
#1314 = DIRECTION('',(0.,1.));
#1315 = ( GEOMETRIC_REPRESENTATION_CONTEXT(2) 
PARAMETRIC_REPRESENTATION_CONTEXT() REPRESENTATION_CONTEXT('2D SPACE',''
  ) );
#1316 = PCURVE('',#162,#1317);
#1317 = DEFINITIONAL_REPRESENTATION('',(#1318),#1322);
#1318 = LINE('',#1319,#1320);
#1319 = CARTESIAN_POINT('',(0.,0.));
#1320 = VECTOR('',#1321,1.);
#1321 = DIRECTION('',(0.,-1.));
#1322 = ( GEOMETRIC_REPRESENTATION_CONTEXT(2) 
PARAMETRIC_REPRESENTATION_CONTEXT() REPRESENTATION_CONTEXT('2D SPACE',''
  ) );
#1323 = ORIENTED_EDGE('',*,*,#1324,.F.);
#1324 = EDGE_CURVE('',#1325,#1302,#1327,.T.);
#1325 = VERTEX_POINT('',#1326);
#1326 = CARTESIAN_POINT('',(20.5,20.,-27.));
#1327 = SURFACE_CURVE('',#1328,(#1332,#1339),.PCURVE_S1.);
#1328 = LINE('',#1329,#1330);
#1329 = CARTESIAN_POINT('',(20.,20.,-27.));
#1330 = VECTOR('',#1331,1.);
#1331 = DIRECTION('',(1.,0.,0.));
#1332 = PCURVE('',#219,#1333);
#1333 = DEFINITIONAL_REPRESENTATION('',(#1334),#1338);
#1334 = LINE('',#1335,#1336);
#1335 = CARTESIAN_POINT('',(51.,46.));
#1336 = VECTOR('',#1337,1.);
#1337 = DIRECTION('',(1.,0.));
#1338 = ( GEOMETRIC_REPRESENTATION_CONTEXT(2) 
PARAMETRIC_REPRESENTATION_CONTEXT() REPRESENTATION_CONTEXT('2D SPACE',''
  ) );
#1339 = PCURVE('',#1340,#1345);
#1340 = CYLINDRICAL_SURFACE('',#1341,6.);
#1341 = AXIS2_PLACEMENT_3D('',#1342,#1343,#1344);
#1342 = CARTESIAN_POINT('',(20.,20.,-21.));
#1343 = DIRECTION('',(1.,0.,0.));
#1344 = DIRECTION('',(-0.,1.,0.));
#1345 = DEFINITIONAL_REPRESENTATION('',(#1346),#1350);
#1346 = LINE('',#1347,#1348);
#1347 = CARTESIAN_POINT('',(-1.570796326795,0.));
#1348 = VECTOR('',#1349,1.);
#1349 = DIRECTION('',(-0.,1.));
#1350 = ( GEOMETRIC_REPRESENTATION_CONTEXT(2) 
PARAMETRIC_REPRESENTATION_CONTEXT() REPRESENTATION_CONTEXT('2D SPACE',''
  ) );
#1351 = ORIENTED_EDGE('',*,*,#1352,.F.);
#1352 = EDGE_CURVE('',#1155,#1325,#1353,.T.);
#1353 = SURFACE_CURVE('',#1354,(#1358,#1365),.PCURVE_S1.);
#1354 = LINE('',#1355,#1356);
#1355 = CARTESIAN_POINT('',(20.5,-20.,-27.));
#1356 = VECTOR('',#1357,1.);
#1357 = DIRECTION('',(0.,1.,0.));
#1358 = PCURVE('',#219,#1359);
#1359 = DEFINITIONAL_REPRESENTATION('',(#1360),#1364);
#1360 = LINE('',#1361,#1362);
#1361 = CARTESIAN_POINT('',(51.5,6.));
#1362 = VECTOR('',#1363,1.);
#1363 = DIRECTION('',(0.,1.));
#1364 = ( GEOMETRIC_REPRESENTATION_CONTEXT(2) 
PARAMETRIC_REPRESENTATION_CONTEXT() REPRESENTATION_CONTEXT('2D SPACE',''
  ) );
#1365 = PCURVE('',#1366,#1371);
#1366 = PLANE('',#1367);
#1367 = AXIS2_PLACEMENT_3D('',#1368,#1369,#1370);
#1368 = CARTESIAN_POINT('',(20.25,-20.,-26.75));
#1369 = DIRECTION('',(-0.707106781187,0.,-0.707106781187));
#1370 = DIRECTION('',(0.,1.,0.));
#1371 = DEFINITIONAL_REPRESENTATION('',(#1372),#1376);
#1372 = LINE('',#1373,#1374);
#1373 = CARTESIAN_POINT('',(0.,0.353553390593));
#1374 = VECTOR('',#1375,1.);
#1375 = DIRECTION('',(1.,0.));
#1376 = ( GEOMETRIC_REPRESENTATION_CONTEXT(2) 
PARAMETRIC_REPRESENTATION_CONTEXT() REPRESENTATION_CONTEXT('2D SPACE',''
  ) );
#1377 = ADVANCED_FACE('',(#1378),#134,.T.);
#1378 = FACE_BOUND('',#1379,.F.);
#1379 = EDGE_LOOP('',(#1380,#1403,#1404,#1405));
#1380 = ORIENTED_EDGE('',*,*,#1381,.F.);
#1381 = EDGE_CURVE('',#114,#1382,#1384,.T.);
#1382 = VERTEX_POINT('',#1383);
#1383 = CARTESIAN_POINT('',(31.,-25.65685424949,23.));
#1384 = SURFACE_CURVE('',#1385,(#1389,#1396),.PCURVE_S1.);
#1385 = LINE('',#1386,#1387);
#1386 = CARTESIAN_POINT('',(31.,-26.,23.));
#1387 = VECTOR('',#1388,1.);
#1388 = DIRECTION('',(0.,1.,0.));
#1389 = PCURVE('',#134,#1390);
#1390 = DEFINITIONAL_REPRESENTATION('',(#1391),#1395);
#1391 = LINE('',#1392,#1393);
#1392 = CARTESIAN_POINT('',(-0.,0.));
#1393 = VECTOR('',#1394,1.);
#1394 = DIRECTION('',(-0.,1.));
#1395 = ( GEOMETRIC_REPRESENTATION_CONTEXT(2) 
PARAMETRIC_REPRESENTATION_CONTEXT() REPRESENTATION_CONTEXT('2D SPACE',''
  ) );
#1396 = PCURVE('',#162,#1397);
#1397 = DEFINITIONAL_REPRESENTATION('',(#1398),#1402);
#1398 = LINE('',#1399,#1400);
#1399 = CARTESIAN_POINT('',(50.,0.));
#1400 = VECTOR('',#1401,1.);
#1401 = DIRECTION('',(0.,-1.));
#1402 = ( GEOMETRIC_REPRESENTATION_CONTEXT(2) 
PARAMETRIC_REPRESENTATION_CONTEXT() REPRESENTATION_CONTEXT('2D SPACE',''
  ) );
#1403 = ORIENTED_EDGE('',*,*,#113,.T.);
#1404 = ORIENTED_EDGE('',*,*,#1021,.T.);
#1405 = ORIENTED_EDGE('',*,*,#1406,.F.);
#1406 = EDGE_CURVE('',#1382,#1022,#1407,.T.);
#1407 = SURFACE_CURVE('',#1408,(#1435,#1465),.PCURVE_S1.);
#1408 = B_SPLINE_CURVE_WITH_KNOTS('',7,(#1409,#1410,#1411,#1412,#1413,
    #1414,#1415,#1416,#1417,#1418,#1419,#1420,#1421,#1422,#1423,#1424,
    #1425,#1426,#1427,#1428,#1429,#1430,#1431,#1432,#1433,#1434),
  .UNSPECIFIED.,.F.,.F.,(8,6,6,6,8),(0.,0.159965750991,0.297264856398,
    0.630669293928,1.),.UNSPECIFIED.);
#1409 = CARTESIAN_POINT('',(31.,-25.65685424949,23.));
#1410 = CARTESIAN_POINT('',(31.,-25.57786484079,23.223415786125));
#1411 = CARTESIAN_POINT('',(30.985441671353,-25.48995306075,
    23.439310929761));
#1412 = CARTESIAN_POINT('',(30.958088649566,-25.39413816952,
    23.64685354279));
#1413 = CARTESIAN_POINT('',(30.919609261561,-25.29154523296,
    23.845407028355));
#1414 = CARTESIAN_POINT('',(30.871611643598,-25.18337152446,
    24.03449283498));
#1415 = CARTESIAN_POINT('',(30.81566538313,-25.07086818601,
    24.213764335892));
#1416 = CARTESIAN_POINT('',(30.699789593091,-24.85617649671,
    24.52824032513));
#1417 = CARTESIAN_POINT('',(30.641324718411,-24.75437128389,
    24.666695484462));
#1418 = CARTESIAN_POINT('',(30.578634113186,-24.65037341286,
    24.798596589884));
#1419 = CARTESIAN_POINT('',(30.512313192665,-24.54455234223,
    24.924221504817));
#1420 = CARTESIAN_POINT('',(30.442844353984,-24.43719608026,
    25.043873391692));
#1421 = CARTESIAN_POINT('',(30.370607595432,-24.32851217884,
    25.157867425878));
#1422 = CARTESIAN_POINT('',(30.114456601649,-23.95179792623,
    25.530353315016));
#1423 = CARTESIAN_POINT('',(29.917810884391,-23.67702973442,
    25.763533991311));
#1424 = CARTESIAN_POINT('',(29.710971689347,-23.39766456217,
    25.968632699513));
#1425 = CARTESIAN_POINT('',(29.497104913695,-23.1157290375,
    26.148393459282));
#1426 = CARTESIAN_POINT('',(29.278020424887,-22.83207137506,
    26.305364756925));
#1427 = CARTESIAN_POINT('',(29.054443632281,-22.54658504883,
    26.441662017102));
#1428 = CARTESIAN_POINT('',(28.573501723556,-21.9390915926,
    26.688469555453));
#1429 = CARTESIAN_POINT('',(28.315998639601,-21.61760952051,
    26.794153096896));
#1430 = CARTESIAN_POINT('',(28.055441024956,-21.29496096581,
    26.877207086013));
#1431 = CARTESIAN_POINT('',(27.792939137298,-20.97172729031,
    26.938749451015));
#1432 = CARTESIAN_POINT('',(27.529211473803,-20.6481496458,
    26.979555620504));
#1433 = CARTESIAN_POINT('',(27.264754465767,-20.32425650147,
    27.000000021877));
#1434 = CARTESIAN_POINT('',(27.,-20.,27.));
#1435 = PCURVE('',#134,#1436);
#1436 = DEFINITIONAL_REPRESENTATION('',(#1437),#1464);
#1437 = B_SPLINE_CURVE_WITH_KNOTS('',7,(#1438,#1439,#1440,#1441,#1442,
    #1443,#1444,#1445,#1446,#1447,#1448,#1449,#1450,#1451,#1452,#1453,
    #1454,#1455,#1456,#1457,#1458,#1459,#1460,#1461,#1462,#1463),
  .UNSPECIFIED.,.F.,.F.,(8,6,6,6,8),(0.,0.159965750991,0.297264856398,
    0.630669293928,1.),.UNSPECIFIED.);
#1438 = CARTESIAN_POINT('',(0.,0.343145750508));
#1439 = CARTESIAN_POINT('',(-5.585394653127E-02,0.422135159204));
#1440 = CARTESIAN_POINT('',(-0.109827791718,0.510046939245));
#1441 = CARTESIAN_POINT('',(-0.161997826051,0.605861830472));
#1442 = CARTESIAN_POINT('',(-0.212404140701,0.708454767036));
#1443 = CARTESIAN_POINT('',(-0.261058521902,0.816628475534));
#1444 = CARTESIAN_POINT('',(-0.307948247676,0.929131813983));
#1445 = CARTESIAN_POINT('',(-0.391734563133,1.143823503282));
#1446 = CARTESIAN_POINT('',(-0.429267315352,1.245628716104));
#1447 = CARTESIAN_POINT('',(-0.465722059759,1.349626587138));
#1448 = CARTESIAN_POINT('',(-0.501182338357,1.455447657769));
#1449 = CARTESIAN_POINT('',(-0.53572934709,1.562803919736));
#1450 = CARTESIAN_POINT('',(-0.569444063973,1.671487821155));
#1451 = CARTESIAN_POINT('',(-0.682459292268,2.048202073763));
#1452 = CARTESIAN_POINT('',(-0.758349298781,2.322970265571));
#1453 = CARTESIAN_POINT('',(-0.830735972617,2.602335437823));
#1454 = CARTESIAN_POINT('',(-0.900184250757,2.884270962492));
#1455 = CARTESIAN_POINT('',(-0.967261357489,3.167928624934));
#1456 = CARTESIAN_POINT('',(-1.032546951125,3.45341495117));
#1457 = CARTESIAN_POINT('',(-1.167690180829,4.060908407393));
#1458 = CARTESIAN_POINT('',(-1.237027648024,4.382390479487));
#1459 = CARTESIAN_POINT('',(-1.305046037152,4.705039034183));
#1460 = CARTESIAN_POINT('',(-1.372088433694,5.028272709682));
#1461 = CARTESIAN_POINT('',(-1.438493123817,5.351850354192));
#1462 = CARTESIAN_POINT('',(-1.50460780509,5.675743498528));
#1463 = CARTESIAN_POINT('',(-1.570796326795,6.));
#1464 = ( GEOMETRIC_REPRESENTATION_CONTEXT(2) 
PARAMETRIC_REPRESENTATION_CONTEXT() REPRESENTATION_CONTEXT('2D SPACE',''
  ) );
#1465 = PCURVE('',#1060,#1466);
#1466 = DEFINITIONAL_REPRESENTATION('',(#1467),#1494);
#1467 = B_SPLINE_CURVE_WITH_KNOTS('',7,(#1468,#1469,#1470,#1471,#1472,
    #1473,#1474,#1475,#1476,#1477,#1478,#1479,#1480,#1481,#1482,#1483,
    #1484,#1485,#1486,#1487,#1488,#1489,#1490,#1491,#1492,#1493),
  .UNSPECIFIED.,.F.,.F.,(8,6,6,6,8),(0.,0.159965750991,0.297264856398,
    0.630669293928,1.),.UNSPECIFIED.);
#1468 = CARTESIAN_POINT('',(-0.339836909454,11.));
#1469 = CARTESIAN_POINT('',(-0.379331613802,11.));
#1470 = CARTESIAN_POINT('',(-0.41814023823,10.985441671353));
#1471 = CARTESIAN_POINT('',(-0.45617613168,10.958088649566));
#1472 = CARTESIAN_POINT('',(-0.49336146073,10.919609261561));
#1473 = CARTESIAN_POINT('',(-0.529619194786,10.871611643598));
#1474 = CARTESIAN_POINT('',(-0.564867751641,10.81566538313));
#1475 = CARTESIAN_POINT('',(-0.628329828957,10.699789593091));
#1476 = CARTESIAN_POINT('',(-0.656954783175,10.641324718411));
#1477 = CARTESIAN_POINT('',(-0.684924754382,10.578634113186));
#1478 = CARTESIAN_POINT('',(-0.712275743514,10.512313192665));
#1479 = CARTESIAN_POINT('',(-0.739048208087,10.442844353984));
#1480 = CARTESIAN_POINT('',(-0.765287106186,10.370607595432));
#1481 = CARTESIAN_POINT('',(-0.853582595835,10.114456601649));
#1482 = CARTESIAN_POINT('',(-0.91347164188,9.917810884391));
#1483 = CARTESIAN_POINT('',(-0.971014336495,9.710971689347));
#1484 = CARTESIAN_POINT('',(-1.026538896167,9.497104913694));
#1485 = CARTESIAN_POINT('',(-1.080413265392,9.278020424887));
#1486 = CARTESIAN_POINT('',(-1.133045448552,9.054443632281));
#1487 = CARTESIAN_POINT('',(-1.242331294482,8.573501723556));
#1488 = CARTESIAN_POINT('',(-1.298601141038,8.315998639601));
#1489 = CARTESIAN_POINT('',(-1.353940762133,8.055441024956));
#1490 = CARTESIAN_POINT('',(-1.40858413979,7.792939137298));
#1491 = CARTESIAN_POINT('',(-1.462771279584,7.529211473803));
#1492 = CARTESIAN_POINT('',(-1.516753606384,7.264754465767));
#1493 = CARTESIAN_POINT('',(-1.570796326795,7.));
#1494 = ( GEOMETRIC_REPRESENTATION_CONTEXT(2) 
PARAMETRIC_REPRESENTATION_CONTEXT() REPRESENTATION_CONTEXT('2D SPACE',''
  ) );
#1495 = ADVANCED_FACE('',(#1496),#191,.T.);
#1496 = FACE_BOUND('',#1497,.T.);
#1497 = EDGE_LOOP('',(#1498,#1521,#1522,#1523));
#1498 = ORIENTED_EDGE('',*,*,#1499,.F.);
#1499 = EDGE_CURVE('',#147,#1500,#1502,.T.);
#1500 = VERTEX_POINT('',#1501);
#1501 = CARTESIAN_POINT('',(31.,-25.65685424949,-23.));
#1502 = SURFACE_CURVE('',#1503,(#1507,#1514),.PCURVE_S1.);
#1503 = LINE('',#1504,#1505);
#1504 = CARTESIAN_POINT('',(31.,-26.,-23.));
#1505 = VECTOR('',#1506,1.);
#1506 = DIRECTION('',(0.,1.,0.));
#1507 = PCURVE('',#191,#1508);
#1508 = DEFINITIONAL_REPRESENTATION('',(#1509),#1513);
#1509 = LINE('',#1510,#1511);
#1510 = CARTESIAN_POINT('',(0.,0.));
#1511 = VECTOR('',#1512,1.);
#1512 = DIRECTION('',(0.,1.));
#1513 = ( GEOMETRIC_REPRESENTATION_CONTEXT(2) 
PARAMETRIC_REPRESENTATION_CONTEXT() REPRESENTATION_CONTEXT('2D SPACE',''
  ) );
#1514 = PCURVE('',#162,#1515);
#1515 = DEFINITIONAL_REPRESENTATION('',(#1516),#1520);
#1516 = LINE('',#1517,#1518);
#1517 = CARTESIAN_POINT('',(4.,0.));
#1518 = VECTOR('',#1519,1.);
#1519 = DIRECTION('',(0.,-1.));
#1520 = ( GEOMETRIC_REPRESENTATION_CONTEXT(2) 
PARAMETRIC_REPRESENTATION_CONTEXT() REPRESENTATION_CONTEXT('2D SPACE',''
  ) );
#1521 = ORIENTED_EDGE('',*,*,#174,.T.);
#1522 = ORIENTED_EDGE('',*,*,#1250,.T.);
#1523 = ORIENTED_EDGE('',*,*,#1524,.F.);
#1524 = EDGE_CURVE('',#1500,#1251,#1525,.T.);
#1525 = SURFACE_CURVE('',#1526,(#1553,#1583),.PCURVE_S1.);
#1526 = B_SPLINE_CURVE_WITH_KNOTS('',7,(#1527,#1528,#1529,#1530,#1531,
    #1532,#1533,#1534,#1535,#1536,#1537,#1538,#1539,#1540,#1541,#1542,
    #1543,#1544,#1545,#1546,#1547,#1548,#1549,#1550,#1551,#1552),
  .UNSPECIFIED.,.F.,.F.,(8,6,6,6,8),(0.,0.159965750991,0.297264856398,
    0.630669293929,1.),.UNSPECIFIED.);
#1527 = CARTESIAN_POINT('',(31.,-25.65685424949,-23.));
#1528 = CARTESIAN_POINT('',(31.,-25.57786484079,-23.22341578612));
#1529 = CARTESIAN_POINT('',(30.985441671353,-25.48995306075,
    -23.43931092976));
#1530 = CARTESIAN_POINT('',(30.958088649566,-25.39413816952,
    -23.64685354279));
#1531 = CARTESIAN_POINT('',(30.919609261561,-25.29154523296,
    -23.84540702835));
#1532 = CARTESIAN_POINT('',(30.871611643598,-25.18337152446,
    -24.03449283498));
#1533 = CARTESIAN_POINT('',(30.81566538313,-25.07086818601,
    -24.21376433589));
#1534 = CARTESIAN_POINT('',(30.699789593091,-24.85617649671,
    -24.52824032513));
#1535 = CARTESIAN_POINT('',(30.641324718412,-24.75437128389,
    -24.66669548446));
#1536 = CARTESIAN_POINT('',(30.578634113186,-24.65037341286,
    -24.79859658988));
#1537 = CARTESIAN_POINT('',(30.512313192665,-24.54455234223,
    -24.92422150481));
#1538 = CARTESIAN_POINT('',(30.442844353984,-24.43719608026,
    -25.04387339169));
#1539 = CARTESIAN_POINT('',(30.370607595432,-24.32851217884,
    -25.15786742587));
#1540 = CARTESIAN_POINT('',(30.114456601649,-23.95179792623,
    -25.53035331501));
#1541 = CARTESIAN_POINT('',(29.917810884392,-23.67702973443,
    -25.76353399131));
#1542 = CARTESIAN_POINT('',(29.710971689345,-23.39766456217,
    -25.96863269951));
#1543 = CARTESIAN_POINT('',(29.497104913697,-23.11572903751,
    -26.14839345928));
#1544 = CARTESIAN_POINT('',(29.278020424886,-22.83207137506,
    -26.30536475692));
#1545 = CARTESIAN_POINT('',(29.054443632282,-22.54658504883,
    -26.4416620171));
#1546 = CARTESIAN_POINT('',(28.573501723557,-21.9390915926,
    -26.68846955545));
#1547 = CARTESIAN_POINT('',(28.315998639601,-21.61760952051,
    -26.79415309689));
#1548 = CARTESIAN_POINT('',(28.055441024955,-21.29496096581,
    -26.87720708601));
#1549 = CARTESIAN_POINT('',(27.792939137297,-20.97172729031,
    -26.93874945101));
#1550 = CARTESIAN_POINT('',(27.529211473803,-20.6481496458,
    -26.9795556205));
#1551 = CARTESIAN_POINT('',(27.264754465768,-20.32425650147,
    -27.00000002187));
#1552 = CARTESIAN_POINT('',(27.,-20.,-27.));
#1553 = PCURVE('',#191,#1554);
#1554 = DEFINITIONAL_REPRESENTATION('',(#1555),#1582);
#1555 = B_SPLINE_CURVE_WITH_KNOTS('',7,(#1556,#1557,#1558,#1559,#1560,
    #1561,#1562,#1563,#1564,#1565,#1566,#1567,#1568,#1569,#1570,#1571,
    #1572,#1573,#1574,#1575,#1576,#1577,#1578,#1579,#1580,#1581),
  .UNSPECIFIED.,.F.,.F.,(8,6,6,6,8),(0.,0.159965750991,0.297264856398,
    0.630669293929,1.),.UNSPECIFIED.);
#1556 = CARTESIAN_POINT('',(0.,0.343145750508));
#1557 = CARTESIAN_POINT('',(5.585394653123E-02,0.422135159204));
#1558 = CARTESIAN_POINT('',(0.109827791718,0.510046939245));
#1559 = CARTESIAN_POINT('',(0.161997826051,0.605861830472));
#1560 = CARTESIAN_POINT('',(0.212404140701,0.708454767036));
#1561 = CARTESIAN_POINT('',(0.261058521902,0.816628475534));
#1562 = CARTESIAN_POINT('',(0.307948247676,0.929131813983));
#1563 = CARTESIAN_POINT('',(0.391734563133,1.143823503282));
#1564 = CARTESIAN_POINT('',(0.429267315352,1.245628716104));
#1565 = CARTESIAN_POINT('',(0.465722059759,1.349626587138));
#1566 = CARTESIAN_POINT('',(0.501182338357,1.455447657769));
#1567 = CARTESIAN_POINT('',(0.53572934709,1.562803919736));
#1568 = CARTESIAN_POINT('',(0.569444063973,1.671487821155));
#1569 = CARTESIAN_POINT('',(0.682459292268,2.048202073763));
#1570 = CARTESIAN_POINT('',(0.758349298781,2.322970265569));
#1571 = CARTESIAN_POINT('',(0.830735972617,2.602335437825));
#1572 = CARTESIAN_POINT('',(0.900184250757,2.884270962489));
#1573 = CARTESIAN_POINT('',(0.967261357489,3.167928624935));
#1574 = CARTESIAN_POINT('',(1.032546951125,3.453414951169));
#1575 = CARTESIAN_POINT('',(1.167690180828,4.060908407392));
#1576 = CARTESIAN_POINT('',(1.237027648024,4.382390479486));
#1577 = CARTESIAN_POINT('',(1.305046037152,4.705039034184));
#1578 = CARTESIAN_POINT('',(1.372088433694,5.028272709683));
#1579 = CARTESIAN_POINT('',(1.438493123816,5.351850354191));
#1580 = CARTESIAN_POINT('',(1.50460780509,5.675743498528));
#1581 = CARTESIAN_POINT('',(1.570796326795,6.));
#1582 = ( GEOMETRIC_REPRESENTATION_CONTEXT(2) 
PARAMETRIC_REPRESENTATION_CONTEXT() REPRESENTATION_CONTEXT('2D SPACE',''
  ) );
#1583 = PCURVE('',#1289,#1584);
#1584 = DEFINITIONAL_REPRESENTATION('',(#1585),#1612);
#1585 = B_SPLINE_CURVE_WITH_KNOTS('',7,(#1586,#1587,#1588,#1589,#1590,
    #1591,#1592,#1593,#1594,#1595,#1596,#1597,#1598,#1599,#1600,#1601,
    #1602,#1603,#1604,#1605,#1606,#1607,#1608,#1609,#1610,#1611),
  .UNSPECIFIED.,.F.,.F.,(8,6,6,6,8),(0.,0.159965750991,0.297264856398,
    0.630669293929,1.),.UNSPECIFIED.);
#1586 = CARTESIAN_POINT('',(0.339836909454,11.));
#1587 = CARTESIAN_POINT('',(0.379331613802,11.));
#1588 = CARTESIAN_POINT('',(0.41814023823,10.985441671353));
#1589 = CARTESIAN_POINT('',(0.45617613168,10.958088649566));
#1590 = CARTESIAN_POINT('',(0.49336146073,10.919609261561));
#1591 = CARTESIAN_POINT('',(0.529619194786,10.871611643598));
#1592 = CARTESIAN_POINT('',(0.564867751641,10.81566538313));
#1593 = CARTESIAN_POINT('',(0.628329828957,10.699789593091));
#1594 = CARTESIAN_POINT('',(0.656954783175,10.641324718412));
#1595 = CARTESIAN_POINT('',(0.684924754382,10.578634113186));
#1596 = CARTESIAN_POINT('',(0.712275743514,10.512313192665));
#1597 = CARTESIAN_POINT('',(0.739048208087,10.442844353984));
#1598 = CARTESIAN_POINT('',(0.765287106186,10.370607595432));
#1599 = CARTESIAN_POINT('',(0.853582595835,10.114456601649));
#1600 = CARTESIAN_POINT('',(0.91347164188,9.917810884392));
#1601 = CARTESIAN_POINT('',(0.971014336495,9.710971689345));
#1602 = CARTESIAN_POINT('',(1.026538896166,9.497104913697));
#1603 = CARTESIAN_POINT('',(1.080413265392,9.278020424886));
#1604 = CARTESIAN_POINT('',(1.133045448552,9.054443632282));
#1605 = CARTESIAN_POINT('',(1.242331294482,8.573501723557));
#1606 = CARTESIAN_POINT('',(1.298601141038,8.315998639601));
#1607 = CARTESIAN_POINT('',(1.353940762133,8.055441024955));
#1608 = CARTESIAN_POINT('',(1.40858413979,7.792939137297));
#1609 = CARTESIAN_POINT('',(1.462771279584,7.529211473803));
#1610 = CARTESIAN_POINT('',(1.516753606384,7.264754465768));
#1611 = CARTESIAN_POINT('',(1.570796326795,7.));
#1612 = ( GEOMETRIC_REPRESENTATION_CONTEXT(2) 
PARAMETRIC_REPRESENTATION_CONTEXT() REPRESENTATION_CONTEXT('2D SPACE',''
  ) );
#1613 = ADVANCED_FACE('',(#1614,#1747),#162,.T.);
#1614 = FACE_BOUND('',#1615,.T.);
#1615 = EDGE_LOOP('',(#1616,#1617,#1618,#1640,#1641,#1669,#1697,#1719,
    #1720,#1746));
#1616 = ORIENTED_EDGE('',*,*,#146,.F.);
#1617 = ORIENTED_EDGE('',*,*,#1499,.T.);
#1618 = ORIENTED_EDGE('',*,*,#1619,.T.);
#1619 = EDGE_CURVE('',#1500,#1274,#1620,.T.);
#1620 = SURFACE_CURVE('',#1621,(#1626,#1633),.PCURVE_S1.);
#1621 = CIRCLE('',#1622,6.);
#1622 = AXIS2_PLACEMENT_3D('',#1623,#1624,#1625);
#1623 = CARTESIAN_POINT('',(31.,-20.,-21.));
#1624 = DIRECTION('',(1.,0.,0.));
#1625 = DIRECTION('',(-0.,0.,1.));
#1626 = PCURVE('',#162,#1627);
#1627 = DEFINITIONAL_REPRESENTATION('',(#1628),#1632);
#1628 = CIRCLE('',#1629,6.);
#1629 = AXIS2_PLACEMENT_2D('',#1630,#1631);
#1630 = CARTESIAN_POINT('',(6.,-6.));
#1631 = DIRECTION('',(1.,0.));
#1632 = ( GEOMETRIC_REPRESENTATION_CONTEXT(2) 
PARAMETRIC_REPRESENTATION_CONTEXT() REPRESENTATION_CONTEXT('2D SPACE',''
  ) );
#1633 = PCURVE('',#1289,#1634);
#1634 = DEFINITIONAL_REPRESENTATION('',(#1635),#1639);
#1635 = LINE('',#1636,#1637);
#1636 = CARTESIAN_POINT('',(-1.570796326795,11.));
#1637 = VECTOR('',#1638,1.);
#1638 = DIRECTION('',(1.,0.));
#1639 = ( GEOMETRIC_REPRESENTATION_CONTEXT(2) 
PARAMETRIC_REPRESENTATION_CONTEXT() REPRESENTATION_CONTEXT('2D SPACE',''
  ) );
#1640 = ORIENTED_EDGE('',*,*,#1301,.T.);
#1641 = ORIENTED_EDGE('',*,*,#1642,.F.);
#1642 = EDGE_CURVE('',#1643,#1302,#1645,.T.);
#1643 = VERTEX_POINT('',#1644);
#1644 = CARTESIAN_POINT('',(31.,26.,-21.));
#1645 = SURFACE_CURVE('',#1646,(#1651,#1662),.PCURVE_S1.);
#1646 = CIRCLE('',#1647,6.);
#1647 = AXIS2_PLACEMENT_3D('',#1648,#1649,#1650);
#1648 = CARTESIAN_POINT('',(31.,20.,-21.));
#1649 = DIRECTION('',(-1.,0.,-0.));
#1650 = DIRECTION('',(-0.,0.,1.));
#1651 = PCURVE('',#162,#1652);
#1652 = DEFINITIONAL_REPRESENTATION('',(#1653),#1661);
#1653 = ( BOUNDED_CURVE() B_SPLINE_CURVE(2,(#1654,#1655,#1656,#1657,
#1658,#1659,#1660),.UNSPECIFIED.,.T.,.F.) B_SPLINE_CURVE_WITH_KNOTS((1,2
    ,2,2,2,1),(-2.094395102393,0.,2.094395102393,4.188790204786,
6.28318530718,8.377580409573),.UNSPECIFIED.) CURVE() 
GEOMETRIC_REPRESENTATION_ITEM() RATIONAL_B_SPLINE_CURVE((1.,0.5,1.,0.5,
1.,0.5,1.)) REPRESENTATION_ITEM('') );
#1654 = CARTESIAN_POINT('',(12.,-46.));
#1655 = CARTESIAN_POINT('',(12.,-56.39230484541));
#1656 = CARTESIAN_POINT('',(3.,-51.1961524227));
#1657 = CARTESIAN_POINT('',(-6.,-46.));
#1658 = CARTESIAN_POINT('',(3.,-40.80384757729));
#1659 = CARTESIAN_POINT('',(12.,-35.60769515458));
#1660 = CARTESIAN_POINT('',(12.,-46.));
#1661 = ( GEOMETRIC_REPRESENTATION_CONTEXT(2) 
PARAMETRIC_REPRESENTATION_CONTEXT() REPRESENTATION_CONTEXT('2D SPACE',''
  ) );
#1662 = PCURVE('',#1340,#1663);
#1663 = DEFINITIONAL_REPRESENTATION('',(#1664),#1668);
#1664 = LINE('',#1665,#1666);
#1665 = CARTESIAN_POINT('',(1.570796326795,11.));
#1666 = VECTOR('',#1667,1.);
#1667 = DIRECTION('',(-1.,0.));
#1668 = ( GEOMETRIC_REPRESENTATION_CONTEXT(2) 
PARAMETRIC_REPRESENTATION_CONTEXT() REPRESENTATION_CONTEXT('2D SPACE',''
  ) );
#1669 = ORIENTED_EDGE('',*,*,#1670,.T.);
#1670 = EDGE_CURVE('',#1643,#1671,#1673,.T.);
#1671 = VERTEX_POINT('',#1672);
#1672 = CARTESIAN_POINT('',(31.,26.,21.));
#1673 = SURFACE_CURVE('',#1674,(#1678,#1685),.PCURVE_S1.);
#1674 = LINE('',#1675,#1676);
#1675 = CARTESIAN_POINT('',(31.,26.,-27.));
#1676 = VECTOR('',#1677,1.);
#1677 = DIRECTION('',(0.,0.,1.));
#1678 = PCURVE('',#162,#1679);
#1679 = DEFINITIONAL_REPRESENTATION('',(#1680),#1684);
#1680 = LINE('',#1681,#1682);
#1681 = CARTESIAN_POINT('',(0.,-52.));
#1682 = VECTOR('',#1683,1.);
#1683 = DIRECTION('',(1.,0.));
#1684 = ( GEOMETRIC_REPRESENTATION_CONTEXT(2) 
PARAMETRIC_REPRESENTATION_CONTEXT() REPRESENTATION_CONTEXT('2D SPACE',''
  ) );
#1685 = PCURVE('',#1686,#1691);
#1686 = PLANE('',#1687);
#1687 = AXIS2_PLACEMENT_3D('',#1688,#1689,#1690);
#1688 = CARTESIAN_POINT('',(20.,26.,-27.));
#1689 = DIRECTION('',(0.,1.,0.));
#1690 = DIRECTION('',(1.,0.,0.));
#1691 = DEFINITIONAL_REPRESENTATION('',(#1692),#1696);
#1692 = LINE('',#1693,#1694);
#1693 = CARTESIAN_POINT('',(11.,0.));
#1694 = VECTOR('',#1695,1.);
#1695 = DIRECTION('',(0.,-1.));
#1696 = ( GEOMETRIC_REPRESENTATION_CONTEXT(2) 
PARAMETRIC_REPRESENTATION_CONTEXT() REPRESENTATION_CONTEXT('2D SPACE',''
  ) );
#1697 = ORIENTED_EDGE('',*,*,#1698,.T.);
#1698 = EDGE_CURVE('',#1671,#1073,#1699,.T.);
#1699 = SURFACE_CURVE('',#1700,(#1705,#1712),.PCURVE_S1.);
#1700 = CIRCLE('',#1701,6.);
#1701 = AXIS2_PLACEMENT_3D('',#1702,#1703,#1704);
#1702 = CARTESIAN_POINT('',(31.,20.,21.));
#1703 = DIRECTION('',(1.,0.,0.));
#1704 = DIRECTION('',(-0.,0.,1.));
#1705 = PCURVE('',#162,#1706);
#1706 = DEFINITIONAL_REPRESENTATION('',(#1707),#1711);
#1707 = CIRCLE('',#1708,6.);
#1708 = AXIS2_PLACEMENT_2D('',#1709,#1710);
#1709 = CARTESIAN_POINT('',(48.,-46.));
#1710 = DIRECTION('',(1.,0.));
#1711 = ( GEOMETRIC_REPRESENTATION_CONTEXT(2) 
PARAMETRIC_REPRESENTATION_CONTEXT() REPRESENTATION_CONTEXT('2D SPACE',''
  ) );
#1712 = PCURVE('',#1111,#1713);
#1713 = DEFINITIONAL_REPRESENTATION('',(#1714),#1718);
#1714 = LINE('',#1715,#1716);
#1715 = CARTESIAN_POINT('',(-4.712388980385,11.));
#1716 = VECTOR('',#1717,1.);
#1717 = DIRECTION('',(1.,0.));
#1718 = ( GEOMETRIC_REPRESENTATION_CONTEXT(2) 
PARAMETRIC_REPRESENTATION_CONTEXT() REPRESENTATION_CONTEXT('2D SPACE',''
  ) );
#1719 = ORIENTED_EDGE('',*,*,#1072,.F.);
#1720 = ORIENTED_EDGE('',*,*,#1721,.F.);
#1721 = EDGE_CURVE('',#1382,#1045,#1722,.T.);
#1722 = SURFACE_CURVE('',#1723,(#1728,#1739),.PCURVE_S1.);
#1723 = CIRCLE('',#1724,6.);
#1724 = AXIS2_PLACEMENT_3D('',#1725,#1726,#1727);
#1725 = CARTESIAN_POINT('',(31.,-20.,21.));
#1726 = DIRECTION('',(-1.,0.,-0.));
#1727 = DIRECTION('',(-0.,0.,1.));
#1728 = PCURVE('',#162,#1729);
#1729 = DEFINITIONAL_REPRESENTATION('',(#1730),#1738);
#1730 = ( BOUNDED_CURVE() B_SPLINE_CURVE(2,(#1731,#1732,#1733,#1734,
#1735,#1736,#1737),.UNSPECIFIED.,.T.,.F.) B_SPLINE_CURVE_WITH_KNOTS((1,2
    ,2,2,2,1),(-2.094395102393,0.,2.094395102393,4.188790204786,
6.28318530718,8.377580409573),.UNSPECIFIED.) CURVE() 
GEOMETRIC_REPRESENTATION_ITEM() RATIONAL_B_SPLINE_CURVE((1.,0.5,1.,0.5,
1.,0.5,1.)) REPRESENTATION_ITEM('') );
#1731 = CARTESIAN_POINT('',(54.,-6.));
#1732 = CARTESIAN_POINT('',(54.,-16.39230484541));
#1733 = CARTESIAN_POINT('',(45.,-11.1961524227));
#1734 = CARTESIAN_POINT('',(36.,-6.));
#1735 = CARTESIAN_POINT('',(45.,-0.803847577293));
#1736 = CARTESIAN_POINT('',(54.,4.392304845413));
#1737 = CARTESIAN_POINT('',(54.,-6.));
#1738 = ( GEOMETRIC_REPRESENTATION_CONTEXT(2) 
PARAMETRIC_REPRESENTATION_CONTEXT() REPRESENTATION_CONTEXT('2D SPACE',''
  ) );
#1739 = PCURVE('',#1060,#1740);
#1740 = DEFINITIONAL_REPRESENTATION('',(#1741),#1745);
#1741 = LINE('',#1742,#1743);
#1742 = CARTESIAN_POINT('',(4.712388980385,11.));
#1743 = VECTOR('',#1744,1.);
#1744 = DIRECTION('',(-1.,0.));
#1745 = ( GEOMETRIC_REPRESENTATION_CONTEXT(2) 
PARAMETRIC_REPRESENTATION_CONTEXT() REPRESENTATION_CONTEXT('2D SPACE',''
  ) );
#1746 = ORIENTED_EDGE('',*,*,#1381,.F.);
#1747 = FACE_BOUND('',#1748,.T.);
#1748 = EDGE_LOOP('',(#1749));
#1749 = ORIENTED_EDGE('',*,*,#1750,.T.);
#1750 = EDGE_CURVE('',#1751,#1751,#1753,.T.);
#1751 = VERTEX_POINT('',#1752);
#1752 = CARTESIAN_POINT('',(31.,-19.,0.));
#1753 = SURFACE_CURVE('',#1754,(#1759,#1770),.PCURVE_S1.);
#1754 = CIRCLE('',#1755,19.);
#1755 = AXIS2_PLACEMENT_3D('',#1756,#1757,#1758);
#1756 = CARTESIAN_POINT('',(31.,1.094280939257E-15,-8.881784197001E-16)
  );
#1757 = DIRECTION('',(-1.,0.,0.));
#1758 = DIRECTION('',(0.,-1.,2.916755924453E-16));
#1759 = PCURVE('',#162,#1760);
#1760 = DEFINITIONAL_REPRESENTATION('',(#1761),#1769);
#1761 = ( BOUNDED_CURVE() B_SPLINE_CURVE(2,(#1762,#1763,#1764,#1765,
#1766,#1767,#1768),.UNSPECIFIED.,.T.,.F.) B_SPLINE_CURVE_WITH_KNOTS((1,2
    ,2,2,2,1),(-2.094395102393,0.,2.094395102393,4.188790204786,
6.28318530718,8.377580409573),.UNSPECIFIED.) CURVE() 
GEOMETRIC_REPRESENTATION_ITEM() RATIONAL_B_SPLINE_CURVE((1.,0.5,1.,0.5,
1.,0.5,1.)) REPRESENTATION_ITEM('') );
#1762 = CARTESIAN_POINT('',(27.,-7.));
#1763 = CARTESIAN_POINT('',(59.908965343809,-7.));
#1764 = CARTESIAN_POINT('',(43.454482671904,-35.5));
#1765 = CARTESIAN_POINT('',(27.,-64.));
#1766 = CARTESIAN_POINT('',(10.545517328096,-35.5));
#1767 = CARTESIAN_POINT('',(-5.908965343809,-7.));
#1768 = CARTESIAN_POINT('',(27.,-7.));
#1769 = ( GEOMETRIC_REPRESENTATION_CONTEXT(2) 
PARAMETRIC_REPRESENTATION_CONTEXT() REPRESENTATION_CONTEXT('2D SPACE',''
  ) );
#1770 = PCURVE('',#1771,#1776);
#1771 = CYLINDRICAL_SURFACE('',#1772,19.);
#1772 = AXIS2_PLACEMENT_3D('',#1773,#1774,#1775);
#1773 = CARTESIAN_POINT('',(74.0000002,0.,0.));
#1774 = DIRECTION('',(1.,-0.,0.));
#1775 = DIRECTION('',(0.,-1.,0.));
#1776 = DEFINITIONAL_REPRESENTATION('',(#1777),#1781);
#1777 = LINE('',#1778,#1779);
#1778 = CARTESIAN_POINT('',(-0.,-43.0000002));
#1779 = VECTOR('',#1780,1.);
#1780 = DIRECTION('',(-1.,-0.));
#1781 = ( GEOMETRIC_REPRESENTATION_CONTEXT(2) 
PARAMETRIC_REPRESENTATION_CONTEXT() REPRESENTATION_CONTEXT('2D SPACE',''
  ) );
#1782 = ADVANCED_FACE('',(#1783),#285,.F.);
#1783 = FACE_BOUND('',#1784,.T.);
#1784 = EDGE_LOOP('',(#1785,#1809,#1830,#1831));
#1785 = ORIENTED_EDGE('',*,*,#1786,.T.);
#1786 = EDGE_CURVE('',#1787,#1787,#1789,.T.);
#1787 = VERTEX_POINT('',#1788);
#1788 = CARTESIAN_POINT('',(-7.95,-20.,13.5));
#1789 = SURFACE_CURVE('',#1790,(#1795,#1802),.PCURVE_S1.);
#1790 = CIRCLE('',#1791,2.05);
#1791 = AXIS2_PLACEMENT_3D('',#1792,#1793,#1794);
#1792 = CARTESIAN_POINT('',(-10.,-20.,13.5));
#1793 = DIRECTION('',(-0.,1.,0.));
#1794 = DIRECTION('',(1.,0.,0.));
#1795 = PCURVE('',#285,#1796);
#1796 = DEFINITIONAL_REPRESENTATION('',(#1797),#1801);
#1797 = LINE('',#1798,#1799);
#1798 = CARTESIAN_POINT('',(-6.28318530718,-0.5));
#1799 = VECTOR('',#1800,1.);
#1800 = DIRECTION('',(1.,-0.));
#1801 = ( GEOMETRIC_REPRESENTATION_CONTEXT(2) 
PARAMETRIC_REPRESENTATION_CONTEXT() REPRESENTATION_CONTEXT('2D SPACE',''
  ) );
#1802 = PCURVE('',#936,#1803);
#1803 = DEFINITIONAL_REPRESENTATION('',(#1804),#1808);
#1804 = CIRCLE('',#1805,2.05);
#1805 = AXIS2_PLACEMENT_2D('',#1806,#1807);
#1806 = CARTESIAN_POINT('',(40.5,21.));
#1807 = DIRECTION('',(0.,1.));
#1808 = ( GEOMETRIC_REPRESENTATION_CONTEXT(2) 
PARAMETRIC_REPRESENTATION_CONTEXT() REPRESENTATION_CONTEXT('2D SPACE',''
  ) );
#1809 = ORIENTED_EDGE('',*,*,#1810,.T.);
#1810 = EDGE_CURVE('',#1787,#265,#1811,.T.);
#1811 = SEAM_CURVE('',#1812,(#1816,#1823),.PCURVE_S1.);
#1812 = LINE('',#1813,#1814);
#1813 = CARTESIAN_POINT('',(-7.95,-19.5,13.5));
#1814 = VECTOR('',#1815,1.);
#1815 = DIRECTION('',(0.,-1.,0.));
#1816 = PCURVE('',#285,#1817);
#1817 = DEFINITIONAL_REPRESENTATION('',(#1818),#1822);
#1818 = LINE('',#1819,#1820);
#1819 = CARTESIAN_POINT('',(-6.28318530718,0.));
#1820 = VECTOR('',#1821,1.);
#1821 = DIRECTION('',(-0.,-1.));
#1822 = ( GEOMETRIC_REPRESENTATION_CONTEXT(2) 
PARAMETRIC_REPRESENTATION_CONTEXT() REPRESENTATION_CONTEXT('2D SPACE',''
  ) );
#1823 = PCURVE('',#285,#1824);
#1824 = DEFINITIONAL_REPRESENTATION('',(#1825),#1829);
#1825 = LINE('',#1826,#1827);
#1826 = CARTESIAN_POINT('',(-0.,0.));
#1827 = VECTOR('',#1828,1.);
#1828 = DIRECTION('',(-0.,-1.));
#1829 = ( GEOMETRIC_REPRESENTATION_CONTEXT(2) 
PARAMETRIC_REPRESENTATION_CONTEXT() REPRESENTATION_CONTEXT('2D SPACE',''
  ) );
#1830 = ORIENTED_EDGE('',*,*,#264,.T.);
#1831 = ORIENTED_EDGE('',*,*,#1810,.F.);
#1832 = ADVANCED_FACE('',(#1833),#320,.F.);
#1833 = FACE_BOUND('',#1834,.T.);
#1834 = EDGE_LOOP('',(#1835,#1859,#1880,#1881));
#1835 = ORIENTED_EDGE('',*,*,#1836,.T.);
#1836 = EDGE_CURVE('',#1837,#1837,#1839,.T.);
#1837 = VERTEX_POINT('',#1838);
#1838 = CARTESIAN_POINT('',(12.05,-20.,13.5));
#1839 = SURFACE_CURVE('',#1840,(#1845,#1852),.PCURVE_S1.);
#1840 = CIRCLE('',#1841,2.05);
#1841 = AXIS2_PLACEMENT_3D('',#1842,#1843,#1844);
#1842 = CARTESIAN_POINT('',(10.,-20.,13.5));
#1843 = DIRECTION('',(-0.,1.,0.));
#1844 = DIRECTION('',(1.,0.,0.));
#1845 = PCURVE('',#320,#1846);
#1846 = DEFINITIONAL_REPRESENTATION('',(#1847),#1851);
#1847 = LINE('',#1848,#1849);
#1848 = CARTESIAN_POINT('',(-6.28318530718,-0.5));
#1849 = VECTOR('',#1850,1.);
#1850 = DIRECTION('',(1.,-0.));
#1851 = ( GEOMETRIC_REPRESENTATION_CONTEXT(2) 
PARAMETRIC_REPRESENTATION_CONTEXT() REPRESENTATION_CONTEXT('2D SPACE',''
  ) );
#1852 = PCURVE('',#936,#1853);
#1853 = DEFINITIONAL_REPRESENTATION('',(#1854),#1858);
#1854 = CIRCLE('',#1855,2.05);
#1855 = AXIS2_PLACEMENT_2D('',#1856,#1857);
#1856 = CARTESIAN_POINT('',(40.5,41.));
#1857 = DIRECTION('',(0.,1.));
#1858 = ( GEOMETRIC_REPRESENTATION_CONTEXT(2) 
PARAMETRIC_REPRESENTATION_CONTEXT() REPRESENTATION_CONTEXT('2D SPACE',''
  ) );
#1859 = ORIENTED_EDGE('',*,*,#1860,.T.);
#1860 = EDGE_CURVE('',#1837,#300,#1861,.T.);
#1861 = SEAM_CURVE('',#1862,(#1866,#1873),.PCURVE_S1.);
#1862 = LINE('',#1863,#1864);
#1863 = CARTESIAN_POINT('',(12.05,-19.5,13.5));
#1864 = VECTOR('',#1865,1.);
#1865 = DIRECTION('',(0.,-1.,0.));
#1866 = PCURVE('',#320,#1867);
#1867 = DEFINITIONAL_REPRESENTATION('',(#1868),#1872);
#1868 = LINE('',#1869,#1870);
#1869 = CARTESIAN_POINT('',(-6.28318530718,0.));
#1870 = VECTOR('',#1871,1.);
#1871 = DIRECTION('',(-0.,-1.));
#1872 = ( GEOMETRIC_REPRESENTATION_CONTEXT(2) 
PARAMETRIC_REPRESENTATION_CONTEXT() REPRESENTATION_CONTEXT('2D SPACE',''
  ) );
#1873 = PCURVE('',#320,#1874);
#1874 = DEFINITIONAL_REPRESENTATION('',(#1875),#1879);
#1875 = LINE('',#1876,#1877);
#1876 = CARTESIAN_POINT('',(-0.,0.));
#1877 = VECTOR('',#1878,1.);
#1878 = DIRECTION('',(-0.,-1.));
#1879 = ( GEOMETRIC_REPRESENTATION_CONTEXT(2) 
PARAMETRIC_REPRESENTATION_CONTEXT() REPRESENTATION_CONTEXT('2D SPACE',''
  ) );
#1880 = ORIENTED_EDGE('',*,*,#299,.T.);
#1881 = ORIENTED_EDGE('',*,*,#1860,.F.);
#1882 = ADVANCED_FACE('',(#1883),#355,.F.);
#1883 = FACE_BOUND('',#1884,.T.);
#1884 = EDGE_LOOP('',(#1885,#1909,#1930,#1931));
#1885 = ORIENTED_EDGE('',*,*,#1886,.T.);
#1886 = EDGE_CURVE('',#1887,#1887,#1889,.T.);
#1887 = VERTEX_POINT('',#1888);
#1888 = CARTESIAN_POINT('',(-7.95,-20.,-13.5));
#1889 = SURFACE_CURVE('',#1890,(#1895,#1902),.PCURVE_S1.);
#1890 = CIRCLE('',#1891,2.05);
#1891 = AXIS2_PLACEMENT_3D('',#1892,#1893,#1894);
#1892 = CARTESIAN_POINT('',(-10.,-20.,-13.5));
#1893 = DIRECTION('',(-0.,1.,0.));
#1894 = DIRECTION('',(1.,0.,0.));
#1895 = PCURVE('',#355,#1896);
#1896 = DEFINITIONAL_REPRESENTATION('',(#1897),#1901);
#1897 = LINE('',#1898,#1899);
#1898 = CARTESIAN_POINT('',(-6.28318530718,-0.5));
#1899 = VECTOR('',#1900,1.);
#1900 = DIRECTION('',(1.,-0.));
#1901 = ( GEOMETRIC_REPRESENTATION_CONTEXT(2) 
PARAMETRIC_REPRESENTATION_CONTEXT() REPRESENTATION_CONTEXT('2D SPACE',''
  ) );
#1902 = PCURVE('',#936,#1903);
#1903 = DEFINITIONAL_REPRESENTATION('',(#1904),#1908);
#1904 = CIRCLE('',#1905,2.05);
#1905 = AXIS2_PLACEMENT_2D('',#1906,#1907);
#1906 = CARTESIAN_POINT('',(13.5,21.));
#1907 = DIRECTION('',(0.,1.));
#1908 = ( GEOMETRIC_REPRESENTATION_CONTEXT(2) 
PARAMETRIC_REPRESENTATION_CONTEXT() REPRESENTATION_CONTEXT('2D SPACE',''
  ) );
#1909 = ORIENTED_EDGE('',*,*,#1910,.T.);
#1910 = EDGE_CURVE('',#1887,#335,#1911,.T.);
#1911 = SEAM_CURVE('',#1912,(#1916,#1923),.PCURVE_S1.);
#1912 = LINE('',#1913,#1914);
#1913 = CARTESIAN_POINT('',(-7.95,-19.5,-13.5));
#1914 = VECTOR('',#1915,1.);
#1915 = DIRECTION('',(0.,-1.,0.));
#1916 = PCURVE('',#355,#1917);
#1917 = DEFINITIONAL_REPRESENTATION('',(#1918),#1922);
#1918 = LINE('',#1919,#1920);
#1919 = CARTESIAN_POINT('',(-6.28318530718,0.));
#1920 = VECTOR('',#1921,1.);
#1921 = DIRECTION('',(-0.,-1.));
#1922 = ( GEOMETRIC_REPRESENTATION_CONTEXT(2) 
PARAMETRIC_REPRESENTATION_CONTEXT() REPRESENTATION_CONTEXT('2D SPACE',''
  ) );
#1923 = PCURVE('',#355,#1924);
#1924 = DEFINITIONAL_REPRESENTATION('',(#1925),#1929);
#1925 = LINE('',#1926,#1927);
#1926 = CARTESIAN_POINT('',(-0.,0.));
#1927 = VECTOR('',#1928,1.);
#1928 = DIRECTION('',(-0.,-1.));
#1929 = ( GEOMETRIC_REPRESENTATION_CONTEXT(2) 
PARAMETRIC_REPRESENTATION_CONTEXT() REPRESENTATION_CONTEXT('2D SPACE',''
  ) );
#1930 = ORIENTED_EDGE('',*,*,#334,.T.);
#1931 = ORIENTED_EDGE('',*,*,#1910,.F.);
#1932 = ADVANCED_FACE('',(#1933),#390,.F.);
#1933 = FACE_BOUND('',#1934,.T.);
#1934 = EDGE_LOOP('',(#1935,#1959,#1980,#1981));
#1935 = ORIENTED_EDGE('',*,*,#1936,.T.);
#1936 = EDGE_CURVE('',#1937,#1937,#1939,.T.);
#1937 = VERTEX_POINT('',#1938);
#1938 = CARTESIAN_POINT('',(12.05,-20.,-13.5));
#1939 = SURFACE_CURVE('',#1940,(#1945,#1952),.PCURVE_S1.);
#1940 = CIRCLE('',#1941,2.05);
#1941 = AXIS2_PLACEMENT_3D('',#1942,#1943,#1944);
#1942 = CARTESIAN_POINT('',(10.,-20.,-13.5));
#1943 = DIRECTION('',(-0.,1.,0.));
#1944 = DIRECTION('',(1.,0.,0.));
#1945 = PCURVE('',#390,#1946);
#1946 = DEFINITIONAL_REPRESENTATION('',(#1947),#1951);
#1947 = LINE('',#1948,#1949);
#1948 = CARTESIAN_POINT('',(-6.28318530718,-0.5));
#1949 = VECTOR('',#1950,1.);
#1950 = DIRECTION('',(1.,-0.));
#1951 = ( GEOMETRIC_REPRESENTATION_CONTEXT(2) 
PARAMETRIC_REPRESENTATION_CONTEXT() REPRESENTATION_CONTEXT('2D SPACE',''
  ) );
#1952 = PCURVE('',#936,#1953);
#1953 = DEFINITIONAL_REPRESENTATION('',(#1954),#1958);
#1954 = CIRCLE('',#1955,2.05);
#1955 = AXIS2_PLACEMENT_2D('',#1956,#1957);
#1956 = CARTESIAN_POINT('',(13.5,41.));
#1957 = DIRECTION('',(0.,1.));
#1958 = ( GEOMETRIC_REPRESENTATION_CONTEXT(2) 
PARAMETRIC_REPRESENTATION_CONTEXT() REPRESENTATION_CONTEXT('2D SPACE',''
  ) );
#1959 = ORIENTED_EDGE('',*,*,#1960,.T.);
#1960 = EDGE_CURVE('',#1937,#370,#1961,.T.);
#1961 = SEAM_CURVE('',#1962,(#1966,#1973),.PCURVE_S1.);
#1962 = LINE('',#1963,#1964);
#1963 = CARTESIAN_POINT('',(12.05,-19.5,-13.5));
#1964 = VECTOR('',#1965,1.);
#1965 = DIRECTION('',(0.,-1.,0.));
#1966 = PCURVE('',#390,#1967);
#1967 = DEFINITIONAL_REPRESENTATION('',(#1968),#1972);
#1968 = LINE('',#1969,#1970);
#1969 = CARTESIAN_POINT('',(-6.28318530718,0.));
#1970 = VECTOR('',#1971,1.);
#1971 = DIRECTION('',(-0.,-1.));
#1972 = ( GEOMETRIC_REPRESENTATION_CONTEXT(2) 
PARAMETRIC_REPRESENTATION_CONTEXT() REPRESENTATION_CONTEXT('2D SPACE',''
  ) );
#1973 = PCURVE('',#390,#1974);
#1974 = DEFINITIONAL_REPRESENTATION('',(#1975),#1979);
#1975 = LINE('',#1976,#1977);
#1976 = CARTESIAN_POINT('',(-0.,0.));
#1977 = VECTOR('',#1978,1.);
#1978 = DIRECTION('',(-0.,-1.));
#1979 = ( GEOMETRIC_REPRESENTATION_CONTEXT(2) 
PARAMETRIC_REPRESENTATION_CONTEXT() REPRESENTATION_CONTEXT('2D SPACE',''
  ) );
#1980 = ORIENTED_EDGE('',*,*,#369,.T.);
#1981 = ORIENTED_EDGE('',*,*,#1960,.F.);
#1982 = ADVANCED_FACE('',(#1983),#445,.T.);
#1983 = FACE_BOUND('',#1984,.T.);
#1984 = EDGE_LOOP('',(#1985,#1986,#1987));
#1985 = ORIENTED_EDGE('',*,*,#825,.F.);
#1986 = ORIENTED_EDGE('',*,*,#428,.T.);
#1987 = ORIENTED_EDGE('',*,*,#1227,.T.);
#1988 = ADVANCED_FACE('',(#1989),#501,.T.);
#1989 = FACE_BOUND('',#1990,.F.);
#1990 = EDGE_LOOP('',(#1991,#2014,#2015,#2016));
#1991 = ORIENTED_EDGE('',*,*,#1992,.F.);
#1992 = EDGE_CURVE('',#481,#1993,#1995,.T.);
#1993 = VERTEX_POINT('',#1994);
#1994 = CARTESIAN_POINT('',(-20.5,26.,-21.));
#1995 = SURFACE_CURVE('',#1996,(#2000,#2007),.PCURVE_S1.);
#1996 = LINE('',#1997,#1998);
#1997 = CARTESIAN_POINT('',(-31.,26.,-21.));
#1998 = VECTOR('',#1999,1.);
#1999 = DIRECTION('',(1.,0.,0.));
#2000 = PCURVE('',#501,#2001);
#2001 = DEFINITIONAL_REPRESENTATION('',(#2002),#2006);
#2002 = LINE('',#2003,#2004);
#2003 = CARTESIAN_POINT('',(-0.,0.));
#2004 = VECTOR('',#2005,1.);
#2005 = DIRECTION('',(-0.,1.));
#2006 = ( GEOMETRIC_REPRESENTATION_CONTEXT(2) 
PARAMETRIC_REPRESENTATION_CONTEXT() REPRESENTATION_CONTEXT('2D SPACE',''
  ) );
#2007 = PCURVE('',#529,#2008);
#2008 = DEFINITIONAL_REPRESENTATION('',(#2009),#2013);
#2009 = LINE('',#2010,#2011);
#2010 = CARTESIAN_POINT('',(0.,-6.));
#2011 = VECTOR('',#2012,1.);
#2012 = DIRECTION('',(1.,0.));
#2013 = ( GEOMETRIC_REPRESENTATION_CONTEXT(2) 
PARAMETRIC_REPRESENTATION_CONTEXT() REPRESENTATION_CONTEXT('2D SPACE',''
  ) );
#2014 = ORIENTED_EDGE('',*,*,#480,.T.);
#2015 = ORIENTED_EDGE('',*,*,#1205,.T.);
#2016 = ORIENTED_EDGE('',*,*,#2017,.T.);
#2017 = EDGE_CURVE('',#1178,#1993,#2018,.T.);
#2018 = SURFACE_CURVE('',#2019,(#2024,#2031),.PCURVE_S1.);
#2019 = CIRCLE('',#2020,6.);
#2020 = AXIS2_PLACEMENT_3D('',#2021,#2022,#2023);
#2021 = CARTESIAN_POINT('',(-20.5,20.,-21.));
#2022 = DIRECTION('',(1.,0.,0.));
#2023 = DIRECTION('',(0.,0.,-1.));
#2024 = PCURVE('',#501,#2025);
#2025 = DEFINITIONAL_REPRESENTATION('',(#2026),#2030);
#2026 = LINE('',#2027,#2028);
#2027 = CARTESIAN_POINT('',(-1.570796326795,10.5));
#2028 = VECTOR('',#2029,1.);
#2029 = DIRECTION('',(1.,-0.));
#2030 = ( GEOMETRIC_REPRESENTATION_CONTEXT(2) 
PARAMETRIC_REPRESENTATION_CONTEXT() REPRESENTATION_CONTEXT('2D SPACE',''
  ) );
#2031 = PCURVE('',#2032,#2037);
#2032 = CONICAL_SURFACE('',#2033,6.,0.785398163397);
#2033 = AXIS2_PLACEMENT_3D('',#2034,#2035,#2036);
#2034 = CARTESIAN_POINT('',(-20.5,20.,-21.));
#2035 = DIRECTION('',(-1.,-0.,-0.));
#2036 = DIRECTION('',(0.,0.,-1.));
#2037 = DEFINITIONAL_REPRESENTATION('',(#2038),#2042);
#2038 = LINE('',#2039,#2040);
#2039 = CARTESIAN_POINT('',(-0.,-0.));
#2040 = VECTOR('',#2041,1.);
#2041 = DIRECTION('',(-1.,-0.));
#2042 = ( GEOMETRIC_REPRESENTATION_CONTEXT(2) 
PARAMETRIC_REPRESENTATION_CONTEXT() REPRESENTATION_CONTEXT('2D SPACE',''
  ) );
#2043 = ADVANCED_FACE('',(#2044),#529,.T.);
#2044 = FACE_BOUND('',#2045,.T.);
#2045 = EDGE_LOOP('',(#2046,#2047,#2048,#2071));
#2046 = ORIENTED_EDGE('',*,*,#1992,.F.);
#2047 = ORIENTED_EDGE('',*,*,#513,.T.);
#2048 = ORIENTED_EDGE('',*,*,#2049,.T.);
#2049 = EDGE_CURVE('',#514,#2050,#2052,.T.);
#2050 = VERTEX_POINT('',#2051);
#2051 = CARTESIAN_POINT('',(-20.5,26.,21.));
#2052 = SURFACE_CURVE('',#2053,(#2057,#2064),.PCURVE_S1.);
#2053 = LINE('',#2054,#2055);
#2054 = CARTESIAN_POINT('',(-31.,26.,21.));
#2055 = VECTOR('',#2056,1.);
#2056 = DIRECTION('',(1.,0.,0.));
#2057 = PCURVE('',#529,#2058);
#2058 = DEFINITIONAL_REPRESENTATION('',(#2059),#2063);
#2059 = LINE('',#2060,#2061);
#2060 = CARTESIAN_POINT('',(0.,-48.));
#2061 = VECTOR('',#2062,1.);
#2062 = DIRECTION('',(1.,0.));
#2063 = ( GEOMETRIC_REPRESENTATION_CONTEXT(2) 
PARAMETRIC_REPRESENTATION_CONTEXT() REPRESENTATION_CONTEXT('2D SPACE',''
  ) );
#2064 = PCURVE('',#558,#2065);
#2065 = DEFINITIONAL_REPRESENTATION('',(#2066),#2070);
#2066 = LINE('',#2067,#2068);
#2067 = CARTESIAN_POINT('',(0.,0.));
#2068 = VECTOR('',#2069,1.);
#2069 = DIRECTION('',(0.,1.));
#2070 = ( GEOMETRIC_REPRESENTATION_CONTEXT(2) 
PARAMETRIC_REPRESENTATION_CONTEXT() REPRESENTATION_CONTEXT('2D SPACE',''
  ) );
#2071 = ORIENTED_EDGE('',*,*,#2072,.F.);
#2072 = EDGE_CURVE('',#1993,#2050,#2073,.T.);
#2073 = SURFACE_CURVE('',#2074,(#2078,#2085),.PCURVE_S1.);
#2074 = LINE('',#2075,#2076);
#2075 = CARTESIAN_POINT('',(-20.5,26.,-21.));
#2076 = VECTOR('',#2077,1.);
#2077 = DIRECTION('',(0.,0.,1.));
#2078 = PCURVE('',#529,#2079);
#2079 = DEFINITIONAL_REPRESENTATION('',(#2080),#2084);
#2080 = LINE('',#2081,#2082);
#2081 = CARTESIAN_POINT('',(10.5,-6.));
#2082 = VECTOR('',#2083,1.);
#2083 = DIRECTION('',(0.,-1.));
#2084 = ( GEOMETRIC_REPRESENTATION_CONTEXT(2) 
PARAMETRIC_REPRESENTATION_CONTEXT() REPRESENTATION_CONTEXT('2D SPACE',''
  ) );
#2085 = PCURVE('',#2086,#2091);
#2086 = PLANE('',#2087);
#2087 = AXIS2_PLACEMENT_3D('',#2088,#2089,#2090);
#2088 = CARTESIAN_POINT('',(-20.25,25.75,-21.));
#2089 = DIRECTION('',(0.707106781187,0.707106781187,0.));
#2090 = DIRECTION('',(0.,-0.,1.));
#2091 = DEFINITIONAL_REPRESENTATION('',(#2092),#2096);
#2092 = LINE('',#2093,#2094);
#2093 = CARTESIAN_POINT('',(0.,-0.353553390593));
#2094 = VECTOR('',#2095,1.);
#2095 = DIRECTION('',(1.,0.));
#2096 = ( GEOMETRIC_REPRESENTATION_CONTEXT(2) 
PARAMETRIC_REPRESENTATION_CONTEXT() REPRESENTATION_CONTEXT('2D SPACE',''
  ) );
#2097 = ADVANCED_FACE('',(#2098),#558,.T.);
#2098 = FACE_BOUND('',#2099,.T.);
#2099 = EDGE_LOOP('',(#2100,#2101,#2102,#2103));
#2100 = ORIENTED_EDGE('',*,*,#2049,.F.);
#2101 = ORIENTED_EDGE('',*,*,#541,.T.);
#2102 = ORIENTED_EDGE('',*,*,#976,.T.);
#2103 = ORIENTED_EDGE('',*,*,#2104,.F.);
#2104 = EDGE_CURVE('',#2050,#949,#2105,.T.);
#2105 = SURFACE_CURVE('',#2106,(#2111,#2118),.PCURVE_S1.);
#2106 = CIRCLE('',#2107,6.);
#2107 = AXIS2_PLACEMENT_3D('',#2108,#2109,#2110);
#2108 = CARTESIAN_POINT('',(-20.5,20.,21.));
#2109 = DIRECTION('',(1.,0.,0.));
#2110 = DIRECTION('',(-0.,1.,0.));
#2111 = PCURVE('',#558,#2112);
#2112 = DEFINITIONAL_REPRESENTATION('',(#2113),#2117);
#2113 = LINE('',#2114,#2115);
#2114 = CARTESIAN_POINT('',(0.,10.5));
#2115 = VECTOR('',#2116,1.);
#2116 = DIRECTION('',(1.,0.));
#2117 = ( GEOMETRIC_REPRESENTATION_CONTEXT(2) 
PARAMETRIC_REPRESENTATION_CONTEXT() REPRESENTATION_CONTEXT('2D SPACE',''
  ) );
#2118 = PCURVE('',#2119,#2124);
#2119 = CONICAL_SURFACE('',#2120,6.,0.785398163397);
#2120 = AXIS2_PLACEMENT_3D('',#2121,#2122,#2123);
#2121 = CARTESIAN_POINT('',(-20.5,20.,21.));
#2122 = DIRECTION('',(-1.,-0.,-0.));
#2123 = DIRECTION('',(0.,1.,0.));
#2124 = DEFINITIONAL_REPRESENTATION('',(#2125),#2129);
#2125 = LINE('',#2126,#2127);
#2126 = CARTESIAN_POINT('',(-0.,-0.));
#2127 = VECTOR('',#2128,1.);
#2128 = DIRECTION('',(-1.,-0.));
#2129 = ( GEOMETRIC_REPRESENTATION_CONTEXT(2) 
PARAMETRIC_REPRESENTATION_CONTEXT() REPRESENTATION_CONTEXT('2D SPACE',''
  ) );
#2130 = ADVANCED_FACE('',(#2131),#614,.T.);
#2131 = FACE_BOUND('',#2132,.F.);
#2132 = EDGE_LOOP('',(#2133,#2134,#2135));
#2133 = ORIENTED_EDGE('',*,*,#707,.F.);
#2134 = ORIENTED_EDGE('',*,*,#593,.T.);
#2135 = ORIENTED_EDGE('',*,*,#998,.T.);
#2136 = ADVANCED_FACE('',(#2137),#667,.F.);
#2137 = FACE_BOUND('',#2138,.T.);
#2138 = EDGE_LOOP('',(#2139,#2140,#2163,#2190));
#2139 = ORIENTED_EDGE('',*,*,#650,.F.);
#2140 = ORIENTED_EDGE('',*,*,#2141,.T.);
#2141 = EDGE_CURVE('',#651,#2142,#2144,.T.);
#2142 = VERTEX_POINT('',#2143);
#2143 = CARTESIAN_POINT('',(-27.,19.,0.));
#2144 = SEAM_CURVE('',#2145,(#2149,#2156),.PCURVE_S1.);
#2145 = LINE('',#2146,#2147);
#2146 = CARTESIAN_POINT('',(-74.0000002,19.,0.));
#2147 = VECTOR('',#2148,1.);
#2148 = DIRECTION('',(1.,0.,0.));
#2149 = PCURVE('',#667,#2150);
#2150 = DEFINITIONAL_REPRESENTATION('',(#2151),#2155);
#2151 = LINE('',#2152,#2153);
#2152 = CARTESIAN_POINT('',(-0.,0.));
#2153 = VECTOR('',#2154,1.);
#2154 = DIRECTION('',(-0.,-1.));
#2155 = ( GEOMETRIC_REPRESENTATION_CONTEXT(2) 
PARAMETRIC_REPRESENTATION_CONTEXT() REPRESENTATION_CONTEXT('2D SPACE',''
  ) );
#2156 = PCURVE('',#667,#2157);
#2157 = DEFINITIONAL_REPRESENTATION('',(#2158),#2162);
#2158 = LINE('',#2159,#2160);
#2159 = CARTESIAN_POINT('',(-6.28318530718,0.));
#2160 = VECTOR('',#2161,1.);
#2161 = DIRECTION('',(-0.,-1.));
#2162 = ( GEOMETRIC_REPRESENTATION_CONTEXT(2) 
PARAMETRIC_REPRESENTATION_CONTEXT() REPRESENTATION_CONTEXT('2D SPACE',''
  ) );
#2163 = ORIENTED_EDGE('',*,*,#2164,.T.);
#2164 = EDGE_CURVE('',#2142,#2142,#2165,.T.);
#2165 = SURFACE_CURVE('',#2166,(#2171,#2178),.PCURVE_S1.);
#2166 = CIRCLE('',#2167,19.);
#2167 = AXIS2_PLACEMENT_3D('',#2168,#2169,#2170);
#2168 = CARTESIAN_POINT('',(-27.,-1.094280939257E-15,-8.881784197001E-16
    ));
#2169 = DIRECTION('',(1.,0.,0.));
#2170 = DIRECTION('',(-0.,1.,2.916755924453E-16));
#2171 = PCURVE('',#667,#2172);
#2172 = DEFINITIONAL_REPRESENTATION('',(#2173),#2177);
#2173 = LINE('',#2174,#2175);
#2174 = CARTESIAN_POINT('',(-0.,-47.0000002));
#2175 = VECTOR('',#2176,1.);
#2176 = DIRECTION('',(-1.,-0.));
#2177 = ( GEOMETRIC_REPRESENTATION_CONTEXT(2) 
PARAMETRIC_REPRESENTATION_CONTEXT() REPRESENTATION_CONTEXT('2D SPACE',''
  ) );
#2178 = PCURVE('',#2179,#2184);
#2179 = PLANE('',#2180);
#2180 = AXIS2_PLACEMENT_3D('',#2181,#2182,#2183);
#2181 = CARTESIAN_POINT('',(-27.,-1.041859148601E-15,1.846063891983E-16)
  );
#2182 = DIRECTION('',(1.,0.,0.));
#2183 = DIRECTION('',(-0.,0.,1.));
#2184 = DEFINITIONAL_REPRESENTATION('',(#2185),#2189);
#2185 = CIRCLE('',#2186,19.);
#2186 = AXIS2_PLACEMENT_2D('',#2187,#2188);
#2187 = CARTESIAN_POINT('',(-1.072784808898E-15,5.242179065532E-17));
#2188 = DIRECTION('',(2.916755924453E-16,-1.));
#2189 = ( GEOMETRIC_REPRESENTATION_CONTEXT(2) 
PARAMETRIC_REPRESENTATION_CONTEXT() REPRESENTATION_CONTEXT('2D SPACE',''
  ) );
#2190 = ORIENTED_EDGE('',*,*,#2141,.F.);
#2191 = ADVANCED_FACE('',(#2192,#2515,#2518,#2521,#2524),#936,.T.);
#2192 = FACE_BOUND('',#2193,.T.);
#2193 = EDGE_LOOP('',(#2194,#2195,#2217,#2243,#2269,#2290,#2311,#2332,
    #2352,#2353,#2375,#2401,#2427,#2453,#2474,#2495));
#2194 = ORIENTED_EDGE('',*,*,#1152,.F.);
#2195 = ORIENTED_EDGE('',*,*,#2196,.T.);
#2196 = EDGE_CURVE('',#1153,#2197,#2199,.T.);
#2197 = VERTEX_POINT('',#2198);
#2198 = CARTESIAN_POINT('',(-20.,-20.,-26.5));
#2199 = SURFACE_CURVE('',#2200,(#2204,#2211),.PCURVE_S1.);
#2200 = LINE('',#2201,#2202);
#2201 = CARTESIAN_POINT('',(-20.5,-20.,-27.));
#2202 = VECTOR('',#2203,1.);
#2203 = DIRECTION('',(0.707106781187,4.329780281177E-17,0.707106781187)
  );
#2204 = PCURVE('',#936,#2205);
#2205 = DEFINITIONAL_REPRESENTATION('',(#2206),#2210);
#2206 = LINE('',#2207,#2208);
#2207 = CARTESIAN_POINT('',(0.,10.5));
#2208 = VECTOR('',#2209,1.);
#2209 = DIRECTION('',(0.707106781187,0.707106781187));
#2210 = ( GEOMETRIC_REPRESENTATION_CONTEXT(2) 
PARAMETRIC_REPRESENTATION_CONTEXT() REPRESENTATION_CONTEXT('2D SPACE',''
  ) );
#2211 = PCURVE('',#1193,#2212);
#2212 = DEFINITIONAL_REPRESENTATION('',(#2213),#2216);
#2213 = B_SPLINE_CURVE_WITH_KNOTS('',1,(#2214,#2215),.UNSPECIFIED.,.F.,
  .F.,(2,2),(0.,0.707106781187),.PIECEWISE_BEZIER_KNOTS.);
#2214 = CARTESIAN_POINT('',(0.,-0.353553390593));
#2215 = CARTESIAN_POINT('',(0.,0.353553390593));
#2216 = ( GEOMETRIC_REPRESENTATION_CONTEXT(2) 
PARAMETRIC_REPRESENTATION_CONTEXT() REPRESENTATION_CONTEXT('2D SPACE',''
  ) );
#2217 = ORIENTED_EDGE('',*,*,#2218,.T.);
#2218 = EDGE_CURVE('',#2197,#2219,#2221,.T.);
#2219 = VERTEX_POINT('',#2220);
#2220 = CARTESIAN_POINT('',(-20.,-20.,-6.403124237433));
#2221 = SURFACE_CURVE('',#2222,(#2226,#2232),.PCURVE_S1.);
#2222 = LINE('',#2223,#2224);
#2223 = CARTESIAN_POINT('',(-20.,-20.,-27.));
#2224 = VECTOR('',#2225,1.);
#2225 = DIRECTION('',(0.,0.,1.));
#2226 = PCURVE('',#936,#2227);
#2227 = DEFINITIONAL_REPRESENTATION('',(#2228),#2231);
#2228 = B_SPLINE_CURVE_WITH_KNOTS('',1,(#2229,#2230),.UNSPECIFIED.,.F.,
  .F.,(2,2),(0.5,53.5),.PIECEWISE_BEZIER_KNOTS.);
#2229 = CARTESIAN_POINT('',(0.5,11.));
#2230 = CARTESIAN_POINT('',(53.5,11.));
#2231 = ( GEOMETRIC_REPRESENTATION_CONTEXT(2) 
PARAMETRIC_REPRESENTATION_CONTEXT() REPRESENTATION_CONTEXT('2D SPACE',''
  ) );
#2232 = PCURVE('',#2233,#2238);
#2233 = PLANE('',#2234);
#2234 = AXIS2_PLACEMENT_3D('',#2235,#2236,#2237);
#2235 = CARTESIAN_POINT('',(-20.,-26.,-27.));
#2236 = DIRECTION('',(1.,0.,0.));
#2237 = DIRECTION('',(0.,1.,0.));
#2238 = DEFINITIONAL_REPRESENTATION('',(#2239),#2242);
#2239 = B_SPLINE_CURVE_WITH_KNOTS('',1,(#2240,#2241),.UNSPECIFIED.,.F.,
  .F.,(2,2),(0.5,53.5),.PIECEWISE_BEZIER_KNOTS.);
#2240 = CARTESIAN_POINT('',(6.,0.5));
#2241 = CARTESIAN_POINT('',(6.,53.5));
#2242 = ( GEOMETRIC_REPRESENTATION_CONTEXT(2) 
PARAMETRIC_REPRESENTATION_CONTEXT() REPRESENTATION_CONTEXT('2D SPACE',''
  ) );
#2243 = ORIENTED_EDGE('',*,*,#2244,.F.);
#2244 = EDGE_CURVE('',#2245,#2219,#2247,.T.);
#2245 = VERTEX_POINT('',#2246);
#2246 = CARTESIAN_POINT('',(-27.,-20.,-6.403124237433));
#2247 = SURFACE_CURVE('',#2248,(#2252,#2258),.PCURVE_S1.);
#2248 = LINE('',#2249,#2250);
#2249 = CARTESIAN_POINT('',(-20.,-20.,-6.403124237433));
#2250 = VECTOR('',#2251,1.);
#2251 = DIRECTION('',(1.,0.,0.));
#2252 = PCURVE('',#936,#2253);
#2253 = DEFINITIONAL_REPRESENTATION('',(#2254),#2257);
#2254 = B_SPLINE_CURVE_WITH_KNOTS('',1,(#2255,#2256),.UNSPECIFIED.,.F.,
  .F.,(2,2),(-7.0000006,5.999999999062E-07),.PIECEWISE_BEZIER_KNOTS.);
#2255 = CARTESIAN_POINT('',(20.596875762567,3.9999994));
#2256 = CARTESIAN_POINT('',(20.596875762567,11.0000006));
#2257 = ( GEOMETRIC_REPRESENTATION_CONTEXT(2) 
PARAMETRIC_REPRESENTATION_CONTEXT() REPRESENTATION_CONTEXT('2D SPACE',''
  ) );
#2258 = PCURVE('',#2259,#2264);
#2259 = CYLINDRICAL_SURFACE('',#2260,21.);
#2260 = AXIS2_PLACEMENT_3D('',#2261,#2262,#2263);
#2261 = CARTESIAN_POINT('',(-20.,0.,0.));
#2262 = DIRECTION('',(1.,0.,0.));
#2263 = DIRECTION('',(0.,1.,0.));
#2264 = DEFINITIONAL_REPRESENTATION('',(#2265),#2268);
#2265 = B_SPLINE_CURVE_WITH_KNOTS('',1,(#2266,#2267),.UNSPECIFIED.,.F.,
  .F.,(2,2),(-7.,0.),.PIECEWISE_BEZIER_KNOTS.);
#2266 = CARTESIAN_POINT('',(3.451437293331,-7.));
#2267 = CARTESIAN_POINT('',(3.451437293331,0.));
#2268 = ( GEOMETRIC_REPRESENTATION_CONTEXT(2) 
PARAMETRIC_REPRESENTATION_CONTEXT() REPRESENTATION_CONTEXT('2D SPACE',''
  ) );
#2269 = ORIENTED_EDGE('',*,*,#2270,.T.);
#2270 = EDGE_CURVE('',#2245,#2271,#2273,.T.);
#2271 = VERTEX_POINT('',#2272);
#2272 = CARTESIAN_POINT('',(-27.,-20.,6.403124237433));
#2273 = SURFACE_CURVE('',#2274,(#2278,#2284),.PCURVE_S1.);
#2274 = LINE('',#2275,#2276);
#2275 = CARTESIAN_POINT('',(-27.,-20.,-13.5));
#2276 = VECTOR('',#2277,1.);
#2277 = DIRECTION('',(0.,0.,1.));
#2278 = PCURVE('',#936,#2279);
#2279 = DEFINITIONAL_REPRESENTATION('',(#2280),#2283);
#2280 = B_SPLINE_CURVE_WITH_KNOTS('',1,(#2281,#2282),.UNSPECIFIED.,.F.,
  .F.,(2,2),(-7.5,34.5),.PIECEWISE_BEZIER_KNOTS.);
#2281 = CARTESIAN_POINT('',(6.,4.));
#2282 = CARTESIAN_POINT('',(48.,4.));
#2283 = ( GEOMETRIC_REPRESENTATION_CONTEXT(2) 
PARAMETRIC_REPRESENTATION_CONTEXT() REPRESENTATION_CONTEXT('2D SPACE',''
  ) );
#2284 = PCURVE('',#2179,#2285);
#2285 = DEFINITIONAL_REPRESENTATION('',(#2286),#2289);
#2286 = B_SPLINE_CURVE_WITH_KNOTS('',1,(#2287,#2288),.UNSPECIFIED.,.F.,
  .F.,(2,2),(-7.5,34.5),.PIECEWISE_BEZIER_KNOTS.);
#2287 = CARTESIAN_POINT('',(-21.,20.));
#2288 = CARTESIAN_POINT('',(21.,20.));
#2289 = ( GEOMETRIC_REPRESENTATION_CONTEXT(2) 
PARAMETRIC_REPRESENTATION_CONTEXT() REPRESENTATION_CONTEXT('2D SPACE',''
  ) );
#2290 = ORIENTED_EDGE('',*,*,#2291,.T.);
#2291 = EDGE_CURVE('',#2271,#2292,#2294,.T.);
#2292 = VERTEX_POINT('',#2293);
#2293 = CARTESIAN_POINT('',(-20.,-20.,6.403124237433));
#2294 = SURFACE_CURVE('',#2295,(#2299,#2305),.PCURVE_S1.);
#2295 = LINE('',#2296,#2297);
#2296 = CARTESIAN_POINT('',(-20.,-20.,6.403124237433));
#2297 = VECTOR('',#2298,1.);
#2298 = DIRECTION('',(1.,0.,0.));
#2299 = PCURVE('',#936,#2300);
#2300 = DEFINITIONAL_REPRESENTATION('',(#2301),#2304);
#2301 = B_SPLINE_CURVE_WITH_KNOTS('',1,(#2302,#2303),.UNSPECIFIED.,.F.,
  .F.,(2,2),(-7.0000006,5.999999999062E-07),.PIECEWISE_BEZIER_KNOTS.);
#2302 = CARTESIAN_POINT('',(33.403124237433,3.9999994));
#2303 = CARTESIAN_POINT('',(33.403124237433,11.0000006));
#2304 = ( GEOMETRIC_REPRESENTATION_CONTEXT(2) 
PARAMETRIC_REPRESENTATION_CONTEXT() REPRESENTATION_CONTEXT('2D SPACE',''
  ) );
#2305 = PCURVE('',#2259,#2306);
#2306 = DEFINITIONAL_REPRESENTATION('',(#2307),#2310);
#2307 = B_SPLINE_CURVE_WITH_KNOTS('',1,(#2308,#2309),.UNSPECIFIED.,.F.,
  .F.,(2,2),(-7.,0.),.PIECEWISE_BEZIER_KNOTS.);
#2308 = CARTESIAN_POINT('',(9.114933321028,-7.));
#2309 = CARTESIAN_POINT('',(9.114933321028,0.));
#2310 = ( GEOMETRIC_REPRESENTATION_CONTEXT(2) 
PARAMETRIC_REPRESENTATION_CONTEXT() REPRESENTATION_CONTEXT('2D SPACE',''
  ) );
#2311 = ORIENTED_EDGE('',*,*,#2312,.T.);
#2312 = EDGE_CURVE('',#2292,#2313,#2315,.T.);
#2313 = VERTEX_POINT('',#2314);
#2314 = CARTESIAN_POINT('',(-20.,-20.,26.5));
#2315 = SURFACE_CURVE('',#2316,(#2320,#2326),.PCURVE_S1.);
#2316 = LINE('',#2317,#2318);
#2317 = CARTESIAN_POINT('',(-20.,-20.,-27.));
#2318 = VECTOR('',#2319,1.);
#2319 = DIRECTION('',(0.,0.,1.));
#2320 = PCURVE('',#936,#2321);
#2321 = DEFINITIONAL_REPRESENTATION('',(#2322),#2325);
#2322 = B_SPLINE_CURVE_WITH_KNOTS('',1,(#2323,#2324),.UNSPECIFIED.,.F.,
  .F.,(2,2),(0.5,53.5),.PIECEWISE_BEZIER_KNOTS.);
#2323 = CARTESIAN_POINT('',(0.5,11.));
#2324 = CARTESIAN_POINT('',(53.5,11.));
#2325 = ( GEOMETRIC_REPRESENTATION_CONTEXT(2) 
PARAMETRIC_REPRESENTATION_CONTEXT() REPRESENTATION_CONTEXT('2D SPACE',''
  ) );
#2326 = PCURVE('',#2233,#2327);
#2327 = DEFINITIONAL_REPRESENTATION('',(#2328),#2331);
#2328 = B_SPLINE_CURVE_WITH_KNOTS('',1,(#2329,#2330),.UNSPECIFIED.,.F.,
  .F.,(2,2),(0.5,53.5),.PIECEWISE_BEZIER_KNOTS.);
#2329 = CARTESIAN_POINT('',(6.,0.5));
#2330 = CARTESIAN_POINT('',(6.,53.5));
#2331 = ( GEOMETRIC_REPRESENTATION_CONTEXT(2) 
PARAMETRIC_REPRESENTATION_CONTEXT() REPRESENTATION_CONTEXT('2D SPACE',''
  ) );
#2332 = ORIENTED_EDGE('',*,*,#2333,.F.);
#2333 = EDGE_CURVE('',#919,#2313,#2334,.T.);
#2334 = SURFACE_CURVE('',#2335,(#2339,#2346),.PCURVE_S1.);
#2335 = LINE('',#2336,#2337);
#2336 = CARTESIAN_POINT('',(-20.25,-20.,26.75));
#2337 = VECTOR('',#2338,1.);
#2338 = DIRECTION('',(0.707106781187,0.,-0.707106781187));
#2339 = PCURVE('',#936,#2340);
#2340 = DEFINITIONAL_REPRESENTATION('',(#2341),#2345);
#2341 = LINE('',#2342,#2343);
#2342 = CARTESIAN_POINT('',(53.75,10.75));
#2343 = VECTOR('',#2344,1.);
#2344 = DIRECTION('',(-0.707106781187,0.707106781187));
#2345 = ( GEOMETRIC_REPRESENTATION_CONTEXT(2) 
PARAMETRIC_REPRESENTATION_CONTEXT() REPRESENTATION_CONTEXT('2D SPACE',''
  ) );
#2346 = PCURVE('',#964,#2347);
#2347 = DEFINITIONAL_REPRESENTATION('',(#2348),#2351);
#2348 = B_SPLINE_CURVE_WITH_KNOTS('',1,(#2349,#2350),.UNSPECIFIED.,.F.,
  .F.,(2,2),(-0.353553390593,0.353553390593),.PIECEWISE_BEZIER_KNOTS.);
#2349 = CARTESIAN_POINT('',(40.,-0.353553390593));
#2350 = CARTESIAN_POINT('',(40.,0.353553390593));
#2351 = ( GEOMETRIC_REPRESENTATION_CONTEXT(2) 
PARAMETRIC_REPRESENTATION_CONTEXT() REPRESENTATION_CONTEXT('2D SPACE',''
  ) );
#2352 = ORIENTED_EDGE('',*,*,#918,.T.);
#2353 = ORIENTED_EDGE('',*,*,#2354,.F.);
#2354 = EDGE_CURVE('',#2355,#921,#2357,.T.);
#2355 = VERTEX_POINT('',#2356);
#2356 = CARTESIAN_POINT('',(20.,-20.,26.5));
#2357 = SURFACE_CURVE('',#2358,(#2362,#2369),.PCURVE_S1.);
#2358 = LINE('',#2359,#2360);
#2359 = CARTESIAN_POINT('',(20.25,-20.,26.75));
#2360 = VECTOR('',#2361,1.);
#2361 = DIRECTION('',(0.707106781187,-0.,0.707106781187));
#2362 = PCURVE('',#936,#2363);
#2363 = DEFINITIONAL_REPRESENTATION('',(#2364),#2368);
#2364 = LINE('',#2365,#2366);
#2365 = CARTESIAN_POINT('',(53.75,51.25));
#2366 = VECTOR('',#2367,1.);
#2367 = DIRECTION('',(0.707106781187,0.707106781187));
#2368 = ( GEOMETRIC_REPRESENTATION_CONTEXT(2) 
PARAMETRIC_REPRESENTATION_CONTEXT() REPRESENTATION_CONTEXT('2D SPACE',''
  ) );
#2369 = PCURVE('',#1137,#2370);
#2370 = DEFINITIONAL_REPRESENTATION('',(#2371),#2374);
#2371 = B_SPLINE_CURVE_WITH_KNOTS('',1,(#2372,#2373),.UNSPECIFIED.,.F.,
  .F.,(2,2),(-0.353553390593,0.353553390593),.PIECEWISE_BEZIER_KNOTS.);
#2372 = CARTESIAN_POINT('',(-40.,-0.353553390593));
#2373 = CARTESIAN_POINT('',(-40.,0.353553390593));
#2374 = ( GEOMETRIC_REPRESENTATION_CONTEXT(2) 
PARAMETRIC_REPRESENTATION_CONTEXT() REPRESENTATION_CONTEXT('2D SPACE',''
  ) );
#2375 = ORIENTED_EDGE('',*,*,#2376,.F.);
#2376 = EDGE_CURVE('',#2377,#2355,#2379,.T.);
#2377 = VERTEX_POINT('',#2378);
#2378 = CARTESIAN_POINT('',(20.,-20.,6.403124237433));
#2379 = SURFACE_CURVE('',#2380,(#2384,#2390),.PCURVE_S1.);
#2380 = LINE('',#2381,#2382);
#2381 = CARTESIAN_POINT('',(20.,-20.,-27.));
#2382 = VECTOR('',#2383,1.);
#2383 = DIRECTION('',(0.,0.,1.));
#2384 = PCURVE('',#936,#2385);
#2385 = DEFINITIONAL_REPRESENTATION('',(#2386),#2389);
#2386 = B_SPLINE_CURVE_WITH_KNOTS('',1,(#2387,#2388),.UNSPECIFIED.,.F.,
  .F.,(2,2),(0.5,53.5),.PIECEWISE_BEZIER_KNOTS.);
#2387 = CARTESIAN_POINT('',(0.5,51.));
#2388 = CARTESIAN_POINT('',(53.5,51.));
#2389 = ( GEOMETRIC_REPRESENTATION_CONTEXT(2) 
PARAMETRIC_REPRESENTATION_CONTEXT() REPRESENTATION_CONTEXT('2D SPACE',''
  ) );
#2390 = PCURVE('',#2391,#2396);
#2391 = PLANE('',#2392);
#2392 = AXIS2_PLACEMENT_3D('',#2393,#2394,#2395);
#2393 = CARTESIAN_POINT('',(20.,-26.,-27.));
#2394 = DIRECTION('',(1.,0.,0.));
#2395 = DIRECTION('',(0.,1.,0.));
#2396 = DEFINITIONAL_REPRESENTATION('',(#2397),#2400);
#2397 = B_SPLINE_CURVE_WITH_KNOTS('',1,(#2398,#2399),.UNSPECIFIED.,.F.,
  .F.,(2,2),(0.5,53.5),.PIECEWISE_BEZIER_KNOTS.);
#2398 = CARTESIAN_POINT('',(6.,0.5));
#2399 = CARTESIAN_POINT('',(6.,53.5));
#2400 = ( GEOMETRIC_REPRESENTATION_CONTEXT(2) 
PARAMETRIC_REPRESENTATION_CONTEXT() REPRESENTATION_CONTEXT('2D SPACE',''
  ) );
#2401 = ORIENTED_EDGE('',*,*,#2402,.F.);
#2402 = EDGE_CURVE('',#2403,#2377,#2405,.T.);
#2403 = VERTEX_POINT('',#2404);
#2404 = CARTESIAN_POINT('',(27.,-20.,6.403124237433));
#2405 = SURFACE_CURVE('',#2406,(#2410,#2416),.PCURVE_S1.);
#2406 = LINE('',#2407,#2408);
#2407 = CARTESIAN_POINT('',(20.,-20.,6.403124237433));
#2408 = VECTOR('',#2409,1.);
#2409 = DIRECTION('',(-1.,-0.,0.));
#2410 = PCURVE('',#936,#2411);
#2411 = DEFINITIONAL_REPRESENTATION('',(#2412),#2415);
#2412 = B_SPLINE_CURVE_WITH_KNOTS('',1,(#2413,#2414),.UNSPECIFIED.,.F.,
  .F.,(2,2),(-7.0000006,5.999999999062E-07),.PIECEWISE_BEZIER_KNOTS.);
#2413 = CARTESIAN_POINT('',(33.403124237433,58.0000006));
#2414 = CARTESIAN_POINT('',(33.403124237433,50.9999994));
#2415 = ( GEOMETRIC_REPRESENTATION_CONTEXT(2) 
PARAMETRIC_REPRESENTATION_CONTEXT() REPRESENTATION_CONTEXT('2D SPACE',''
  ) );
#2416 = PCURVE('',#2417,#2422);
#2417 = CYLINDRICAL_SURFACE('',#2418,21.);
#2418 = AXIS2_PLACEMENT_3D('',#2419,#2420,#2421);
#2419 = CARTESIAN_POINT('',(20.,0.,0.));
#2420 = DIRECTION('',(-1.,-0.,0.));
#2421 = DIRECTION('',(0.,-1.,0.));
#2422 = DEFINITIONAL_REPRESENTATION('',(#2423),#2426);
#2423 = B_SPLINE_CURVE_WITH_KNOTS('',1,(#2424,#2425),.UNSPECIFIED.,.F.,
  .F.,(2,2),(-7.0000006,5.999999999062E-07),.PIECEWISE_BEZIER_KNOTS.);
#2424 = CARTESIAN_POINT('',(0.309844639742,-7.0000006));
#2425 = CARTESIAN_POINT('',(0.309844639742,5.999999999062E-07));
#2426 = ( GEOMETRIC_REPRESENTATION_CONTEXT(2) 
PARAMETRIC_REPRESENTATION_CONTEXT() REPRESENTATION_CONTEXT('2D SPACE',''
  ) );
#2427 = ORIENTED_EDGE('',*,*,#2428,.T.);
#2428 = EDGE_CURVE('',#2403,#2429,#2431,.T.);
#2429 = VERTEX_POINT('',#2430);
#2430 = CARTESIAN_POINT('',(27.,-20.,-6.403124237433));
#2431 = SURFACE_CURVE('',#2432,(#2436,#2442),.PCURVE_S1.);
#2432 = LINE('',#2433,#2434);
#2433 = CARTESIAN_POINT('',(27.,-20.,-13.5));
#2434 = VECTOR('',#2435,1.);
#2435 = DIRECTION('',(0.,0.,-1.));
#2436 = PCURVE('',#936,#2437);
#2437 = DEFINITIONAL_REPRESENTATION('',(#2438),#2441);
#2438 = B_SPLINE_CURVE_WITH_KNOTS('',1,(#2439,#2440),.UNSPECIFIED.,.F.,
  .F.,(2,2),(-34.5,7.5),.PIECEWISE_BEZIER_KNOTS.);
#2439 = CARTESIAN_POINT('',(48.,58.));
#2440 = CARTESIAN_POINT('',(6.,58.));
#2441 = ( GEOMETRIC_REPRESENTATION_CONTEXT(2) 
PARAMETRIC_REPRESENTATION_CONTEXT() REPRESENTATION_CONTEXT('2D SPACE',''
  ) );
#2442 = PCURVE('',#2443,#2448);
#2443 = PLANE('',#2444);
#2444 = AXIS2_PLACEMENT_3D('',#2445,#2446,#2447);
#2445 = CARTESIAN_POINT('',(27.,1.041859148601E-15,1.846063891983E-16));
#2446 = DIRECTION('',(-1.,-0.,-0.));
#2447 = DIRECTION('',(0.,0.,-1.));
#2448 = DEFINITIONAL_REPRESENTATION('',(#2449),#2452);
#2449 = B_SPLINE_CURVE_WITH_KNOTS('',1,(#2450,#2451),.UNSPECIFIED.,.F.,
  .F.,(2,2),(-34.5,7.5),.PIECEWISE_BEZIER_KNOTS.);
#2450 = CARTESIAN_POINT('',(-21.,20.));
#2451 = CARTESIAN_POINT('',(21.,20.));
#2452 = ( GEOMETRIC_REPRESENTATION_CONTEXT(2) 
PARAMETRIC_REPRESENTATION_CONTEXT() REPRESENTATION_CONTEXT('2D SPACE',''
  ) );
#2453 = ORIENTED_EDGE('',*,*,#2454,.T.);
#2454 = EDGE_CURVE('',#2429,#2455,#2457,.T.);
#2455 = VERTEX_POINT('',#2456);
#2456 = CARTESIAN_POINT('',(20.,-20.,-6.403124237433));
#2457 = SURFACE_CURVE('',#2458,(#2462,#2468),.PCURVE_S1.);
#2458 = LINE('',#2459,#2460);
#2459 = CARTESIAN_POINT('',(20.,-20.,-6.403124237433));
#2460 = VECTOR('',#2461,1.);
#2461 = DIRECTION('',(-1.,-0.,0.));
#2462 = PCURVE('',#936,#2463);
#2463 = DEFINITIONAL_REPRESENTATION('',(#2464),#2467);
#2464 = B_SPLINE_CURVE_WITH_KNOTS('',1,(#2465,#2466),.UNSPECIFIED.,.F.,
  .F.,(2,2),(-7.0000006,5.999999999062E-07),.PIECEWISE_BEZIER_KNOTS.);
#2465 = CARTESIAN_POINT('',(20.596875762567,58.0000006));
#2466 = CARTESIAN_POINT('',(20.596875762567,50.9999994));
#2467 = ( GEOMETRIC_REPRESENTATION_CONTEXT(2) 
PARAMETRIC_REPRESENTATION_CONTEXT() REPRESENTATION_CONTEXT('2D SPACE',''
  ) );
#2468 = PCURVE('',#2417,#2469);
#2469 = DEFINITIONAL_REPRESENTATION('',(#2470),#2473);
#2470 = B_SPLINE_CURVE_WITH_KNOTS('',1,(#2471,#2472),.UNSPECIFIED.,.F.,
  .F.,(2,2),(-7.0000006,5.999999999062E-07),.PIECEWISE_BEZIER_KNOTS.);
#2471 = CARTESIAN_POINT('',(5.973340667438,-7.0000006));
#2472 = CARTESIAN_POINT('',(5.973340667438,5.999999999062E-07));
#2473 = ( GEOMETRIC_REPRESENTATION_CONTEXT(2) 
PARAMETRIC_REPRESENTATION_CONTEXT() REPRESENTATION_CONTEXT('2D SPACE',''
  ) );
#2474 = ORIENTED_EDGE('',*,*,#2475,.F.);
#2475 = EDGE_CURVE('',#2476,#2455,#2478,.T.);
#2476 = VERTEX_POINT('',#2477);
#2477 = CARTESIAN_POINT('',(20.,-20.,-26.5));
#2478 = SURFACE_CURVE('',#2479,(#2483,#2489),.PCURVE_S1.);
#2479 = LINE('',#2480,#2481);
#2480 = CARTESIAN_POINT('',(20.,-20.,-27.));
#2481 = VECTOR('',#2482,1.);
#2482 = DIRECTION('',(0.,0.,1.));
#2483 = PCURVE('',#936,#2484);
#2484 = DEFINITIONAL_REPRESENTATION('',(#2485),#2488);
#2485 = B_SPLINE_CURVE_WITH_KNOTS('',1,(#2486,#2487),.UNSPECIFIED.,.F.,
  .F.,(2,2),(0.5,53.5),.PIECEWISE_BEZIER_KNOTS.);
#2486 = CARTESIAN_POINT('',(0.5,51.));
#2487 = CARTESIAN_POINT('',(53.5,51.));
#2488 = ( GEOMETRIC_REPRESENTATION_CONTEXT(2) 
PARAMETRIC_REPRESENTATION_CONTEXT() REPRESENTATION_CONTEXT('2D SPACE',''
  ) );
#2489 = PCURVE('',#2391,#2490);
#2490 = DEFINITIONAL_REPRESENTATION('',(#2491),#2494);
#2491 = B_SPLINE_CURVE_WITH_KNOTS('',1,(#2492,#2493),.UNSPECIFIED.,.F.,
  .F.,(2,2),(0.5,53.5),.PIECEWISE_BEZIER_KNOTS.);
#2492 = CARTESIAN_POINT('',(6.,0.5));
#2493 = CARTESIAN_POINT('',(6.,53.5));
#2494 = ( GEOMETRIC_REPRESENTATION_CONTEXT(2) 
PARAMETRIC_REPRESENTATION_CONTEXT() REPRESENTATION_CONTEXT('2D SPACE',''
  ) );
#2495 = ORIENTED_EDGE('',*,*,#2496,.T.);
#2496 = EDGE_CURVE('',#2476,#1155,#2497,.T.);
#2497 = SURFACE_CURVE('',#2498,(#2502,#2509),.PCURVE_S1.);
#2498 = LINE('',#2499,#2500);
#2499 = CARTESIAN_POINT('',(20.5,-20.,-27.));
#2500 = VECTOR('',#2501,1.);
#2501 = DIRECTION('',(0.707106781187,-4.329780281177E-17,-0.707106781187
    ));
#2502 = PCURVE('',#936,#2503);
#2503 = DEFINITIONAL_REPRESENTATION('',(#2504),#2508);
#2504 = LINE('',#2505,#2506);
#2505 = CARTESIAN_POINT('',(0.,51.5));
#2506 = VECTOR('',#2507,1.);
#2507 = DIRECTION('',(-0.707106781187,0.707106781187));
#2508 = ( GEOMETRIC_REPRESENTATION_CONTEXT(2) 
PARAMETRIC_REPRESENTATION_CONTEXT() REPRESENTATION_CONTEXT('2D SPACE',''
  ) );
#2509 = PCURVE('',#1366,#2510);
#2510 = DEFINITIONAL_REPRESENTATION('',(#2511),#2514);
#2511 = B_SPLINE_CURVE_WITH_KNOTS('',1,(#2512,#2513),.UNSPECIFIED.,.F.,
  .F.,(2,2),(-0.707106781187,0.),.PIECEWISE_BEZIER_KNOTS.);
#2512 = CARTESIAN_POINT('',(0.,-0.353553390593));
#2513 = CARTESIAN_POINT('',(0.,0.353553390593));
#2514 = ( GEOMETRIC_REPRESENTATION_CONTEXT(2) 
PARAMETRIC_REPRESENTATION_CONTEXT() REPRESENTATION_CONTEXT('2D SPACE',''
  ) );
#2515 = FACE_BOUND('',#2516,.T.);
#2516 = EDGE_LOOP('',(#2517));
#2517 = ORIENTED_EDGE('',*,*,#1886,.F.);
#2518 = FACE_BOUND('',#2519,.T.);
#2519 = EDGE_LOOP('',(#2520));
#2520 = ORIENTED_EDGE('',*,*,#1786,.F.);
#2521 = FACE_BOUND('',#2522,.T.);
#2522 = EDGE_LOOP('',(#2523));
#2523 = ORIENTED_EDGE('',*,*,#1936,.F.);
#2524 = FACE_BOUND('',#2525,.T.);
#2525 = EDGE_LOOP('',(#2526));
#2526 = ORIENTED_EDGE('',*,*,#1836,.F.);
#2527 = ADVANCED_FACE('',(#2528),#964,.T.);
#2528 = FACE_BOUND('',#2529,.T.);
#2529 = EDGE_LOOP('',(#2530,#2551,#2552,#2553));
#2530 = ORIENTED_EDGE('',*,*,#2531,.F.);
#2531 = EDGE_CURVE('',#949,#2532,#2534,.T.);
#2532 = VERTEX_POINT('',#2533);
#2533 = CARTESIAN_POINT('',(-20.,20.,26.5));
#2534 = SURFACE_CURVE('',#2535,(#2539,#2545),.PCURVE_S1.);
#2535 = LINE('',#2536,#2537);
#2536 = CARTESIAN_POINT('',(-20.5,20.,27.));
#2537 = VECTOR('',#2538,1.);
#2538 = DIRECTION('',(0.707106781187,-4.329780281177E-17,-0.707106781187
    ));
#2539 = PCURVE('',#964,#2540);
#2540 = DEFINITIONAL_REPRESENTATION('',(#2541),#2544);
#2541 = B_SPLINE_CURVE_WITH_KNOTS('',1,(#2542,#2543),.UNSPECIFIED.,.F.,
  .F.,(2,2),(0.,0.707106781187),.PIECEWISE_BEZIER_KNOTS.);
#2542 = CARTESIAN_POINT('',(0.,-0.353553390593));
#2543 = CARTESIAN_POINT('',(0.,0.353553390593));
#2544 = ( GEOMETRIC_REPRESENTATION_CONTEXT(2) 
PARAMETRIC_REPRESENTATION_CONTEXT() REPRESENTATION_CONTEXT('2D SPACE',''
  ) );
#2545 = PCURVE('',#2119,#2546);
#2546 = DEFINITIONAL_REPRESENTATION('',(#2547),#2550);
#2547 = B_SPLINE_CURVE_WITH_KNOTS('',1,(#2548,#2549),.UNSPECIFIED.,.F.,
  .F.,(2,2),(0.,0.707106781187),.PIECEWISE_BEZIER_KNOTS.);
#2548 = CARTESIAN_POINT('',(-1.570796326795,0.));
#2549 = CARTESIAN_POINT('',(-1.570796326795,-0.5));
#2550 = ( GEOMETRIC_REPRESENTATION_CONTEXT(2) 
PARAMETRIC_REPRESENTATION_CONTEXT() REPRESENTATION_CONTEXT('2D SPACE',''
  ) );
#2551 = ORIENTED_EDGE('',*,*,#948,.T.);
#2552 = ORIENTED_EDGE('',*,*,#2333,.T.);
#2553 = ORIENTED_EDGE('',*,*,#2554,.F.);
#2554 = EDGE_CURVE('',#2532,#2313,#2555,.T.);
#2555 = SURFACE_CURVE('',#2556,(#2560,#2567),.PCURVE_S1.);
#2556 = LINE('',#2557,#2558);
#2557 = CARTESIAN_POINT('',(-20.,20.,26.5));
#2558 = VECTOR('',#2559,1.);
#2559 = DIRECTION('',(-0.,-1.,-0.));
#2560 = PCURVE('',#964,#2561);
#2561 = DEFINITIONAL_REPRESENTATION('',(#2562),#2566);
#2562 = LINE('',#2563,#2564);
#2563 = CARTESIAN_POINT('',(0.,0.353553390593));
#2564 = VECTOR('',#2565,1.);
#2565 = DIRECTION('',(1.,0.));
#2566 = ( GEOMETRIC_REPRESENTATION_CONTEXT(2) 
PARAMETRIC_REPRESENTATION_CONTEXT() REPRESENTATION_CONTEXT('2D SPACE',''
  ) );
#2567 = PCURVE('',#2233,#2568);
#2568 = DEFINITIONAL_REPRESENTATION('',(#2569),#2573);
#2569 = LINE('',#2570,#2571);
#2570 = CARTESIAN_POINT('',(46.,53.5));
#2571 = VECTOR('',#2572,1.);
#2572 = DIRECTION('',(-1.,-0.));
#2573 = ( GEOMETRIC_REPRESENTATION_CONTEXT(2) 
PARAMETRIC_REPRESENTATION_CONTEXT() REPRESENTATION_CONTEXT('2D SPACE',''
  ) );
#2574 = ADVANCED_FACE('',(#2575),#1060,.T.);
#2575 = FACE_BOUND('',#2576,.F.);
#2576 = EDGE_LOOP('',(#2577,#2578,#2579));
#2577 = ORIENTED_EDGE('',*,*,#1721,.F.);
#2578 = ORIENTED_EDGE('',*,*,#1406,.T.);
#2579 = ORIENTED_EDGE('',*,*,#1044,.T.);
#2580 = ADVANCED_FACE('',(#2581),#1111,.T.);
#2581 = FACE_BOUND('',#2582,.T.);
#2582 = EDGE_LOOP('',(#2583,#2606,#2633,#2634));
#2583 = ORIENTED_EDGE('',*,*,#2584,.F.);
#2584 = EDGE_CURVE('',#2585,#1671,#2587,.T.);
#2585 = VERTEX_POINT('',#2586);
#2586 = CARTESIAN_POINT('',(20.5,26.,21.));
#2587 = SURFACE_CURVE('',#2588,(#2592,#2599),.PCURVE_S1.);
#2588 = LINE('',#2589,#2590);
#2589 = CARTESIAN_POINT('',(20.,26.,21.));
#2590 = VECTOR('',#2591,1.);
#2591 = DIRECTION('',(1.,0.,0.));
#2592 = PCURVE('',#1111,#2593);
#2593 = DEFINITIONAL_REPRESENTATION('',(#2594),#2598);
#2594 = LINE('',#2595,#2596);
#2595 = CARTESIAN_POINT('',(0.,0.));
#2596 = VECTOR('',#2597,1.);
#2597 = DIRECTION('',(0.,1.));
#2598 = ( GEOMETRIC_REPRESENTATION_CONTEXT(2) 
PARAMETRIC_REPRESENTATION_CONTEXT() REPRESENTATION_CONTEXT('2D SPACE',''
  ) );
#2599 = PCURVE('',#1686,#2600);
#2600 = DEFINITIONAL_REPRESENTATION('',(#2601),#2605);
#2601 = LINE('',#2602,#2603);
#2602 = CARTESIAN_POINT('',(0.,-48.));
#2603 = VECTOR('',#2604,1.);
#2604 = DIRECTION('',(1.,0.));
#2605 = ( GEOMETRIC_REPRESENTATION_CONTEXT(2) 
PARAMETRIC_REPRESENTATION_CONTEXT() REPRESENTATION_CONTEXT('2D SPACE',''
  ) );
#2606 = ORIENTED_EDGE('',*,*,#2607,.T.);
#2607 = EDGE_CURVE('',#2585,#1096,#2608,.T.);
#2608 = SURFACE_CURVE('',#2609,(#2614,#2621),.PCURVE_S1.);
#2609 = CIRCLE('',#2610,6.);
#2610 = AXIS2_PLACEMENT_3D('',#2611,#2612,#2613);
#2611 = CARTESIAN_POINT('',(20.5,20.,21.));
#2612 = DIRECTION('',(1.,0.,0.));
#2613 = DIRECTION('',(-0.,1.,0.));
#2614 = PCURVE('',#1111,#2615);
#2615 = DEFINITIONAL_REPRESENTATION('',(#2616),#2620);
#2616 = LINE('',#2617,#2618);
#2617 = CARTESIAN_POINT('',(0.,0.5));
#2618 = VECTOR('',#2619,1.);
#2619 = DIRECTION('',(1.,0.));
#2620 = ( GEOMETRIC_REPRESENTATION_CONTEXT(2) 
PARAMETRIC_REPRESENTATION_CONTEXT() REPRESENTATION_CONTEXT('2D SPACE',''
  ) );
#2621 = PCURVE('',#2622,#2627);
#2622 = CONICAL_SURFACE('',#2623,6.,0.785398163397);
#2623 = AXIS2_PLACEMENT_3D('',#2624,#2625,#2626);
#2624 = CARTESIAN_POINT('',(20.5,20.,21.));
#2625 = DIRECTION('',(1.,0.,0.));
#2626 = DIRECTION('',(-0.,1.,0.));
#2627 = DEFINITIONAL_REPRESENTATION('',(#2628),#2632);
#2628 = LINE('',#2629,#2630);
#2629 = CARTESIAN_POINT('',(0.,0.));
#2630 = VECTOR('',#2631,1.);
#2631 = DIRECTION('',(1.,0.));
#2632 = ( GEOMETRIC_REPRESENTATION_CONTEXT(2) 
PARAMETRIC_REPRESENTATION_CONTEXT() REPRESENTATION_CONTEXT('2D SPACE',''
  ) );
#2633 = ORIENTED_EDGE('',*,*,#1095,.T.);
#2634 = ORIENTED_EDGE('',*,*,#1698,.F.);
#2635 = ADVANCED_FACE('',(#2636),#1137,.F.);
#2636 = FACE_BOUND('',#2637,.T.);
#2637 = EDGE_LOOP('',(#2638,#2659,#2680,#2681));
#2638 = ORIENTED_EDGE('',*,*,#2639,.F.);
#2639 = EDGE_CURVE('',#2640,#1096,#2642,.T.);
#2640 = VERTEX_POINT('',#2641);
#2641 = CARTESIAN_POINT('',(20.,20.,26.5));
#2642 = SURFACE_CURVE('',#2643,(#2647,#2653),.PCURVE_S1.);
#2643 = LINE('',#2644,#2645);
#2644 = CARTESIAN_POINT('',(20.5,20.,27.));
#2645 = VECTOR('',#2646,1.);
#2646 = DIRECTION('',(0.707106781187,4.329780281177E-17,0.707106781187)
  );
#2647 = PCURVE('',#1137,#2648);
#2648 = DEFINITIONAL_REPRESENTATION('',(#2649),#2652);
#2649 = B_SPLINE_CURVE_WITH_KNOTS('',1,(#2650,#2651),.UNSPECIFIED.,.F.,
  .F.,(2,2),(-0.707106781187,0.),.PIECEWISE_BEZIER_KNOTS.);
#2650 = CARTESIAN_POINT('',(0.,-0.353553390593));
#2651 = CARTESIAN_POINT('',(0.,0.353553390593));
#2652 = ( GEOMETRIC_REPRESENTATION_CONTEXT(2) 
PARAMETRIC_REPRESENTATION_CONTEXT() REPRESENTATION_CONTEXT('2D SPACE',''
  ) );
#2653 = PCURVE('',#2622,#2654);
#2654 = DEFINITIONAL_REPRESENTATION('',(#2655),#2658);
#2655 = B_SPLINE_CURVE_WITH_KNOTS('',1,(#2656,#2657),.UNSPECIFIED.,.F.,
  .F.,(2,2),(-0.707106781187,0.),.PIECEWISE_BEZIER_KNOTS.);
#2656 = CARTESIAN_POINT('',(1.570796326795,-0.5));
#2657 = CARTESIAN_POINT('',(1.570796326795,0.));
#2658 = ( GEOMETRIC_REPRESENTATION_CONTEXT(2) 
PARAMETRIC_REPRESENTATION_CONTEXT() REPRESENTATION_CONTEXT('2D SPACE',''
  ) );
#2659 = ORIENTED_EDGE('',*,*,#2660,.T.);
#2660 = EDGE_CURVE('',#2640,#2355,#2661,.T.);
#2661 = SURFACE_CURVE('',#2662,(#2666,#2673),.PCURVE_S1.);
#2662 = LINE('',#2663,#2664);
#2663 = CARTESIAN_POINT('',(20.,20.,26.5));
#2664 = VECTOR('',#2665,1.);
#2665 = DIRECTION('',(-0.,-1.,-0.));
#2666 = PCURVE('',#1137,#2667);
#2667 = DEFINITIONAL_REPRESENTATION('',(#2668),#2672);
#2668 = LINE('',#2669,#2670);
#2669 = CARTESIAN_POINT('',(-0.,-0.353553390593));
#2670 = VECTOR('',#2671,1.);
#2671 = DIRECTION('',(-1.,0.));
#2672 = ( GEOMETRIC_REPRESENTATION_CONTEXT(2) 
PARAMETRIC_REPRESENTATION_CONTEXT() REPRESENTATION_CONTEXT('2D SPACE',''
  ) );
#2673 = PCURVE('',#2391,#2674);
#2674 = DEFINITIONAL_REPRESENTATION('',(#2675),#2679);
#2675 = LINE('',#2676,#2677);
#2676 = CARTESIAN_POINT('',(46.,53.5));
#2677 = VECTOR('',#2678,1.);
#2678 = DIRECTION('',(-1.,-0.));
#2679 = ( GEOMETRIC_REPRESENTATION_CONTEXT(2) 
PARAMETRIC_REPRESENTATION_CONTEXT() REPRESENTATION_CONTEXT('2D SPACE',''
  ) );
#2680 = ORIENTED_EDGE('',*,*,#2354,.T.);
#2681 = ORIENTED_EDGE('',*,*,#1123,.F.);
#2682 = ADVANCED_FACE('',(#2683),#1193,.F.);
#2683 = FACE_BOUND('',#2684,.T.);
#2684 = EDGE_LOOP('',(#2685,#2686,#2687,#2708));
#2685 = ORIENTED_EDGE('',*,*,#2196,.F.);
#2686 = ORIENTED_EDGE('',*,*,#1177,.T.);
#2687 = ORIENTED_EDGE('',*,*,#2688,.T.);
#2688 = EDGE_CURVE('',#1178,#2689,#2691,.T.);
#2689 = VERTEX_POINT('',#2690);
#2690 = CARTESIAN_POINT('',(-20.,20.,-26.5));
#2691 = SURFACE_CURVE('',#2692,(#2696,#2702),.PCURVE_S1.);
#2692 = LINE('',#2693,#2694);
#2693 = CARTESIAN_POINT('',(-20.25,20.,-26.75));
#2694 = VECTOR('',#2695,1.);
#2695 = DIRECTION('',(0.707106781187,-0.,0.707106781187));
#2696 = PCURVE('',#1193,#2697);
#2697 = DEFINITIONAL_REPRESENTATION('',(#2698),#2701);
#2698 = B_SPLINE_CURVE_WITH_KNOTS('',1,(#2699,#2700),.UNSPECIFIED.,.F.,
  .F.,(2,2),(-0.353553390593,0.353553390593),.PIECEWISE_BEZIER_KNOTS.);
#2699 = CARTESIAN_POINT('',(-40.,-0.353553390593));
#2700 = CARTESIAN_POINT('',(-40.,0.353553390593));
#2701 = ( GEOMETRIC_REPRESENTATION_CONTEXT(2) 
PARAMETRIC_REPRESENTATION_CONTEXT() REPRESENTATION_CONTEXT('2D SPACE',''
  ) );
#2702 = PCURVE('',#2032,#2703);
#2703 = DEFINITIONAL_REPRESENTATION('',(#2704),#2707);
#2704 = B_SPLINE_CURVE_WITH_KNOTS('',1,(#2705,#2706),.UNSPECIFIED.,.F.,
  .F.,(2,2),(-0.353553390593,0.353553390593),.PIECEWISE_BEZIER_KNOTS.);
#2705 = CARTESIAN_POINT('',(0.,0.));
#2706 = CARTESIAN_POINT('',(0.,-0.5));
#2707 = ( GEOMETRIC_REPRESENTATION_CONTEXT(2) 
PARAMETRIC_REPRESENTATION_CONTEXT() REPRESENTATION_CONTEXT('2D SPACE',''
  ) );
#2708 = ORIENTED_EDGE('',*,*,#2709,.F.);
#2709 = EDGE_CURVE('',#2197,#2689,#2710,.T.);
#2710 = SURFACE_CURVE('',#2711,(#2715,#2722),.PCURVE_S1.);
#2711 = LINE('',#2712,#2713);
#2712 = CARTESIAN_POINT('',(-20.,-20.,-26.5));
#2713 = VECTOR('',#2714,1.);
#2714 = DIRECTION('',(0.,1.,0.));
#2715 = PCURVE('',#1193,#2716);
#2716 = DEFINITIONAL_REPRESENTATION('',(#2717),#2721);
#2717 = LINE('',#2718,#2719);
#2718 = CARTESIAN_POINT('',(-0.,0.353553390593));
#2719 = VECTOR('',#2720,1.);
#2720 = DIRECTION('',(-1.,0.));
#2721 = ( GEOMETRIC_REPRESENTATION_CONTEXT(2) 
PARAMETRIC_REPRESENTATION_CONTEXT() REPRESENTATION_CONTEXT('2D SPACE',''
  ) );
#2722 = PCURVE('',#2233,#2723);
#2723 = DEFINITIONAL_REPRESENTATION('',(#2724),#2728);
#2724 = LINE('',#2725,#2726);
#2725 = CARTESIAN_POINT('',(6.,0.5));
#2726 = VECTOR('',#2727,1.);
#2727 = DIRECTION('',(1.,0.));
#2728 = ( GEOMETRIC_REPRESENTATION_CONTEXT(2) 
PARAMETRIC_REPRESENTATION_CONTEXT() REPRESENTATION_CONTEXT('2D SPACE',''
  ) );
#2729 = ADVANCED_FACE('',(#2730),#1289,.T.);
#2730 = FACE_BOUND('',#2731,.T.);
#2731 = EDGE_LOOP('',(#2732,#2733,#2734));
#2732 = ORIENTED_EDGE('',*,*,#1619,.F.);
#2733 = ORIENTED_EDGE('',*,*,#1524,.T.);
#2734 = ORIENTED_EDGE('',*,*,#1273,.T.);
#2735 = ADVANCED_FACE('',(#2736),#1340,.T.);
#2736 = FACE_BOUND('',#2737,.F.);
#2737 = EDGE_LOOP('',(#2738,#2761,#2788,#2789));
#2738 = ORIENTED_EDGE('',*,*,#2739,.F.);
#2739 = EDGE_CURVE('',#2740,#1643,#2742,.T.);
#2740 = VERTEX_POINT('',#2741);
#2741 = CARTESIAN_POINT('',(20.5,26.,-21.));
#2742 = SURFACE_CURVE('',#2743,(#2747,#2754),.PCURVE_S1.);
#2743 = LINE('',#2744,#2745);
#2744 = CARTESIAN_POINT('',(20.,26.,-21.));
#2745 = VECTOR('',#2746,1.);
#2746 = DIRECTION('',(1.,0.,0.));
#2747 = PCURVE('',#1340,#2748);
#2748 = DEFINITIONAL_REPRESENTATION('',(#2749),#2753);
#2749 = LINE('',#2750,#2751);
#2750 = CARTESIAN_POINT('',(-0.,0.));
#2751 = VECTOR('',#2752,1.);
#2752 = DIRECTION('',(-0.,1.));
#2753 = ( GEOMETRIC_REPRESENTATION_CONTEXT(2) 
PARAMETRIC_REPRESENTATION_CONTEXT() REPRESENTATION_CONTEXT('2D SPACE',''
  ) );
#2754 = PCURVE('',#1686,#2755);
#2755 = DEFINITIONAL_REPRESENTATION('',(#2756),#2760);
#2756 = LINE('',#2757,#2758);
#2757 = CARTESIAN_POINT('',(0.,-6.));
#2758 = VECTOR('',#2759,1.);
#2759 = DIRECTION('',(1.,0.));
#2760 = ( GEOMETRIC_REPRESENTATION_CONTEXT(2) 
PARAMETRIC_REPRESENTATION_CONTEXT() REPRESENTATION_CONTEXT('2D SPACE',''
  ) );
#2761 = ORIENTED_EDGE('',*,*,#2762,.F.);
#2762 = EDGE_CURVE('',#1325,#2740,#2763,.T.);
#2763 = SURFACE_CURVE('',#2764,(#2769,#2776),.PCURVE_S1.);
#2764 = CIRCLE('',#2765,6.);
#2765 = AXIS2_PLACEMENT_3D('',#2766,#2767,#2768);
#2766 = CARTESIAN_POINT('',(20.5,20.,-21.));
#2767 = DIRECTION('',(1.,0.,0.));
#2768 = DIRECTION('',(0.,0.,-1.));
#2769 = PCURVE('',#1340,#2770);
#2770 = DEFINITIONAL_REPRESENTATION('',(#2771),#2775);
#2771 = LINE('',#2772,#2773);
#2772 = CARTESIAN_POINT('',(-1.570796326795,0.5));
#2773 = VECTOR('',#2774,1.);
#2774 = DIRECTION('',(1.,-0.));
#2775 = ( GEOMETRIC_REPRESENTATION_CONTEXT(2) 
PARAMETRIC_REPRESENTATION_CONTEXT() REPRESENTATION_CONTEXT('2D SPACE',''
  ) );
#2776 = PCURVE('',#2777,#2782);
#2777 = CONICAL_SURFACE('',#2778,6.,0.785398163397);
#2778 = AXIS2_PLACEMENT_3D('',#2779,#2780,#2781);
#2779 = CARTESIAN_POINT('',(20.5,20.,-21.));
#2780 = DIRECTION('',(1.,0.,0.));
#2781 = DIRECTION('',(0.,0.,-1.));
#2782 = DEFINITIONAL_REPRESENTATION('',(#2783),#2787);
#2783 = LINE('',#2784,#2785);
#2784 = CARTESIAN_POINT('',(0.,0.));
#2785 = VECTOR('',#2786,1.);
#2786 = DIRECTION('',(1.,0.));
#2787 = ( GEOMETRIC_REPRESENTATION_CONTEXT(2) 
PARAMETRIC_REPRESENTATION_CONTEXT() REPRESENTATION_CONTEXT('2D SPACE',''
  ) );
#2788 = ORIENTED_EDGE('',*,*,#1324,.T.);
#2789 = ORIENTED_EDGE('',*,*,#1642,.F.);
#2790 = ADVANCED_FACE('',(#2791),#1366,.T.);
#2791 = FACE_BOUND('',#2792,.T.);
#2792 = EDGE_LOOP('',(#2793,#2794,#2817,#2836));
#2793 = ORIENTED_EDGE('',*,*,#2496,.F.);
#2794 = ORIENTED_EDGE('',*,*,#2795,.T.);
#2795 = EDGE_CURVE('',#2476,#2796,#2798,.T.);
#2796 = VERTEX_POINT('',#2797);
#2797 = CARTESIAN_POINT('',(20.,20.,-26.5));
#2798 = SURFACE_CURVE('',#2799,(#2803,#2810),.PCURVE_S1.);
#2799 = LINE('',#2800,#2801);
#2800 = CARTESIAN_POINT('',(20.,-20.,-26.5));
#2801 = VECTOR('',#2802,1.);
#2802 = DIRECTION('',(0.,1.,0.));
#2803 = PCURVE('',#1366,#2804);
#2804 = DEFINITIONAL_REPRESENTATION('',(#2805),#2809);
#2805 = LINE('',#2806,#2807);
#2806 = CARTESIAN_POINT('',(0.,-0.353553390593));
#2807 = VECTOR('',#2808,1.);
#2808 = DIRECTION('',(1.,0.));
#2809 = ( GEOMETRIC_REPRESENTATION_CONTEXT(2) 
PARAMETRIC_REPRESENTATION_CONTEXT() REPRESENTATION_CONTEXT('2D SPACE',''
  ) );
#2810 = PCURVE('',#2391,#2811);
#2811 = DEFINITIONAL_REPRESENTATION('',(#2812),#2816);
#2812 = LINE('',#2813,#2814);
#2813 = CARTESIAN_POINT('',(6.,0.5));
#2814 = VECTOR('',#2815,1.);
#2815 = DIRECTION('',(1.,0.));
#2816 = ( GEOMETRIC_REPRESENTATION_CONTEXT(2) 
PARAMETRIC_REPRESENTATION_CONTEXT() REPRESENTATION_CONTEXT('2D SPACE',''
  ) );
#2817 = ORIENTED_EDGE('',*,*,#2818,.T.);
#2818 = EDGE_CURVE('',#2796,#1325,#2819,.T.);
#2819 = SURFACE_CURVE('',#2820,(#2824,#2830),.PCURVE_S1.);
#2820 = LINE('',#2821,#2822);
#2821 = CARTESIAN_POINT('',(20.25,20.,-26.75));
#2822 = VECTOR('',#2823,1.);
#2823 = DIRECTION('',(0.707106781187,0.,-0.707106781187));
#2824 = PCURVE('',#1366,#2825);
#2825 = DEFINITIONAL_REPRESENTATION('',(#2826),#2829);
#2826 = B_SPLINE_CURVE_WITH_KNOTS('',1,(#2827,#2828),.UNSPECIFIED.,.F.,
  .F.,(2,2),(-0.353553390593,0.353553390593),.PIECEWISE_BEZIER_KNOTS.);
#2827 = CARTESIAN_POINT('',(40.,-0.353553390593));
#2828 = CARTESIAN_POINT('',(40.,0.353553390593));
#2829 = ( GEOMETRIC_REPRESENTATION_CONTEXT(2) 
PARAMETRIC_REPRESENTATION_CONTEXT() REPRESENTATION_CONTEXT('2D SPACE',''
  ) );
#2830 = PCURVE('',#2777,#2831);
#2831 = DEFINITIONAL_REPRESENTATION('',(#2832),#2835);
#2832 = B_SPLINE_CURVE_WITH_KNOTS('',1,(#2833,#2834),.UNSPECIFIED.,.F.,
  .F.,(2,2),(-0.353553390593,0.353553390593),.PIECEWISE_BEZIER_KNOTS.);
#2833 = CARTESIAN_POINT('',(0.,-0.5));
#2834 = CARTESIAN_POINT('',(0.,-1.020560098144E-15));
#2835 = ( GEOMETRIC_REPRESENTATION_CONTEXT(2) 
PARAMETRIC_REPRESENTATION_CONTEXT() REPRESENTATION_CONTEXT('2D SPACE',''
  ) );
#2836 = ORIENTED_EDGE('',*,*,#1352,.F.);
#2837 = ADVANCED_FACE('',(#2838),#1686,.T.);
#2838 = FACE_BOUND('',#2839,.T.);
#2839 = EDGE_LOOP('',(#2840,#2841,#2867,#2868));
#2840 = ORIENTED_EDGE('',*,*,#2739,.F.);
#2841 = ORIENTED_EDGE('',*,*,#2842,.T.);
#2842 = EDGE_CURVE('',#2740,#2585,#2843,.T.);
#2843 = SURFACE_CURVE('',#2844,(#2848,#2855),.PCURVE_S1.);
#2844 = LINE('',#2845,#2846);
#2845 = CARTESIAN_POINT('',(20.5,26.,-21.));
#2846 = VECTOR('',#2847,1.);
#2847 = DIRECTION('',(0.,0.,1.));
#2848 = PCURVE('',#1686,#2849);
#2849 = DEFINITIONAL_REPRESENTATION('',(#2850),#2854);
#2850 = LINE('',#2851,#2852);
#2851 = CARTESIAN_POINT('',(0.5,-6.));
#2852 = VECTOR('',#2853,1.);
#2853 = DIRECTION('',(0.,-1.));
#2854 = ( GEOMETRIC_REPRESENTATION_CONTEXT(2) 
PARAMETRIC_REPRESENTATION_CONTEXT() REPRESENTATION_CONTEXT('2D SPACE',''
  ) );
#2855 = PCURVE('',#2856,#2861);
#2856 = PLANE('',#2857);
#2857 = AXIS2_PLACEMENT_3D('',#2858,#2859,#2860);
#2858 = CARTESIAN_POINT('',(20.25,25.75,-21.));
#2859 = DIRECTION('',(0.707106781187,-0.707106781187,0.));
#2860 = DIRECTION('',(-0.,-0.,-1.));
#2861 = DEFINITIONAL_REPRESENTATION('',(#2862),#2866);
#2862 = LINE('',#2863,#2864);
#2863 = CARTESIAN_POINT('',(-0.,0.353553390593));
#2864 = VECTOR('',#2865,1.);
#2865 = DIRECTION('',(-1.,0.));
#2866 = ( GEOMETRIC_REPRESENTATION_CONTEXT(2) 
PARAMETRIC_REPRESENTATION_CONTEXT() REPRESENTATION_CONTEXT('2D SPACE',''
  ) );
#2867 = ORIENTED_EDGE('',*,*,#2584,.T.);
#2868 = ORIENTED_EDGE('',*,*,#1670,.F.);
#2869 = ADVANCED_FACE('',(#2870),#1771,.F.);
#2870 = FACE_BOUND('',#2871,.T.);
#2871 = EDGE_LOOP('',(#2872,#2873,#2896,#2918));
#2872 = ORIENTED_EDGE('',*,*,#1750,.F.);
#2873 = ORIENTED_EDGE('',*,*,#2874,.T.);
#2874 = EDGE_CURVE('',#1751,#2875,#2877,.T.);
#2875 = VERTEX_POINT('',#2876);
#2876 = CARTESIAN_POINT('',(27.,-19.,0.));
#2877 = SEAM_CURVE('',#2878,(#2882,#2889),.PCURVE_S1.);
#2878 = LINE('',#2879,#2880);
#2879 = CARTESIAN_POINT('',(74.0000002,-19.,0.));
#2880 = VECTOR('',#2881,1.);
#2881 = DIRECTION('',(-1.,0.,0.));
#2882 = PCURVE('',#1771,#2883);
#2883 = DEFINITIONAL_REPRESENTATION('',(#2884),#2888);
#2884 = LINE('',#2885,#2886);
#2885 = CARTESIAN_POINT('',(-0.,0.));
#2886 = VECTOR('',#2887,1.);
#2887 = DIRECTION('',(-0.,-1.));
#2888 = ( GEOMETRIC_REPRESENTATION_CONTEXT(2) 
PARAMETRIC_REPRESENTATION_CONTEXT() REPRESENTATION_CONTEXT('2D SPACE',''
  ) );
#2889 = PCURVE('',#1771,#2890);
#2890 = DEFINITIONAL_REPRESENTATION('',(#2891),#2895);
#2891 = LINE('',#2892,#2893);
#2892 = CARTESIAN_POINT('',(-6.28318530718,0.));
#2893 = VECTOR('',#2894,1.);
#2894 = DIRECTION('',(-0.,-1.));
#2895 = ( GEOMETRIC_REPRESENTATION_CONTEXT(2) 
PARAMETRIC_REPRESENTATION_CONTEXT() REPRESENTATION_CONTEXT('2D SPACE',''
  ) );
#2896 = ORIENTED_EDGE('',*,*,#2897,.T.);
#2897 = EDGE_CURVE('',#2875,#2875,#2898,.T.);
#2898 = SURFACE_CURVE('',#2899,(#2904,#2911),.PCURVE_S1.);
#2899 = CIRCLE('',#2900,19.);
#2900 = AXIS2_PLACEMENT_3D('',#2901,#2902,#2903);
#2901 = CARTESIAN_POINT('',(27.,1.094280939257E-15,-8.881784197001E-16)
  );
#2902 = DIRECTION('',(-1.,0.,0.));
#2903 = DIRECTION('',(0.,-1.,2.916755924453E-16));
#2904 = PCURVE('',#1771,#2905);
#2905 = DEFINITIONAL_REPRESENTATION('',(#2906),#2910);
#2906 = LINE('',#2907,#2908);
#2907 = CARTESIAN_POINT('',(-0.,-47.0000002));
#2908 = VECTOR('',#2909,1.);
#2909 = DIRECTION('',(-1.,-0.));
#2910 = ( GEOMETRIC_REPRESENTATION_CONTEXT(2) 
PARAMETRIC_REPRESENTATION_CONTEXT() REPRESENTATION_CONTEXT('2D SPACE',''
  ) );
#2911 = PCURVE('',#2443,#2912);
#2912 = DEFINITIONAL_REPRESENTATION('',(#2913),#2917);
#2913 = CIRCLE('',#2914,19.);
#2914 = AXIS2_PLACEMENT_2D('',#2915,#2916);
#2915 = CARTESIAN_POINT('',(1.072784808898E-15,-5.242179065532E-17));
#2916 = DIRECTION('',(-2.916755924453E-16,1.));
#2917 = ( GEOMETRIC_REPRESENTATION_CONTEXT(2) 
PARAMETRIC_REPRESENTATION_CONTEXT() REPRESENTATION_CONTEXT('2D SPACE',''
  ) );
#2918 = ORIENTED_EDGE('',*,*,#2874,.F.);
#2919 = ADVANCED_FACE('',(#2920),#2032,.T.);
#2920 = FACE_BOUND('',#2921,.T.);
#2921 = EDGE_LOOP('',(#2922,#2923,#2924,#2945));
#2922 = ORIENTED_EDGE('',*,*,#2688,.F.);
#2923 = ORIENTED_EDGE('',*,*,#2017,.T.);
#2924 = ORIENTED_EDGE('',*,*,#2925,.T.);
#2925 = EDGE_CURVE('',#1993,#2926,#2928,.T.);
#2926 = VERTEX_POINT('',#2927);
#2927 = CARTESIAN_POINT('',(-20.,25.5,-21.));
#2928 = SURFACE_CURVE('',#2929,(#2933,#2939),.PCURVE_S1.);
#2929 = LINE('',#2930,#2931);
#2930 = CARTESIAN_POINT('',(-20.25,25.75,-21.));
#2931 = VECTOR('',#2932,1.);
#2932 = DIRECTION('',(0.707106781187,-0.707106781187,-0.));
#2933 = PCURVE('',#2032,#2934);
#2934 = DEFINITIONAL_REPRESENTATION('',(#2935),#2938);
#2935 = B_SPLINE_CURVE_WITH_KNOTS('',1,(#2936,#2937),.UNSPECIFIED.,.F.,
  .F.,(2,2),(-0.353553390593,0.353553390593),.PIECEWISE_BEZIER_KNOTS.);
#2936 = CARTESIAN_POINT('',(-1.570796326795,0.));
#2937 = CARTESIAN_POINT('',(-1.570796326795,-0.5));
#2938 = ( GEOMETRIC_REPRESENTATION_CONTEXT(2) 
PARAMETRIC_REPRESENTATION_CONTEXT() REPRESENTATION_CONTEXT('2D SPACE',''
  ) );
#2939 = PCURVE('',#2086,#2940);
#2940 = DEFINITIONAL_REPRESENTATION('',(#2941),#2944);
#2941 = B_SPLINE_CURVE_WITH_KNOTS('',1,(#2942,#2943),.UNSPECIFIED.,.F.,
  .F.,(2,2),(-0.353553390593,0.353553390593),.PIECEWISE_BEZIER_KNOTS.);
#2942 = CARTESIAN_POINT('',(0.,-0.353553390593));
#2943 = CARTESIAN_POINT('',(0.,0.353553390593));
#2944 = ( GEOMETRIC_REPRESENTATION_CONTEXT(2) 
PARAMETRIC_REPRESENTATION_CONTEXT() REPRESENTATION_CONTEXT('2D SPACE',''
  ) );
#2945 = ORIENTED_EDGE('',*,*,#2946,.F.);
#2946 = EDGE_CURVE('',#2689,#2926,#2947,.T.);
#2947 = SURFACE_CURVE('',#2948,(#2953,#2960),.PCURVE_S1.);
#2948 = CIRCLE('',#2949,5.5);
#2949 = AXIS2_PLACEMENT_3D('',#2950,#2951,#2952);
#2950 = CARTESIAN_POINT('',(-20.,20.,-21.));
#2951 = DIRECTION('',(1.,0.,0.));
#2952 = DIRECTION('',(0.,0.,-1.));
#2953 = PCURVE('',#2032,#2954);
#2954 = DEFINITIONAL_REPRESENTATION('',(#2955),#2959);
#2955 = LINE('',#2956,#2957);
#2956 = CARTESIAN_POINT('',(-0.,-0.5));
#2957 = VECTOR('',#2958,1.);
#2958 = DIRECTION('',(-1.,-0.));
#2959 = ( GEOMETRIC_REPRESENTATION_CONTEXT(2) 
PARAMETRIC_REPRESENTATION_CONTEXT() REPRESENTATION_CONTEXT('2D SPACE',''
  ) );
#2960 = PCURVE('',#2233,#2961);
#2961 = DEFINITIONAL_REPRESENTATION('',(#2962),#2966);
#2962 = CIRCLE('',#2963,5.5);
#2963 = AXIS2_PLACEMENT_2D('',#2964,#2965);
#2964 = CARTESIAN_POINT('',(46.,6.));
#2965 = DIRECTION('',(0.,-1.));
#2966 = ( GEOMETRIC_REPRESENTATION_CONTEXT(2) 
PARAMETRIC_REPRESENTATION_CONTEXT() REPRESENTATION_CONTEXT('2D SPACE',''
  ) );
#2967 = ADVANCED_FACE('',(#2968),#2086,.T.);
#2968 = FACE_BOUND('',#2969,.T.);
#2969 = EDGE_LOOP('',(#2970,#2971,#2972,#2993));
#2970 = ORIENTED_EDGE('',*,*,#2925,.F.);
#2971 = ORIENTED_EDGE('',*,*,#2072,.T.);
#2972 = ORIENTED_EDGE('',*,*,#2973,.T.);
#2973 = EDGE_CURVE('',#2050,#2974,#2976,.T.);
#2974 = VERTEX_POINT('',#2975);
#2975 = CARTESIAN_POINT('',(-20.,25.5,21.));
#2976 = SURFACE_CURVE('',#2977,(#2981,#2987),.PCURVE_S1.);
#2977 = LINE('',#2978,#2979);
#2978 = CARTESIAN_POINT('',(-20.25,25.75,21.));
#2979 = VECTOR('',#2980,1.);
#2980 = DIRECTION('',(0.707106781187,-0.707106781187,-0.));
#2981 = PCURVE('',#2086,#2982);
#2982 = DEFINITIONAL_REPRESENTATION('',(#2983),#2986);
#2983 = B_SPLINE_CURVE_WITH_KNOTS('',1,(#2984,#2985),.UNSPECIFIED.,.F.,
  .F.,(2,2),(-0.353553390593,0.353553390593),.PIECEWISE_BEZIER_KNOTS.);
#2984 = CARTESIAN_POINT('',(42.,-0.353553390593));
#2985 = CARTESIAN_POINT('',(42.,0.353553390593));
#2986 = ( GEOMETRIC_REPRESENTATION_CONTEXT(2) 
PARAMETRIC_REPRESENTATION_CONTEXT() REPRESENTATION_CONTEXT('2D SPACE',''
  ) );
#2987 = PCURVE('',#2119,#2988);
#2988 = DEFINITIONAL_REPRESENTATION('',(#2989),#2992);
#2989 = B_SPLINE_CURVE_WITH_KNOTS('',1,(#2990,#2991),.UNSPECIFIED.,.F.,
  .F.,(2,2),(-0.353553390593,0.353553390593),.PIECEWISE_BEZIER_KNOTS.);
#2990 = CARTESIAN_POINT('',(0.,0.));
#2991 = CARTESIAN_POINT('',(0.,-0.5));
#2992 = ( GEOMETRIC_REPRESENTATION_CONTEXT(2) 
PARAMETRIC_REPRESENTATION_CONTEXT() REPRESENTATION_CONTEXT('2D SPACE',''
  ) );
#2993 = ORIENTED_EDGE('',*,*,#2994,.F.);
#2994 = EDGE_CURVE('',#2926,#2974,#2995,.T.);
#2995 = SURFACE_CURVE('',#2996,(#3000,#3007),.PCURVE_S1.);
#2996 = LINE('',#2997,#2998);
#2997 = CARTESIAN_POINT('',(-20.,25.5,-21.));
#2998 = VECTOR('',#2999,1.);
#2999 = DIRECTION('',(0.,0.,1.));
#3000 = PCURVE('',#2086,#3001);
#3001 = DEFINITIONAL_REPRESENTATION('',(#3002),#3006);
#3002 = LINE('',#3003,#3004);
#3003 = CARTESIAN_POINT('',(0.,0.353553390593));
#3004 = VECTOR('',#3005,1.);
#3005 = DIRECTION('',(1.,0.));
#3006 = ( GEOMETRIC_REPRESENTATION_CONTEXT(2) 
PARAMETRIC_REPRESENTATION_CONTEXT() REPRESENTATION_CONTEXT('2D SPACE',''
  ) );
#3007 = PCURVE('',#2233,#3008);
#3008 = DEFINITIONAL_REPRESENTATION('',(#3009),#3013);
#3009 = LINE('',#3010,#3011);
#3010 = CARTESIAN_POINT('',(51.5,6.));
#3011 = VECTOR('',#3012,1.);
#3012 = DIRECTION('',(0.,1.));
#3013 = ( GEOMETRIC_REPRESENTATION_CONTEXT(2) 
PARAMETRIC_REPRESENTATION_CONTEXT() REPRESENTATION_CONTEXT('2D SPACE',''
  ) );
#3014 = ADVANCED_FACE('',(#3015),#2119,.T.);
#3015 = FACE_BOUND('',#3016,.T.);
#3016 = EDGE_LOOP('',(#3017,#3018,#3019,#3020));
#3017 = ORIENTED_EDGE('',*,*,#2973,.F.);
#3018 = ORIENTED_EDGE('',*,*,#2104,.T.);
#3019 = ORIENTED_EDGE('',*,*,#2531,.T.);
#3020 = ORIENTED_EDGE('',*,*,#3021,.F.);
#3021 = EDGE_CURVE('',#2974,#2532,#3022,.T.);
#3022 = SURFACE_CURVE('',#3023,(#3028,#3035),.PCURVE_S1.);
#3023 = CIRCLE('',#3024,5.5);
#3024 = AXIS2_PLACEMENT_3D('',#3025,#3026,#3027);
#3025 = CARTESIAN_POINT('',(-20.,20.,21.));
#3026 = DIRECTION('',(1.,0.,0.));
#3027 = DIRECTION('',(-0.,1.,0.));
#3028 = PCURVE('',#2119,#3029);
#3029 = DEFINITIONAL_REPRESENTATION('',(#3030),#3034);
#3030 = LINE('',#3031,#3032);
#3031 = CARTESIAN_POINT('',(-0.,-0.5));
#3032 = VECTOR('',#3033,1.);
#3033 = DIRECTION('',(-1.,-0.));
#3034 = ( GEOMETRIC_REPRESENTATION_CONTEXT(2) 
PARAMETRIC_REPRESENTATION_CONTEXT() REPRESENTATION_CONTEXT('2D SPACE',''
  ) );
#3035 = PCURVE('',#2233,#3036);
#3036 = DEFINITIONAL_REPRESENTATION('',(#3037),#3041);
#3037 = CIRCLE('',#3038,5.5);
#3038 = AXIS2_PLACEMENT_2D('',#3039,#3040);
#3039 = CARTESIAN_POINT('',(46.,48.));
#3040 = DIRECTION('',(1.,0.));
#3041 = ( GEOMETRIC_REPRESENTATION_CONTEXT(2) 
PARAMETRIC_REPRESENTATION_CONTEXT() REPRESENTATION_CONTEXT('2D SPACE',''
  ) );
#3042 = ADVANCED_FACE('',(#3043,#3072),#2179,.T.);
#3043 = FACE_BOUND('',#3044,.T.);
#3044 = EDGE_LOOP('',(#3045,#3046));
#3045 = ORIENTED_EDGE('',*,*,#2270,.F.);
#3046 = ORIENTED_EDGE('',*,*,#3047,.F.);
#3047 = EDGE_CURVE('',#2271,#2245,#3048,.T.);
#3048 = SURFACE_CURVE('',#3049,(#3054,#3065),.PCURVE_S1.);
#3049 = CIRCLE('',#3050,21.);
#3050 = AXIS2_PLACEMENT_3D('',#3051,#3052,#3053);
#3051 = CARTESIAN_POINT('',(-27.,0.,0.));
#3052 = DIRECTION('',(-1.,0.,0.));
#3053 = DIRECTION('',(0.,-0.952380952381,0.304910677973));
#3054 = PCURVE('',#2179,#3055);
#3055 = DEFINITIONAL_REPRESENTATION('',(#3056),#3064);
#3056 = ( BOUNDED_CURVE() B_SPLINE_CURVE(2,(#3057,#3058,#3059,#3060,
#3061,#3062,#3063),.UNSPECIFIED.,.T.,.F.) B_SPLINE_CURVE_WITH_KNOTS((1,2
    ,2,2,2,1),(-2.094395102393,0.,2.094395102393,4.188790204786,
6.28318530718,8.377580409573),.UNSPECIFIED.) CURVE() 
GEOMETRIC_REPRESENTATION_ITEM() RATIONAL_B_SPLINE_CURVE((1.,0.5,1.,0.5,
1.,0.5,1.)) REPRESENTATION_ITEM('') );
#3057 = CARTESIAN_POINT('',(6.403124237433,20.));
#3058 = CARTESIAN_POINT('',(41.04414038881,8.909463493591));
#3059 = CARTESIAN_POINT('',(14.118945956972,-15.5452682532));
#3060 = CARTESIAN_POINT('',(-12.80624847486,-40.));
#3061 = CARTESIAN_POINT('',(-20.5220701944,-4.454731746795));
#3062 = CARTESIAN_POINT('',(-28.23789191394,31.090536506409));
#3063 = CARTESIAN_POINT('',(6.403124237433,20.));
#3064 = ( GEOMETRIC_REPRESENTATION_CONTEXT(2) 
PARAMETRIC_REPRESENTATION_CONTEXT() REPRESENTATION_CONTEXT('2D SPACE',''
  ) );
#3065 = PCURVE('',#2259,#3066);
#3066 = DEFINITIONAL_REPRESENTATION('',(#3067),#3071);
#3067 = LINE('',#3068,#3069);
#3068 = CARTESIAN_POINT('',(9.114933321028,-7.));
#3069 = VECTOR('',#3070,1.);
#3070 = DIRECTION('',(-1.,-0.));
#3071 = ( GEOMETRIC_REPRESENTATION_CONTEXT(2) 
PARAMETRIC_REPRESENTATION_CONTEXT() REPRESENTATION_CONTEXT('2D SPACE',''
  ) );
#3072 = FACE_BOUND('',#3073,.T.);
#3073 = EDGE_LOOP('',(#3074));
#3074 = ORIENTED_EDGE('',*,*,#2164,.F.);
#3075 = ADVANCED_FACE('',(#3076),#2233,.T.);
#3076 = FACE_BOUND('',#3077,.T.);
#3077 = EDGE_LOOP('',(#3078,#3079,#3080,#3081,#3082,#3083,#3109,#3110));
#3078 = ORIENTED_EDGE('',*,*,#2946,.T.);
#3079 = ORIENTED_EDGE('',*,*,#2994,.T.);
#3080 = ORIENTED_EDGE('',*,*,#3021,.T.);
#3081 = ORIENTED_EDGE('',*,*,#2554,.T.);
#3082 = ORIENTED_EDGE('',*,*,#2312,.F.);
#3083 = ORIENTED_EDGE('',*,*,#3084,.T.);
#3084 = EDGE_CURVE('',#2292,#2219,#3085,.T.);
#3085 = SURFACE_CURVE('',#3086,(#3091,#3102),.PCURVE_S1.);
#3086 = CIRCLE('',#3087,21.);
#3087 = AXIS2_PLACEMENT_3D('',#3088,#3089,#3090);
#3088 = CARTESIAN_POINT('',(-20.,0.,0.));
#3089 = DIRECTION('',(-1.,0.,0.));
#3090 = DIRECTION('',(0.,-0.952380952381,0.304910677973));
#3091 = PCURVE('',#2233,#3092);
#3092 = DEFINITIONAL_REPRESENTATION('',(#3093),#3101);
#3093 = ( BOUNDED_CURVE() B_SPLINE_CURVE(2,(#3094,#3095,#3096,#3097,
#3098,#3099,#3100),.UNSPECIFIED.,.T.,.F.) B_SPLINE_CURVE_WITH_KNOTS((1,2
    ,2,2,2,1),(-2.094395102393,0.,2.094395102393,4.188790204786,
6.28318530718,8.377580409573),.UNSPECIFIED.) CURVE() 
GEOMETRIC_REPRESENTATION_ITEM() RATIONAL_B_SPLINE_CURVE((1.,0.5,1.,0.5,
1.,0.5,1.)) REPRESENTATION_ITEM('') );
#3094 = CARTESIAN_POINT('',(6.,33.403124237433));
#3095 = CARTESIAN_POINT('',(17.090536506409,68.04414038881));
#3096 = CARTESIAN_POINT('',(41.545268253205,41.118945956972));
#3097 = CARTESIAN_POINT('',(66.,14.193751525134));
#3098 = CARTESIAN_POINT('',(30.454731746795,6.477929805595));
#3099 = CARTESIAN_POINT('',(-5.090536506409,-1.237891913945));
#3100 = CARTESIAN_POINT('',(6.,33.403124237433));
#3101 = ( GEOMETRIC_REPRESENTATION_CONTEXT(2) 
PARAMETRIC_REPRESENTATION_CONTEXT() REPRESENTATION_CONTEXT('2D SPACE',''
  ) );
#3102 = PCURVE('',#2259,#3103);
#3103 = DEFINITIONAL_REPRESENTATION('',(#3104),#3108);
#3104 = LINE('',#3105,#3106);
#3105 = CARTESIAN_POINT('',(9.114933321028,0.));
#3106 = VECTOR('',#3107,1.);
#3107 = DIRECTION('',(-1.,-0.));
#3108 = ( GEOMETRIC_REPRESENTATION_CONTEXT(2) 
PARAMETRIC_REPRESENTATION_CONTEXT() REPRESENTATION_CONTEXT('2D SPACE',''
  ) );
#3109 = ORIENTED_EDGE('',*,*,#2218,.F.);
#3110 = ORIENTED_EDGE('',*,*,#2709,.T.);
#3111 = ADVANCED_FACE('',(#3112),#2391,.F.);
#3112 = FACE_BOUND('',#3113,.F.);
#3113 = EDGE_LOOP('',(#3114,#3138,#3161,#3183,#3184,#3185,#3211,#3212));
#3114 = ORIENTED_EDGE('',*,*,#3115,.T.);
#3115 = EDGE_CURVE('',#2796,#3116,#3118,.T.);
#3116 = VERTEX_POINT('',#3117);
#3117 = CARTESIAN_POINT('',(20.,25.5,-21.));
#3118 = SURFACE_CURVE('',#3119,(#3124,#3131),.PCURVE_S1.);
#3119 = CIRCLE('',#3120,5.5);
#3120 = AXIS2_PLACEMENT_3D('',#3121,#3122,#3123);
#3121 = CARTESIAN_POINT('',(20.,20.,-21.));
#3122 = DIRECTION('',(1.,0.,0.));
#3123 = DIRECTION('',(0.,0.,-1.));
#3124 = PCURVE('',#2391,#3125);
#3125 = DEFINITIONAL_REPRESENTATION('',(#3126),#3130);
#3126 = CIRCLE('',#3127,5.5);
#3127 = AXIS2_PLACEMENT_2D('',#3128,#3129);
#3128 = CARTESIAN_POINT('',(46.,6.));
#3129 = DIRECTION('',(0.,-1.));
#3130 = ( GEOMETRIC_REPRESENTATION_CONTEXT(2) 
PARAMETRIC_REPRESENTATION_CONTEXT() REPRESENTATION_CONTEXT('2D SPACE',''
  ) );
#3131 = PCURVE('',#2777,#3132);
#3132 = DEFINITIONAL_REPRESENTATION('',(#3133),#3137);
#3133 = LINE('',#3134,#3135);
#3134 = CARTESIAN_POINT('',(0.,-0.5));
#3135 = VECTOR('',#3136,1.);
#3136 = DIRECTION('',(1.,0.));
#3137 = ( GEOMETRIC_REPRESENTATION_CONTEXT(2) 
PARAMETRIC_REPRESENTATION_CONTEXT() REPRESENTATION_CONTEXT('2D SPACE',''
  ) );
#3138 = ORIENTED_EDGE('',*,*,#3139,.T.);
#3139 = EDGE_CURVE('',#3116,#3140,#3142,.T.);
#3140 = VERTEX_POINT('',#3141);
#3141 = CARTESIAN_POINT('',(20.,25.5,21.));
#3142 = SURFACE_CURVE('',#3143,(#3147,#3154),.PCURVE_S1.);
#3143 = LINE('',#3144,#3145);
#3144 = CARTESIAN_POINT('',(20.,25.5,-21.));
#3145 = VECTOR('',#3146,1.);
#3146 = DIRECTION('',(0.,0.,1.));
#3147 = PCURVE('',#2391,#3148);
#3148 = DEFINITIONAL_REPRESENTATION('',(#3149),#3153);
#3149 = LINE('',#3150,#3151);
#3150 = CARTESIAN_POINT('',(51.5,6.));
#3151 = VECTOR('',#3152,1.);
#3152 = DIRECTION('',(0.,1.));
#3153 = ( GEOMETRIC_REPRESENTATION_CONTEXT(2) 
PARAMETRIC_REPRESENTATION_CONTEXT() REPRESENTATION_CONTEXT('2D SPACE',''
  ) );
#3154 = PCURVE('',#2856,#3155);
#3155 = DEFINITIONAL_REPRESENTATION('',(#3156),#3160);
#3156 = LINE('',#3157,#3158);
#3157 = CARTESIAN_POINT('',(-0.,-0.353553390593));
#3158 = VECTOR('',#3159,1.);
#3159 = DIRECTION('',(-1.,0.));
#3160 = ( GEOMETRIC_REPRESENTATION_CONTEXT(2) 
PARAMETRIC_REPRESENTATION_CONTEXT() REPRESENTATION_CONTEXT('2D SPACE',''
  ) );
#3161 = ORIENTED_EDGE('',*,*,#3162,.T.);
#3162 = EDGE_CURVE('',#3140,#2640,#3163,.T.);
#3163 = SURFACE_CURVE('',#3164,(#3169,#3176),.PCURVE_S1.);
#3164 = CIRCLE('',#3165,5.5);
#3165 = AXIS2_PLACEMENT_3D('',#3166,#3167,#3168);
#3166 = CARTESIAN_POINT('',(20.,20.,21.));
#3167 = DIRECTION('',(1.,0.,0.));
#3168 = DIRECTION('',(-0.,1.,0.));
#3169 = PCURVE('',#2391,#3170);
#3170 = DEFINITIONAL_REPRESENTATION('',(#3171),#3175);
#3171 = CIRCLE('',#3172,5.5);
#3172 = AXIS2_PLACEMENT_2D('',#3173,#3174);
#3173 = CARTESIAN_POINT('',(46.,48.));
#3174 = DIRECTION('',(1.,0.));
#3175 = ( GEOMETRIC_REPRESENTATION_CONTEXT(2) 
PARAMETRIC_REPRESENTATION_CONTEXT() REPRESENTATION_CONTEXT('2D SPACE',''
  ) );
#3176 = PCURVE('',#2622,#3177);
#3177 = DEFINITIONAL_REPRESENTATION('',(#3178),#3182);
#3178 = LINE('',#3179,#3180);
#3179 = CARTESIAN_POINT('',(0.,-0.5));
#3180 = VECTOR('',#3181,1.);
#3181 = DIRECTION('',(1.,0.));
#3182 = ( GEOMETRIC_REPRESENTATION_CONTEXT(2) 
PARAMETRIC_REPRESENTATION_CONTEXT() REPRESENTATION_CONTEXT('2D SPACE',''
  ) );
#3183 = ORIENTED_EDGE('',*,*,#2660,.T.);
#3184 = ORIENTED_EDGE('',*,*,#2376,.F.);
#3185 = ORIENTED_EDGE('',*,*,#3186,.T.);
#3186 = EDGE_CURVE('',#2377,#2455,#3187,.T.);
#3187 = SURFACE_CURVE('',#3188,(#3193,#3204),.PCURVE_S1.);
#3188 = CIRCLE('',#3189,21.);
#3189 = AXIS2_PLACEMENT_3D('',#3190,#3191,#3192);
#3190 = CARTESIAN_POINT('',(20.,0.,0.));
#3191 = DIRECTION('',(-1.,-0.,0.));
#3192 = DIRECTION('',(0.,-1.,0.));
#3193 = PCURVE('',#2391,#3194);
#3194 = DEFINITIONAL_REPRESENTATION('',(#3195),#3203);
#3195 = ( BOUNDED_CURVE() B_SPLINE_CURVE(2,(#3196,#3197,#3198,#3199,
#3200,#3201,#3202),.UNSPECIFIED.,.T.,.F.) B_SPLINE_CURVE_WITH_KNOTS((1,2
    ,2,2,2,1),(-2.094395102393,0.,2.094395102393,4.188790204786,
6.28318530718,8.377580409573),.UNSPECIFIED.) CURVE() 
GEOMETRIC_REPRESENTATION_ITEM() RATIONAL_B_SPLINE_CURVE((1.,0.5,1.,0.5,
1.,0.5,1.)) REPRESENTATION_ITEM('') );
#3196 = CARTESIAN_POINT('',(5.,27.));
#3197 = CARTESIAN_POINT('',(5.,63.373066958946));
#3198 = CARTESIAN_POINT('',(36.5,45.186533479473));
#3199 = CARTESIAN_POINT('',(68.,27.));
#3200 = CARTESIAN_POINT('',(36.5,8.813466520527));
#3201 = CARTESIAN_POINT('',(5.,-9.373066958946));
#3202 = CARTESIAN_POINT('',(5.,27.));
#3203 = ( GEOMETRIC_REPRESENTATION_CONTEXT(2) 
PARAMETRIC_REPRESENTATION_CONTEXT() REPRESENTATION_CONTEXT('2D SPACE',''
  ) );
#3204 = PCURVE('',#2417,#3205);
#3205 = DEFINITIONAL_REPRESENTATION('',(#3206),#3210);
#3206 = LINE('',#3207,#3208);
#3207 = CARTESIAN_POINT('',(0.,0.));
#3208 = VECTOR('',#3209,1.);
#3209 = DIRECTION('',(1.,0.));
#3210 = ( GEOMETRIC_REPRESENTATION_CONTEXT(2) 
PARAMETRIC_REPRESENTATION_CONTEXT() REPRESENTATION_CONTEXT('2D SPACE',''
  ) );
#3211 = ORIENTED_EDGE('',*,*,#2475,.F.);
#3212 = ORIENTED_EDGE('',*,*,#2795,.T.);
#3213 = ADVANCED_FACE('',(#3214),#2259,.F.);
#3214 = FACE_BOUND('',#3215,.F.);
#3215 = EDGE_LOOP('',(#3216,#3217,#3218,#3219));
#3216 = ORIENTED_EDGE('',*,*,#3084,.T.);
#3217 = ORIENTED_EDGE('',*,*,#2244,.F.);
#3218 = ORIENTED_EDGE('',*,*,#3047,.F.);
#3219 = ORIENTED_EDGE('',*,*,#2291,.T.);
#3220 = ADVANCED_FACE('',(#3221),#2417,.F.);
#3221 = FACE_BOUND('',#3222,.F.);
#3222 = EDGE_LOOP('',(#3223,#3224,#3225,#3247));
#3223 = ORIENTED_EDGE('',*,*,#3186,.F.);
#3224 = ORIENTED_EDGE('',*,*,#2402,.F.);
#3225 = ORIENTED_EDGE('',*,*,#3226,.T.);
#3226 = EDGE_CURVE('',#2403,#2429,#3227,.T.);
#3227 = SURFACE_CURVE('',#3228,(#3233,#3240),.PCURVE_S1.);
#3228 = CIRCLE('',#3229,21.);
#3229 = AXIS2_PLACEMENT_3D('',#3230,#3231,#3232);
#3230 = CARTESIAN_POINT('',(27.,0.,0.));
#3231 = DIRECTION('',(-1.,-0.,0.));
#3232 = DIRECTION('',(0.,-1.,0.));
#3233 = PCURVE('',#2417,#3234);
#3234 = DEFINITIONAL_REPRESENTATION('',(#3235),#3239);
#3235 = LINE('',#3236,#3237);
#3236 = CARTESIAN_POINT('',(0.,-7.));
#3237 = VECTOR('',#3238,1.);
#3238 = DIRECTION('',(1.,0.));
#3239 = ( GEOMETRIC_REPRESENTATION_CONTEXT(2) 
PARAMETRIC_REPRESENTATION_CONTEXT() REPRESENTATION_CONTEXT('2D SPACE',''
  ) );
#3240 = PCURVE('',#2443,#3241);
#3241 = DEFINITIONAL_REPRESENTATION('',(#3242),#3246);
#3242 = CIRCLE('',#3243,21.);
#3243 = AXIS2_PLACEMENT_2D('',#3244,#3245);
#3244 = CARTESIAN_POINT('',(1.846063891983E-16,1.041859148601E-15));
#3245 = DIRECTION('',(0.,1.));
#3246 = ( GEOMETRIC_REPRESENTATION_CONTEXT(2) 
PARAMETRIC_REPRESENTATION_CONTEXT() REPRESENTATION_CONTEXT('2D SPACE',''
  ) );
#3247 = ORIENTED_EDGE('',*,*,#2454,.T.);
#3248 = ADVANCED_FACE('',(#3249,#3253),#2443,.T.);
#3249 = FACE_BOUND('',#3250,.T.);
#3250 = EDGE_LOOP('',(#3251,#3252));
#3251 = ORIENTED_EDGE('',*,*,#2428,.F.);
#3252 = ORIENTED_EDGE('',*,*,#3226,.T.);
#3253 = FACE_BOUND('',#3254,.T.);
#3254 = EDGE_LOOP('',(#3255));
#3255 = ORIENTED_EDGE('',*,*,#2897,.F.);
#3256 = ADVANCED_FACE('',(#3257),#2622,.T.);
#3257 = FACE_BOUND('',#3258,.T.);
#3258 = EDGE_LOOP('',(#3259,#3278,#3279,#3280));
#3259 = ORIENTED_EDGE('',*,*,#3260,.F.);
#3260 = EDGE_CURVE('',#3140,#2585,#3261,.T.);
#3261 = SURFACE_CURVE('',#3262,(#3266,#3272),.PCURVE_S1.);
#3262 = LINE('',#3263,#3264);
#3263 = CARTESIAN_POINT('',(20.25,25.75,21.));
#3264 = VECTOR('',#3265,1.);
#3265 = DIRECTION('',(0.707106781187,0.707106781187,-0.));
#3266 = PCURVE('',#2622,#3267);
#3267 = DEFINITIONAL_REPRESENTATION('',(#3268),#3271);
#3268 = B_SPLINE_CURVE_WITH_KNOTS('',1,(#3269,#3270),.UNSPECIFIED.,.F.,
  .F.,(2,2),(-0.353553390593,0.353553390593),.PIECEWISE_BEZIER_KNOTS.);
#3269 = CARTESIAN_POINT('',(0.,-0.5));
#3270 = CARTESIAN_POINT('',(0.,-1.020560098144E-15));
#3271 = ( GEOMETRIC_REPRESENTATION_CONTEXT(2) 
PARAMETRIC_REPRESENTATION_CONTEXT() REPRESENTATION_CONTEXT('2D SPACE',''
  ) );
#3272 = PCURVE('',#2856,#3273);
#3273 = DEFINITIONAL_REPRESENTATION('',(#3274),#3277);
#3274 = B_SPLINE_CURVE_WITH_KNOTS('',1,(#3275,#3276),.UNSPECIFIED.,.F.,
  .F.,(2,2),(-0.353553390593,0.353553390593),.PIECEWISE_BEZIER_KNOTS.);
#3275 = CARTESIAN_POINT('',(-42.,-0.353553390593));
#3276 = CARTESIAN_POINT('',(-42.,0.353553390593));
#3277 = ( GEOMETRIC_REPRESENTATION_CONTEXT(2) 
PARAMETRIC_REPRESENTATION_CONTEXT() REPRESENTATION_CONTEXT('2D SPACE',''
  ) );
#3278 = ORIENTED_EDGE('',*,*,#3162,.T.);
#3279 = ORIENTED_EDGE('',*,*,#2639,.T.);
#3280 = ORIENTED_EDGE('',*,*,#2607,.F.);
#3281 = ADVANCED_FACE('',(#3282),#2777,.T.);
#3282 = FACE_BOUND('',#3283,.T.);
#3283 = EDGE_LOOP('',(#3284,#3285,#3286,#3305));
#3284 = ORIENTED_EDGE('',*,*,#2818,.F.);
#3285 = ORIENTED_EDGE('',*,*,#3115,.T.);
#3286 = ORIENTED_EDGE('',*,*,#3287,.T.);
#3287 = EDGE_CURVE('',#3116,#2740,#3288,.T.);
#3288 = SURFACE_CURVE('',#3289,(#3293,#3299),.PCURVE_S1.);
#3289 = LINE('',#3290,#3291);
#3290 = CARTESIAN_POINT('',(20.25,25.75,-21.));
#3291 = VECTOR('',#3292,1.);
#3292 = DIRECTION('',(0.707106781187,0.707106781187,-0.));
#3293 = PCURVE('',#2777,#3294);
#3294 = DEFINITIONAL_REPRESENTATION('',(#3295),#3298);
#3295 = B_SPLINE_CURVE_WITH_KNOTS('',1,(#3296,#3297),.UNSPECIFIED.,.F.,
  .F.,(2,2),(-0.353553390593,0.353553390593),.PIECEWISE_BEZIER_KNOTS.);
#3296 = CARTESIAN_POINT('',(1.570796326795,-0.5));
#3297 = CARTESIAN_POINT('',(1.570796326795,-1.020560098144E-15));
#3298 = ( GEOMETRIC_REPRESENTATION_CONTEXT(2) 
PARAMETRIC_REPRESENTATION_CONTEXT() REPRESENTATION_CONTEXT('2D SPACE',''
  ) );
#3299 = PCURVE('',#2856,#3300);
#3300 = DEFINITIONAL_REPRESENTATION('',(#3301),#3304);
#3301 = B_SPLINE_CURVE_WITH_KNOTS('',1,(#3302,#3303),.UNSPECIFIED.,.F.,
  .F.,(2,2),(-0.353553390593,0.353553390593),.PIECEWISE_BEZIER_KNOTS.);
#3302 = CARTESIAN_POINT('',(0.,-0.353553390593));
#3303 = CARTESIAN_POINT('',(0.,0.353553390593));
#3304 = ( GEOMETRIC_REPRESENTATION_CONTEXT(2) 
PARAMETRIC_REPRESENTATION_CONTEXT() REPRESENTATION_CONTEXT('2D SPACE',''
  ) );
#3305 = ORIENTED_EDGE('',*,*,#2762,.F.);
#3306 = ADVANCED_FACE('',(#3307),#2856,.F.);
#3307 = FACE_BOUND('',#3308,.T.);
#3308 = EDGE_LOOP('',(#3309,#3310,#3311,#3312));
#3309 = ORIENTED_EDGE('',*,*,#3287,.F.);
#3310 = ORIENTED_EDGE('',*,*,#3139,.T.);
#3311 = ORIENTED_EDGE('',*,*,#3260,.T.);
#3312 = ORIENTED_EDGE('',*,*,#2842,.F.);
#3313 = ( GEOMETRIC_REPRESENTATION_CONTEXT(3) 
GLOBAL_UNCERTAINTY_ASSIGNED_CONTEXT((#3317)) 
GLOBAL_UNIT_ASSIGNED_CONTEXT((#3314,#3315,#3316)) REPRESENTATION_CONTEXT
('Context #1','3D Context with UNIT and UNCERTAINTY') );
#3314 = ( LENGTH_UNIT() NAMED_UNIT(*) SI_UNIT(.MILLI.,.METRE.) );
#3315 = ( NAMED_UNIT(*) PLANE_ANGLE_UNIT() SI_UNIT($,.RADIAN.) );
#3316 = ( NAMED_UNIT(*) SI_UNIT($,.STERADIAN.) SOLID_ANGLE_UNIT() );
#3317 = UNCERTAINTY_MEASURE_WITH_UNIT(LENGTH_MEASURE(1.E-07),#3314,
  'distance_accuracy_value','confusion accuracy');
#3318 = PRODUCT_RELATED_PRODUCT_CATEGORY('part',$,(#7));
ENDSEC;
END-ISO-10303-21;
