ISO-10303-21;
HEADER;
FILE_DESCRIPTION(('Open CASCADE Model'),'2;1');
FILE_NAME('Open CASCADE Shape Model','2026-08-21T12:40:23',('Author'),(
    'Open CASCADE'),'Open CASCADE STEP processor 7.9','Open CASCADE 7.9'
  ,'Unknown');
FILE_SCHEMA(('AUTOMOTIVE_DESIGN { 1 0 10303 214 1 1 1 1 }'));
ENDSEC;
DATA;
#1 = APPLICATION_PROTOCOL_DEFINITION('international standard',
  'automotive_design',2000,#2);
#2 = APPLICATION_CONTEXT(
  'core data for automotive mechanical design processes');
#3 = SHAPE_DEFINITION_REPRESENTATION(#4,#10);
#4 = PRODUCT_DEFINITION_SHAPE('','',#5);
#5 = PRODUCT_DEFINITION('design','',#6,#9);
#6 = PRODUCT_DEFINITION_FORMATION('','',#7);
#7 = PRODUCT('Open CASCADE STEP translator 7.9 2',
  'Open CASCADE STEP translator 7.9 2','',(#8));
#8 = PRODUCT_CONTEXT('',#2,'mechanical');
#9 = PRODUCT_DEFINITION_CONTEXT('part definition',#2,'design');
#10 = ADVANCED_BREP_SHAPE_REPRESENTATION('',(#11,#15),#2251);
#11 = AXIS2_PLACEMENT_3D('',#12,#13,#14);
#12 = CARTESIAN_POINT('',(0.,0.,0.));
#13 = DIRECTION('',(0.,0.,1.));
#14 = DIRECTION('',(1.,0.,-0.));
#15 = MANIFOLD_SOLID_BREP('',#16);
#16 = CLOSED_SHELL('',(#17,#1015,#1113,#1158,#1316,#1363,#1417,#1462,
    #1632,#1657,#1691,#1863,#2035,#2207));
#17 = ADVANCED_FACE('',(#18,#556,#709,#862),#33,.T.);
#18 = FACE_BOUND('',#19,.F.);
#19 = EDGE_LOOP('',(#20,#56,#79,#106,#107,#131,#157,#308,#334,#367,#393,
    #532));
#20 = ORIENTED_EDGE('',*,*,#21,.F.);
#21 = EDGE_CURVE('',#22,#24,#26,.T.);
#22 = VERTEX_POINT('',#23);
#23 = CARTESIAN_POINT('',(19.,0.,0.));
#24 = VERTEX_POINT('',#25);
#25 = CARTESIAN_POINT('',(0.6,18.990523952751,0.));
#26 = SURFACE_CURVE('',#27,(#32,#44),.PCURVE_S1.);
#27 = CIRCLE('',#28,19.);
#28 = AXIS2_PLACEMENT_3D('',#29,#30,#31);
#29 = CARTESIAN_POINT('',(0.,0.,0.));
#30 = DIRECTION('',(0.,0.,1.));
#31 = DIRECTION('',(1.,0.,0.));
#32 = PCURVE('',#33,#38);
#33 = CYLINDRICAL_SURFACE('',#34,19.);
#34 = AXIS2_PLACEMENT_3D('',#35,#36,#37);
#35 = CARTESIAN_POINT('',(0.,0.,0.));
#36 = DIRECTION('',(-0.,-0.,-1.));
#37 = DIRECTION('',(1.,0.,0.));
#38 = DEFINITIONAL_REPRESENTATION('',(#39),#43);
#39 = LINE('',#40,#41);
#40 = CARTESIAN_POINT('',(-0.,0.));
#41 = VECTOR('',#42,1.);
#42 = DIRECTION('',(-1.,0.));
#43 = ( GEOMETRIC_REPRESENTATION_CONTEXT(2) 
PARAMETRIC_REPRESENTATION_CONTEXT() REPRESENTATION_CONTEXT('2D SPACE',''
  ) );
#44 = PCURVE('',#45,#50);
#45 = PLANE('',#46);
#46 = AXIS2_PLACEMENT_3D('',#47,#48,#49);
#47 = CARTESIAN_POINT('',(-1.727292798997E-15,3.759188932048E-16,0.));
#48 = DIRECTION('',(0.,0.,1.));
#49 = DIRECTION('',(1.,0.,-0.));
#50 = DEFINITIONAL_REPRESENTATION('',(#51),#55);
#51 = CIRCLE('',#52,19.);
#52 = AXIS2_PLACEMENT_2D('',#53,#54);
#53 = CARTESIAN_POINT('',(1.727292798997E-15,-3.759188932048E-16));
#54 = DIRECTION('',(1.,0.));
#55 = ( GEOMETRIC_REPRESENTATION_CONTEXT(2) 
PARAMETRIC_REPRESENTATION_CONTEXT() REPRESENTATION_CONTEXT('2D SPACE',''
  ) );
#56 = ORIENTED_EDGE('',*,*,#57,.T.);
#57 = EDGE_CURVE('',#22,#58,#60,.T.);
#58 = VERTEX_POINT('',#59);
#59 = CARTESIAN_POINT('',(19.,0.,14.));
#60 = SEAM_CURVE('',#61,(#65,#72),.PCURVE_S1.);
#61 = LINE('',#62,#63);
#62 = CARTESIAN_POINT('',(19.,0.,0.));
#63 = VECTOR('',#64,1.);
#64 = DIRECTION('',(0.,0.,1.));
#65 = PCURVE('',#33,#66);
#66 = DEFINITIONAL_REPRESENTATION('',(#67),#71);
#67 = LINE('',#68,#69);
#68 = CARTESIAN_POINT('',(-6.28318530718,0.));
#69 = VECTOR('',#70,1.);
#70 = DIRECTION('',(-0.,-1.));
#71 = ( GEOMETRIC_REPRESENTATION_CONTEXT(2) 
PARAMETRIC_REPRESENTATION_CONTEXT() REPRESENTATION_CONTEXT('2D SPACE',''
  ) );
#72 = PCURVE('',#33,#73);
#73 = DEFINITIONAL_REPRESENTATION('',(#74),#78);
#74 = LINE('',#75,#76);
#75 = CARTESIAN_POINT('',(-0.,0.));
#76 = VECTOR('',#77,1.);
#77 = DIRECTION('',(-0.,-1.));
#78 = ( GEOMETRIC_REPRESENTATION_CONTEXT(2) 
PARAMETRIC_REPRESENTATION_CONTEXT() REPRESENTATION_CONTEXT('2D SPACE',''
  ) );
#79 = ORIENTED_EDGE('',*,*,#80,.T.);
#80 = EDGE_CURVE('',#58,#58,#81,.T.);
#81 = SURFACE_CURVE('',#82,(#87,#94),.PCURVE_S1.);
#82 = CIRCLE('',#83,19.);
#83 = AXIS2_PLACEMENT_3D('',#84,#85,#86);
#84 = CARTESIAN_POINT('',(0.,0.,14.));
#85 = DIRECTION('',(0.,0.,1.));
#86 = DIRECTION('',(1.,0.,0.));
#87 = PCURVE('',#33,#88);
#88 = DEFINITIONAL_REPRESENTATION('',(#89),#93);
#89 = LINE('',#90,#91);
#90 = CARTESIAN_POINT('',(-0.,-14.));
#91 = VECTOR('',#92,1.);
#92 = DIRECTION('',(-1.,0.));
#93 = ( GEOMETRIC_REPRESENTATION_CONTEXT(2) 
PARAMETRIC_REPRESENTATION_CONTEXT() REPRESENTATION_CONTEXT('2D SPACE',''
  ) );
#94 = PCURVE('',#95,#100);
#95 = PLANE('',#96);
#96 = AXIS2_PLACEMENT_3D('',#97,#98,#99);
#97 = CARTESIAN_POINT('',(-1.727292798997E-15,3.759188932048E-16,14.));
#98 = DIRECTION('',(0.,0.,1.));
#99 = DIRECTION('',(1.,0.,-0.));
#100 = DEFINITIONAL_REPRESENTATION('',(#101),#105);
#101 = CIRCLE('',#102,19.);
#102 = AXIS2_PLACEMENT_2D('',#103,#104);
#103 = CARTESIAN_POINT('',(1.727292798997E-15,-3.759188932048E-16));
#104 = DIRECTION('',(1.,0.));
#105 = ( GEOMETRIC_REPRESENTATION_CONTEXT(2) 
PARAMETRIC_REPRESENTATION_CONTEXT() REPRESENTATION_CONTEXT('2D SPACE',''
  ) );
#106 = ORIENTED_EDGE('',*,*,#57,.F.);
#107 = ORIENTED_EDGE('',*,*,#108,.F.);
#108 = EDGE_CURVE('',#109,#22,#111,.T.);
#109 = VERTEX_POINT('',#110);
#110 = CARTESIAN_POINT('',(-0.6,18.990523952751,0.));
#111 = SURFACE_CURVE('',#112,(#117,#124),.PCURVE_S1.);
#112 = CIRCLE('',#113,19.);
#113 = AXIS2_PLACEMENT_3D('',#114,#115,#116);
#114 = CARTESIAN_POINT('',(0.,0.,0.));
#115 = DIRECTION('',(0.,0.,1.));
#116 = DIRECTION('',(1.,0.,0.));
#117 = PCURVE('',#33,#118);
#118 = DEFINITIONAL_REPRESENTATION('',(#119),#123);
#119 = LINE('',#120,#121);
#120 = CARTESIAN_POINT('',(-0.,0.));
#121 = VECTOR('',#122,1.);
#122 = DIRECTION('',(-1.,0.));
#123 = ( GEOMETRIC_REPRESENTATION_CONTEXT(2) 
PARAMETRIC_REPRESENTATION_CONTEXT() REPRESENTATION_CONTEXT('2D SPACE',''
  ) );
#124 = PCURVE('',#45,#125);
#125 = DEFINITIONAL_REPRESENTATION('',(#126),#130);
#126 = CIRCLE('',#127,19.);
#127 = AXIS2_PLACEMENT_2D('',#128,#129);
#128 = CARTESIAN_POINT('',(1.727292798997E-15,-3.759188932048E-16));
#129 = DIRECTION('',(1.,0.));
#130 = ( GEOMETRIC_REPRESENTATION_CONTEXT(2) 
PARAMETRIC_REPRESENTATION_CONTEXT() REPRESENTATION_CONTEXT('2D SPACE',''
  ) );
#131 = ORIENTED_EDGE('',*,*,#132,.F.);
#132 = EDGE_CURVE('',#133,#109,#135,.T.);
#133 = VERTEX_POINT('',#134);
#134 = CARTESIAN_POINT('',(-0.6,18.990523952751,2.825227291513));
#135 = SURFACE_CURVE('',#136,(#140,#146),.PCURVE_S1.);
#136 = LINE('',#137,#138);
#137 = CARTESIAN_POINT('',(-0.6,18.990523952751,0.));
#138 = VECTOR('',#139,1.);
#139 = DIRECTION('',(-0.,-0.,-1.));
#140 = PCURVE('',#33,#141);
#141 = DEFINITIONAL_REPRESENTATION('',(#142),#145);
#142 = B_SPLINE_CURVE_WITH_KNOTS('',1,(#143,#144),.UNSPECIFIED.,.F.,.F.,
  (2,2),(-8.6,6.E-07),.PIECEWISE_BEZIER_KNOTS.);
#143 = CARTESIAN_POINT('',(-1.602380525099,-8.6));
#144 = CARTESIAN_POINT('',(-1.602380525099,6.E-07));
#145 = ( GEOMETRIC_REPRESENTATION_CONTEXT(2) 
PARAMETRIC_REPRESENTATION_CONTEXT() REPRESENTATION_CONTEXT('2D SPACE',''
  ) );
#146 = PCURVE('',#147,#152);
#147 = PLANE('',#148);
#148 = AXIS2_PLACEMENT_3D('',#149,#150,#151);
#149 = CARTESIAN_POINT('',(-0.6,-9.5,-9.));
#150 = DIRECTION('',(1.,0.,0.));
#151 = DIRECTION('',(0.,0.,1.));
#152 = DEFINITIONAL_REPRESENTATION('',(#153),#156);
#153 = B_SPLINE_CURVE_WITH_KNOTS('',1,(#154,#155),.UNSPECIFIED.,.F.,.F.,
  (2,2),(-8.6,6.E-07),.PIECEWISE_BEZIER_KNOTS.);
#154 = CARTESIAN_POINT('',(17.6,-28.49052395275));
#155 = CARTESIAN_POINT('',(8.9999994,-28.49052395275));
#156 = ( GEOMETRIC_REPRESENTATION_CONTEXT(2) 
PARAMETRIC_REPRESENTATION_CONTEXT() REPRESENTATION_CONTEXT('2D SPACE',''
  ) );
#157 = ORIENTED_EDGE('',*,*,#158,.F.);
#158 = EDGE_CURVE('',#159,#133,#161,.T.);
#159 = VERTEX_POINT('',#160);
#160 = CARTESIAN_POINT('',(-0.6,18.990523952751,5.574772708487));
#161 = SURFACE_CURVE('',#162,(#207,#255),.PCURVE_S1.);
#162 = B_SPLINE_CURVE_WITH_KNOTS('',7,(#163,#164,#165,#166,#167,#168,
    #169,#170,#171,#172,#173,#174,#175,#176,#177,#178,#179,#180,#181,
    #182,#183,#184,#185,#186,#187,#188,#189,#190,#191,#192,#193,#194,
    #195,#196,#197,#198,#199,#200,#201,#202,#203,#204,#205,#206),
  .UNSPECIFIED.,.T.,.F.,(8,6,6,6,6,6,6,8),(0.,0.152026775836,
    0.285957985333,0.422449463649,0.587686786517,0.71389290333,
    0.838358246713,1.),.UNSPECIFIED.);
#163 = CARTESIAN_POINT('',(1.5,18.940696924876,4.2));
#164 = CARTESIAN_POINT('',(1.5,18.940696924876,4.37967412898));
#165 = CARTESIAN_POINT('',(1.474892030453,18.942685246946,4.559327407696
    ));
#166 = CARTESIAN_POINT('',(1.424680385371,18.946662214251,4.736624787873
    ));
#167 = CARTESIAN_POINT('',(1.348706988209,18.952466656778,4.908946589153
    ));
#168 = CARTESIAN_POINT('',(1.245952013091,18.959762732437,5.072949087683
    ));
#169 = CARTESIAN_POINT('',(1.115286578631,18.967907872637,5.224109042556
    ));
#170 = CARTESIAN_POINT('',(0.81592889656,18.982991544318,5.471759254745)
  );
#171 = CARTESIAN_POINT('',(0.649147433614,18.990182766531,5.576310372033
    ));
#172 = CARTESIAN_POINT('',(0.459167373832,18.996510613279,5.657900505403
    ));
#173 = CARTESIAN_POINT('',(0.252821464579,19.000731524629,5.708616109429
    ));
#174 = CARTESIAN_POINT('',(3.911329915331E-02,19.001956482095,
    5.724231530544));
#175 = CARTESIAN_POINT('',(-0.172373826891,19.00027809347,5.704395730711
    ));
#176 = CARTESIAN_POINT('',(-0.577531730011,18.992321927791,
    5.600368862131));
#177 = CARTESIAN_POINT('',(-0.764126739276,18.98608833819,5.516665436018
    ));
#178 = CARTESIAN_POINT('',(-0.929389510353,18.97851220655,5.40848710616)
  );
#179 = CARTESIAN_POINT('',(-1.071615494254,18.970584524876,
    5.281615268171));
#180 = CARTESIAN_POINT('',(-1.190103867776,18.963108414636,
    5.141267157199));
#181 = CARTESIAN_POINT('',(-1.284999575076,18.956635292726,
    4.992188884584));
#182 = CARTESIAN_POINT('',(-1.444695928932,18.94519837161,4.652816857781
    ));
#183 = CARTESIAN_POINT('',(-1.500497786503,18.940728782571,
    4.457167032433));
#184 = CARTESIAN_POINT('',(-1.525494965446,18.93860795978,4.256119957135
    ));
#185 = CARTESIAN_POINT('',(-1.519692423632,18.939091718124,
    4.053317805893));
#186 = CARTESIAN_POINT('',(-1.48271926325,18.942192527698,3.852704330261
    ));
#187 = CARTESIAN_POINT('',(-1.414252144749,18.947556497641,
    3.658890689778));
#188 = CARTESIAN_POINT('',(-1.238240093924,18.959762627358,
    3.338725957887));
#189 = CARTESIAN_POINT('',(-1.142410783898,18.966048891804,3.20482546651
    ));
#190 = CARTESIAN_POINT('',(-1.026348706285,18.973046818539,
    3.079400841607));
#191 = CARTESIAN_POINT('',(-0.890137070691,18.980272274843,
    2.966458996628));
#192 = CARTESIAN_POINT('',(-0.734572893572,18.987061367371,
    2.870276717672));
#193 = CARTESIAN_POINT('',(-0.561258959074,18.992641479404,2.79545300043
    ));
#194 = CARTESIAN_POINT('',(-0.187406896407,18.999982886118,
    2.699464105503));
#195 = CARTESIAN_POINT('',(8.164506573567E-03,19.001705823418,
    2.678743324336));
#196 = CARTESIAN_POINT('',(0.206596006922,19.000964518401,2.688408382867
    ));
#197 = CARTESIAN_POINT('',(0.399906518441,18.997633046295,2.728574482197
    ));
#198 = CARTESIAN_POINT('',(0.58049981165,18.992325616765,2.796199916754)
  );
#199 = CARTESIAN_POINT('',(0.742273063139,18.986008172861,2.885190981514
    ));
#200 = CARTESIAN_POINT('',(1.062721357284,18.971122022427,3.118010295236
    ));
#201 = CARTESIAN_POINT('',(1.211520125537,18.962190310565,3.274263263449
    ));
#202 = CARTESIAN_POINT('',(1.328371797784,18.954016214432,3.446501728135
    ));
#203 = CARTESIAN_POINT('',(1.414636226206,18.947458129544,3.628992065861
    ));
#204 = CARTESIAN_POINT('',(1.471548154163,18.942949944155,3.817458446357
    ));
#205 = CARTESIAN_POINT('',(1.5,18.940696924876,4.008739917465));
#206 = CARTESIAN_POINT('',(1.5,18.940696924876,4.2));
#207 = PCURVE('',#33,#208);
#208 = DEFINITIONAL_REPRESENTATION('',(#209),#254);
#209 = B_SPLINE_CURVE_WITH_KNOTS('',7,(#210,#211,#212,#213,#214,#215,
    #216,#217,#218,#219,#220,#221,#222,#223,#224,#225,#226,#227,#228,
    #229,#230,#231,#232,#233,#234,#235,#236,#237,#238,#239,#240,#241,
    #242,#243,#244,#245,#246,#247,#248,#249,#250,#251,#252,#253),
  .UNSPECIFIED.,.T.,.F.,(8,6,6,6,6,6,6,8),(0.,0.152026775836,
    0.285957985333,0.422449463649,0.587686786517,0.71389290333,
    0.838358246713,1.),.UNSPECIFIED.);
#210 = CARTESIAN_POINT('',(-1.491766718466,-4.2));
#211 = CARTESIAN_POINT('',(-1.491766718466,-4.37967412898));
#212 = CARTESIAN_POINT('',(-1.493092327952,-4.559327407696));
#213 = CARTESIAN_POINT('',(-1.495743321234,-4.736624787873));
#214 = CARTESIAN_POINT('',(-1.499753560555,-4.908946589153));
#215 = CARTESIAN_POINT('',(-1.50517515562,-5.072949087683));
#216 = CARTESIAN_POINT('',(-1.512065142999,-5.224109042556));
#217 = CARTESIAN_POINT('',(-1.527840798266,-5.471759254745));
#218 = CARTESIAN_POINT('',(-1.536626686014,-5.576310372033));
#219 = CARTESIAN_POINT('',(-1.546630435376,-5.657900505403));
#220 = CARTESIAN_POINT('',(-1.557491117726,-5.708616109429));
#221 = CARTESIAN_POINT('',(-1.568737359521,-5.724231530544));
#222 = CARTESIAN_POINT('',(-1.579867858956,-5.704395730711));
#223 = CARTESIAN_POINT('',(-1.601196070218,-5.600368862131));
#224 = CARTESIAN_POINT('',(-1.611021406975,-5.516665436018));
#225 = CARTESIAN_POINT('',(-1.619727646252,-5.408487106159));
#226 = CARTESIAN_POINT('',(-1.627224459117,-5.281615268171));
#227 = CARTESIAN_POINT('',(-1.633472946701,-5.141267157199));
#228 = CARTESIAN_POINT('',(-1.638479036943,-4.992188884584));
#229 = CARTESIAN_POINT('',(-1.646905635215,-4.652816857781));
#230 = CARTESIAN_POINT('',(-1.64985187683,-4.457167032433));
#231 = CARTESIAN_POINT('',(-1.651172288178,-4.256119957135));
#232 = CARTESIAN_POINT('',(-1.650865822244,-4.053317805893));
#233 = CARTESIAN_POINT('',(-1.648912999605,-3.852704330261));
#234 = CARTESIAN_POINT('',(-1.645298569835,-3.658890689778));
#235 = CARTESIAN_POINT('',(-1.636012528775,-3.338725957887));
#236 = CARTESIAN_POINT('',(-1.630958075042,-3.20482546651));
#237 = CARTESIAN_POINT('',(-1.624838598203,-3.079400841607));
#238 = CARTESIAN_POINT('',(-1.617659855164,-2.966458996628));
#239 = CARTESIAN_POINT('',(-1.609465236618,-2.870276717672));
#240 = CARTESIAN_POINT('',(-1.600339443472,-2.79545300043));
#241 = CARTESIAN_POINT('',(-1.58065922568,-2.699464105503));
#242 = CARTESIAN_POINT('',(-1.570366192516,-2.678743324336));
#243 = CARTESIAN_POINT('',(-1.559923710478,-2.688408382867));
#244 = CARTESIAN_POINT('',(-1.549749508361,-2.728574482197));
#245 = CARTESIAN_POINT('',(-1.540241199521,-2.796199916754));
#246 = CARTESIAN_POINT('',(-1.531720565756,-2.885190981514));
#247 = CARTESIAN_POINT('',(-1.514836677889,-3.118010295236));
#248 = CARTESIAN_POINT('',(-1.506991787309,-3.274263263449));
#249 = CARTESIAN_POINT('',(-1.500826935866,-3.446501728135));
#250 = CARTESIAN_POINT('',(-1.496273616059,-3.628992065861));
#251 = CARTESIAN_POINT('',(-1.493268872571,-3.817458446357));
#252 = CARTESIAN_POINT('',(-1.491766718466,-4.008739917465));
#253 = CARTESIAN_POINT('',(-1.491766718466,-4.2));
#254 = ( GEOMETRIC_REPRESENTATION_CONTEXT(2) 
PARAMETRIC_REPRESENTATION_CONTEXT() REPRESENTATION_CONTEXT('2D SPACE',''
  ) );
#255 = PCURVE('',#256,#261);
#256 = CYLINDRICAL_SURFACE('',#257,1.5);
#257 = AXIS2_PLACEMENT_3D('',#258,#259,#260);
#258 = CARTESIAN_POINT('',(0.,38.,4.2));
#259 = DIRECTION('',(-0.,1.,-0.));
#260 = DIRECTION('',(1.,0.,0.));
#261 = DEFINITIONAL_REPRESENTATION('',(#262),#307);
#262 = B_SPLINE_CURVE_WITH_KNOTS('',7,(#263,#264,#265,#266,#267,#268,
    #269,#270,#271,#272,#273,#274,#275,#276,#277,#278,#279,#280,#281,
    #282,#283,#284,#285,#286,#287,#288,#289,#290,#291,#292,#293,#294,
    #295,#296,#297,#298,#299,#300,#301,#302,#303,#304,#305,#306),
  .UNSPECIFIED.,.F.,.F.,(8,6,6,6,6,6,6,8),(0.,0.152026775836,
    0.285957985333,0.422449463649,0.587686786517,0.71389290333,
    0.838358246713,1.),.UNSPECIFIED.);
#263 = CARTESIAN_POINT('',(0.,-19.05930307512));
#264 = CARTESIAN_POINT('',(-0.119782752654,-19.05930307512));
#265 = CARTESIAN_POINT('',(-0.239550962081,-19.05731475305));
#266 = CARTESIAN_POINT('',(-0.360559262435,-19.05333778574));
#267 = CARTESIAN_POINT('',(-0.483853122141,-19.04753334322));
#268 = CARTESIAN_POINT('',(-0.610589485018,-19.04023726756));
#269 = CARTESIAN_POINT('',(-0.741945005351,-19.03209212736));
#270 = CARTESIAN_POINT('',(-1.000956501803,-19.01700845568));
#271 = CARTESIAN_POINT('',(-1.131058177208,-19.00981723346));
#272 = CARTESIAN_POINT('',(-1.266226777101,-19.00348938672));
#273 = CARTESIAN_POINT('',(-1.404446566519,-18.99926847537));
#274 = CARTESIAN_POINT('',(-1.54416092772,-18.9980435179));
#275 = CARTESIAN_POINT('',(-1.684010660165,-18.99972190653));
#276 = CARTESIAN_POINT('',(-1.962877028678,-19.0076780722));
#277 = CARTESIAN_POINT('',(-2.09724370858,-19.01391166181));
#278 = CARTESIAN_POINT('',(-2.226443152759,-19.02148779345));
#279 = CARTESIAN_POINT('',(-2.351134641471,-19.02941547512));
#280 = CARTESIAN_POINT('',(-2.471795400533,-19.03689158536));
#281 = CARTESIAN_POINT('',(-2.588657865622,-19.04336470727));
#282 = CARTESIAN_POINT('',(-2.838703459697,-19.05480162839));
#283 = CARTESIAN_POINT('',(-2.972562936614,-19.05927121742));
#284 = CARTESIAN_POINT('',(-3.105124325262,-19.06139204022));
#285 = CARTESIAN_POINT('',(-3.237557967481,-19.06090828187));
#286 = CARTESIAN_POINT('',(-3.370936139269,-19.0578074723));
#287 = CARTESIAN_POINT('',(-3.506151835725,-19.05244350235));
#288 = CARTESIAN_POINT('',(-3.749723132687,-19.04023737264));
#289 = CARTESIAN_POINT('',(-3.858725464221,-19.03395110819));
#290 = CARTESIAN_POINT('',(-3.971192969985,-19.02695318146));
#291 = CARTESIAN_POINT('',(-4.087243458832,-19.01972772515));
#292 = CARTESIAN_POINT('',(-4.207190403439,-19.01293863262));
#293 = CARTESIAN_POINT('',(-4.331508673463,-19.00735852059));
#294 = CARTESIAN_POINT('',(-4.588827526864,-19.00001711388));
#295 = CARTESIAN_POINT('',(-4.718547084094,-18.99829417658));
#296 = CARTESIAN_POINT('',(-4.848485688303,-18.99903548159));
#297 = CARTESIAN_POINT('',(-4.977333854619,-19.0023669537));
#298 = CARTESIAN_POINT('',(-5.103707739704,-19.00767438323));
#299 = CARTESIAN_POINT('',(-5.225831625702,-19.01399182713));
#300 = CARTESIAN_POINT('',(-5.489895542259,-19.02887797757));
#301 = CARTESIAN_POINT('',(-5.631379483413,-19.03780968943));
#302 = CARTESIAN_POINT('',(-5.767311095152,-19.04598378556));
#303 = CARTESIAN_POINT('',(-5.899124666772,-19.05254187045));
#304 = CARTESIAN_POINT('',(-6.028158342074,-19.05705005584));
#305 = CARTESIAN_POINT('',(-6.15567858549,-19.05930307512));
#306 = CARTESIAN_POINT('',(-6.28318530718,-19.05930307512));
#307 = ( GEOMETRIC_REPRESENTATION_CONTEXT(2) 
PARAMETRIC_REPRESENTATION_CONTEXT() REPRESENTATION_CONTEXT('2D SPACE',''
  ) );
#308 = ORIENTED_EDGE('',*,*,#309,.F.);
#309 = EDGE_CURVE('',#310,#159,#312,.T.);
#310 = VERTEX_POINT('',#311);
#311 = CARTESIAN_POINT('',(-0.6,18.990523952751,7.));
#312 = SURFACE_CURVE('',#313,(#317,#323),.PCURVE_S1.);
#313 = LINE('',#314,#315);
#314 = CARTESIAN_POINT('',(-0.6,18.990523952751,0.));
#315 = VECTOR('',#316,1.);
#316 = DIRECTION('',(-0.,-0.,-1.));
#317 = PCURVE('',#33,#318);
#318 = DEFINITIONAL_REPRESENTATION('',(#319),#322);
#319 = B_SPLINE_CURVE_WITH_KNOTS('',1,(#320,#321),.UNSPECIFIED.,.F.,.F.,
  (2,2),(-8.6,6.E-07),.PIECEWISE_BEZIER_KNOTS.);
#320 = CARTESIAN_POINT('',(-1.602380525099,-8.6));
#321 = CARTESIAN_POINT('',(-1.602380525099,6.E-07));
#322 = ( GEOMETRIC_REPRESENTATION_CONTEXT(2) 
PARAMETRIC_REPRESENTATION_CONTEXT() REPRESENTATION_CONTEXT('2D SPACE',''
  ) );
#323 = PCURVE('',#324,#329);
#324 = PLANE('',#325);
#325 = AXIS2_PLACEMENT_3D('',#326,#327,#328);
#326 = CARTESIAN_POINT('',(-0.6,-9.5,-9.));
#327 = DIRECTION('',(1.,0.,0.));
#328 = DIRECTION('',(0.,0.,1.));
#329 = DEFINITIONAL_REPRESENTATION('',(#330),#333);
#330 = B_SPLINE_CURVE_WITH_KNOTS('',1,(#331,#332),.UNSPECIFIED.,.F.,.F.,
  (2,2),(-8.6,6.E-07),.PIECEWISE_BEZIER_KNOTS.);
#331 = CARTESIAN_POINT('',(17.6,-28.49052395275));
#332 = CARTESIAN_POINT('',(8.9999994,-28.49052395275));
#333 = ( GEOMETRIC_REPRESENTATION_CONTEXT(2) 
PARAMETRIC_REPRESENTATION_CONTEXT() REPRESENTATION_CONTEXT('2D SPACE',''
  ) );
#334 = ORIENTED_EDGE('',*,*,#335,.T.);
#335 = EDGE_CURVE('',#310,#336,#338,.T.);
#336 = VERTEX_POINT('',#337);
#337 = CARTESIAN_POINT('',(0.6,18.990523952751,7.));
#338 = SURFACE_CURVE('',#339,(#344,#351),.PCURVE_S1.);
#339 = CIRCLE('',#340,19.);
#340 = AXIS2_PLACEMENT_3D('',#341,#342,#343);
#341 = CARTESIAN_POINT('',(0.,0.,7.));
#342 = DIRECTION('',(0.,0.,-1.));
#343 = DIRECTION('',(1.,0.,0.));
#344 = PCURVE('',#33,#345);
#345 = DEFINITIONAL_REPRESENTATION('',(#346),#350);
#346 = LINE('',#347,#348);
#347 = CARTESIAN_POINT('',(-6.28318530718,-7.));
#348 = VECTOR('',#349,1.);
#349 = DIRECTION('',(1.,-0.));
#350 = ( GEOMETRIC_REPRESENTATION_CONTEXT(2) 
PARAMETRIC_REPRESENTATION_CONTEXT() REPRESENTATION_CONTEXT('2D SPACE',''
  ) );
#351 = PCURVE('',#352,#357);
#352 = PLANE('',#353);
#353 = AXIS2_PLACEMENT_3D('',#354,#355,#356);
#354 = CARTESIAN_POINT('',(-0.6,-9.5,7.));
#355 = DIRECTION('',(0.,0.,1.));
#356 = DIRECTION('',(1.,0.,0.));
#357 = DEFINITIONAL_REPRESENTATION('',(#358),#366);
#358 = ( BOUNDED_CURVE() B_SPLINE_CURVE(2,(#359,#360,#361,#362,#363,#364
,#365),.UNSPECIFIED.,.T.,.F.) B_SPLINE_CURVE_WITH_KNOTS((1,2,2,2,2,1),(
    -2.094395102393,0.,2.094395102393,4.188790204786,6.28318530718,
8.377580409573),.UNSPECIFIED.) CURVE() GEOMETRIC_REPRESENTATION_ITEM() 
RATIONAL_B_SPLINE_CURVE((1.,0.5,1.,0.5,1.,0.5,1.)) REPRESENTATION_ITEM(
  '') );
#359 = CARTESIAN_POINT('',(19.6,9.5));
#360 = CARTESIAN_POINT('',(19.6,-23.4089653438));
#361 = CARTESIAN_POINT('',(-8.9,-6.954482671904));
#362 = CARTESIAN_POINT('',(-37.4,9.5));
#363 = CARTESIAN_POINT('',(-8.9,25.954482671904));
#364 = CARTESIAN_POINT('',(19.6,42.408965343809));
#365 = CARTESIAN_POINT('',(19.6,9.5));
#366 = ( GEOMETRIC_REPRESENTATION_CONTEXT(2) 
PARAMETRIC_REPRESENTATION_CONTEXT() REPRESENTATION_CONTEXT('2D SPACE',''
  ) );
#367 = ORIENTED_EDGE('',*,*,#368,.T.);
#368 = EDGE_CURVE('',#336,#369,#371,.T.);
#369 = VERTEX_POINT('',#370);
#370 = CARTESIAN_POINT('',(0.6,18.990523952751,5.574772708487));
#371 = SURFACE_CURVE('',#372,(#376,#382),.PCURVE_S1.);
#372 = LINE('',#373,#374);
#373 = CARTESIAN_POINT('',(0.6,18.990523952751,0.));
#374 = VECTOR('',#375,1.);
#375 = DIRECTION('',(-0.,-0.,-1.));
#376 = PCURVE('',#33,#377);
#377 = DEFINITIONAL_REPRESENTATION('',(#378),#381);
#378 = B_SPLINE_CURVE_WITH_KNOTS('',1,(#379,#380),.UNSPECIFIED.,.F.,.F.,
  (2,2),(-8.6,6.E-07),.PIECEWISE_BEZIER_KNOTS.);
#379 = CARTESIAN_POINT('',(-1.539212128491,-8.6));
#380 = CARTESIAN_POINT('',(-1.539212128491,6.E-07));
#381 = ( GEOMETRIC_REPRESENTATION_CONTEXT(2) 
PARAMETRIC_REPRESENTATION_CONTEXT() REPRESENTATION_CONTEXT('2D SPACE',''
  ) );
#382 = PCURVE('',#383,#388);
#383 = PLANE('',#384);
#384 = AXIS2_PLACEMENT_3D('',#385,#386,#387);
#385 = CARTESIAN_POINT('',(0.6,-9.5,-9.));
#386 = DIRECTION('',(1.,0.,0.));
#387 = DIRECTION('',(0.,0.,1.));
#388 = DEFINITIONAL_REPRESENTATION('',(#389),#392);
#389 = B_SPLINE_CURVE_WITH_KNOTS('',1,(#390,#391),.UNSPECIFIED.,.F.,.F.,
  (2,2),(-8.6,6.E-07),.PIECEWISE_BEZIER_KNOTS.);
#390 = CARTESIAN_POINT('',(17.6,-28.49052395275));
#391 = CARTESIAN_POINT('',(8.9999994,-28.49052395275));
#392 = ( GEOMETRIC_REPRESENTATION_CONTEXT(2) 
PARAMETRIC_REPRESENTATION_CONTEXT() REPRESENTATION_CONTEXT('2D SPACE',''
  ) );
#393 = ORIENTED_EDGE('',*,*,#394,.F.);
#394 = EDGE_CURVE('',#395,#369,#397,.T.);
#395 = VERTEX_POINT('',#396);
#396 = CARTESIAN_POINT('',(0.6,18.990523952751,2.825227291513));
#397 = SURFACE_CURVE('',#398,(#425,#476),.PCURVE_S1.);
#398 = B_SPLINE_CURVE_WITH_KNOTS('',7,(#399,#400,#401,#402,#403,#404,
    #405,#406,#407,#408,#409,#410,#411,#412,#413,#414,#415,#416,#417,
    #418,#419,#420,#421,#422,#423,#424),.UNSPECIFIED.,.F.,.F.,(8,6,6,6,8
    ),(0.806125860318,0.838358246713,1.,1.151849987952,1.193614332855),
  .UNSPECIFIED.);
#399 = CARTESIAN_POINT('',(0.599999988836,18.990523966111,2.825227318061
    ));
#400 = CARTESIAN_POINT('',(0.643966342663,18.989134856666,2.844415799915
    ));
#401 = CARTESIAN_POINT('',(0.686843161832,18.987661291444,2.865081643125
    ));
#402 = CARTESIAN_POINT('',(0.728530347613,18.986117003323,2.887121421278
    ));
#403 = CARTESIAN_POINT('',(0.768935529698,18.984516719454,2.910418022106
    ));
#404 = CARTESIAN_POINT('',(0.807975340531,18.982875714806,2.934840754326
    ));
#405 = CARTESIAN_POINT('',(0.845576665443,18.981209292691,2.960245441884
    ));
#406 = CARTESIAN_POINT('',(1.062721357284,18.971122022427,3.118010295236
    ));
#407 = CARTESIAN_POINT('',(1.211520125537,18.962190310565,3.274263263449
    ));
#408 = CARTESIAN_POINT('',(1.328371797784,18.954016214432,3.446501728135
    ));
#409 = CARTESIAN_POINT('',(1.414636226206,18.947458129544,3.628992065861
    ));
#410 = CARTESIAN_POINT('',(1.471548154163,18.942949944155,3.817458446357
    ));
#411 = CARTESIAN_POINT('',(1.5,18.940696924876,4.008739917465));
#412 = CARTESIAN_POINT('',(1.5,18.940696924876,4.37967412898));
#413 = CARTESIAN_POINT('',(1.474892030453,18.942685246946,4.559327407696
    ));
#414 = CARTESIAN_POINT('',(1.424680385371,18.946662214251,4.736624787873
    ));
#415 = CARTESIAN_POINT('',(1.348706988209,18.952466656778,4.908946589153
    ));
#416 = CARTESIAN_POINT('',(1.245952013091,18.959762732437,5.072949087683
    ));
#417 = CARTESIAN_POINT('',(1.115286578631,18.967907872637,5.224109042556
    ));
#418 = CARTESIAN_POINT('',(0.912363703905,18.978132504248,5.391981444013
    ));
#419 = CARTESIAN_POINT('',(0.866001293739,18.980350391828,5.427078167591
    ));
#420 = CARTESIAN_POINT('',(0.81715147566,18.982550497312,5.460709410386)
  );
#421 = CARTESIAN_POINT('',(0.765949811901,18.984700286942,5.492558834421
    ));
#422 = CARTESIAN_POINT('',(0.712560890966,18.986766621783,5.522344621741
    ));
#423 = CARTESIAN_POINT('',(0.657174230789,18.988717578807,5.549819807903
    ));
#424 = CARTESIAN_POINT('',(0.599999997236,18.990523977643,5.574772700351
    ));
#425 = PCURVE('',#33,#426);
#426 = DEFINITIONAL_REPRESENTATION('',(#427),#475);
#427 = B_SPLINE_CURVE_WITH_KNOTS('',3,(#428,#429,#430,#431,#432,#433,
    #434,#435,#436,#437,#438,#439,#440,#441,#442,#443,#444,#445,#446,
    #447,#448,#449,#450,#451,#452,#453,#454,#455,#456,#457,#458,#459,
    #460,#461,#462,#463,#464,#465,#466,#467,#468,#469,#470,#471,#472,
    #473,#474),.UNSPECIFIED.,.F.,.F.,(4,1,1,1,1,1,1,1,1,1,1,1,1,1,1,1,1,
    1,1,1,1,1,1,1,1,1,1,1,1,1,1,1,1,1,1,1,1,1,1,1,1,1,1,1,4),(
    0.806125860318,0.814932416512,0.823738972706,0.8325455289,
    0.841352085094,0.850158641288,0.858965197482,0.867771753676,
    0.876578309871,0.885384866065,0.894191422259,0.902997978453,
    0.911804534647,0.920611090841,0.929417647035,0.938224203229,
    0.947030759423,0.955837315617,0.964643871811,0.973450428005,
    0.982256984199,0.991063540393,0.999870096587,1.008676652781,
    1.017483208975,1.026289765169,1.035096321363,1.043902877557,
    1.052709433751,1.061515989945,1.070322546139,1.079129102333,
    1.087935658527,1.096742214721,1.105548770915,1.114355327109,
    1.123161883303,1.131968439497,1.140774995691,1.149581551885,
    1.158388108079,1.167194664273,1.176001220467,1.184807776661,
    1.193614332855),.QUASI_UNIFORM_KNOTS.);
#428 = CARTESIAN_POINT('',(-1.539212129101,-2.825227318061));
#429 = CARTESIAN_POINT('',(-1.537735989392,-2.837454964499));
#430 = CARTESIAN_POINT('',(-1.5348440601,-2.863475703201));
#431 = CARTESIAN_POINT('',(-1.53070720185,-2.906646374225));
#432 = CARTESIAN_POINT('',(-1.526789150159,-2.953472576782));
#433 = CARTESIAN_POINT('',(-1.523115426442,-3.003215678689));
#434 = CARTESIAN_POINT('',(-1.519655390961,-3.055890309468));
#435 = CARTESIAN_POINT('',(-1.516404887198,-3.111279591268));
#436 = CARTESIAN_POINT('',(-1.513363714408,-3.169108383838));
#437 = CARTESIAN_POINT('',(-1.510530278072,-3.229140707089));
#438 = CARTESIAN_POINT('',(-1.507903096318,-3.29115174675));
#439 = CARTESIAN_POINT('',(-1.505480462983,-3.354933618645));
#440 = CARTESIAN_POINT('',(-1.503260598917,-3.420292225642));
#441 = CARTESIAN_POINT('',(-1.501241667392,-3.48704662462));
#442 = CARTESIAN_POINT('',(-1.499421821457,-3.555027829194));
#443 = CARTESIAN_POINT('',(-1.497799238877,-3.624077856976));
#444 = CARTESIAN_POINT('',(-1.496372157146,-3.694048789688));
#445 = CARTESIAN_POINT('',(-1.495138905824,-3.764801893196));
#446 = CARTESIAN_POINT('',(-1.494097937528,-3.836206769981));
#447 = CARTESIAN_POINT('',(-1.493247857834,-3.908140536098));
#448 = CARTESIAN_POINT('',(-1.492587454557,-3.980487010949));
#449 = CARTESIAN_POINT('',(-1.492115727078,-4.053135903724));
#450 = CARTESIAN_POINT('',(-1.491831915402,-4.125982001853));
#451 = CARTESIAN_POINT('',(-1.491735532318,-4.198924285372));
#452 = CARTESIAN_POINT('',(-1.491826388365,-4.271865195385));
#453 = CARTESIAN_POINT('',(-1.492104623312,-4.344707793465));
#454 = CARTESIAN_POINT('',(-1.492570683096,-4.417351616527));
#455 = CARTESIAN_POINT('',(-1.493225284083,-4.489692068725));
#456 = CARTESIAN_POINT('',(-1.494069389989,-4.561619635868));
#457 = CARTESIAN_POINT('',(-1.495104185126,-4.633019124713));
#458 = CARTESIAN_POINT('',(-1.49633104804,-4.703768865873));
#459 = CARTESIAN_POINT('',(-1.497751524152,-4.773739890634));
#460 = CARTESIAN_POINT('',(-1.499367297327,-4.842795069605));
#461 = CARTESIAN_POINT('',(-1.501180160604,-4.910788218994));
#462 = CARTESIAN_POINT('',(-1.503191983758,-4.977563131304));
#463 = CARTESIAN_POINT('',(-1.50540468524,-5.042952665191));
#464 = CARTESIAN_POINT('',(-1.507820179157,-5.106777366645));
#465 = CARTESIAN_POINT('',(-1.510440405614,-5.168845565833));
#466 = CARTESIAN_POINT('',(-1.513267038922,-5.22894766797));
#467 = CARTESIAN_POINT('',(-1.516302385819,-5.286871788203));
#468 = CARTESIAN_POINT('',(-1.519545829065,-5.342339380015));
#469 = CARTESIAN_POINT('',(-1.523006881269,-5.395239076954));
#470 = CARTESIAN_POINT('',(-1.526722006381,-5.445694307295));
#471 = CARTESIAN_POINT('',(-1.53066652369,-5.492910242491));
#472 = CARTESIAN_POINT('',(-1.534826798445,-5.536367721493));
#473 = CARTESIAN_POINT('',(-1.537730665403,-5.562500374594));
#474 = CARTESIAN_POINT('',(-1.539212128678,-5.574772700351));
#475 = ( GEOMETRIC_REPRESENTATION_CONTEXT(2) 
PARAMETRIC_REPRESENTATION_CONTEXT() REPRESENTATION_CONTEXT('2D SPACE',''
  ) );
#476 = PCURVE('',#477,#482);
#477 = CYLINDRICAL_SURFACE('',#478,1.5);
#478 = AXIS2_PLACEMENT_3D('',#479,#480,#481);
#479 = CARTESIAN_POINT('',(0.,38.,4.2));
#480 = DIRECTION('',(-0.,1.,-0.));
#481 = DIRECTION('',(1.,0.,0.));
#482 = DEFINITIONAL_REPRESENTATION('',(#483),#531);
#483 = B_SPLINE_CURVE_WITH_KNOTS('',3,(#484,#485,#486,#487,#488,#489,
    #490,#491,#492,#493,#494,#495,#496,#497,#498,#499,#500,#501,#502,
    #503,#504,#505,#506,#507,#508,#509,#510,#511,#512,#513,#514,#515,
    #516,#517,#518,#519,#520,#521,#522,#523,#524,#525,#526,#527,#528,
    #529,#530),.UNSPECIFIED.,.F.,.F.,(4,1,1,1,1,1,1,1,1,1,1,1,1,1,1,1,1,
    1,1,1,1,1,1,1,1,1,1,1,1,1,1,1,1,1,1,1,1,1,1,1,1,1,1,1,4),(
    0.806125860318,0.814932416512,0.823738972706,0.8325455289,
    0.841352085094,0.850158641288,0.858965197482,0.867771753676,
    0.876578309871,0.885384866065,0.894191422259,0.902997978453,
    0.911804534647,0.920611090841,0.929417647035,0.938224203229,
    0.947030759423,0.955837315617,0.964643871811,0.973450428005,
    0.982256984199,0.991063540393,0.999870096587,1.008676652781,
    1.017483208975,1.026289765169,1.035096321363,1.043902877557,
    1.052709433751,1.061515989945,1.070322546139,1.079129102333,
    1.087935658527,1.096742214721,1.105548770915,1.114355327109,
    1.123161883303,1.131968439497,1.140774995691,1.149581551885,
    1.158388108079,1.167194664273,1.176001220467,1.184807776661,
    1.193614332855),.QUASI_UNIFORM_KNOTS.);
#484 = CARTESIAN_POINT('',(-5.12390582671,-19.00947603388));
#485 = CARTESIAN_POINT('',(-5.144292615521,-19.01036140512));
#486 = CARTESIAN_POINT('',(-5.184789067929,-19.01222132897));
#487 = CARTESIAN_POINT('',(-5.244511797348,-19.01521433296));
#488 = CARTESIAN_POINT('',(-5.303080348354,-19.01834951335));
#489 = CARTESIAN_POINT('',(-5.360158286567,-19.02155373372));
#490 = CARTESIAN_POINT('',(-5.416254837505,-19.02480525968));
#491 = CARTESIAN_POINT('',(-5.471497093116,-19.02806689407));
#492 = CARTESIAN_POINT('',(-5.52593392496,-19.03129993796));
#493 = CARTESIAN_POINT('',(-5.579630181328,-19.03446998287));
#494 = CARTESIAN_POINT('',(-5.632642236679,-19.03754528901));
#495 = CARTESIAN_POINT('',(-5.68502520798,-19.04049712744));
#496 = CARTESIAN_POINT('',(-5.736831592273,-19.04329957667));
#497 = CARTESIAN_POINT('',(-5.788112133956,-19.04592944961));
#498 = CARTESIAN_POINT('',(-5.838916044639,-19.04836617299));
#499 = CARTESIAN_POINT('',(-5.889291360571,-19.05059167058));
#500 = CARTESIAN_POINT('',(-5.939285237314,-19.05259023966));
#501 = CARTESIAN_POINT('',(-5.988944242192,-19.054348427));
#502 = CARTESIAN_POINT('',(-6.038314632954,-19.05585490624));
#503 = CARTESIAN_POINT('',(-6.087442628809,-19.05710035934));
#504 = CARTESIAN_POINT('',(-6.136374675677,-19.058077365));
#505 = CARTESIAN_POINT('',(-6.185157705325,-19.05878029651));
#506 = CARTESIAN_POINT('',(-6.233839403095,-19.05920523197));
#507 = CARTESIAN_POINT('',(-6.282468446401,-19.05934987914));
#508 = CARTESIAN_POINT('',(-6.331094879826,-19.05921351886));
#509 = CARTESIAN_POINT('',(-6.37976912261,-19.05879688594));
#510 = CARTESIAN_POINT('',(-6.428540119928,-19.05810227973));
#511 = CARTESIAN_POINT('',(-6.477455790962,-19.0571336197));
#512 = CARTESIAN_POINT('',(-6.526563342457,-19.0558965153));
#513 = CARTESIAN_POINT('',(-6.575909586266,-19.05439835207));
#514 = CARTESIAN_POINT('',(-6.625541229136,-19.05264839039));
#515 = CARTESIAN_POINT('',(-6.675505150444,-19.05065787449));
#516 = CARTESIAN_POINT('',(-6.725848668985,-19.04844014944));
#517 = CARTESIAN_POINT('',(-6.77661981672,-19.04601078299));
#518 = CARTESIAN_POINT('',(-6.827867592048,-19.04338769188));
#519 = CARTESIAN_POINT('',(-6.87964233822,-19.0405912621));
#520 = CARTESIAN_POINT('',(-6.931995755518,-19.03764449087));
#521 = CARTESIAN_POINT('',(-6.984982441987,-19.03457303453));
#522 = CARTESIAN_POINT('',(-7.038655962108,-19.03140558277));
#523 = CARTESIAN_POINT('',(-7.093085651062,-19.02817297839));
#524 = CARTESIAN_POINT('',(-7.148296437766,-19.02491197024));
#525 = CARTESIAN_POINT('',(-7.204496471439,-19.02165161486));
#526 = CARTESIAN_POINT('',(-7.26227587865,-19.01840477086));
#527 = CARTESIAN_POINT('',(-7.321265414802,-19.0152447352));
#528 = CARTESIAN_POINT('',(-7.381339705997,-19.01223251275));
#529 = CARTESIAN_POINT('',(-7.422004143496,-19.01036458423));
#530 = CARTESIAN_POINT('',(-7.442464787426,-19.00947602235));
#531 = ( GEOMETRIC_REPRESENTATION_CONTEXT(2) 
PARAMETRIC_REPRESENTATION_CONTEXT() REPRESENTATION_CONTEXT('2D SPACE',''
  ) );
#532 = ORIENTED_EDGE('',*,*,#533,.T.);
#533 = EDGE_CURVE('',#395,#24,#534,.T.);
#534 = SURFACE_CURVE('',#535,(#539,#545),.PCURVE_S1.);
#535 = LINE('',#536,#537);
#536 = CARTESIAN_POINT('',(0.6,18.990523952751,0.));
#537 = VECTOR('',#538,1.);
#538 = DIRECTION('',(-0.,-0.,-1.));
#539 = PCURVE('',#33,#540);
#540 = DEFINITIONAL_REPRESENTATION('',(#541),#544);
#541 = B_SPLINE_CURVE_WITH_KNOTS('',1,(#542,#543),.UNSPECIFIED.,.F.,.F.,
  (2,2),(-8.6,6.E-07),.PIECEWISE_BEZIER_KNOTS.);
#542 = CARTESIAN_POINT('',(-1.539212128491,-8.6));
#543 = CARTESIAN_POINT('',(-1.539212128491,6.E-07));
#544 = ( GEOMETRIC_REPRESENTATION_CONTEXT(2) 
PARAMETRIC_REPRESENTATION_CONTEXT() REPRESENTATION_CONTEXT('2D SPACE',''
  ) );
#545 = PCURVE('',#546,#551);
#546 = PLANE('',#547);
#547 = AXIS2_PLACEMENT_3D('',#548,#549,#550);
#548 = CARTESIAN_POINT('',(0.6,-9.5,-9.));
#549 = DIRECTION('',(1.,0.,0.));
#550 = DIRECTION('',(0.,0.,1.));
#551 = DEFINITIONAL_REPRESENTATION('',(#552),#555);
#552 = B_SPLINE_CURVE_WITH_KNOTS('',1,(#553,#554),.UNSPECIFIED.,.F.,.F.,
  (2,2),(-8.6,6.E-07),.PIECEWISE_BEZIER_KNOTS.);
#553 = CARTESIAN_POINT('',(17.6,-28.49052395275));
#554 = CARTESIAN_POINT('',(8.9999994,-28.49052395275));
#555 = ( GEOMETRIC_REPRESENTATION_CONTEXT(2) 
PARAMETRIC_REPRESENTATION_CONTEXT() REPRESENTATION_CONTEXT('2D SPACE',''
  ) );
#556 = FACE_BOUND('',#557,.F.);
#557 = EDGE_LOOP('',(#558));
#558 = ORIENTED_EDGE('',*,*,#559,.F.);
#559 = EDGE_CURVE('',#560,#560,#562,.T.);
#560 = VERTEX_POINT('',#561);
#561 = CARTESIAN_POINT('',(1.5,18.940696924876,9.8));
#562 = SURFACE_CURVE('',#563,(#608,#656),.PCURVE_S1.);
#563 = B_SPLINE_CURVE_WITH_KNOTS('',7,(#564,#565,#566,#567,#568,#569,
    #570,#571,#572,#573,#574,#575,#576,#577,#578,#579,#580,#581,#582,
    #583,#584,#585,#586,#587,#588,#589,#590,#591,#592,#593,#594,#595,
    #596,#597,#598,#599,#600,#601,#602,#603,#604,#605,#606,#607),
  .UNSPECIFIED.,.T.,.F.,(8,6,6,6,6,6,6,8),(0.,0.152026775832,
    0.285957985325,0.422449463637,0.5876867865,0.713892903316,
    0.838358246705,1.),.UNSPECIFIED.);
#564 = CARTESIAN_POINT('',(1.5,18.940696924876,9.8));
#565 = CARTESIAN_POINT('',(1.5,18.940696924876,9.97967412898));
#566 = CARTESIAN_POINT('',(1.474892030453,18.942685246946,
    10.159327407696));
#567 = CARTESIAN_POINT('',(1.424680385371,18.946662214251,
    10.336624787872));
#568 = CARTESIAN_POINT('',(1.348706988209,18.952466656778,
    10.508946589153));
#569 = CARTESIAN_POINT('',(1.245952013091,18.959762732437,
    10.672949087683));
#570 = CARTESIAN_POINT('',(1.115286578631,18.967907872637,
    10.824109042556));
#571 = CARTESIAN_POINT('',(0.81592889656,18.982991544318,11.071759254745
    ));
#572 = CARTESIAN_POINT('',(0.649147433614,18.990182766531,
    11.176310372033));
#573 = CARTESIAN_POINT('',(0.459167373831,18.996510613279,
    11.257900505403));
#574 = CARTESIAN_POINT('',(0.25282146458,19.000731524629,11.308616109429
    ));
#575 = CARTESIAN_POINT('',(3.91132991529E-02,19.001956482095,
    11.324231530544));
#576 = CARTESIAN_POINT('',(-0.172373826891,19.00027809347,
    11.304395730711));
#577 = CARTESIAN_POINT('',(-0.577531730011,18.992321927791,
    11.200368862131));
#578 = CARTESIAN_POINT('',(-0.764126739275,18.98608833819,
    11.116665436019));
#579 = CARTESIAN_POINT('',(-0.929389510354,18.97851220655,
    11.008487106159));
#580 = CARTESIAN_POINT('',(-1.071615494254,18.970584524876,
    10.881615268171));
#581 = CARTESIAN_POINT('',(-1.190103867776,18.963108414636,
    10.741267157199));
#582 = CARTESIAN_POINT('',(-1.284999575076,18.956635292726,
    10.592188884584));
#583 = CARTESIAN_POINT('',(-1.444695928932,18.94519837161,
    10.252816857781));
#584 = CARTESIAN_POINT('',(-1.500497786503,18.940728782571,
    10.057167032433));
#585 = CARTESIAN_POINT('',(-1.525494965446,18.93860795978,9.856119957135
    ));
#586 = CARTESIAN_POINT('',(-1.519692423632,18.939091718124,
    9.653317805893));
#587 = CARTESIAN_POINT('',(-1.48271926325,18.942192527698,9.452704330261
    ));
#588 = CARTESIAN_POINT('',(-1.414252144749,18.947556497641,
    9.258890689778));
#589 = CARTESIAN_POINT('',(-1.238240093921,18.959762627358,
    8.938725957881));
#590 = CARTESIAN_POINT('',(-1.142410783896,18.966048891804,
    8.804825466511));
#591 = CARTESIAN_POINT('',(-1.026348706289,18.973046818539,
    8.679400841612));
#592 = CARTESIAN_POINT('',(-0.890137070695,18.980272274843,
    8.566458996629));
#593 = CARTESIAN_POINT('',(-0.734572893571,18.987061367371,8.47027671767
    ));
#594 = CARTESIAN_POINT('',(-0.561258959068,18.992641479405,
    8.395453000428));
#595 = CARTESIAN_POINT('',(-0.187406896407,18.999982886118,
    8.299464105503));
#596 = CARTESIAN_POINT('',(8.164506573945E-03,19.001705823418,
    8.278743324336));
#597 = CARTESIAN_POINT('',(0.206596006922,19.000964518401,8.288408382867
    ));
#598 = CARTESIAN_POINT('',(0.399906518441,18.997633046295,8.328574482197
    ));
#599 = CARTESIAN_POINT('',(0.58049981165,18.992325616765,8.396199916754)
  );
#600 = CARTESIAN_POINT('',(0.742273063139,18.986008172861,8.485190981514
    ));
#601 = CARTESIAN_POINT('',(1.062721357284,18.971122022427,8.718010295236
    ));
#602 = CARTESIAN_POINT('',(1.211520125536,18.962190310565,8.874263263449
    ));
#603 = CARTESIAN_POINT('',(1.328371797785,18.954016214432,9.046501728136
    ));
#604 = CARTESIAN_POINT('',(1.414636226205,18.947458129544,9.228992065861
    ));
#605 = CARTESIAN_POINT('',(1.471548154163,18.942949944155,9.417458446357
    ));
#606 = CARTESIAN_POINT('',(1.5,18.940696924876,9.608739917465));
#607 = CARTESIAN_POINT('',(1.5,18.940696924876,9.8));
#608 = PCURVE('',#33,#609);
#609 = DEFINITIONAL_REPRESENTATION('',(#610),#655);
#610 = B_SPLINE_CURVE_WITH_KNOTS('',7,(#611,#612,#613,#614,#615,#616,
    #617,#618,#619,#620,#621,#622,#623,#624,#625,#626,#627,#628,#629,
    #630,#631,#632,#633,#634,#635,#636,#637,#638,#639,#640,#641,#642,
    #643,#644,#645,#646,#647,#648,#649,#650,#651,#652,#653,#654),
  .UNSPECIFIED.,.T.,.F.,(8,6,6,6,6,6,6,8),(0.,0.152026775832,
    0.285957985325,0.422449463637,0.5876867865,0.713892903316,
    0.838358246705,1.),.UNSPECIFIED.);
#611 = CARTESIAN_POINT('',(-1.491766718466,-9.8));
#612 = CARTESIAN_POINT('',(-1.491766718466,-9.97967412898));
#613 = CARTESIAN_POINT('',(-1.493092327952,-10.15932740769));
#614 = CARTESIAN_POINT('',(-1.495743321234,-10.33662478787));
#615 = CARTESIAN_POINT('',(-1.499753560555,-10.50894658915));
#616 = CARTESIAN_POINT('',(-1.50517515562,-10.67294908768));
#617 = CARTESIAN_POINT('',(-1.512065142999,-10.82410904255));
#618 = CARTESIAN_POINT('',(-1.527840798266,-11.07175925474));
#619 = CARTESIAN_POINT('',(-1.536626686014,-11.17631037203));
#620 = CARTESIAN_POINT('',(-1.546630435376,-11.2579005054));
#621 = CARTESIAN_POINT('',(-1.557491117726,-11.30861610942));
#622 = CARTESIAN_POINT('',(-1.568737359522,-11.32423153054));
#623 = CARTESIAN_POINT('',(-1.579867858956,-11.30439573071));
#624 = CARTESIAN_POINT('',(-1.601196070218,-11.20036886213));
#625 = CARTESIAN_POINT('',(-1.611021406975,-11.11666543601));
#626 = CARTESIAN_POINT('',(-1.619727646252,-11.00848710615));
#627 = CARTESIAN_POINT('',(-1.627224459117,-10.88161526817));
#628 = CARTESIAN_POINT('',(-1.633472946701,-10.74126715719));
#629 = CARTESIAN_POINT('',(-1.638479036943,-10.59218888458));
#630 = CARTESIAN_POINT('',(-1.646905635215,-10.25281685778));
#631 = CARTESIAN_POINT('',(-1.64985187683,-10.05716703243));
#632 = CARTESIAN_POINT('',(-1.651172288178,-9.856119957135));
#633 = CARTESIAN_POINT('',(-1.650865822244,-9.653317805892));
#634 = CARTESIAN_POINT('',(-1.648912999605,-9.452704330261));
#635 = CARTESIAN_POINT('',(-1.645298569835,-9.258890689778));
#636 = CARTESIAN_POINT('',(-1.636012528775,-8.938725957881));
#637 = CARTESIAN_POINT('',(-1.630958075042,-8.804825466511));
#638 = CARTESIAN_POINT('',(-1.624838598203,-8.679400841613));
#639 = CARTESIAN_POINT('',(-1.617659855164,-8.566458996629));
#640 = CARTESIAN_POINT('',(-1.609465236618,-8.47027671767));
#641 = CARTESIAN_POINT('',(-1.600339443471,-8.395453000428));
#642 = CARTESIAN_POINT('',(-1.58065922568,-8.299464105503));
#643 = CARTESIAN_POINT('',(-1.570366192516,-8.278743324336));
#644 = CARTESIAN_POINT('',(-1.559923710478,-8.288408382867));
#645 = CARTESIAN_POINT('',(-1.549749508361,-8.328574482197));
#646 = CARTESIAN_POINT('',(-1.540241199521,-8.396199916754));
#647 = CARTESIAN_POINT('',(-1.531720565756,-8.485190981514));
#648 = CARTESIAN_POINT('',(-1.514836677889,-8.718010295236));
#649 = CARTESIAN_POINT('',(-1.506991787309,-8.874263263449));
#650 = CARTESIAN_POINT('',(-1.500826935866,-9.046501728136));
#651 = CARTESIAN_POINT('',(-1.49627361606,-9.228992065861));
#652 = CARTESIAN_POINT('',(-1.493268872571,-9.417458446357));
#653 = CARTESIAN_POINT('',(-1.491766718466,-9.608739917465));
#654 = CARTESIAN_POINT('',(-1.491766718466,-9.8));
#655 = ( GEOMETRIC_REPRESENTATION_CONTEXT(2) 
PARAMETRIC_REPRESENTATION_CONTEXT() REPRESENTATION_CONTEXT('2D SPACE',''
  ) );
#656 = PCURVE('',#657,#662);
#657 = CYLINDRICAL_SURFACE('',#658,1.5);
#658 = AXIS2_PLACEMENT_3D('',#659,#660,#661);
#659 = CARTESIAN_POINT('',(0.,38.,9.8));
#660 = DIRECTION('',(-0.,1.,-0.));
#661 = DIRECTION('',(1.,0.,0.));
#662 = DEFINITIONAL_REPRESENTATION('',(#663),#708);
#663 = B_SPLINE_CURVE_WITH_KNOTS('',7,(#664,#665,#666,#667,#668,#669,
    #670,#671,#672,#673,#674,#675,#676,#677,#678,#679,#680,#681,#682,
    #683,#684,#685,#686,#687,#688,#689,#690,#691,#692,#693,#694,#695,
    #696,#697,#698,#699,#700,#701,#702,#703,#704,#705,#706,#707),
  .UNSPECIFIED.,.F.,.F.,(8,6,6,6,6,6,6,8),(0.,0.152026775832,
    0.285957985325,0.422449463637,0.5876867865,0.713892903316,
    0.838358246705,1.),.UNSPECIFIED.);
#664 = CARTESIAN_POINT('',(0.,-19.05930307512));
#665 = CARTESIAN_POINT('',(-0.119782752654,-19.05930307512));
#666 = CARTESIAN_POINT('',(-0.239550962081,-19.05731475305));
#667 = CARTESIAN_POINT('',(-0.360559262435,-19.05333778574));
#668 = CARTESIAN_POINT('',(-0.483853122141,-19.04753334322));
#669 = CARTESIAN_POINT('',(-0.610589485018,-19.04023726756));
#670 = CARTESIAN_POINT('',(-0.741945005351,-19.03209212736));
#671 = CARTESIAN_POINT('',(-1.000956501803,-19.01700845568));
#672 = CARTESIAN_POINT('',(-1.131058177207,-19.00981723346));
#673 = CARTESIAN_POINT('',(-1.266226777102,-19.00348938672));
#674 = CARTESIAN_POINT('',(-1.404446566519,-18.99926847537));
#675 = CARTESIAN_POINT('',(-1.544160927721,-18.9980435179));
#676 = CARTESIAN_POINT('',(-1.684010660165,-18.99972190653));
#677 = CARTESIAN_POINT('',(-1.962877028678,-19.0076780722));
#678 = CARTESIAN_POINT('',(-2.097243708579,-19.01391166181));
#679 = CARTESIAN_POINT('',(-2.226443152759,-19.02148779345));
#680 = CARTESIAN_POINT('',(-2.35113464147,-19.02941547512));
#681 = CARTESIAN_POINT('',(-2.471795400533,-19.03689158536));
#682 = CARTESIAN_POINT('',(-2.588657865622,-19.04336470727));
#683 = CARTESIAN_POINT('',(-2.838703459697,-19.05480162839));
#684 = CARTESIAN_POINT('',(-2.972562936614,-19.05927121742));
#685 = CARTESIAN_POINT('',(-3.105124325262,-19.06139204022));
#686 = CARTESIAN_POINT('',(-3.237557967481,-19.06090828187));
#687 = CARTESIAN_POINT('',(-3.370936139269,-19.0578074723));
#688 = CARTESIAN_POINT('',(-3.506151835726,-19.05244350235));
#689 = CARTESIAN_POINT('',(-3.749723132691,-19.04023737264));
#690 = CARTESIAN_POINT('',(-3.858725464221,-19.03395110819));
#691 = CARTESIAN_POINT('',(-3.971192969981,-19.02695318146));
#692 = CARTESIAN_POINT('',(-4.087243458829,-19.01972772515));
#693 = CARTESIAN_POINT('',(-4.207190403439,-19.01293863262));
#694 = CARTESIAN_POINT('',(-4.331508673468,-19.00735852059));
#695 = CARTESIAN_POINT('',(-4.588827526864,-19.00001711388));
#696 = CARTESIAN_POINT('',(-4.718547084094,-18.99829417658));
#697 = CARTESIAN_POINT('',(-4.848485688302,-18.99903548159));
#698 = CARTESIAN_POINT('',(-4.97733385462,-19.0023669537));
#699 = CARTESIAN_POINT('',(-5.103707739704,-19.00767438323));
#700 = CARTESIAN_POINT('',(-5.225831625702,-19.01399182713));
#701 = CARTESIAN_POINT('',(-5.48989554226,-19.02887797757));
#702 = CARTESIAN_POINT('',(-5.631379483413,-19.03780968943));
#703 = CARTESIAN_POINT('',(-5.767311095153,-19.04598378556));
#704 = CARTESIAN_POINT('',(-5.899124666771,-19.05254187045));
#705 = CARTESIAN_POINT('',(-6.028158342075,-19.05705005584));
#706 = CARTESIAN_POINT('',(-6.15567858549,-19.05930307512));
#707 = CARTESIAN_POINT('',(-6.28318530718,-19.05930307512));
#708 = ( GEOMETRIC_REPRESENTATION_CONTEXT(2) 
PARAMETRIC_REPRESENTATION_CONTEXT() REPRESENTATION_CONTEXT('2D SPACE',''
  ) );
#709 = FACE_BOUND('',#710,.F.);
#710 = EDGE_LOOP('',(#711));
#711 = ORIENTED_EDGE('',*,*,#712,.T.);
#712 = EDGE_CURVE('',#713,#713,#715,.T.);
#713 = VERTEX_POINT('',#714);
#714 = CARTESIAN_POINT('',(1.5,-18.94069692487,9.8));
#715 = SURFACE_CURVE('',#716,(#761,#809),.PCURVE_S1.);
#716 = B_SPLINE_CURVE_WITH_KNOTS('',7,(#717,#718,#719,#720,#721,#722,
    #723,#724,#725,#726,#727,#728,#729,#730,#731,#732,#733,#734,#735,
    #736,#737,#738,#739,#740,#741,#742,#743,#744,#745,#746,#747,#748,
    #749,#750,#751,#752,#753,#754,#755,#756,#757,#758,#759,#760),
  .UNSPECIFIED.,.T.,.F.,(8,6,6,6,6,6,6,8),(0.,0.152026775855,
    0.285957985369,0.422449463702,0.587686786591,0.713892903396,
    0.83835824675,1.),.UNSPECIFIED.);
#717 = CARTESIAN_POINT('',(1.5,-18.94069692487,9.8));
#718 = CARTESIAN_POINT('',(1.5,-18.94069692487,9.97967412898));
#719 = CARTESIAN_POINT('',(1.474892030453,-18.94268524694,
    10.159327407697));
#720 = CARTESIAN_POINT('',(1.424680385371,-18.94666221425,
    10.336624787872));
#721 = CARTESIAN_POINT('',(1.348706988209,-18.95246665677,
    10.508946589154));
#722 = CARTESIAN_POINT('',(1.245952013092,-18.95976273243,
    10.672949087683));
#723 = CARTESIAN_POINT('',(1.115286578631,-18.96790787263,
    10.824109042556));
#724 = CARTESIAN_POINT('',(0.81592889656,-18.98299154431,11.071759254745
    ));
#725 = CARTESIAN_POINT('',(0.649147433614,-18.99018276653,
    11.176310372033));
#726 = CARTESIAN_POINT('',(0.459167373831,-18.99651061327,
    11.257900505403));
#727 = CARTESIAN_POINT('',(0.252821464579,-19.00073152462,
    11.308616109429));
#728 = CARTESIAN_POINT('',(3.911329915338E-02,-19.00195648209,
    11.324231530544));
#729 = CARTESIAN_POINT('',(-0.172373826891,-19.00027809347,
    11.304395730711));
#730 = CARTESIAN_POINT('',(-0.577531730011,-18.99232192779,
    11.200368862131));
#731 = CARTESIAN_POINT('',(-0.764126739275,-18.98608833819,
    11.116665436018));
#732 = CARTESIAN_POINT('',(-0.929389510354,-18.97851220655,
    11.008487106159));
#733 = CARTESIAN_POINT('',(-1.071615494254,-18.97058452487,
    10.881615268171));
#734 = CARTESIAN_POINT('',(-1.190103867776,-18.96310841463,
    10.741267157199));
#735 = CARTESIAN_POINT('',(-1.284999575076,-18.95663529272,
    10.592188884584));
#736 = CARTESIAN_POINT('',(-1.444695928932,-18.94519837161,
    10.25281685778));
#737 = CARTESIAN_POINT('',(-1.500497786503,-18.94072878257,
    10.057167032432));
#738 = CARTESIAN_POINT('',(-1.525494965446,-18.93860795978,
    9.856119957135));
#739 = CARTESIAN_POINT('',(-1.519692423632,-18.93909171812,
    9.653317805893));
#740 = CARTESIAN_POINT('',(-1.48271926325,-18.94219252769,9.452704330261
    ));
#741 = CARTESIAN_POINT('',(-1.414252144749,-18.94755649764,
    9.258890689778));
#742 = CARTESIAN_POINT('',(-1.238240093939,-18.95976262735,
    8.938725957915));
#743 = CARTESIAN_POINT('',(-1.142410783904,-18.9660488918,8.804825466506
    ));
#744 = CARTESIAN_POINT('',(-1.026348706268,-18.97304681854,
    8.679400841586));
#745 = CARTESIAN_POINT('',(-0.890137070669,-18.98027227484,
    8.566458996619));
#746 = CARTESIAN_POINT('',(-0.734572893574,-18.98706136737,
    8.470276717682));
#747 = CARTESIAN_POINT('',(-0.561258959103,-18.9926414794,8.395453000437
    ));
#748 = CARTESIAN_POINT('',(-0.187406896407,-18.99998288611,
    8.299464105503));
#749 = CARTESIAN_POINT('',(8.164506573739E-03,-19.00170582341,
    8.278743324336));
#750 = CARTESIAN_POINT('',(0.206596006922,-19.0009645184,8.288408382867)
  );
#751 = CARTESIAN_POINT('',(0.399906518441,-18.99763304629,8.328574482197
    ));
#752 = CARTESIAN_POINT('',(0.58049981165,-18.99232561676,8.396199916754)
  );
#753 = CARTESIAN_POINT('',(0.742273063139,-18.98600817286,8.485190981514
    ));
#754 = CARTESIAN_POINT('',(1.062721357283,-18.97112202242,8.718010295236
    ));
#755 = CARTESIAN_POINT('',(1.211520125537,-18.96219031056,8.874263263449
    ));
#756 = CARTESIAN_POINT('',(1.328371797785,-18.95401621443,9.046501728135
    ));
#757 = CARTESIAN_POINT('',(1.414636226205,-18.94745812954,9.228992065861
    ));
#758 = CARTESIAN_POINT('',(1.471548154163,-18.94294994415,9.417458446357
    ));
#759 = CARTESIAN_POINT('',(1.5,-18.94069692487,9.608739917466));
#760 = CARTESIAN_POINT('',(1.5,-18.94069692487,9.8));
#761 = PCURVE('',#33,#762);
#762 = DEFINITIONAL_REPRESENTATION('',(#763),#808);
#763 = B_SPLINE_CURVE_WITH_KNOTS('',7,(#764,#765,#766,#767,#768,#769,
    #770,#771,#772,#773,#774,#775,#776,#777,#778,#779,#780,#781,#782,
    #783,#784,#785,#786,#787,#788,#789,#790,#791,#792,#793,#794,#795,
    #796,#797,#798,#799,#800,#801,#802,#803,#804,#805,#806,#807),
  .UNSPECIFIED.,.T.,.F.,(8,6,6,6,6,6,6,8),(0.,0.152026775855,
    0.285957985369,0.422449463702,0.587686786591,0.713892903396,
    0.83835824675,1.),.UNSPECIFIED.);
#764 = CARTESIAN_POINT('',(-4.791418588713,-9.8));
#765 = CARTESIAN_POINT('',(-4.791418588713,-9.97967412898));
#766 = CARTESIAN_POINT('',(-4.790092979227,-10.15932740769));
#767 = CARTESIAN_POINT('',(-4.787441985945,-10.33662478787));
#768 = CARTESIAN_POINT('',(-4.783431746624,-10.50894658915));
#769 = CARTESIAN_POINT('',(-4.77801015156,-10.67294908768));
#770 = CARTESIAN_POINT('',(-4.77112016418,-10.82410904255));
#771 = CARTESIAN_POINT('',(-4.755344508914,-11.07175925474));
#772 = CARTESIAN_POINT('',(-4.746558621165,-11.17631037203));
#773 = CARTESIAN_POINT('',(-4.736554871804,-11.2579005054));
#774 = CARTESIAN_POINT('',(-4.725694189453,-11.30861610942));
#775 = CARTESIAN_POINT('',(-4.714447947658,-11.32423153054));
#776 = CARTESIAN_POINT('',(-4.703317448224,-11.30439573071));
#777 = CARTESIAN_POINT('',(-4.681989236961,-11.20036886213));
#778 = CARTESIAN_POINT('',(-4.672163900205,-11.11666543601));
#779 = CARTESIAN_POINT('',(-4.663457660927,-11.00848710615));
#780 = CARTESIAN_POINT('',(-4.655960848063,-10.88161526817));
#781 = CARTESIAN_POINT('',(-4.649712360478,-10.74126715719));
#782 = CARTESIAN_POINT('',(-4.644706270237,-10.59218888458));
#783 = CARTESIAN_POINT('',(-4.636279671964,-10.25281685778));
#784 = CARTESIAN_POINT('',(-4.633333430349,-10.05716703243));
#785 = CARTESIAN_POINT('',(-4.632013019002,-9.856119957135));
#786 = CARTESIAN_POINT('',(-4.632319484935,-9.653317805893));
#787 = CARTESIAN_POINT('',(-4.634272307575,-9.452704330261));
#788 = CARTESIAN_POINT('',(-4.637886737345,-9.258890689778));
#789 = CARTESIAN_POINT('',(-4.647172778404,-8.938725957915));
#790 = CARTESIAN_POINT('',(-4.652227232137,-8.804825466506));
#791 = CARTESIAN_POINT('',(-4.658346708977,-8.679400841586));
#792 = CARTESIAN_POINT('',(-4.665525452017,-8.566458996619));
#793 = CARTESIAN_POINT('',(-4.673720070562,-8.470276717682));
#794 = CARTESIAN_POINT('',(-4.682845863706,-8.395453000437));
#795 = CARTESIAN_POINT('',(-4.7025260815,-8.299464105503));
#796 = CARTESIAN_POINT('',(-4.712819114663,-8.278743324336));
#797 = CARTESIAN_POINT('',(-4.723261596701,-8.288408382867));
#798 = CARTESIAN_POINT('',(-4.733435798819,-8.328574482197));
#799 = CARTESIAN_POINT('',(-4.742944107659,-8.396199916754));
#800 = CARTESIAN_POINT('',(-4.751464741423,-8.485190981514));
#801 = CARTESIAN_POINT('',(-4.768348629291,-8.718010295236));
#802 = CARTESIAN_POINT('',(-4.776193519871,-8.874263263449));
#803 = CARTESIAN_POINT('',(-4.782358371313,-9.046501728135));
#804 = CARTESIAN_POINT('',(-4.78691169112,-9.228992065861));
#805 = CARTESIAN_POINT('',(-4.789916434609,-9.417458446357));
#806 = CARTESIAN_POINT('',(-4.791418588713,-9.608739917466));
#807 = CARTESIAN_POINT('',(-4.791418588713,-9.8));
#808 = ( GEOMETRIC_REPRESENTATION_CONTEXT(2) 
PARAMETRIC_REPRESENTATION_CONTEXT() REPRESENTATION_CONTEXT('2D SPACE',''
  ) );
#809 = PCURVE('',#810,#815);
#810 = CYLINDRICAL_SURFACE('',#811,1.5);
#811 = AXIS2_PLACEMENT_3D('',#812,#813,#814);
#812 = CARTESIAN_POINT('',(0.,38.,9.8));
#813 = DIRECTION('',(-0.,1.,-0.));
#814 = DIRECTION('',(1.,0.,0.));
#815 = DEFINITIONAL_REPRESENTATION('',(#816),#861);
#816 = B_SPLINE_CURVE_WITH_KNOTS('',7,(#817,#818,#819,#820,#821,#822,
    #823,#824,#825,#826,#827,#828,#829,#830,#831,#832,#833,#834,#835,
    #836,#837,#838,#839,#840,#841,#842,#843,#844,#845,#846,#847,#848,
    #849,#850,#851,#852,#853,#854,#855,#856,#857,#858,#859,#860),
  .UNSPECIFIED.,.F.,.F.,(8,6,6,6,6,6,6,8),(0.,0.152026775855,
    0.285957985369,0.422449463702,0.587686786591,0.713892903396,
    0.83835824675,1.),.UNSPECIFIED.);
#817 = CARTESIAN_POINT('',(0.,-56.94069692487));
#818 = CARTESIAN_POINT('',(-0.119782752653,-56.94069692487));
#819 = CARTESIAN_POINT('',(-0.239550962081,-56.94268524694));
#820 = CARTESIAN_POINT('',(-0.360559262435,-56.94666221425));
#821 = CARTESIAN_POINT('',(-0.483853122142,-56.95246665677));
#822 = CARTESIAN_POINT('',(-0.610589485018,-56.95976273243));
#823 = CARTESIAN_POINT('',(-0.741945005351,-56.96790787263));
#824 = CARTESIAN_POINT('',(-1.000956501803,-56.98299154431));
#825 = CARTESIAN_POINT('',(-1.131058177207,-56.99018276653));
#826 = CARTESIAN_POINT('',(-1.266226777101,-56.99651061327));
#827 = CARTESIAN_POINT('',(-1.40444656652,-57.00073152462));
#828 = CARTESIAN_POINT('',(-1.54416092772,-57.00195648209));
#829 = CARTESIAN_POINT('',(-1.684010660165,-57.00027809347));
#830 = CARTESIAN_POINT('',(-1.962877028678,-56.99232192779));
#831 = CARTESIAN_POINT('',(-2.097243708579,-56.98608833819));
#832 = CARTESIAN_POINT('',(-2.226443152759,-56.97851220655));
#833 = CARTESIAN_POINT('',(-2.35113464147,-56.97058452487));
#834 = CARTESIAN_POINT('',(-2.471795400533,-56.96310841463));
#835 = CARTESIAN_POINT('',(-2.588657865622,-56.95663529272));
#836 = CARTESIAN_POINT('',(-2.838703459698,-56.94519837161));
#837 = CARTESIAN_POINT('',(-2.972562936615,-56.94072878257));
#838 = CARTESIAN_POINT('',(-3.105124325262,-56.93860795978));
#839 = CARTESIAN_POINT('',(-3.237557967481,-56.93909171812));
#840 = CARTESIAN_POINT('',(-3.370936139269,-56.94219252769));
#841 = CARTESIAN_POINT('',(-3.506151835725,-56.94755649764));
#842 = CARTESIAN_POINT('',(-3.749723132666,-56.95976262735));
#843 = CARTESIAN_POINT('',(-3.858725464221,-56.9660488918));
#844 = CARTESIAN_POINT('',(-3.971192970002,-56.97304681854));
#845 = CARTESIAN_POINT('',(-4.087243458847,-56.98027227484));
#846 = CARTESIAN_POINT('',(-4.207190403435,-56.98706136737));
#847 = CARTESIAN_POINT('',(-4.331508673443,-56.9926414794));
#848 = CARTESIAN_POINT('',(-4.588827526864,-56.99998288611));
#849 = CARTESIAN_POINT('',(-4.718547084094,-57.00170582341));
#850 = CARTESIAN_POINT('',(-4.848485688303,-57.0009645184));
#851 = CARTESIAN_POINT('',(-4.977333854619,-56.99763304629));
#852 = CARTESIAN_POINT('',(-5.103707739704,-56.99232561676));
#853 = CARTESIAN_POINT('',(-5.225831625702,-56.98600817286));
#854 = CARTESIAN_POINT('',(-5.489895542259,-56.97112202242));
#855 = CARTESIAN_POINT('',(-5.631379483413,-56.96219031056));
#856 = CARTESIAN_POINT('',(-5.767311095152,-56.95401621443));
#857 = CARTESIAN_POINT('',(-5.899124666772,-56.94745812954));
#858 = CARTESIAN_POINT('',(-6.028158342074,-56.94294994415));
#859 = CARTESIAN_POINT('',(-6.15567858549,-56.94069692487));
#860 = CARTESIAN_POINT('',(-6.28318530718,-56.94069692487));
#861 = ( GEOMETRIC_REPRESENTATION_CONTEXT(2) 
PARAMETRIC_REPRESENTATION_CONTEXT() REPRESENTATION_CONTEXT('2D SPACE',''
  ) );
#862 = FACE_BOUND('',#863,.F.);
#863 = EDGE_LOOP('',(#864));
#864 = ORIENTED_EDGE('',*,*,#865,.T.);
#865 = EDGE_CURVE('',#866,#866,#868,.T.);
#866 = VERTEX_POINT('',#867);
#867 = CARTESIAN_POINT('',(1.5,-18.94069692487,4.2));
#868 = SURFACE_CURVE('',#869,(#914,#962),.PCURVE_S1.);
#869 = B_SPLINE_CURVE_WITH_KNOTS('',7,(#870,#871,#872,#873,#874,#875,
    #876,#877,#878,#879,#880,#881,#882,#883,#884,#885,#886,#887,#888,
    #889,#890,#891,#892,#893,#894,#895,#896,#897,#898,#899,#900,#901,
    #902,#903,#904,#905,#906,#907,#908,#909,#910,#911,#912,#913),
  .UNSPECIFIED.,.T.,.F.,(8,6,6,6,6,6,6,8),(0.,0.152026775809,
    0.285957985282,0.4224494636,0.587686786513,0.71389290334,
    0.838358246718,1.),.UNSPECIFIED.);
#870 = CARTESIAN_POINT('',(1.5,-18.94069692487,4.2));
#871 = CARTESIAN_POINT('',(1.5,-18.94069692487,4.37967412898));
#872 = CARTESIAN_POINT('',(1.474892030453,-18.94268524694,4.559327407696
    ));
#873 = CARTESIAN_POINT('',(1.424680385371,-18.94666221425,4.736624787872
    ));
#874 = CARTESIAN_POINT('',(1.348706988209,-18.95246665677,4.908946589154
    ));
#875 = CARTESIAN_POINT('',(1.245952013091,-18.95976273243,5.072949087683
    ));
#876 = CARTESIAN_POINT('',(1.115286578631,-18.96790787263,5.224109042556
    ));
#877 = CARTESIAN_POINT('',(0.81592889656,-18.98299154431,5.471759254745)
  );
#878 = CARTESIAN_POINT('',(0.649147433613,-18.99018276653,5.576310372033
    ));
#879 = CARTESIAN_POINT('',(0.459167373831,-18.99651061327,5.657900505403
    ));
#880 = CARTESIAN_POINT('',(0.252821464579,-19.00073152462,5.70861610943)
  );
#881 = CARTESIAN_POINT('',(3.911329915301E-02,-19.00195648209,
    5.724231530543));
#882 = CARTESIAN_POINT('',(-0.172373826891,-19.00027809347,
    5.704395730711));
#883 = CARTESIAN_POINT('',(-0.577531730051,-18.99232192779,
    5.600368862121));
#884 = CARTESIAN_POINT('',(-0.764126739279,-18.98608833818,
    5.516665436004));
#885 = CARTESIAN_POINT('',(-0.929389510323,-18.97851220655,
    5.408487106172));
#886 = CARTESIAN_POINT('',(-1.071615494232,-18.97058452487,
    5.281615268203));
#887 = CARTESIAN_POINT('',(-1.190103867786,-18.96310841463,
    5.141267157205));
#888 = CARTESIAN_POINT('',(-1.284999575094,-18.95663529272,
    4.992188884545));
#889 = CARTESIAN_POINT('',(-1.444695928933,-18.94519837161,4.65281685778
    ));
#890 = CARTESIAN_POINT('',(-1.500497786503,-18.94072878257,
    4.457167032432));
#891 = CARTESIAN_POINT('',(-1.525494965445,-18.93860795978,
    4.256119957135));
#892 = CARTESIAN_POINT('',(-1.519692423632,-18.93909171812,
    4.053317805893));
#893 = CARTESIAN_POINT('',(-1.48271926325,-18.94219252769,3.852704330262
    ));
#894 = CARTESIAN_POINT('',(-1.41425214475,-18.94755649764,3.658890689779
    ));
#895 = CARTESIAN_POINT('',(-1.238240093937,-18.95976262735,
    3.338725957911));
#896 = CARTESIAN_POINT('',(-1.142410783903,-18.9660488918,3.204825466507
    ));
#897 = CARTESIAN_POINT('',(-1.02634870627,-18.97304681854,3.079400841589
    ));
#898 = CARTESIAN_POINT('',(-0.890137070672,-18.98027227484,2.96645899662
    ));
#899 = CARTESIAN_POINT('',(-0.734572893574,-18.98706136737,
    2.870276717681));
#900 = CARTESIAN_POINT('',(-0.561258959099,-18.9926414794,2.795453000436
    ));
#901 = CARTESIAN_POINT('',(-0.187406896408,-18.99998288611,
    2.699464105503));
#902 = CARTESIAN_POINT('',(8.164506574102E-03,-19.00170582341,
    2.678743324336));
#903 = CARTESIAN_POINT('',(0.206596006922,-19.0009645184,2.688408382867)
  );
#904 = CARTESIAN_POINT('',(0.399906518441,-18.99763304629,2.728574482197
    ));
#905 = CARTESIAN_POINT('',(0.58049981165,-18.99232561676,2.796199916754)
  );
#906 = CARTESIAN_POINT('',(0.742273063139,-18.98600817286,2.885190981514
    ));
#907 = CARTESIAN_POINT('',(1.062721357283,-18.97112202242,3.118010295236
    ));
#908 = CARTESIAN_POINT('',(1.211520125537,-18.96219031056,3.274263263449
    ));
#909 = CARTESIAN_POINT('',(1.328371797785,-18.95401621443,3.446501728135
    ));
#910 = CARTESIAN_POINT('',(1.414636226205,-18.94745812954,3.628992065862
    ));
#911 = CARTESIAN_POINT('',(1.471548154163,-18.94294994415,3.817458446357
    ));
#912 = CARTESIAN_POINT('',(1.5,-18.94069692487,4.008739917466));
#913 = CARTESIAN_POINT('',(1.5,-18.94069692487,4.2));
#914 = PCURVE('',#33,#915);
#915 = DEFINITIONAL_REPRESENTATION('',(#916),#961);
#916 = B_SPLINE_CURVE_WITH_KNOTS('',7,(#917,#918,#919,#920,#921,#922,
    #923,#924,#925,#926,#927,#928,#929,#930,#931,#932,#933,#934,#935,
    #936,#937,#938,#939,#940,#941,#942,#943,#944,#945,#946,#947,#948,
    #949,#950,#951,#952,#953,#954,#955,#956,#957,#958,#959,#960),
  .UNSPECIFIED.,.T.,.F.,(8,6,6,6,6,6,6,8),(0.,0.152026775809,
    0.285957985282,0.4224494636,0.587686786513,0.71389290334,
    0.838358246718,1.),.UNSPECIFIED.);
#917 = CARTESIAN_POINT('',(-4.791418588713,-4.2));
#918 = CARTESIAN_POINT('',(-4.791418588713,-4.37967412898));
#919 = CARTESIAN_POINT('',(-4.790092979227,-4.559327407696));
#920 = CARTESIAN_POINT('',(-4.787441985945,-4.736624787872));
#921 = CARTESIAN_POINT('',(-4.783431746624,-4.908946589154));
#922 = CARTESIAN_POINT('',(-4.77801015156,-5.072949087683));
#923 = CARTESIAN_POINT('',(-4.77112016418,-5.224109042556));
#924 = CARTESIAN_POINT('',(-4.755344508914,-5.471759254745));
#925 = CARTESIAN_POINT('',(-4.746558621165,-5.576310372033));
#926 = CARTESIAN_POINT('',(-4.736554871804,-5.657900505403));
#927 = CARTESIAN_POINT('',(-4.725694189453,-5.708616109429));
#928 = CARTESIAN_POINT('',(-4.714447947658,-5.724231530544));
#929 = CARTESIAN_POINT('',(-4.703317448224,-5.704395730711));
#930 = CARTESIAN_POINT('',(-4.681989236959,-5.600368862121));
#931 = CARTESIAN_POINT('',(-4.672163900205,-5.516665436004));
#932 = CARTESIAN_POINT('',(-4.663457660929,-5.408487106172));
#933 = CARTESIAN_POINT('',(-4.655960848064,-5.281615268202));
#934 = CARTESIAN_POINT('',(-4.649712360478,-5.141267157205));
#935 = CARTESIAN_POINT('',(-4.644706270236,-4.992188884545));
#936 = CARTESIAN_POINT('',(-4.636279671964,-4.65281685778));
#937 = CARTESIAN_POINT('',(-4.633333430349,-4.457167032432));
#938 = CARTESIAN_POINT('',(-4.632013019002,-4.256119957135));
#939 = CARTESIAN_POINT('',(-4.632319484935,-4.053317805893));
#940 = CARTESIAN_POINT('',(-4.634272307575,-3.852704330262));
#941 = CARTESIAN_POINT('',(-4.637886737345,-3.658890689779));
#942 = CARTESIAN_POINT('',(-4.647172778404,-3.338725957911));
#943 = CARTESIAN_POINT('',(-4.652227232137,-3.204825466506));
#944 = CARTESIAN_POINT('',(-4.658346708977,-3.079400841589));
#945 = CARTESIAN_POINT('',(-4.665525452017,-2.96645899662));
#946 = CARTESIAN_POINT('',(-4.673720070562,-2.870276717681));
#947 = CARTESIAN_POINT('',(-4.682845863707,-2.795453000436));
#948 = CARTESIAN_POINT('',(-4.7025260815,-2.699464105503));
#949 = CARTESIAN_POINT('',(-4.712819114663,-2.678743324336));
#950 = CARTESIAN_POINT('',(-4.723261596701,-2.688408382867));
#951 = CARTESIAN_POINT('',(-4.733435798819,-2.728574482197));
#952 = CARTESIAN_POINT('',(-4.742944107659,-2.796199916754));
#953 = CARTESIAN_POINT('',(-4.751464741423,-2.885190981514));
#954 = CARTESIAN_POINT('',(-4.768348629291,-3.118010295236));
#955 = CARTESIAN_POINT('',(-4.776193519871,-3.274263263449));
#956 = CARTESIAN_POINT('',(-4.782358371313,-3.446501728135));
#957 = CARTESIAN_POINT('',(-4.78691169112,-3.628992065861));
#958 = CARTESIAN_POINT('',(-4.789916434609,-3.817458446357));
#959 = CARTESIAN_POINT('',(-4.791418588713,-4.008739917466));
#960 = CARTESIAN_POINT('',(-4.791418588713,-4.2));
#961 = ( GEOMETRIC_REPRESENTATION_CONTEXT(2) 
PARAMETRIC_REPRESENTATION_CONTEXT() REPRESENTATION_CONTEXT('2D SPACE',''
  ) );
#962 = PCURVE('',#963,#968);
#963 = CYLINDRICAL_SURFACE('',#964,1.5);
#964 = AXIS2_PLACEMENT_3D('',#965,#966,#967);
#965 = CARTESIAN_POINT('',(0.,38.,4.2));
#966 = DIRECTION('',(-0.,1.,-0.));
#967 = DIRECTION('',(1.,0.,0.));
#968 = DEFINITIONAL_REPRESENTATION('',(#969),#1014);
#969 = B_SPLINE_CURVE_WITH_KNOTS('',7,(#970,#971,#972,#973,#974,#975,
    #976,#977,#978,#979,#980,#981,#982,#983,#984,#985,#986,#987,#988,
    #989,#990,#991,#992,#993,#994,#995,#996,#997,#998,#999,#1000,#1001,
    #1002,#1003,#1004,#1005,#1006,#1007,#1008,#1009,#1010,#1011,#1012,
    #1013),.UNSPECIFIED.,.F.,.F.,(8,6,6,6,6,6,6,8),(0.,0.152026775809,
    0.285957985282,0.4224494636,0.587686786513,0.71389290334,
    0.838358246718,1.),.UNSPECIFIED.);
#970 = CARTESIAN_POINT('',(0.,-56.94069692487));
#971 = CARTESIAN_POINT('',(-0.119782752653,-56.94069692487));
#972 = CARTESIAN_POINT('',(-0.239550962081,-56.94268524694));
#973 = CARTESIAN_POINT('',(-0.360559262435,-56.94666221425));
#974 = CARTESIAN_POINT('',(-0.483853122142,-56.95246665677));
#975 = CARTESIAN_POINT('',(-0.610589485018,-56.95976273243));
#976 = CARTESIAN_POINT('',(-0.741945005351,-56.96790787263));
#977 = CARTESIAN_POINT('',(-1.000956501803,-56.98299154431));
#978 = CARTESIAN_POINT('',(-1.131058177208,-56.99018276653));
#979 = CARTESIAN_POINT('',(-1.266226777101,-56.99651061327));
#980 = CARTESIAN_POINT('',(-1.404446566519,-57.00073152462));
#981 = CARTESIAN_POINT('',(-1.544160927721,-57.00195648209));
#982 = CARTESIAN_POINT('',(-1.684010660165,-57.00027809347));
#983 = CARTESIAN_POINT('',(-1.962877028705,-56.99232192779));
#984 = CARTESIAN_POINT('',(-2.097243708584,-56.98608833818));
#985 = CARTESIAN_POINT('',(-2.226443152739,-56.97851220655));
#986 = CARTESIAN_POINT('',(-2.351134641447,-56.97058452487));
#987 = CARTESIAN_POINT('',(-2.471795400532,-56.96310841463));
#988 = CARTESIAN_POINT('',(-2.588657865651,-56.95663529272));
#989 = CARTESIAN_POINT('',(-2.838703459698,-56.94519837161));
#990 = CARTESIAN_POINT('',(-2.972562936615,-56.94072878257));
#991 = CARTESIAN_POINT('',(-3.105124325262,-56.93860795978));
#992 = CARTESIAN_POINT('',(-3.237557967481,-56.93909171812));
#993 = CARTESIAN_POINT('',(-3.370936139269,-56.94219252769));
#994 = CARTESIAN_POINT('',(-3.506151835725,-56.94755649764));
#995 = CARTESIAN_POINT('',(-3.749723132669,-56.95976262735));
#996 = CARTESIAN_POINT('',(-3.858725464221,-56.9660488918));
#997 = CARTESIAN_POINT('',(-3.97119297,-56.97304681854));
#998 = CARTESIAN_POINT('',(-4.087243458845,-56.98027227484));
#999 = CARTESIAN_POINT('',(-4.207190403436,-56.98706136737));
#1000 = CARTESIAN_POINT('',(-4.331508673446,-56.9926414794));
#1001 = CARTESIAN_POINT('',(-4.588827526864,-56.99998288611));
#1002 = CARTESIAN_POINT('',(-4.718547084095,-57.00170582341));
#1003 = CARTESIAN_POINT('',(-4.848485688302,-57.0009645184));
#1004 = CARTESIAN_POINT('',(-4.97733385462,-56.99763304629));
#1005 = CARTESIAN_POINT('',(-5.103707739704,-56.99232561676));
#1006 = CARTESIAN_POINT('',(-5.225831625702,-56.98600817286));
#1007 = CARTESIAN_POINT('',(-5.489895542259,-56.97112202242));
#1008 = CARTESIAN_POINT('',(-5.631379483413,-56.96219031056));
#1009 = CARTESIAN_POINT('',(-5.767311095152,-56.95401621443));
#1010 = CARTESIAN_POINT('',(-5.899124666772,-56.94745812954));
#1011 = CARTESIAN_POINT('',(-6.028158342074,-56.94294994415));
#1012 = CARTESIAN_POINT('',(-6.15567858549,-56.94069692487));
#1013 = CARTESIAN_POINT('',(-6.28318530718,-56.94069692487));
#1014 = ( GEOMETRIC_REPRESENTATION_CONTEXT(2) 
PARAMETRIC_REPRESENTATION_CONTEXT() REPRESENTATION_CONTEXT('2D SPACE',''
  ) );
#1015 = ADVANCED_FACE('',(#1016),#45,.F.);
#1016 = FACE_BOUND('',#1017,.F.);
#1017 = EDGE_LOOP('',(#1018,#1019,#1020,#1041,#1070,#1094));
#1018 = ORIENTED_EDGE('',*,*,#108,.T.);
#1019 = ORIENTED_EDGE('',*,*,#21,.T.);
#1020 = ORIENTED_EDGE('',*,*,#1021,.F.);
#1021 = EDGE_CURVE('',#1022,#24,#1024,.T.);
#1022 = VERTEX_POINT('',#1023);
#1023 = CARTESIAN_POINT('',(0.6,15.088074761215,0.));
#1024 = SURFACE_CURVE('',#1025,(#1029,#1035),.PCURVE_S1.);
#1025 = LINE('',#1026,#1027);
#1026 = CARTESIAN_POINT('',(0.6,-4.75,0.));
#1027 = VECTOR('',#1028,1.);
#1028 = DIRECTION('',(0.,1.,0.));
#1029 = PCURVE('',#45,#1030);
#1030 = DEFINITIONAL_REPRESENTATION('',(#1031),#1034);
#1031 = B_SPLINE_CURVE_WITH_KNOTS('',1,(#1032,#1033),.UNSPECIFIED.,.F.,
  .F.,(2,2),(-4.75,23.75),.PIECEWISE_BEZIER_KNOTS.);
#1032 = CARTESIAN_POINT('',(0.6,-9.5));
#1033 = CARTESIAN_POINT('',(0.6,19.));
#1034 = ( GEOMETRIC_REPRESENTATION_CONTEXT(2) 
PARAMETRIC_REPRESENTATION_CONTEXT() REPRESENTATION_CONTEXT('2D SPACE',''
  ) );
#1035 = PCURVE('',#546,#1036);
#1036 = DEFINITIONAL_REPRESENTATION('',(#1037),#1040);
#1037 = B_SPLINE_CURVE_WITH_KNOTS('',1,(#1038,#1039),.UNSPECIFIED.,.F.,
  .F.,(2,2),(-4.75,23.75),.PIECEWISE_BEZIER_KNOTS.);
#1038 = CARTESIAN_POINT('',(9.,0.));
#1039 = CARTESIAN_POINT('',(9.,-28.5));
#1040 = ( GEOMETRIC_REPRESENTATION_CONTEXT(2) 
PARAMETRIC_REPRESENTATION_CONTEXT() REPRESENTATION_CONTEXT('2D SPACE',''
  ) );
#1041 = ORIENTED_EDGE('',*,*,#1042,.F.);
#1042 = EDGE_CURVE('',#1043,#1022,#1045,.T.);
#1043 = VERTEX_POINT('',#1044);
#1044 = CARTESIAN_POINT('',(15.1,0.,0.));
#1045 = SURFACE_CURVE('',#1046,(#1051,#1058),.PCURVE_S1.);
#1046 = CIRCLE('',#1047,15.1);
#1047 = AXIS2_PLACEMENT_3D('',#1048,#1049,#1050);
#1048 = CARTESIAN_POINT('',(-4.281471244817E-16,-3.10862446895E-15,0.));
#1049 = DIRECTION('',(0.,0.,1.));
#1050 = DIRECTION('',(1.,4.507985299586E-16,-0.));
#1051 = PCURVE('',#45,#1052);
#1052 = DEFINITIONAL_REPRESENTATION('',(#1053),#1057);
#1053 = CIRCLE('',#1054,15.1);
#1054 = AXIS2_PLACEMENT_2D('',#1055,#1056);
#1055 = CARTESIAN_POINT('',(1.299145674515E-15,-3.484543362155E-15));
#1056 = DIRECTION('',(1.,4.507985299586E-16));
#1057 = ( GEOMETRIC_REPRESENTATION_CONTEXT(2) 
PARAMETRIC_REPRESENTATION_CONTEXT() REPRESENTATION_CONTEXT('2D SPACE',''
  ) );
#1058 = PCURVE('',#1059,#1064);
#1059 = CYLINDRICAL_SURFACE('',#1060,15.1);
#1060 = AXIS2_PLACEMENT_3D('',#1061,#1062,#1063);
#1061 = CARTESIAN_POINT('',(0.,0.,-24.0000002));
#1062 = DIRECTION('',(-0.,-0.,-1.));
#1063 = DIRECTION('',(1.,0.,0.));
#1064 = DEFINITIONAL_REPRESENTATION('',(#1065),#1069);
#1065 = LINE('',#1066,#1067);
#1066 = CARTESIAN_POINT('',(-0.,-24.0000002));
#1067 = VECTOR('',#1068,1.);
#1068 = DIRECTION('',(-1.,-0.));
#1069 = ( GEOMETRIC_REPRESENTATION_CONTEXT(2) 
PARAMETRIC_REPRESENTATION_CONTEXT() REPRESENTATION_CONTEXT('2D SPACE',''
  ) );
#1070 = ORIENTED_EDGE('',*,*,#1071,.F.);
#1071 = EDGE_CURVE('',#1072,#1043,#1074,.T.);
#1072 = VERTEX_POINT('',#1073);
#1073 = CARTESIAN_POINT('',(-0.6,15.088074761215,0.));
#1074 = SURFACE_CURVE('',#1075,(#1080,#1087),.PCURVE_S1.);
#1075 = CIRCLE('',#1076,15.1);
#1076 = AXIS2_PLACEMENT_3D('',#1077,#1078,#1079);
#1077 = CARTESIAN_POINT('',(-4.281471244817E-16,-3.10862446895E-15,0.));
#1078 = DIRECTION('',(0.,0.,1.));
#1079 = DIRECTION('',(1.,4.507985299586E-16,-0.));
#1080 = PCURVE('',#45,#1081);
#1081 = DEFINITIONAL_REPRESENTATION('',(#1082),#1086);
#1082 = CIRCLE('',#1083,15.1);
#1083 = AXIS2_PLACEMENT_2D('',#1084,#1085);
#1084 = CARTESIAN_POINT('',(1.299145674515E-15,-3.484543362155E-15));
#1085 = DIRECTION('',(1.,4.507985299586E-16));
#1086 = ( GEOMETRIC_REPRESENTATION_CONTEXT(2) 
PARAMETRIC_REPRESENTATION_CONTEXT() REPRESENTATION_CONTEXT('2D SPACE',''
  ) );
#1087 = PCURVE('',#1059,#1088);
#1088 = DEFINITIONAL_REPRESENTATION('',(#1089),#1093);
#1089 = LINE('',#1090,#1091);
#1090 = CARTESIAN_POINT('',(-0.,-24.0000002));
#1091 = VECTOR('',#1092,1.);
#1092 = DIRECTION('',(-1.,-0.));
#1093 = ( GEOMETRIC_REPRESENTATION_CONTEXT(2) 
PARAMETRIC_REPRESENTATION_CONTEXT() REPRESENTATION_CONTEXT('2D SPACE',''
  ) );
#1094 = ORIENTED_EDGE('',*,*,#1095,.T.);
#1095 = EDGE_CURVE('',#1072,#109,#1096,.T.);
#1096 = SURFACE_CURVE('',#1097,(#1101,#1107),.PCURVE_S1.);
#1097 = LINE('',#1098,#1099);
#1098 = CARTESIAN_POINT('',(-0.6,-4.75,0.));
#1099 = VECTOR('',#1100,1.);
#1100 = DIRECTION('',(0.,1.,0.));
#1101 = PCURVE('',#45,#1102);
#1102 = DEFINITIONAL_REPRESENTATION('',(#1103),#1106);
#1103 = B_SPLINE_CURVE_WITH_KNOTS('',1,(#1104,#1105),.UNSPECIFIED.,.F.,
  .F.,(2,2),(-4.75,23.75),.PIECEWISE_BEZIER_KNOTS.);
#1104 = CARTESIAN_POINT('',(-0.6,-9.5));
#1105 = CARTESIAN_POINT('',(-0.6,19.));
#1106 = ( GEOMETRIC_REPRESENTATION_CONTEXT(2) 
PARAMETRIC_REPRESENTATION_CONTEXT() REPRESENTATION_CONTEXT('2D SPACE',''
  ) );
#1107 = PCURVE('',#147,#1108);
#1108 = DEFINITIONAL_REPRESENTATION('',(#1109),#1112);
#1109 = B_SPLINE_CURVE_WITH_KNOTS('',1,(#1110,#1111),.UNSPECIFIED.,.F.,
  .F.,(2,2),(-4.75,23.75),.PIECEWISE_BEZIER_KNOTS.);
#1110 = CARTESIAN_POINT('',(9.,0.));
#1111 = CARTESIAN_POINT('',(9.,-28.5));
#1112 = ( GEOMETRIC_REPRESENTATION_CONTEXT(2) 
PARAMETRIC_REPRESENTATION_CONTEXT() REPRESENTATION_CONTEXT('2D SPACE',''
  ) );
#1113 = ADVANCED_FACE('',(#1114),#546,.F.);
#1114 = FACE_BOUND('',#1115,.F.);
#1115 = EDGE_LOOP('',(#1116,#1137,#1156,#1157));
#1116 = ORIENTED_EDGE('',*,*,#1117,.F.);
#1117 = EDGE_CURVE('',#1118,#395,#1120,.T.);
#1118 = VERTEX_POINT('',#1119);
#1119 = CARTESIAN_POINT('',(0.6,15.088074761215,2.825227291513));
#1120 = SURFACE_CURVE('',#1121,(#1125,#1131),.PCURVE_S1.);
#1121 = LINE('',#1122,#1123);
#1122 = CARTESIAN_POINT('',(0.6,38.,2.825227291513));
#1123 = VECTOR('',#1124,1.);
#1124 = DIRECTION('',(-0.,1.,-0.));
#1125 = PCURVE('',#546,#1126);
#1126 = DEFINITIONAL_REPRESENTATION('',(#1127),#1130);
#1127 = B_SPLINE_CURVE_WITH_KNOTS('',1,(#1128,#1129),.UNSPECIFIED.,.F.,
  .F.,(2,2),(-23.30217015793,-18.61923112809),.PIECEWISE_BEZIER_KNOTS.);
#1128 = CARTESIAN_POINT('',(11.825227291513,-24.19782984206));
#1129 = CARTESIAN_POINT('',(11.825227291513,-28.8807688719));
#1130 = ( GEOMETRIC_REPRESENTATION_CONTEXT(2) 
PARAMETRIC_REPRESENTATION_CONTEXT() REPRESENTATION_CONTEXT('2D SPACE',''
  ) );
#1131 = PCURVE('',#477,#1132);
#1132 = DEFINITIONAL_REPRESENTATION('',(#1133),#1136);
#1133 = B_SPLINE_CURVE_WITH_KNOTS('',1,(#1134,#1135),.UNSPECIFIED.,.F.,
  .F.,(2,2),(-22.91192523878,-19.00947604724),.PIECEWISE_BEZIER_KNOTS.);
#1134 = CARTESIAN_POINT('',(-5.123905826452,-22.91192523878));
#1135 = CARTESIAN_POINT('',(-5.123905826452,-19.00947604724));
#1136 = ( GEOMETRIC_REPRESENTATION_CONTEXT(2) 
PARAMETRIC_REPRESENTATION_CONTEXT() REPRESENTATION_CONTEXT('2D SPACE',''
  ) );
#1137 = ORIENTED_EDGE('',*,*,#1138,.T.);
#1138 = EDGE_CURVE('',#1118,#1022,#1139,.T.);
#1139 = SURFACE_CURVE('',#1140,(#1144,#1150),.PCURVE_S1.);
#1140 = LINE('',#1141,#1142);
#1141 = CARTESIAN_POINT('',(0.6,15.088074761215,-24.0000002));
#1142 = VECTOR('',#1143,1.);
#1143 = DIRECTION('',(-0.,-0.,-1.));
#1144 = PCURVE('',#546,#1145);
#1145 = DEFINITIONAL_REPRESENTATION('',(#1146),#1149);
#1146 = B_SPLINE_CURVE_WITH_KNOTS('',1,(#1147,#1148),.UNSPECIFIED.,.F.,
  .F.,(2,2),(-32.6000002,-23.9999996),.PIECEWISE_BEZIER_KNOTS.);
#1147 = CARTESIAN_POINT('',(17.6,-24.58807476121));
#1148 = CARTESIAN_POINT('',(8.9999994,-24.58807476121));
#1149 = ( GEOMETRIC_REPRESENTATION_CONTEXT(2) 
PARAMETRIC_REPRESENTATION_CONTEXT() REPRESENTATION_CONTEXT('2D SPACE',''
  ) );
#1150 = PCURVE('',#1059,#1151);
#1151 = DEFINITIONAL_REPRESENTATION('',(#1152),#1155);
#1152 = B_SPLINE_CURVE_WITH_KNOTS('',1,(#1153,#1154),.UNSPECIFIED.,.F.,
  .F.,(2,2),(-32.6000002,-23.9999996),.PIECEWISE_BEZIER_KNOTS.);
#1153 = CARTESIAN_POINT('',(-1.531050763875,-32.6000002));
#1154 = CARTESIAN_POINT('',(-1.531050763875,-23.9999996));
#1155 = ( GEOMETRIC_REPRESENTATION_CONTEXT(2) 
PARAMETRIC_REPRESENTATION_CONTEXT() REPRESENTATION_CONTEXT('2D SPACE',''
  ) );
#1156 = ORIENTED_EDGE('',*,*,#1021,.T.);
#1157 = ORIENTED_EDGE('',*,*,#533,.F.);
#1158 = ADVANCED_FACE('',(#1159),#477,.F.);
#1159 = FACE_BOUND('',#1160,.T.);
#1160 = EDGE_LOOP('',(#1161,#1295,#1314,#1315));
#1161 = ORIENTED_EDGE('',*,*,#1162,.T.);
#1162 = EDGE_CURVE('',#1118,#1163,#1165,.T.);
#1163 = VERTEX_POINT('',#1164);
#1164 = CARTESIAN_POINT('',(0.6,15.088074761215,5.574772708487));
#1165 = SURFACE_CURVE('',#1166,(#1193,#1244),.PCURVE_S1.);
#1166 = B_SPLINE_CURVE_WITH_KNOTS('',7,(#1167,#1168,#1169,#1170,#1171,
    #1172,#1173,#1174,#1175,#1176,#1177,#1178,#1179,#1180,#1181,#1182,
    #1183,#1184,#1185,#1186,#1187,#1188,#1189,#1190,#1191,#1192),
  .UNSPECIFIED.,.F.,.F.,(8,6,6,6,8),(0.806139614698,0.838378871831,1.,
    1.151825026355,1.193595908291),.UNSPECIFIED.);
#1167 = CARTESIAN_POINT('',(0.599999988861,15.088074777762,
    2.825227318545));
#1168 = CARTESIAN_POINT('',(0.643969945452,15.086326239562,
    2.844417372731));
#1169 = CARTESIAN_POINT('',(0.686849459004,15.084471326098,
    2.865084711655));
#1170 = CARTESIAN_POINT('',(0.728538273673,15.082527321438,
    2.887125708874));
#1171 = CARTESIAN_POINT('',(0.768943841481,15.080512767765,
    2.910422993984));
#1172 = CARTESIAN_POINT('',(0.807982598883,15.078446905699,
    2.934845542912));
#1173 = CARTESIAN_POINT('',(0.845581222968,15.076349021607,
    2.960248753119));
#1174 = CARTESIAN_POINT('',(1.062636830326,15.063653644871,
    3.117948882807));
#1175 = CARTESIAN_POINT('',(1.211407454865,15.05240881453,3.274136470654
    ));
#1176 = CARTESIAN_POINT('',(1.328274142072,15.042110139143,
    3.446333553299));
#1177 = CARTESIAN_POINT('',(1.4145767583,15.033840962359,3.628820669077)
  );
#1178 = CARTESIAN_POINT('',(1.471527035403,15.028154216935,
    3.817323757374));
#1179 = CARTESIAN_POINT('',(1.5,15.025311976794,4.008668958212));
#1180 = CARTESIAN_POINT('',(1.5,15.025311976794,4.379734177029));
#1181 = CARTESIAN_POINT('',(1.474875230935,15.027820108493,
    4.559443849969));
#1182 = CARTESIAN_POINT('',(1.42463192585,15.032836558832,4.736775997079
    ));
#1183 = CARTESIAN_POINT('',(1.348625708992,15.040155550165,
    4.909098761506));
#1184 = CARTESIAN_POINT('',(1.245856653276,15.049348972566,
    5.073067290375));
#1185 = CARTESIAN_POINT('',(1.115213876351,15.059605096299,
    5.224169187113));
#1186 = CARTESIAN_POINT('',(0.912369657071,15.072475072505,
    5.391976519126));
#1187 = CARTESIAN_POINT('',(0.866010628386,15.075267466555,
    5.427071337085));
#1188 = CARTESIAN_POINT('',(0.817161980498,15.078037397773,
    5.460702610591));
#1189 = CARTESIAN_POINT('',(0.765959653556,15.080743862579,
    5.492553211341));
#1190 = CARTESIAN_POINT('',(0.712568580385,15.083345125199,
    5.522340763546));
#1191 = CARTESIAN_POINT('',(0.657178565375,15.085801005608,
    5.549817914527));
#1192 = CARTESIAN_POINT('',(0.599999997189,15.088074792077,
    5.574772699233));
#1193 = PCURVE('',#477,#1194);
#1194 = DEFINITIONAL_REPRESENTATION('',(#1195),#1243);
#1195 = B_SPLINE_CURVE_WITH_KNOTS('',3,(#1196,#1197,#1198,#1199,#1200,
    #1201,#1202,#1203,#1204,#1205,#1206,#1207,#1208,#1209,#1210,#1211,
    #1212,#1213,#1214,#1215,#1216,#1217,#1218,#1219,#1220,#1221,#1222,
    #1223,#1224,#1225,#1226,#1227,#1228,#1229,#1230,#1231,#1232,#1233,
    #1234,#1235,#1236,#1237,#1238,#1239,#1240,#1241,#1242),
  .UNSPECIFIED.,.F.,.F.,(4,1,1,1,1,1,1,1,1,1,1,1,1,1,1,1,1,1,1,1,1,1,1,1
    ,1,1,1,1,1,1,1,1,1,1,1,1,1,1,1,1,1,1,1,1,4),(0.806139614698,
    0.814945439553,0.823751264407,0.832557089262,0.841362914116,
    0.85016873897,0.858974563825,0.867780388679,0.876586213534,
    0.885392038388,0.894197863242,0.903003688097,0.911809512951,
    0.920615337805,0.92942116266,0.938226987514,0.947032812369,
    0.955838637223,0.964644462077,0.973450286932,0.982256111786,
    0.99106193664,0.999867761495,1.008673586349,1.017479411204,
    1.026285236058,1.035091060912,1.043896885767,1.052702710621,
    1.061508535476,1.07031436033,1.079120185184,1.087926010039,
    1.096731834893,1.105537659747,1.114343484602,1.123149309456,
    1.131955134311,1.140760959165,1.149566784019,1.158372608874,
    1.167178433728,1.175984258582,1.184790083437,1.193595908291),
  .QUASI_UNIFORM_KNOTS.);
#1196 = CARTESIAN_POINT('',(-5.123905826854,-22.91192522223));
#1197 = CARTESIAN_POINT('',(-5.144288231873,-22.91303934804));
#1198 = CARTESIAN_POINT('',(-5.184775563523,-22.91537987304));
#1199 = CARTESIAN_POINT('',(-5.244482635666,-22.91914639385));
#1200 = CARTESIAN_POINT('',(-5.303033414196,-22.92309201485));
#1201 = CARTESIAN_POINT('',(-5.360088604248,-22.92712451475));
#1202 = CARTESIAN_POINT('',(-5.416164811259,-22.9312171174));
#1203 = CARTESIAN_POINT('',(-5.471390283337,-22.9353231611));
#1204 = CARTESIAN_POINT('',(-5.525813466015,-22.93939392832));
#1205 = CARTESIAN_POINT('',(-5.579499212537,-22.94338609928));
#1206 = CARTESIAN_POINT('',(-5.6325037885,-22.94725967201));
#1207 = CARTESIAN_POINT('',(-5.684882229718,-22.95097840885));
#1208 = CARTESIAN_POINT('',(-5.736686938123,-22.95450958208));
#1209 = CARTESIAN_POINT('',(-5.787968557008,-22.95782388759));
#1210 = CARTESIAN_POINT('',(-5.838776185961,-22.96089529797));
#1211 = CARTESIAN_POINT('',(-5.889157737128,-22.96370092045));
#1212 = CARTESIAN_POINT('',(-5.939160227908,-22.96622084641));
#1213 = CARTESIAN_POINT('',(-5.988830071917,-22.96843800006));
#1214 = CARTESIAN_POINT('',(-6.038213355763,-22.97033798861));
#1215 = CARTESIAN_POINT('',(-6.087356109915,-22.9719089574));
#1216 = CARTESIAN_POINT('',(-6.136304567865,-22.9731414532));
#1217 = CARTESIAN_POINT('',(-6.185105441661,-22.97402829911));
#1218 = CARTESIAN_POINT('',(-6.233806122592,-22.97456448433));
#1219 = CARTESIAN_POINT('',(-6.282455164544,-22.97474707176));
#1220 = CARTESIAN_POINT('',(-6.331101740457,-22.97457512811));
#1221 = CARTESIAN_POINT('',(-6.37979528922,-22.97404959932));
#1222 = CARTESIAN_POINT('',(-6.428584606375,-22.97317342624));
#1223 = CARTESIAN_POINT('',(-6.477517273667,-22.97195161278));
#1224 = CARTESIAN_POINT('',(-6.5266402431,-22.97039131158));
#1225 = CARTESIAN_POINT('',(-6.576000079904,-22.96850192947));
#1226 = CARTESIAN_POINT('',(-6.625643270349,-22.96629524815));
#1227 = CARTESIAN_POINT('',(-6.675616492823,-22.9637855575));
#1228 = CARTESIAN_POINT('',(-6.725966884623,-22.96098979836));
#1229 = CARTESIAN_POINT('',(-6.776742314058,-22.9579277112));
#1230 = CARTESIAN_POINT('',(-6.827991631968,-22.95462199017));
#1231 = CARTESIAN_POINT('',(-6.87976504995,-22.95109842926));
#1232 = CARTESIAN_POINT('',(-6.932114145136,-22.94738609621));
#1233 = CARTESIAN_POINT('',(-6.98509341907,-22.94351738609));
#1234 = CARTESIAN_POINT('',(-7.038756287025,-22.9395284931));
#1235 = CARTESIAN_POINT('',(-7.093172164111,-22.93545827571));
#1236 = CARTESIAN_POINT('',(-7.148365218666,-22.93135305813));
#1237 = CARTESIAN_POINT('',(-7.204545968969,-22.92724920218));
#1238 = CARTESIAN_POINT('',(-7.262310581169,-22.92316241788));
#1239 = CARTESIAN_POINT('',(-7.321287104304,-22.91918514735));
#1240 = CARTESIAN_POINT('',(-7.381349986807,-22.91539413865));
#1241 = CARTESIAN_POINT('',(-7.422007506618,-22.91304340554));
#1242 = CARTESIAN_POINT('',(-7.442464787157,-22.91192520792));
#1243 = ( GEOMETRIC_REPRESENTATION_CONTEXT(2) 
PARAMETRIC_REPRESENTATION_CONTEXT() REPRESENTATION_CONTEXT('2D SPACE',''
  ) );
#1244 = PCURVE('',#1059,#1245);
#1245 = DEFINITIONAL_REPRESENTATION('',(#1246),#1294);
#1246 = B_SPLINE_CURVE_WITH_KNOTS('',3,(#1247,#1248,#1249,#1250,#1251,
    #1252,#1253,#1254,#1255,#1256,#1257,#1258,#1259,#1260,#1261,#1262,
    #1263,#1264,#1265,#1266,#1267,#1268,#1269,#1270,#1271,#1272,#1273,
    #1274,#1275,#1276,#1277,#1278,#1279,#1280,#1281,#1282,#1283,#1284,
    #1285,#1286,#1287,#1288,#1289,#1290,#1291,#1292,#1293),
  .UNSPECIFIED.,.F.,.F.,(4,1,1,1,1,1,1,1,1,1,1,1,1,1,1,1,1,1,1,1,1,1,1,1
    ,1,1,1,1,1,1,1,1,1,1,1,1,1,1,1,1,1,1,1,1,4),(0.806139614698,
    0.814945439553,0.823751264407,0.832557089262,0.841362914116,
    0.85016873897,0.858974563825,0.867780388679,0.876586213534,
    0.885392038388,0.894197863242,0.903003688097,0.911809512951,
    0.920615337805,0.92942116266,0.938226987514,0.947032812369,
    0.955838637223,0.964644462077,0.973450286932,0.982256111786,
    0.99106193664,0.999867761495,1.008673586349,1.017479411204,
    1.026285236058,1.035091060912,1.043896885767,1.052702710621,
    1.061508535476,1.07031436033,1.079120185184,1.087926010039,
    1.096731834893,1.105537659747,1.114343484602,1.123149309456,
    1.131955134311,1.140760959165,1.149566784019,1.158372608874,
    1.167178433728,1.175984258582,1.184790083437,1.193595908291),
  .QUASI_UNIFORM_KNOTS.);
#1247 = CARTESIAN_POINT('',(-1.531050764655,-26.82522751854));
#1248 = CARTESIAN_POINT('',(-1.529193229826,-26.83745252131));
#1249 = CARTESIAN_POINT('',(-1.525553974987,-26.86346708184));
#1250 = CARTESIAN_POINT('',(-1.520347764937,-26.90662478122));
#1251 = CARTESIAN_POINT('',(-1.515416600478,-26.95343404435));
#1252 = CARTESIAN_POINT('',(-1.510792845272,-27.00315328592));
#1253 = CARTESIAN_POINT('',(-1.506437344438,-27.05580346544));
#1254 = CARTESIAN_POINT('',(-1.502344850601,-27.11116977258));
#1255 = CARTESIAN_POINT('',(-1.498515225573,-27.16897743974));
#1256 = CARTESIAN_POINT('',(-1.494946549591,-27.22899119361));
#1257 = CARTESIAN_POINT('',(-1.491637057164,-27.29098671754));
#1258 = CARTESIAN_POINT('',(-1.48858470006,-27.35475656163));
#1259 = CARTESIAN_POINT('',(-1.4857873391,-27.42010696084));
#1260 = CARTESIAN_POINT('',(-1.483242761236,-27.48685721257));
#1261 = CARTESIAN_POINT('',(-1.48094873798,-27.55483847707));
#1262 = CARTESIAN_POINT('',(-1.478903068052,-27.62389282604));
#1263 = CARTESIAN_POINT('',(-1.477103620295,-27.69387230357));
#1264 = CARTESIAN_POINT('',(-1.475548373314,-27.76463804785));
#1265 = CARTESIAN_POINT('',(-1.474235453515,-27.83605944514));
#1266 = CARTESIAN_POINT('',(-1.473163171841,-27.90801331132));
#1267 = CARTESIAN_POINT('',(-1.472330059816,-27.98038307799));
#1268 = CARTESIAN_POINT('',(-1.471734905671,-28.05305800969));
#1269 = CARTESIAN_POINT('',(-1.471376790236,-28.12593229857));
#1270 = CARTESIAN_POINT('',(-1.471255126627,-28.19890455436));
#1271 = CARTESIAN_POINT('',(-1.471369691377,-28.27187570176));
#1272 = CARTESIAN_POINT('',(-1.471720649083,-28.34474712028));
#1273 = CARTESIAN_POINT('',(-1.472308537021,-28.4174179314));
#1274 = CARTESIAN_POINT('',(-1.473134221242,-28.48978287086));
#1275 = CARTESIAN_POINT('',(-1.47419886812,-28.56173191833));
#1276 = CARTESIAN_POINT('',(-1.475503911479,-28.63314943281));
#1277 = CARTESIAN_POINT('',(-1.477051020216,-28.70391338982));
#1278 = CARTESIAN_POINT('',(-1.478842064766,-28.77389455459));
#1279 = CARTESIAN_POINT('',(-1.480879082275,-28.84295562631));
#1280 = CARTESIAN_POINT('',(-1.483164240804,-28.91095034689));
#1281 = CARTESIAN_POINT('',(-1.485699799608,-28.97772253364));
#1282 = CARTESIAN_POINT('',(-1.488488075154,-29.04310517229));
#1283 = CARTESIAN_POINT('',(-1.491531375295,-29.10691903373));
#1284 = CARTESIAN_POINT('',(-1.494832040461,-29.16897279195));
#1285 = CARTESIAN_POINT('',(-1.498392072051,-29.22905723842));
#1286 = CARTESIAN_POINT('',(-1.502214286601,-29.28696120206));
#1287 = CARTESIAN_POINT('',(-1.506297759255,-29.34240611101));
#1288 = CARTESIAN_POINT('',(-1.510654561902,-29.39528381014));
#1289 = CARTESIAN_POINT('',(-1.515331047903,-29.44572323126));
#1290 = CARTESIAN_POINT('',(-1.520295912238,-29.4929266622));
#1291 = CARTESIAN_POINT('',(-1.525531958363,-29.53637464989));
#1292 = CARTESIAN_POINT('',(-1.529186436119,-29.56250260068));
#1293 = CARTESIAN_POINT('',(-1.531050764142,-29.57477289923));
#1294 = ( GEOMETRIC_REPRESENTATION_CONTEXT(2) 
PARAMETRIC_REPRESENTATION_CONTEXT() REPRESENTATION_CONTEXT('2D SPACE',''
  ) );
#1295 = ORIENTED_EDGE('',*,*,#1296,.T.);
#1296 = EDGE_CURVE('',#1163,#369,#1297,.T.);
#1297 = SURFACE_CURVE('',#1298,(#1302,#1308),.PCURVE_S1.);
#1298 = LINE('',#1299,#1300);
#1299 = CARTESIAN_POINT('',(0.6,38.,5.574772708487));
#1300 = VECTOR('',#1301,1.);
#1301 = DIRECTION('',(-0.,1.,-0.));
#1302 = PCURVE('',#477,#1303);
#1303 = DEFINITIONAL_REPRESENTATION('',(#1304),#1307);
#1304 = B_SPLINE_CURVE_WITH_KNOTS('',1,(#1305,#1306),.UNSPECIFIED.,.F.,
  .F.,(2,2),(-22.91192523878,-19.00947604724),.PIECEWISE_BEZIER_KNOTS.);
#1305 = CARTESIAN_POINT('',(-7.442464787907,-22.91192523878));
#1306 = CARTESIAN_POINT('',(-7.442464787907,-19.00947604724));
#1307 = ( GEOMETRIC_REPRESENTATION_CONTEXT(2) 
PARAMETRIC_REPRESENTATION_CONTEXT() REPRESENTATION_CONTEXT('2D SPACE',''
  ) );
#1308 = PCURVE('',#383,#1309);
#1309 = DEFINITIONAL_REPRESENTATION('',(#1310),#1313);
#1310 = B_SPLINE_CURVE_WITH_KNOTS('',1,(#1311,#1312),.UNSPECIFIED.,.F.,
  .F.,(2,2),(-23.30217015793,-18.61923112809),.PIECEWISE_BEZIER_KNOTS.);
#1311 = CARTESIAN_POINT('',(14.574772708487,-24.19782984206));
#1312 = CARTESIAN_POINT('',(14.574772708487,-28.8807688719));
#1313 = ( GEOMETRIC_REPRESENTATION_CONTEXT(2) 
PARAMETRIC_REPRESENTATION_CONTEXT() REPRESENTATION_CONTEXT('2D SPACE',''
  ) );
#1314 = ORIENTED_EDGE('',*,*,#394,.F.);
#1315 = ORIENTED_EDGE('',*,*,#1117,.F.);
#1316 = ADVANCED_FACE('',(#1317),#383,.F.);
#1317 = FACE_BOUND('',#1318,.F.);
#1318 = EDGE_LOOP('',(#1319,#1342,#1361,#1362));
#1319 = ORIENTED_EDGE('',*,*,#1320,.F.);
#1320 = EDGE_CURVE('',#1321,#336,#1323,.T.);
#1321 = VERTEX_POINT('',#1322);
#1322 = CARTESIAN_POINT('',(0.6,15.088074761215,7.));
#1323 = SURFACE_CURVE('',#1324,(#1328,#1335),.PCURVE_S1.);
#1324 = LINE('',#1325,#1326);
#1325 = CARTESIAN_POINT('',(0.6,-9.5,7.));
#1326 = VECTOR('',#1327,1.);
#1327 = DIRECTION('',(0.,1.,0.));
#1328 = PCURVE('',#383,#1329);
#1329 = DEFINITIONAL_REPRESENTATION('',(#1330),#1334);
#1330 = LINE('',#1331,#1332);
#1331 = CARTESIAN_POINT('',(16.,0.));
#1332 = VECTOR('',#1333,1.);
#1333 = DIRECTION('',(0.,-1.));
#1334 = ( GEOMETRIC_REPRESENTATION_CONTEXT(2) 
PARAMETRIC_REPRESENTATION_CONTEXT() REPRESENTATION_CONTEXT('2D SPACE',''
  ) );
#1335 = PCURVE('',#352,#1336);
#1336 = DEFINITIONAL_REPRESENTATION('',(#1337),#1341);
#1337 = LINE('',#1338,#1339);
#1338 = CARTESIAN_POINT('',(1.2,0.));
#1339 = VECTOR('',#1340,1.);
#1340 = DIRECTION('',(0.,1.));
#1341 = ( GEOMETRIC_REPRESENTATION_CONTEXT(2) 
PARAMETRIC_REPRESENTATION_CONTEXT() REPRESENTATION_CONTEXT('2D SPACE',''
  ) );
#1342 = ORIENTED_EDGE('',*,*,#1343,.T.);
#1343 = EDGE_CURVE('',#1321,#1163,#1344,.T.);
#1344 = SURFACE_CURVE('',#1345,(#1349,#1355),.PCURVE_S1.);
#1345 = LINE('',#1346,#1347);
#1346 = CARTESIAN_POINT('',(0.6,15.088074761215,-24.0000002));
#1347 = VECTOR('',#1348,1.);
#1348 = DIRECTION('',(-0.,-0.,-1.));
#1349 = PCURVE('',#383,#1350);
#1350 = DEFINITIONAL_REPRESENTATION('',(#1351),#1354);
#1351 = B_SPLINE_CURVE_WITH_KNOTS('',1,(#1352,#1353),.UNSPECIFIED.,.F.,
  .F.,(2,2),(-32.6000002,-23.9999996),.PIECEWISE_BEZIER_KNOTS.);
#1352 = CARTESIAN_POINT('',(17.6,-24.58807476121));
#1353 = CARTESIAN_POINT('',(8.9999994,-24.58807476121));
#1354 = ( GEOMETRIC_REPRESENTATION_CONTEXT(2) 
PARAMETRIC_REPRESENTATION_CONTEXT() REPRESENTATION_CONTEXT('2D SPACE',''
  ) );
#1355 = PCURVE('',#1059,#1356);
#1356 = DEFINITIONAL_REPRESENTATION('',(#1357),#1360);
#1357 = B_SPLINE_CURVE_WITH_KNOTS('',1,(#1358,#1359),.UNSPECIFIED.,.F.,
  .F.,(2,2),(-32.6000002,-23.9999996),.PIECEWISE_BEZIER_KNOTS.);
#1358 = CARTESIAN_POINT('',(-1.531050763875,-32.6000002));
#1359 = CARTESIAN_POINT('',(-1.531050763875,-23.9999996));
#1360 = ( GEOMETRIC_REPRESENTATION_CONTEXT(2) 
PARAMETRIC_REPRESENTATION_CONTEXT() REPRESENTATION_CONTEXT('2D SPACE',''
  ) );
#1361 = ORIENTED_EDGE('',*,*,#1296,.T.);
#1362 = ORIENTED_EDGE('',*,*,#368,.F.);
#1363 = ADVANCED_FACE('',(#1364),#352,.F.);
#1364 = FACE_BOUND('',#1365,.F.);
#1365 = EDGE_LOOP('',(#1366,#1389,#1415,#1416));
#1366 = ORIENTED_EDGE('',*,*,#1367,.F.);
#1367 = EDGE_CURVE('',#1368,#310,#1370,.T.);
#1368 = VERTEX_POINT('',#1369);
#1369 = CARTESIAN_POINT('',(-0.6,15.088074761215,7.));
#1370 = SURFACE_CURVE('',#1371,(#1375,#1382),.PCURVE_S1.);
#1371 = LINE('',#1372,#1373);
#1372 = CARTESIAN_POINT('',(-0.6,-9.5,7.));
#1373 = VECTOR('',#1374,1.);
#1374 = DIRECTION('',(0.,1.,0.));
#1375 = PCURVE('',#352,#1376);
#1376 = DEFINITIONAL_REPRESENTATION('',(#1377),#1381);
#1377 = LINE('',#1378,#1379);
#1378 = CARTESIAN_POINT('',(0.,0.));
#1379 = VECTOR('',#1380,1.);
#1380 = DIRECTION('',(0.,1.));
#1381 = ( GEOMETRIC_REPRESENTATION_CONTEXT(2) 
PARAMETRIC_REPRESENTATION_CONTEXT() REPRESENTATION_CONTEXT('2D SPACE',''
  ) );
#1382 = PCURVE('',#324,#1383);
#1383 = DEFINITIONAL_REPRESENTATION('',(#1384),#1388);
#1384 = LINE('',#1385,#1386);
#1385 = CARTESIAN_POINT('',(16.,0.));
#1386 = VECTOR('',#1387,1.);
#1387 = DIRECTION('',(0.,-1.));
#1388 = ( GEOMETRIC_REPRESENTATION_CONTEXT(2) 
PARAMETRIC_REPRESENTATION_CONTEXT() REPRESENTATION_CONTEXT('2D SPACE',''
  ) );
#1389 = ORIENTED_EDGE('',*,*,#1390,.T.);
#1390 = EDGE_CURVE('',#1368,#1321,#1391,.T.);
#1391 = SURFACE_CURVE('',#1392,(#1397,#1408),.PCURVE_S1.);
#1392 = CIRCLE('',#1393,15.1);
#1393 = AXIS2_PLACEMENT_3D('',#1394,#1395,#1396);
#1394 = CARTESIAN_POINT('',(0.,0.,7.));
#1395 = DIRECTION('',(0.,0.,-1.));
#1396 = DIRECTION('',(1.,0.,0.));
#1397 = PCURVE('',#352,#1398);
#1398 = DEFINITIONAL_REPRESENTATION('',(#1399),#1407);
#1399 = ( BOUNDED_CURVE() B_SPLINE_CURVE(2,(#1400,#1401,#1402,#1403,
#1404,#1405,#1406),.UNSPECIFIED.,.T.,.F.) B_SPLINE_CURVE_WITH_KNOTS((1,2
    ,2,2,2,1),(-2.094395102393,0.,2.094395102393,4.188790204786,
6.28318530718,8.377580409573),.UNSPECIFIED.) CURVE() 
GEOMETRIC_REPRESENTATION_ITEM() RATIONAL_B_SPLINE_CURVE((1.,0.5,1.,0.5,
1.,0.5,1.)) REPRESENTATION_ITEM('') );
#1400 = CARTESIAN_POINT('',(15.7,9.5));
#1401 = CARTESIAN_POINT('',(15.7,-16.65396719429));
#1402 = CARTESIAN_POINT('',(-6.95,-3.576983597145));
#1403 = CARTESIAN_POINT('',(-29.6,9.5));
#1404 = CARTESIAN_POINT('',(-6.95,22.576983597145));
#1405 = CARTESIAN_POINT('',(15.7,35.65396719429));
#1406 = CARTESIAN_POINT('',(15.7,9.5));
#1407 = ( GEOMETRIC_REPRESENTATION_CONTEXT(2) 
PARAMETRIC_REPRESENTATION_CONTEXT() REPRESENTATION_CONTEXT('2D SPACE',''
  ) );
#1408 = PCURVE('',#1059,#1409);
#1409 = DEFINITIONAL_REPRESENTATION('',(#1410),#1414);
#1410 = LINE('',#1411,#1412);
#1411 = CARTESIAN_POINT('',(-6.28318530718,-31.0000002));
#1412 = VECTOR('',#1413,1.);
#1413 = DIRECTION('',(1.,-0.));
#1414 = ( GEOMETRIC_REPRESENTATION_CONTEXT(2) 
PARAMETRIC_REPRESENTATION_CONTEXT() REPRESENTATION_CONTEXT('2D SPACE',''
  ) );
#1415 = ORIENTED_EDGE('',*,*,#1320,.T.);
#1416 = ORIENTED_EDGE('',*,*,#335,.F.);
#1417 = ADVANCED_FACE('',(#1418),#324,.T.);
#1418 = FACE_BOUND('',#1419,.T.);
#1419 = EDGE_LOOP('',(#1420,#1421,#1442,#1461));
#1420 = ORIENTED_EDGE('',*,*,#1367,.F.);
#1421 = ORIENTED_EDGE('',*,*,#1422,.T.);
#1422 = EDGE_CURVE('',#1368,#1423,#1425,.T.);
#1423 = VERTEX_POINT('',#1424);
#1424 = CARTESIAN_POINT('',(-0.6,15.088074761215,5.574772708487));
#1425 = SURFACE_CURVE('',#1426,(#1430,#1436),.PCURVE_S1.);
#1426 = LINE('',#1427,#1428);
#1427 = CARTESIAN_POINT('',(-0.6,15.088074761215,-24.0000002));
#1428 = VECTOR('',#1429,1.);
#1429 = DIRECTION('',(-0.,-0.,-1.));
#1430 = PCURVE('',#324,#1431);
#1431 = DEFINITIONAL_REPRESENTATION('',(#1432),#1435);
#1432 = B_SPLINE_CURVE_WITH_KNOTS('',1,(#1433,#1434),.UNSPECIFIED.,.F.,
  .F.,(2,2),(-32.6000002,-23.9999996),.PIECEWISE_BEZIER_KNOTS.);
#1433 = CARTESIAN_POINT('',(17.6,-24.58807476121));
#1434 = CARTESIAN_POINT('',(8.9999994,-24.58807476121));
#1435 = ( GEOMETRIC_REPRESENTATION_CONTEXT(2) 
PARAMETRIC_REPRESENTATION_CONTEXT() REPRESENTATION_CONTEXT('2D SPACE',''
  ) );
#1436 = PCURVE('',#1059,#1437);
#1437 = DEFINITIONAL_REPRESENTATION('',(#1438),#1441);
#1438 = B_SPLINE_CURVE_WITH_KNOTS('',1,(#1439,#1440),.UNSPECIFIED.,.F.,
  .F.,(2,2),(-32.6000002,-23.9999996),.PIECEWISE_BEZIER_KNOTS.);
#1439 = CARTESIAN_POINT('',(-1.610541889715,-32.6000002));
#1440 = CARTESIAN_POINT('',(-1.610541889715,-23.9999996));
#1441 = ( GEOMETRIC_REPRESENTATION_CONTEXT(2) 
PARAMETRIC_REPRESENTATION_CONTEXT() REPRESENTATION_CONTEXT('2D SPACE',''
  ) );
#1442 = ORIENTED_EDGE('',*,*,#1443,.T.);
#1443 = EDGE_CURVE('',#1423,#159,#1444,.T.);
#1444 = SURFACE_CURVE('',#1445,(#1449,#1455),.PCURVE_S1.);
#1445 = LINE('',#1446,#1447);
#1446 = CARTESIAN_POINT('',(-0.6,38.,5.574772708487));
#1447 = VECTOR('',#1448,1.);
#1448 = DIRECTION('',(-0.,1.,-0.));
#1449 = PCURVE('',#324,#1450);
#1450 = DEFINITIONAL_REPRESENTATION('',(#1451),#1454);
#1451 = B_SPLINE_CURVE_WITH_KNOTS('',1,(#1452,#1453),.UNSPECIFIED.,.F.,
  .F.,(2,2),(-23.30217015793,-18.61923112809),.PIECEWISE_BEZIER_KNOTS.);
#1452 = CARTESIAN_POINT('',(14.574772708487,-24.19782984206));
#1453 = CARTESIAN_POINT('',(14.574772708487,-28.8807688719));
#1454 = ( GEOMETRIC_REPRESENTATION_CONTEXT(2) 
PARAMETRIC_REPRESENTATION_CONTEXT() REPRESENTATION_CONTEXT('2D SPACE',''
  ) );
#1455 = PCURVE('',#256,#1456);
#1456 = DEFINITIONAL_REPRESENTATION('',(#1457),#1460);
#1457 = B_SPLINE_CURVE_WITH_KNOTS('',1,(#1458,#1459),.UNSPECIFIED.,.F.,
  .F.,(2,2),(-23.30217015793,-18.61923112809),.PIECEWISE_BEZIER_KNOTS.);
#1458 = CARTESIAN_POINT('',(-1.982313172862,-23.30217015793));
#1459 = CARTESIAN_POINT('',(-1.982313172862,-18.61923112809));
#1460 = ( GEOMETRIC_REPRESENTATION_CONTEXT(2) 
PARAMETRIC_REPRESENTATION_CONTEXT() REPRESENTATION_CONTEXT('2D SPACE',''
  ) );
#1461 = ORIENTED_EDGE('',*,*,#309,.F.);
#1462 = ADVANCED_FACE('',(#1463),#256,.F.);
#1463 = FACE_BOUND('',#1464,.T.);
#1464 = EDGE_LOOP('',(#1465,#1466,#1467,#1613));
#1465 = ORIENTED_EDGE('',*,*,#158,.F.);
#1466 = ORIENTED_EDGE('',*,*,#1443,.F.);
#1467 = ORIENTED_EDGE('',*,*,#1468,.T.);
#1468 = EDGE_CURVE('',#1423,#1469,#1471,.T.);
#1469 = VERTEX_POINT('',#1470);
#1470 = CARTESIAN_POINT('',(-0.6,15.088074761215,2.825227291513));
#1471 = SURFACE_CURVE('',#1472,(#1517,#1565),.PCURVE_S1.);
#1472 = B_SPLINE_CURVE_WITH_KNOTS('',7,(#1473,#1474,#1475,#1476,#1477,
    #1478,#1479,#1480,#1481,#1482,#1483,#1484,#1485,#1486,#1487,#1488,
    #1489,#1490,#1491,#1492,#1493,#1494,#1495,#1496,#1497,#1498,#1499,
    #1500,#1501,#1502,#1503,#1504,#1505,#1506,#1507,#1508,#1509,#1510,
    #1511,#1512,#1513,#1514,#1515,#1516),.UNSPECIFIED.,.T.,.F.,(8,6,6,6,
    6,6,6,8),(0.,0.152023131939,0.285981769228,0.422479313327,
    0.587692797633,0.713900773232,0.838378871831,1.),.UNSPECIFIED.);
#1473 = CARTESIAN_POINT('',(1.5,15.025311976794,4.2));
#1474 = CARTESIAN_POINT('',(1.5,15.025311976794,4.379734177029));
#1475 = CARTESIAN_POINT('',(1.474875230935,15.027820108493,
    4.559443849969));
#1476 = CARTESIAN_POINT('',(1.42463192585,15.032836558832,4.736775997079
    ));
#1477 = CARTESIAN_POINT('',(1.348625708992,15.040155550165,
    4.909098761506));
#1478 = CARTESIAN_POINT('',(1.245856653276,15.049348972566,
    5.073067290375));
#1479 = CARTESIAN_POINT('',(1.115213876351,15.059605096299,
    5.224169187113));
#1480 = CARTESIAN_POINT('',(0.815960885435,15.07859197641,5.471732791246
    ));
#1481 = CARTESIAN_POINT('',(0.649189929259,15.087645015353,
    5.576290524903));
#1482 = CARTESIAN_POINT('',(0.459209801364,15.095609218723,
    5.657887960941));
#1483 = CARTESIAN_POINT('',(0.252864726009,15.100919273145,
    5.708608620656));
#1484 = CARTESIAN_POINT('',(3.915370634913E-02,15.10246185613,
    5.724233078032));
#1485 = CARTESIAN_POINT('',(-0.172348094243,15.100350853396,
    5.704402337732));
#1486 = CARTESIAN_POINT('',(-0.577525166127,15.090338184279,
    5.60037054745));
#1487 = CARTESIAN_POINT('',(-0.764098357656,15.082493726175,
    5.51667502529));
#1488 = CARTESIAN_POINT('',(-0.929338681267,15.072958711077,
    5.408516799416));
#1489 = CARTESIAN_POINT('',(-1.071554335284,15.062977234665,
    5.28167019758));
#1490 = CARTESIAN_POINT('',(-1.190050700666,15.053559659091,
    5.141338664713));
#1491 = CARTESIAN_POINT('',(-1.284971090263,15.045401779802,
    4.992249417892));
#1492 = CARTESIAN_POINT('',(-1.444713903383,15.030985185304,
    4.652778660129));
#1493 = CARTESIAN_POINT('',(-1.500507180882,15.025351512067,
    4.457115440414));
#1494 = CARTESIAN_POINT('',(-1.525490068764,15.022678771547,
    4.256081930199));
#1495 = CARTESIAN_POINT('',(-1.51968218154,15.023289412468,
    4.053312026382));
#1496 = CARTESIAN_POINT('',(-1.48272048733,15.027197673831,
    3.852729706715));
#1497 = CARTESIAN_POINT('',(-1.414268843059,15.033957612859,
    3.658921063891));
#1498 = CARTESIAN_POINT('',(-1.238215217472,15.049341538189,
    3.338680707788));
#1499 = CARTESIAN_POINT('',(-1.142367939112,15.057262521607,
    3.204773914796));
#1500 = CARTESIAN_POINT('',(-1.026302751773,15.066076528912,
    3.079363534896));
#1501 = CARTESIAN_POINT('',(-0.890102534999,15.075173202275,
    2.966441256312));
#1502 = CARTESIAN_POINT('',(-0.734557769646,15.083717762404,
    2.870273056274));
#1503 = CARTESIAN_POINT('',(-0.561259658427,15.090740134828,
    2.795453179993));
#1504 = CARTESIAN_POINT('',(-0.187389917676,15.099979142331,
    2.699459746106));
#1505 = CARTESIAN_POINT('',(8.195183730913E-03,15.102146588338,
    2.678740843938));
#1506 = CARTESIAN_POINT('',(0.206633837454,15.101212884655,
    2.688412368069));
#1507 = CARTESIAN_POINT('',(0.399948270525,15.097021426594,2.72858434249
    ));
#1508 = CARTESIAN_POINT('',(0.580543129122,15.090341816512,2.79621784271
    ));
#1509 = CARTESIAN_POINT('',(0.742306086454,15.082389486451,
    2.885214974356));
#1510 = CARTESIAN_POINT('',(1.062636830326,15.063653644871,
    3.117948882807));
#1511 = CARTESIAN_POINT('',(1.211407454865,15.05240881453,3.274136470654
    ));
#1512 = CARTESIAN_POINT('',(1.328274142072,15.042110139143,
    3.446333553299));
#1513 = CARTESIAN_POINT('',(1.4145767583,15.033840962359,3.628820669077)
  );
#1514 = CARTESIAN_POINT('',(1.471527035403,15.028154216935,
    3.817323757374));
#1515 = CARTESIAN_POINT('',(1.5,15.025311976794,4.008668958212));
#1516 = CARTESIAN_POINT('',(1.5,15.025311976794,4.2));
#1517 = PCURVE('',#256,#1518);
#1518 = DEFINITIONAL_REPRESENTATION('',(#1519),#1564);
#1519 = B_SPLINE_CURVE_WITH_KNOTS('',7,(#1520,#1521,#1522,#1523,#1524,
    #1525,#1526,#1527,#1528,#1529,#1530,#1531,#1532,#1533,#1534,#1535,
    #1536,#1537,#1538,#1539,#1540,#1541,#1542,#1543,#1544,#1545,#1546,
    #1547,#1548,#1549,#1550,#1551,#1552,#1553,#1554,#1555,#1556,#1557,
    #1558,#1559,#1560,#1561,#1562,#1563),.UNSPECIFIED.,.F.,.F.,(8,6,6,6,
    6,6,6,8),(0.,0.152023131939,0.285981769228,0.422479313327,
    0.587692797633,0.713900773232,0.838378871831,1.),.UNSPECIFIED.);
#1520 = CARTESIAN_POINT('',(0.,-22.9746880232));
#1521 = CARTESIAN_POINT('',(-0.119822784686,-22.9746880232));
#1522 = CARTESIAN_POINT('',(-0.239628597714,-22.9721798915));
#1523 = CARTESIAN_POINT('',(-0.360662857226,-22.96716344116));
#1524 = CARTESIAN_POINT('',(-0.483965356388,-22.95984444983));
#1525 = CARTESIAN_POINT('',(-0.610688703043,-22.95065102743));
#1526 = CARTESIAN_POINT('',(-0.74200790912,-22.9403949037));
#1527 = CARTESIAN_POINT('',(-1.000928824256,-22.92140802359));
#1528 = CARTESIAN_POINT('',(-1.131027936675,-22.91235498464));
#1529 = CARTESIAN_POINT('',(-1.26619754564,-22.90439078127));
#1530 = CARTESIAN_POINT('',(-1.404418093771,-22.89908072685));
#1531 = CARTESIAN_POINT('',(-1.544134608987,-22.89753814387));
#1532 = CARTESIAN_POINT('',(-1.683992948626,-22.8996491466));
#1533 = CARTESIAN_POINT('',(-1.962872510818,-22.90966181572));
#1534 = CARTESIAN_POINT('',(-2.097223797836,-22.91750627382));
#1535 = CARTESIAN_POINT('',(-2.226404941104,-22.92704128892));
#1536 = CARTESIAN_POINT('',(-2.351081329982,-22.93702276533));
#1537 = CARTESIAN_POINT('',(-2.471737179132,-22.9464403409));
#1538 = CARTESIAN_POINT('',(-2.588613265344,-22.95459822019));
#1539 = CARTESIAN_POINT('',(-2.838731603309,-22.96901481469));
#1540 = CARTESIAN_POINT('',(-2.97259672781,-22.97464848793));
#1541 = CARTESIAN_POINT('',(-3.105148435282,-22.97732122845));
#1542 = CARTESIAN_POINT('',(-3.237562455231,-22.97671058753));
#1543 = CARTESIAN_POINT('',(-3.370920927535,-22.97280232616));
#1544 = CARTESIAN_POINT('',(-3.506128728052,-22.96604238714));
#1545 = CARTESIAN_POINT('',(-3.749757557544,-22.95065846181));
#1546 = CARTESIAN_POINT('',(-3.858769337704,-22.94273747839));
#1547 = CARTESIAN_POINT('',(-3.971231416148,-22.93392347108));
#1548 = CARTESIAN_POINT('',(-4.087268680414,-22.92482679772));
#1549 = CARTESIAN_POINT('',(-4.207200772416,-22.91628223759));
#1550 = CARTESIAN_POINT('',(-4.331508192105,-22.90925986517));
#1551 = CARTESIAN_POINT('',(-4.588839213164,-22.90002085766));
#1552 = CARTESIAN_POINT('',(-4.718567287243,-22.89785341166));
#1553 = CARTESIAN_POINT('',(-4.848510462747,-22.89878711534));
#1554 = CARTESIAN_POINT('',(-4.977362074521,-22.9029785734));
#1555 = CARTESIAN_POINT('',(-5.103738110732,-22.90965818348));
#1556 = CARTESIAN_POINT('',(-5.22585883841,-22.91761051354));
#1557 = CARTESIAN_POINT('',(-5.489825888216,-22.93634635512));
#1558 = CARTESIAN_POINT('',(-5.631269020328,-22.94759118547));
#1559 = CARTESIAN_POINT('',(-5.767184984452,-22.95788986085));
#1560 = CARTESIAN_POINT('',(-5.899006667121,-22.96615903764));
#1561 = CARTESIAN_POINT('',(-6.028068540232,-22.97184578306));
#1562 = CARTESIAN_POINT('',(-6.155631279321,-22.9746880232));
#1563 = CARTESIAN_POINT('',(-6.28318530718,-22.9746880232));
#1564 = ( GEOMETRIC_REPRESENTATION_CONTEXT(2) 
PARAMETRIC_REPRESENTATION_CONTEXT() REPRESENTATION_CONTEXT('2D SPACE',''
  ) );
#1565 = PCURVE('',#1059,#1566);
#1566 = DEFINITIONAL_REPRESENTATION('',(#1567),#1612);
#1567 = B_SPLINE_CURVE_WITH_KNOTS('',7,(#1568,#1569,#1570,#1571,#1572,
    #1573,#1574,#1575,#1576,#1577,#1578,#1579,#1580,#1581,#1582,#1583,
    #1584,#1585,#1586,#1587,#1588,#1589,#1590,#1591,#1592,#1593,#1594,
    #1595,#1596,#1597,#1598,#1599,#1600,#1601,#1602,#1603,#1604,#1605,
    #1606,#1607,#1608,#1609,#1610,#1611),.UNSPECIFIED.,.T.,.F.,(8,6,6,6,
    6,6,6,8),(0.,0.152023131939,0.285981769228,0.422479313327,
    0.587692797633,0.713900773232,0.838378871831,1.),.UNSPECIFIED.);
#1568 = CARTESIAN_POINT('',(-1.471294471379,-28.2000002));
#1569 = CARTESIAN_POINT('',(-1.471294471379,-28.37973437702));
#1570 = CARTESIAN_POINT('',(-1.472966634083,-28.55944404996));
#1571 = CARTESIAN_POINT('',(-1.476310546452,-28.73677619707));
#1572 = CARTESIAN_POINT('',(-1.481367326701,-28.9090989615));
#1573 = CARTESIAN_POINT('',(-1.488200045286,-29.07306749037));
#1574 = CARTESIAN_POINT('',(-1.496877529919,-29.22416938711));
#1575 = CARTESIAN_POINT('',(-1.516735458515,-29.47173299124));
#1576 = CARTESIAN_POINT('',(-1.527795675172,-29.5762907249));
#1577 = CARTESIAN_POINT('',(-1.540386700222,-29.65788816094));
#1578 = CARTESIAN_POINT('',(-1.554052675848,-29.70860882065));
#1579 = CARTESIAN_POINT('',(-1.568202625242,-29.72423327803));
#1580 = CARTESIAN_POINT('',(-1.582208563937,-29.70440253773));
#1581 = CARTESIAN_POINT('',(-1.609049674448,-29.60037074745));
#1582 = CARTESIAN_POINT('',(-1.621414574732,-29.51667522529));
#1583 = CARTESIAN_POINT('',(-1.6323739802,-29.40851699941));
#1584 = CARTESIAN_POINT('',(-1.641814633057,-29.28167039758));
#1585 = CARTESIAN_POINT('',(-1.649686531773,-29.14133886471));
#1586 = CARTESIAN_POINT('',(-1.655995769518,-28.99224961789));
#1587 = CARTESIAN_POINT('',(-1.666617758518,-28.65277886012));
#1588 = CARTESIAN_POINT('',(-1.670331257144,-28.45711564041));
#1589 = CARTESIAN_POINT('',(-1.671995281664,-28.25608213019));
#1590 = CARTESIAN_POINT('',(-1.671608514311,-28.05331222638));
#1591 = CARTESIAN_POINT('',(-1.669147003508,-27.85272990671));
#1592 = CARTESIAN_POINT('',(-1.664592019958,-27.65892126389));
#1593 = CARTESIAN_POINT('',(-1.652888411559,-27.33868090778));
#1594 = CARTESIAN_POINT('',(-1.6465193398,-27.20477411479));
#1595 = CARTESIAN_POINT('',(-1.638811066196,-27.07936373489));
#1596 = CARTESIAN_POINT('',(-1.629771828405,-26.96644145631));
#1597 = CARTESIAN_POINT('',(-1.619456840548,-26.87027325627));
#1598 = CARTESIAN_POINT('',(-1.607972159653,-26.79545337999));
#1599 = CARTESIAN_POINT('',(-1.583205015299,-26.6994599461));
#1600 = CARTESIAN_POINT('',(-1.570252756673,-26.67874104393));
#1601 = CARTESIAN_POINT('',(-1.557113675215,-26.68841256806));
#1602 = CARTESIAN_POINT('',(-1.54431146526,-26.72858454249));
#1603 = CARTESIAN_POINT('',(-1.532344770726,-26.79621804271));
#1604 = CARTESIAN_POINT('',(-1.521619528662,-26.88521517435));
#1605 = CARTESIAN_POINT('',(-1.500369316948,-27.1179490828));
#1606 = CARTESIAN_POINT('',(-1.49049028722,-27.27413667065));
#1607 = CARTESIAN_POINT('',(-1.482721312842,-27.44633375329));
#1608 = CARTESIAN_POINT('',(-1.476979761018,-27.62882086907));
#1609 = CARTESIAN_POINT('',(-1.473189471296,-27.81732395737));
#1610 = CARTESIAN_POINT('',(-1.471294471379,-28.00866915821));
#1611 = CARTESIAN_POINT('',(-1.471294471379,-28.2000002));
#1612 = ( GEOMETRIC_REPRESENTATION_CONTEXT(2) 
PARAMETRIC_REPRESENTATION_CONTEXT() REPRESENTATION_CONTEXT('2D SPACE',''
  ) );
#1613 = ORIENTED_EDGE('',*,*,#1614,.T.);
#1614 = EDGE_CURVE('',#1469,#133,#1615,.T.);
#1615 = SURFACE_CURVE('',#1616,(#1620,#1626),.PCURVE_S1.);
#1616 = LINE('',#1617,#1618);
#1617 = CARTESIAN_POINT('',(-0.6,38.,2.825227291513));
#1618 = VECTOR('',#1619,1.);
#1619 = DIRECTION('',(-0.,1.,-0.));
#1620 = PCURVE('',#256,#1621);
#1621 = DEFINITIONAL_REPRESENTATION('',(#1622),#1625);
#1622 = B_SPLINE_CURVE_WITH_KNOTS('',1,(#1623,#1624),.UNSPECIFIED.,.F.,
  .F.,(2,2),(-23.30217015793,-18.61923112809),.PIECEWISE_BEZIER_KNOTS.);
#1623 = CARTESIAN_POINT('',(-4.300872134317,-23.30217015793));
#1624 = CARTESIAN_POINT('',(-4.300872134317,-18.61923112809));
#1625 = ( GEOMETRIC_REPRESENTATION_CONTEXT(2) 
PARAMETRIC_REPRESENTATION_CONTEXT() REPRESENTATION_CONTEXT('2D SPACE',''
  ) );
#1626 = PCURVE('',#147,#1627);
#1627 = DEFINITIONAL_REPRESENTATION('',(#1628),#1631);
#1628 = B_SPLINE_CURVE_WITH_KNOTS('',1,(#1629,#1630),.UNSPECIFIED.,.F.,
  .F.,(2,2),(-23.30217015793,-18.61923112809),.PIECEWISE_BEZIER_KNOTS.);
#1629 = CARTESIAN_POINT('',(11.825227291513,-24.19782984206));
#1630 = CARTESIAN_POINT('',(11.825227291513,-28.8807688719));
#1631 = ( GEOMETRIC_REPRESENTATION_CONTEXT(2) 
PARAMETRIC_REPRESENTATION_CONTEXT() REPRESENTATION_CONTEXT('2D SPACE',''
  ) );
#1632 = ADVANCED_FACE('',(#1633),#147,.T.);
#1633 = FACE_BOUND('',#1634,.T.);
#1634 = EDGE_LOOP('',(#1635,#1636,#1655,#1656));
#1635 = ORIENTED_EDGE('',*,*,#1614,.F.);
#1636 = ORIENTED_EDGE('',*,*,#1637,.T.);
#1637 = EDGE_CURVE('',#1469,#1072,#1638,.T.);
#1638 = SURFACE_CURVE('',#1639,(#1643,#1649),.PCURVE_S1.);
#1639 = LINE('',#1640,#1641);
#1640 = CARTESIAN_POINT('',(-0.6,15.088074761215,-24.0000002));
#1641 = VECTOR('',#1642,1.);
#1642 = DIRECTION('',(-0.,-0.,-1.));
#1643 = PCURVE('',#147,#1644);
#1644 = DEFINITIONAL_REPRESENTATION('',(#1645),#1648);
#1645 = B_SPLINE_CURVE_WITH_KNOTS('',1,(#1646,#1647),.UNSPECIFIED.,.F.,
  .F.,(2,2),(-32.6000002,-23.9999996),.PIECEWISE_BEZIER_KNOTS.);
#1646 = CARTESIAN_POINT('',(17.6,-24.58807476121));
#1647 = CARTESIAN_POINT('',(8.9999994,-24.58807476121));
#1648 = ( GEOMETRIC_REPRESENTATION_CONTEXT(2) 
PARAMETRIC_REPRESENTATION_CONTEXT() REPRESENTATION_CONTEXT('2D SPACE',''
  ) );
#1649 = PCURVE('',#1059,#1650);
#1650 = DEFINITIONAL_REPRESENTATION('',(#1651),#1654);
#1651 = B_SPLINE_CURVE_WITH_KNOTS('',1,(#1652,#1653),.UNSPECIFIED.,.F.,
  .F.,(2,2),(-32.6000002,-23.9999996),.PIECEWISE_BEZIER_KNOTS.);
#1652 = CARTESIAN_POINT('',(-1.610541889715,-32.6000002));
#1653 = CARTESIAN_POINT('',(-1.610541889715,-23.9999996));
#1654 = ( GEOMETRIC_REPRESENTATION_CONTEXT(2) 
PARAMETRIC_REPRESENTATION_CONTEXT() REPRESENTATION_CONTEXT('2D SPACE',''
  ) );
#1655 = ORIENTED_EDGE('',*,*,#1095,.T.);
#1656 = ORIENTED_EDGE('',*,*,#132,.F.);
#1657 = ADVANCED_FACE('',(#1658,#1661),#95,.T.);
#1658 = FACE_BOUND('',#1659,.T.);
#1659 = EDGE_LOOP('',(#1660));
#1660 = ORIENTED_EDGE('',*,*,#80,.T.);
#1661 = FACE_BOUND('',#1662,.T.);
#1662 = EDGE_LOOP('',(#1663));
#1663 = ORIENTED_EDGE('',*,*,#1664,.T.);
#1664 = EDGE_CURVE('',#1665,#1665,#1667,.T.);
#1665 = VERTEX_POINT('',#1666);
#1666 = CARTESIAN_POINT('',(15.1,0.,14.));
#1667 = SURFACE_CURVE('',#1668,(#1673,#1684),.PCURVE_S1.);
#1668 = CIRCLE('',#1669,15.1);
#1669 = AXIS2_PLACEMENT_3D('',#1670,#1671,#1672);
#1670 = CARTESIAN_POINT('',(0.,0.,14.));
#1671 = DIRECTION('',(0.,0.,-1.));
#1672 = DIRECTION('',(1.,0.,0.));
#1673 = PCURVE('',#95,#1674);
#1674 = DEFINITIONAL_REPRESENTATION('',(#1675),#1683);
#1675 = ( BOUNDED_CURVE() B_SPLINE_CURVE(2,(#1676,#1677,#1678,#1679,
#1680,#1681,#1682),.UNSPECIFIED.,.T.,.F.) B_SPLINE_CURVE_WITH_KNOTS((1,2
    ,2,2,2,1),(-2.094395102393,0.,2.094395102393,4.188790204786,
6.28318530718,8.377580409573),.UNSPECIFIED.) CURVE() 
GEOMETRIC_REPRESENTATION_ITEM() RATIONAL_B_SPLINE_CURVE((1.,0.5,1.,0.5,
1.,0.5,1.)) REPRESENTATION_ITEM('') );
#1676 = CARTESIAN_POINT('',(15.1,-3.759188932048E-16));
#1677 = CARTESIAN_POINT('',(15.1,-26.15396719429));
#1678 = CARTESIAN_POINT('',(-7.55,-13.07698359714));
#1679 = CARTESIAN_POINT('',(-30.2,-4.07435222663E-15));
#1680 = CARTESIAN_POINT('',(-7.55,13.076983597145));
#1681 = CARTESIAN_POINT('',(15.1,26.15396719429));
#1682 = CARTESIAN_POINT('',(15.1,-3.759188932048E-16));
#1683 = ( GEOMETRIC_REPRESENTATION_CONTEXT(2) 
PARAMETRIC_REPRESENTATION_CONTEXT() REPRESENTATION_CONTEXT('2D SPACE',''
  ) );
#1684 = PCURVE('',#1059,#1685);
#1685 = DEFINITIONAL_REPRESENTATION('',(#1686),#1690);
#1686 = LINE('',#1687,#1688);
#1687 = CARTESIAN_POINT('',(-6.28318530718,-38.0000002));
#1688 = VECTOR('',#1689,1.);
#1689 = DIRECTION('',(1.,-0.));
#1690 = ( GEOMETRIC_REPRESENTATION_CONTEXT(2) 
PARAMETRIC_REPRESENTATION_CONTEXT() REPRESENTATION_CONTEXT('2D SPACE',''
  ) );
#1691 = ADVANCED_FACE('',(#1692),#657,.F.);
#1692 = FACE_BOUND('',#1693,.T.);
#1693 = EDGE_LOOP('',(#1694,#1695,#1718,#1862));
#1694 = ORIENTED_EDGE('',*,*,#559,.F.);
#1695 = ORIENTED_EDGE('',*,*,#1696,.T.);
#1696 = EDGE_CURVE('',#560,#1697,#1699,.T.);
#1697 = VERTEX_POINT('',#1698);
#1698 = CARTESIAN_POINT('',(1.5,15.025311976794,9.8));
#1699 = SEAM_CURVE('',#1700,(#1704,#1711),.PCURVE_S1.);
#1700 = LINE('',#1701,#1702);
#1701 = CARTESIAN_POINT('',(1.5,38.,9.8));
#1702 = VECTOR('',#1703,1.);
#1703 = DIRECTION('',(0.,-1.,0.));
#1704 = PCURVE('',#657,#1705);
#1705 = DEFINITIONAL_REPRESENTATION('',(#1706),#1710);
#1706 = LINE('',#1707,#1708);
#1707 = CARTESIAN_POINT('',(-6.28318530718,0.));
#1708 = VECTOR('',#1709,1.);
#1709 = DIRECTION('',(-0.,-1.));
#1710 = ( GEOMETRIC_REPRESENTATION_CONTEXT(2) 
PARAMETRIC_REPRESENTATION_CONTEXT() REPRESENTATION_CONTEXT('2D SPACE',''
  ) );
#1711 = PCURVE('',#657,#1712);
#1712 = DEFINITIONAL_REPRESENTATION('',(#1713),#1717);
#1713 = LINE('',#1714,#1715);
#1714 = CARTESIAN_POINT('',(-0.,0.));
#1715 = VECTOR('',#1716,1.);
#1716 = DIRECTION('',(-0.,-1.));
#1717 = ( GEOMETRIC_REPRESENTATION_CONTEXT(2) 
PARAMETRIC_REPRESENTATION_CONTEXT() REPRESENTATION_CONTEXT('2D SPACE',''
  ) );
#1718 = ORIENTED_EDGE('',*,*,#1719,.T.);
#1719 = EDGE_CURVE('',#1697,#1697,#1720,.T.);
#1720 = SURFACE_CURVE('',#1721,(#1766,#1814),.PCURVE_S1.);
#1721 = B_SPLINE_CURVE_WITH_KNOTS('',7,(#1722,#1723,#1724,#1725,#1726,
    #1727,#1728,#1729,#1730,#1731,#1732,#1733,#1734,#1735,#1736,#1737,
    #1738,#1739,#1740,#1741,#1742,#1743,#1744,#1745,#1746,#1747,#1748,
    #1749,#1750,#1751,#1752,#1753,#1754,#1755,#1756,#1757,#1758,#1759,
    #1760,#1761,#1762,#1763,#1764,#1765),.UNSPECIFIED.,.T.,.F.,(8,6,6,6,
    6,6,6,8),(0.,0.152023131921,0.285981769194,0.422479313276,
    0.587692797565,0.713900773171,0.838378871797,1.),.UNSPECIFIED.);
#1722 = CARTESIAN_POINT('',(1.5,15.025311976794,9.8));
#1723 = CARTESIAN_POINT('',(1.5,15.025311976794,9.979734177029));
#1724 = CARTESIAN_POINT('',(1.474875230935,15.027820108493,
    10.159443849969));
#1725 = CARTESIAN_POINT('',(1.42463192585,15.032836558832,
    10.336775997079));
#1726 = CARTESIAN_POINT('',(1.348625708992,15.040155550165,
    10.509098761506));
#1727 = CARTESIAN_POINT('',(1.245856653276,15.049348972566,
    10.673067290375));
#1728 = CARTESIAN_POINT('',(1.115213876351,15.059605096299,
    10.824169187113));
#1729 = CARTESIAN_POINT('',(0.815960885435,15.07859197641,
    11.071732791246));
#1730 = CARTESIAN_POINT('',(0.649189929259,15.087645015353,
    11.176290524903));
#1731 = CARTESIAN_POINT('',(0.459209801364,15.095609218723,
    11.257887960941));
#1732 = CARTESIAN_POINT('',(0.252864726009,15.100919273145,
    11.308608620656));
#1733 = CARTESIAN_POINT('',(3.915370634916E-02,15.10246185613,
    11.324233078032));
#1734 = CARTESIAN_POINT('',(-0.172348094243,15.100350853396,
    11.304402337732));
#1735 = CARTESIAN_POINT('',(-0.577525166127,15.090338184279,
    11.20037054745));
#1736 = CARTESIAN_POINT('',(-0.764098357656,15.082493726175,
    11.11667502529));
#1737 = CARTESIAN_POINT('',(-0.929338681267,15.072958711077,
    11.008516799416));
#1738 = CARTESIAN_POINT('',(-1.071554335284,15.062977234665,
    10.881670197581));
#1739 = CARTESIAN_POINT('',(-1.190050700666,15.053559659091,
    10.741338664713));
#1740 = CARTESIAN_POINT('',(-1.284971090263,15.045401779802,
    10.592249417892));
#1741 = CARTESIAN_POINT('',(-1.444713903383,15.030985185304,
    10.252778660127));
#1742 = CARTESIAN_POINT('',(-1.500507180883,15.025351512067,
    10.057115440413));
#1743 = CARTESIAN_POINT('',(-1.525490068763,15.022678771547,
    9.856081930198));
#1744 = CARTESIAN_POINT('',(-1.51968218154,15.023289412468,
    9.653312026383));
#1745 = CARTESIAN_POINT('',(-1.482720487331,15.027197673831,
    9.452729706717));
#1746 = CARTESIAN_POINT('',(-1.41426884306,15.033957612859,
    9.258921063893));
#1747 = CARTESIAN_POINT('',(-1.238215217457,15.049341538191,
    8.938680707763));
#1748 = CARTESIAN_POINT('',(-1.142367939106,15.057262521608,8.8047739148
    ));
#1749 = CARTESIAN_POINT('',(-1.026302751789,15.066076528911,
    8.679363534917));
#1750 = CARTESIAN_POINT('',(-0.890102535019,15.075173202274,
    8.56644125632));
#1751 = CARTESIAN_POINT('',(-0.734557769644,15.083717762405,
    8.470273056265));
#1752 = CARTESIAN_POINT('',(-0.5612596584,15.090740134829,8.395453179986
    ));
#1753 = CARTESIAN_POINT('',(-0.187389917676,15.099979142331,
    8.299459746106));
#1754 = CARTESIAN_POINT('',(8.195183730968E-03,15.102146588338,
    8.278740843938));
#1755 = CARTESIAN_POINT('',(0.206633837453,15.101212884655,
    8.288412368069));
#1756 = CARTESIAN_POINT('',(0.399948270525,15.097021426594,8.32858434249
    ));
#1757 = CARTESIAN_POINT('',(0.580543129122,15.090341816512,8.39621784271
    ));
#1758 = CARTESIAN_POINT('',(0.742306086454,15.082389486451,
    8.485214974356));
#1759 = CARTESIAN_POINT('',(1.062636830326,15.063653644871,
    8.717948882807));
#1760 = CARTESIAN_POINT('',(1.211407454865,15.05240881453,8.874136470655
    ));
#1761 = CARTESIAN_POINT('',(1.328274142072,15.042110139143,
    9.046333553298));
#1762 = CARTESIAN_POINT('',(1.4145767583,15.033840962359,9.228820669077)
  );
#1763 = CARTESIAN_POINT('',(1.471527035403,15.028154216935,
    9.417323757374));
#1764 = CARTESIAN_POINT('',(1.5,15.025311976794,9.608668958213));
#1765 = CARTESIAN_POINT('',(1.5,15.025311976794,9.8));
#1766 = PCURVE('',#657,#1767);
#1767 = DEFINITIONAL_REPRESENTATION('',(#1768),#1813);
#1768 = B_SPLINE_CURVE_WITH_KNOTS('',7,(#1769,#1770,#1771,#1772,#1773,
    #1774,#1775,#1776,#1777,#1778,#1779,#1780,#1781,#1782,#1783,#1784,
    #1785,#1786,#1787,#1788,#1789,#1790,#1791,#1792,#1793,#1794,#1795,
    #1796,#1797,#1798,#1799,#1800,#1801,#1802,#1803,#1804,#1805,#1806,
    #1807,#1808,#1809,#1810,#1811,#1812),.UNSPECIFIED.,.F.,.F.,(8,6,6,6,
    6,6,6,8),(0.,0.152023131921,0.285981769194,0.422479313276,
    0.587692797565,0.713900773171,0.838378871797,1.),.UNSPECIFIED.);
#1769 = CARTESIAN_POINT('',(0.,-22.9746880232));
#1770 = CARTESIAN_POINT('',(-0.119822784686,-22.9746880232));
#1771 = CARTESIAN_POINT('',(-0.239628597714,-22.9721798915));
#1772 = CARTESIAN_POINT('',(-0.360662857226,-22.96716344116));
#1773 = CARTESIAN_POINT('',(-0.483965356388,-22.95984444983));
#1774 = CARTESIAN_POINT('',(-0.610688703043,-22.95065102743));
#1775 = CARTESIAN_POINT('',(-0.74200790912,-22.9403949037));
#1776 = CARTESIAN_POINT('',(-1.000928824256,-22.92140802359));
#1777 = CARTESIAN_POINT('',(-1.131027936675,-22.91235498464));
#1778 = CARTESIAN_POINT('',(-1.26619754564,-22.90439078127));
#1779 = CARTESIAN_POINT('',(-1.404418093771,-22.89908072685));
#1780 = CARTESIAN_POINT('',(-1.544134608987,-22.89753814387));
#1781 = CARTESIAN_POINT('',(-1.683992948626,-22.8996491466));
#1782 = CARTESIAN_POINT('',(-1.962872510818,-22.90966181572));
#1783 = CARTESIAN_POINT('',(-2.097223797836,-22.91750627382));
#1784 = CARTESIAN_POINT('',(-2.226404941104,-22.92704128892));
#1785 = CARTESIAN_POINT('',(-2.351081329983,-22.93702276533));
#1786 = CARTESIAN_POINT('',(-2.471737179132,-22.9464403409));
#1787 = CARTESIAN_POINT('',(-2.588613265344,-22.95459822019));
#1788 = CARTESIAN_POINT('',(-2.83873160331,-22.96901481469));
#1789 = CARTESIAN_POINT('',(-2.972596727811,-22.97464848793));
#1790 = CARTESIAN_POINT('',(-3.105148435282,-22.97732122845));
#1791 = CARTESIAN_POINT('',(-3.237562455231,-22.97671058753));
#1792 = CARTESIAN_POINT('',(-3.370920927534,-22.97280232616));
#1793 = CARTESIAN_POINT('',(-3.506128728051,-22.96604238714));
#1794 = CARTESIAN_POINT('',(-3.749757557564,-22.9506584618));
#1795 = CARTESIAN_POINT('',(-3.858769337704,-22.94273747839));
#1796 = CARTESIAN_POINT('',(-3.971231416131,-22.93392347108));
#1797 = CARTESIAN_POINT('',(-4.087268680401,-22.92482679772));
#1798 = CARTESIAN_POINT('',(-4.207200772419,-22.91628223759));
#1799 = CARTESIAN_POINT('',(-4.331508192124,-22.90925986517));
#1800 = CARTESIAN_POINT('',(-4.588839213165,-22.90002085766));
#1801 = CARTESIAN_POINT('',(-4.718567287243,-22.89785341166));
#1802 = CARTESIAN_POINT('',(-4.848510462747,-22.89878711534));
#1803 = CARTESIAN_POINT('',(-4.977362074521,-22.9029785734));
#1804 = CARTESIAN_POINT('',(-5.103738110732,-22.90965818348));
#1805 = CARTESIAN_POINT('',(-5.22585883841,-22.91761051354));
#1806 = CARTESIAN_POINT('',(-5.489825888216,-22.93634635512));
#1807 = CARTESIAN_POINT('',(-5.631269020329,-22.94759118547));
#1808 = CARTESIAN_POINT('',(-5.767184984451,-22.95788986085));
#1809 = CARTESIAN_POINT('',(-5.899006667122,-22.96615903764));
#1810 = CARTESIAN_POINT('',(-6.028068540232,-22.97184578306));
#1811 = CARTESIAN_POINT('',(-6.155631279321,-22.9746880232));
#1812 = CARTESIAN_POINT('',(-6.28318530718,-22.9746880232));
#1813 = ( GEOMETRIC_REPRESENTATION_CONTEXT(2) 
PARAMETRIC_REPRESENTATION_CONTEXT() REPRESENTATION_CONTEXT('2D SPACE',''
  ) );
#1814 = PCURVE('',#1059,#1815);
#1815 = DEFINITIONAL_REPRESENTATION('',(#1816),#1861);
#1816 = B_SPLINE_CURVE_WITH_KNOTS('',7,(#1817,#1818,#1819,#1820,#1821,
    #1822,#1823,#1824,#1825,#1826,#1827,#1828,#1829,#1830,#1831,#1832,
    #1833,#1834,#1835,#1836,#1837,#1838,#1839,#1840,#1841,#1842,#1843,
    #1844,#1845,#1846,#1847,#1848,#1849,#1850,#1851,#1852,#1853,#1854,
    #1855,#1856,#1857,#1858,#1859,#1860),.UNSPECIFIED.,.T.,.F.,(8,6,6,6,
    6,6,6,8),(0.,0.152023131921,0.285981769194,0.422479313276,
    0.587692797565,0.713900773171,0.838378871797,1.),.UNSPECIFIED.);
#1817 = CARTESIAN_POINT('',(-1.471294471379,-33.8000002));
#1818 = CARTESIAN_POINT('',(-1.471294471379,-33.97973437702));
#1819 = CARTESIAN_POINT('',(-1.472966634083,-34.15944404996));
#1820 = CARTESIAN_POINT('',(-1.476310546452,-34.33677619707));
#1821 = CARTESIAN_POINT('',(-1.481367326701,-34.5090989615));
#1822 = CARTESIAN_POINT('',(-1.488200045286,-34.67306749037));
#1823 = CARTESIAN_POINT('',(-1.496877529919,-34.82416938711));
#1824 = CARTESIAN_POINT('',(-1.516735458515,-35.07173299124));
#1825 = CARTESIAN_POINT('',(-1.527795675172,-35.1762907249));
#1826 = CARTESIAN_POINT('',(-1.540386700222,-35.25788816094));
#1827 = CARTESIAN_POINT('',(-1.554052675848,-35.30860882065));
#1828 = CARTESIAN_POINT('',(-1.568202625242,-35.32423327803));
#1829 = CARTESIAN_POINT('',(-1.582208563937,-35.30440253773));
#1830 = CARTESIAN_POINT('',(-1.609049674448,-35.20037074745));
#1831 = CARTESIAN_POINT('',(-1.621414574732,-35.11667522529));
#1832 = CARTESIAN_POINT('',(-1.6323739802,-35.00851699941));
#1833 = CARTESIAN_POINT('',(-1.641814633057,-34.88167039758));
#1834 = CARTESIAN_POINT('',(-1.649686531773,-34.74133886471));
#1835 = CARTESIAN_POINT('',(-1.655995769518,-34.59224961789));
#1836 = CARTESIAN_POINT('',(-1.666617758518,-34.25277886012));
#1837 = CARTESIAN_POINT('',(-1.670331257144,-34.05711564041));
#1838 = CARTESIAN_POINT('',(-1.671995281664,-33.85608213019));
#1839 = CARTESIAN_POINT('',(-1.671608514311,-33.65331222638));
#1840 = CARTESIAN_POINT('',(-1.669147003508,-33.45272990671));
#1841 = CARTESIAN_POINT('',(-1.664592019958,-33.25892126389));
#1842 = CARTESIAN_POINT('',(-1.652888411558,-32.93868090776));
#1843 = CARTESIAN_POINT('',(-1.646519339799,-32.8047741148));
#1844 = CARTESIAN_POINT('',(-1.638811066197,-32.67936373491));
#1845 = CARTESIAN_POINT('',(-1.629771828407,-32.56644145632));
#1846 = CARTESIAN_POINT('',(-1.619456840548,-32.47027325626));
#1847 = CARTESIAN_POINT('',(-1.607972159651,-32.39545337998));
#1848 = CARTESIAN_POINT('',(-1.583205015299,-32.2994599461));
#1849 = CARTESIAN_POINT('',(-1.570252756673,-32.27874104393));
#1850 = CARTESIAN_POINT('',(-1.557113675215,-32.28841256806));
#1851 = CARTESIAN_POINT('',(-1.54431146526,-32.32858454249));
#1852 = CARTESIAN_POINT('',(-1.532344770726,-32.39621804271));
#1853 = CARTESIAN_POINT('',(-1.521619528662,-32.48521517435));
#1854 = CARTESIAN_POINT('',(-1.500369316948,-32.7179490828));
#1855 = CARTESIAN_POINT('',(-1.49049028722,-32.87413667065));
#1856 = CARTESIAN_POINT('',(-1.482721312842,-33.04633375329));
#1857 = CARTESIAN_POINT('',(-1.476979761018,-33.22882086907));
#1858 = CARTESIAN_POINT('',(-1.473189471296,-33.41732395737));
#1859 = CARTESIAN_POINT('',(-1.471294471379,-33.60866915821));
#1860 = CARTESIAN_POINT('',(-1.471294471379,-33.8000002));
#1861 = ( GEOMETRIC_REPRESENTATION_CONTEXT(2) 
PARAMETRIC_REPRESENTATION_CONTEXT() REPRESENTATION_CONTEXT('2D SPACE',''
  ) );
#1862 = ORIENTED_EDGE('',*,*,#1696,.F.);
#1863 = ADVANCED_FACE('',(#1864),#810,.F.);
#1864 = FACE_BOUND('',#1865,.T.);
#1865 = EDGE_LOOP('',(#1866,#2012,#2033,#2034));
#1866 = ORIENTED_EDGE('',*,*,#1867,.F.);
#1867 = EDGE_CURVE('',#1868,#1868,#1870,.T.);
#1868 = VERTEX_POINT('',#1869);
#1869 = CARTESIAN_POINT('',(1.5,-15.02531197679,9.8));
#1870 = SURFACE_CURVE('',#1871,(#1916,#1964),.PCURVE_S1.);
#1871 = B_SPLINE_CURVE_WITH_KNOTS('',7,(#1872,#1873,#1874,#1875,#1876,
    #1877,#1878,#1879,#1880,#1881,#1882,#1883,#1884,#1885,#1886,#1887,
    #1888,#1889,#1890,#1891,#1892,#1893,#1894,#1895,#1896,#1897,#1898,
    #1899,#1900,#1901,#1902,#1903,#1904,#1905,#1906,#1907,#1908,#1909,
    #1910,#1911,#1912,#1913,#1914,#1915),.UNSPECIFIED.,.T.,.F.,(8,6,6,6,
    6,6,6,8),(0.,0.152023131934,0.285981769218,0.422479313312,
    0.587692797613,0.713900773214,0.838378871822,1.),.UNSPECIFIED.);
#1872 = CARTESIAN_POINT('',(1.5,-15.02531197679,9.8));
#1873 = CARTESIAN_POINT('',(1.5,-15.02531197679,9.979734177029));
#1874 = CARTESIAN_POINT('',(1.474875230935,-15.02782010849,
    10.159443849969));
#1875 = CARTESIAN_POINT('',(1.42463192585,-15.03283655883,
    10.336775997078));
#1876 = CARTESIAN_POINT('',(1.348625708992,-15.04015555016,
    10.509098761507));
#1877 = CARTESIAN_POINT('',(1.245856653276,-15.04934897256,
    10.673067290374));
#1878 = CARTESIAN_POINT('',(1.115213876351,-15.05960509629,
    10.824169187113));
#1879 = CARTESIAN_POINT('',(0.815960885435,-15.07859197641,
    11.071732791246));
#1880 = CARTESIAN_POINT('',(0.649189929259,-15.08764501535,
    11.176290524903));
#1881 = CARTESIAN_POINT('',(0.459209801365,-15.09560921872,
    11.257887960941));
#1882 = CARTESIAN_POINT('',(0.252864726008,-15.10091927314,
    11.308608620656));
#1883 = CARTESIAN_POINT('',(3.915370634916E-02,-15.10246185613,
    11.324233078032));
#1884 = CARTESIAN_POINT('',(-0.172348094243,-15.10035085339,
    11.304402337732));
#1885 = CARTESIAN_POINT('',(-0.577525166127,-15.09033818427,
    11.200370547451));
#1886 = CARTESIAN_POINT('',(-0.764098357656,-15.08249372617,
    11.11667502529));
#1887 = CARTESIAN_POINT('',(-0.929338681267,-15.07295871107,
    11.008516799416));
#1888 = CARTESIAN_POINT('',(-1.071554335284,-15.06297723466,
    10.88167019758));
#1889 = CARTESIAN_POINT('',(-1.190050700666,-15.05355965909,
    10.741338664713));
#1890 = CARTESIAN_POINT('',(-1.284971090263,-15.0454017798,
    10.592249417892));
#1891 = CARTESIAN_POINT('',(-1.444713903383,-15.0309851853,
    10.252778660129));
#1892 = CARTESIAN_POINT('',(-1.500507180883,-15.02535151206,
    10.057115440413));
#1893 = CARTESIAN_POINT('',(-1.525490068764,-15.02267877154,
    9.856081930199));
#1894 = CARTESIAN_POINT('',(-1.51968218154,-15.02328941246,
    9.653312026382));
#1895 = CARTESIAN_POINT('',(-1.48272048733,-15.02719767383,
    9.452729706716));
#1896 = CARTESIAN_POINT('',(-1.414268843059,-15.03395761285,
    9.258921063892));
#1897 = CARTESIAN_POINT('',(-1.238215217467,-15.04934153819,
    8.938680707781));
#1898 = CARTESIAN_POINT('',(-1.14236793911,-15.0572625216,8.804773914797
    ));
#1899 = CARTESIAN_POINT('',(-1.026302751778,-15.06607652891,
    8.679363534902));
#1900 = CARTESIAN_POINT('',(-0.890102535005,-15.07517320227,
    8.566441256314));
#1901 = CARTESIAN_POINT('',(-0.734557769646,-15.0837177624,
    8.470273056271));
#1902 = CARTESIAN_POINT('',(-0.561259658419,-15.09074013482,
    8.395453179991));
#1903 = CARTESIAN_POINT('',(-0.187389917676,-15.09997914233,
    8.299459746106));
#1904 = CARTESIAN_POINT('',(8.195183730075E-03,-15.10214658833,
    8.278740843938));
#1905 = CARTESIAN_POINT('',(0.206633837455,-15.10121288465,
    8.288412368069));
#1906 = CARTESIAN_POINT('',(0.399948270523,-15.09702142659,8.32858434249
    ));
#1907 = CARTESIAN_POINT('',(0.580543129122,-15.09034181651,8.39621784271
    ));
#1908 = CARTESIAN_POINT('',(0.742306086454,-15.08238948645,
    8.485214974356));
#1909 = CARTESIAN_POINT('',(1.062636830326,-15.06365364487,
    8.717948882807));
#1910 = CARTESIAN_POINT('',(1.211407454865,-15.05240881453,
    8.874136470655));
#1911 = CARTESIAN_POINT('',(1.328274142071,-15.04211013914,
    9.046333553298));
#1912 = CARTESIAN_POINT('',(1.414576758301,-15.03384096235,
    9.228820669077));
#1913 = CARTESIAN_POINT('',(1.471527035403,-15.02815421693,
    9.417323757375));
#1914 = CARTESIAN_POINT('',(1.5,-15.02531197679,9.608668958212));
#1915 = CARTESIAN_POINT('',(1.5,-15.02531197679,9.8));
#1916 = PCURVE('',#810,#1917);
#1917 = DEFINITIONAL_REPRESENTATION('',(#1918),#1963);
#1918 = B_SPLINE_CURVE_WITH_KNOTS('',7,(#1919,#1920,#1921,#1922,#1923,
    #1924,#1925,#1926,#1927,#1928,#1929,#1930,#1931,#1932,#1933,#1934,
    #1935,#1936,#1937,#1938,#1939,#1940,#1941,#1942,#1943,#1944,#1945,
    #1946,#1947,#1948,#1949,#1950,#1951,#1952,#1953,#1954,#1955,#1956,
    #1957,#1958,#1959,#1960,#1961,#1962),.UNSPECIFIED.,.F.,.F.,(8,6,6,6,
    6,6,6,8),(0.,0.152023131934,0.285981769218,0.422479313312,
    0.587692797613,0.713900773214,0.838378871822,1.),.UNSPECIFIED.);
#1919 = CARTESIAN_POINT('',(0.,-53.02531197679));
#1920 = CARTESIAN_POINT('',(-0.119822784686,-53.02531197679));
#1921 = CARTESIAN_POINT('',(-0.239628597714,-53.02782010849));
#1922 = CARTESIAN_POINT('',(-0.360662857225,-53.03283655883));
#1923 = CARTESIAN_POINT('',(-0.483965356388,-53.04015555016));
#1924 = CARTESIAN_POINT('',(-0.610688703043,-53.04934897256));
#1925 = CARTESIAN_POINT('',(-0.74200790912,-53.05960509629));
#1926 = CARTESIAN_POINT('',(-1.000928824256,-53.07859197641));
#1927 = CARTESIAN_POINT('',(-1.131027936675,-53.08764501535));
#1928 = CARTESIAN_POINT('',(-1.266197545639,-53.09560921872));
#1929 = CARTESIAN_POINT('',(-1.404418093771,-53.10091927314));
#1930 = CARTESIAN_POINT('',(-1.544134608987,-53.10246185613));
#1931 = CARTESIAN_POINT('',(-1.683992948626,-53.10035085339));
#1932 = CARTESIAN_POINT('',(-1.962872510818,-53.09033818427));
#1933 = CARTESIAN_POINT('',(-2.097223797836,-53.08249372617));
#1934 = CARTESIAN_POINT('',(-2.226404941104,-53.07295871107));
#1935 = CARTESIAN_POINT('',(-2.351081329983,-53.06297723466));
#1936 = CARTESIAN_POINT('',(-2.471737179132,-53.05355965909));
#1937 = CARTESIAN_POINT('',(-2.588613265344,-53.0454017798));
#1938 = CARTESIAN_POINT('',(-2.838731603309,-53.0309851853));
#1939 = CARTESIAN_POINT('',(-2.972596727811,-53.02535151206));
#1940 = CARTESIAN_POINT('',(-3.105148435281,-53.02267877154));
#1941 = CARTESIAN_POINT('',(-3.237562455232,-53.02328941246));
#1942 = CARTESIAN_POINT('',(-3.370920927534,-53.02719767383));
#1943 = CARTESIAN_POINT('',(-3.506128728052,-53.03395761285));
#1944 = CARTESIAN_POINT('',(-3.74975755755,-53.04934153819));
#1945 = CARTESIAN_POINT('',(-3.858769337704,-53.0572625216));
#1946 = CARTESIAN_POINT('',(-3.971231416143,-53.06607652891));
#1947 = CARTESIAN_POINT('',(-4.08726868041,-53.07517320227));
#1948 = CARTESIAN_POINT('',(-4.207200772417,-53.0837177624));
#1949 = CARTESIAN_POINT('',(-4.331508192111,-53.09074013482));
#1950 = CARTESIAN_POINT('',(-4.588839213165,-53.09997914233));
#1951 = CARTESIAN_POINT('',(-4.718567287242,-53.10214658833));
#1952 = CARTESIAN_POINT('',(-4.848510462748,-53.10121288465));
#1953 = CARTESIAN_POINT('',(-4.97736207452,-53.09702142659));
#1954 = CARTESIAN_POINT('',(-5.103738110732,-53.09034181651));
#1955 = CARTESIAN_POINT('',(-5.22585883841,-53.08238948645));
#1956 = CARTESIAN_POINT('',(-5.489825888216,-53.06365364487));
#1957 = CARTESIAN_POINT('',(-5.631269020329,-53.05240881453));
#1958 = CARTESIAN_POINT('',(-5.767184984451,-53.04211013914));
#1959 = CARTESIAN_POINT('',(-5.899006667122,-53.03384096235));
#1960 = CARTESIAN_POINT('',(-6.028068540232,-53.02815421693));
#1961 = CARTESIAN_POINT('',(-6.155631279321,-53.02531197679));
#1962 = CARTESIAN_POINT('',(-6.28318530718,-53.02531197679));
#1963 = ( GEOMETRIC_REPRESENTATION_CONTEXT(2) 
PARAMETRIC_REPRESENTATION_CONTEXT() REPRESENTATION_CONTEXT('2D SPACE',''
  ) );
#1964 = PCURVE('',#1059,#1965);
#1965 = DEFINITIONAL_REPRESENTATION('',(#1966),#2011);
#1966 = B_SPLINE_CURVE_WITH_KNOTS('',7,(#1967,#1968,#1969,#1970,#1971,
    #1972,#1973,#1974,#1975,#1976,#1977,#1978,#1979,#1980,#1981,#1982,
    #1983,#1984,#1985,#1986,#1987,#1988,#1989,#1990,#1991,#1992,#1993,
    #1994,#1995,#1996,#1997,#1998,#1999,#2000,#2001,#2002,#2003,#2004,
    #2005,#2006,#2007,#2008,#2009,#2010),.UNSPECIFIED.,.T.,.F.,(8,6,6,6,
    6,6,6,8),(0.,0.152023131934,0.285981769218,0.422479313312,
    0.587692797613,0.713900773214,0.838378871822,1.),.UNSPECIFIED.);
#1967 = CARTESIAN_POINT('',(-4.8118908358,-33.8000002));
#1968 = CARTESIAN_POINT('',(-4.8118908358,-33.97973437702));
#1969 = CARTESIAN_POINT('',(-4.810218673096,-34.15944404996));
#1970 = CARTESIAN_POINT('',(-4.806874760728,-34.33677619707));
#1971 = CARTESIAN_POINT('',(-4.801817980478,-34.5090989615));
#1972 = CARTESIAN_POINT('',(-4.794985261893,-34.67306749037));
#1973 = CARTESIAN_POINT('',(-4.78630777726,-34.82416938711));
#1974 = CARTESIAN_POINT('',(-4.766449848664,-35.07173299124));
#1975 = CARTESIAN_POINT('',(-4.755389632008,-35.1762907249));
#1976 = CARTESIAN_POINT('',(-4.742798606957,-35.25788816094));
#1977 = CARTESIAN_POINT('',(-4.729132631332,-35.30860882065));
#1978 = CARTESIAN_POINT('',(-4.714982681937,-35.32423327803));
#1979 = CARTESIAN_POINT('',(-4.700976743243,-35.30440253773));
#1980 = CARTESIAN_POINT('',(-4.674135632732,-35.20037074745));
#1981 = CARTESIAN_POINT('',(-4.661770732447,-35.11667522529));
#1982 = CARTESIAN_POINT('',(-4.650811326979,-35.00851699941));
#1983 = CARTESIAN_POINT('',(-4.641370674123,-34.88167039758));
#1984 = CARTESIAN_POINT('',(-4.633498775407,-34.74133886471));
#1985 = CARTESIAN_POINT('',(-4.627189537662,-34.59224961789));
#1986 = CARTESIAN_POINT('',(-4.616567548661,-34.25277886012));
#1987 = CARTESIAN_POINT('',(-4.612854050035,-34.05711564041));
#1988 = CARTESIAN_POINT('',(-4.611190025515,-33.85608213019));
#1989 = CARTESIAN_POINT('',(-4.611576792868,-33.65331222638));
#1990 = CARTESIAN_POINT('',(-4.614038303671,-33.45272990671));
#1991 = CARTESIAN_POINT('',(-4.618593287222,-33.25892126389));
#1992 = CARTESIAN_POINT('',(-4.630296895621,-32.93868090778));
#1993 = CARTESIAN_POINT('',(-4.63666596738,-32.80477411479));
#1994 = CARTESIAN_POINT('',(-4.644374240984,-32.6793637349));
#1995 = CARTESIAN_POINT('',(-4.653413478774,-32.56644145631));
#1996 = CARTESIAN_POINT('',(-4.663728466631,-32.47027325627));
#1997 = CARTESIAN_POINT('',(-4.675213147527,-32.39545337999));
#1998 = CARTESIAN_POINT('',(-4.699980291881,-32.2994599461));
#1999 = CARTESIAN_POINT('',(-4.712932550506,-32.27874104393));
#2000 = CARTESIAN_POINT('',(-4.726071631965,-32.28841256806));
#2001 = CARTESIAN_POINT('',(-4.73887384192,-32.32858454249));
#2002 = CARTESIAN_POINT('',(-4.750840536454,-32.39621804271));
#2003 = CARTESIAN_POINT('',(-4.761565778518,-32.48521517435));
#2004 = CARTESIAN_POINT('',(-4.782815990232,-32.7179490828));
#2005 = CARTESIAN_POINT('',(-4.79269501996,-32.87413667065));
#2006 = CARTESIAN_POINT('',(-4.800463994338,-33.04633375329));
#2007 = CARTESIAN_POINT('',(-4.806205546162,-33.22882086907));
#2008 = CARTESIAN_POINT('',(-4.809995835884,-33.41732395737));
#2009 = CARTESIAN_POINT('',(-4.8118908358,-33.60866915821));
#2010 = CARTESIAN_POINT('',(-4.8118908358,-33.8000002));
#2011 = ( GEOMETRIC_REPRESENTATION_CONTEXT(2) 
PARAMETRIC_REPRESENTATION_CONTEXT() REPRESENTATION_CONTEXT('2D SPACE',''
  ) );
#2012 = ORIENTED_EDGE('',*,*,#2013,.T.);
#2013 = EDGE_CURVE('',#1868,#713,#2014,.T.);
#2014 = SEAM_CURVE('',#2015,(#2019,#2026),.PCURVE_S1.);
#2015 = LINE('',#2016,#2017);
#2016 = CARTESIAN_POINT('',(1.5,38.,9.8));
#2017 = VECTOR('',#2018,1.);
#2018 = DIRECTION('',(0.,-1.,0.));
#2019 = PCURVE('',#810,#2020);
#2020 = DEFINITIONAL_REPRESENTATION('',(#2021),#2025);
#2021 = LINE('',#2022,#2023);
#2022 = CARTESIAN_POINT('',(-6.28318530718,0.));
#2023 = VECTOR('',#2024,1.);
#2024 = DIRECTION('',(-0.,-1.));
#2025 = ( GEOMETRIC_REPRESENTATION_CONTEXT(2) 
PARAMETRIC_REPRESENTATION_CONTEXT() REPRESENTATION_CONTEXT('2D SPACE',''
  ) );
#2026 = PCURVE('',#810,#2027);
#2027 = DEFINITIONAL_REPRESENTATION('',(#2028),#2032);
#2028 = LINE('',#2029,#2030);
#2029 = CARTESIAN_POINT('',(-0.,0.));
#2030 = VECTOR('',#2031,1.);
#2031 = DIRECTION('',(-0.,-1.));
#2032 = ( GEOMETRIC_REPRESENTATION_CONTEXT(2) 
PARAMETRIC_REPRESENTATION_CONTEXT() REPRESENTATION_CONTEXT('2D SPACE',''
  ) );
#2033 = ORIENTED_EDGE('',*,*,#712,.T.);
#2034 = ORIENTED_EDGE('',*,*,#2013,.F.);
#2035 = ADVANCED_FACE('',(#2036),#963,.F.);
#2036 = FACE_BOUND('',#2037,.T.);
#2037 = EDGE_LOOP('',(#2038,#2184,#2205,#2206));
#2038 = ORIENTED_EDGE('',*,*,#2039,.F.);
#2039 = EDGE_CURVE('',#2040,#2040,#2042,.T.);
#2040 = VERTEX_POINT('',#2041);
#2041 = CARTESIAN_POINT('',(1.5,-15.02531197679,4.2));
#2042 = SURFACE_CURVE('',#2043,(#2088,#2136),.PCURVE_S1.);
#2043 = B_SPLINE_CURVE_WITH_KNOTS('',7,(#2044,#2045,#2046,#2047,#2048,
    #2049,#2050,#2051,#2052,#2053,#2054,#2055,#2056,#2057,#2058,#2059,
    #2060,#2061,#2062,#2063,#2064,#2065,#2066,#2067,#2068,#2069,#2070,
    #2071,#2072,#2073,#2074,#2075,#2076,#2077,#2078,#2079,#2080,#2081,
    #2082,#2083,#2084,#2085,#2086,#2087),.UNSPECIFIED.,.T.,.F.,(8,6,6,6,
    6,6,6,8),(0.,0.152023131924,0.2859817692,0.422479313286,
    0.587692797578,0.713900773183,0.838378871804,1.),.UNSPECIFIED.);
#2044 = CARTESIAN_POINT('',(1.5,-15.02531197679,4.2));
#2045 = CARTESIAN_POINT('',(1.5,-15.02531197679,4.379734177029));
#2046 = CARTESIAN_POINT('',(1.474875230935,-15.02782010849,
    4.559443849969));
#2047 = CARTESIAN_POINT('',(1.42463192585,-15.03283655883,4.736775997078
    ));
#2048 = CARTESIAN_POINT('',(1.348625708992,-15.04015555016,
    4.909098761506));
#2049 = CARTESIAN_POINT('',(1.245856653276,-15.04934897256,
    5.073067290374));
#2050 = CARTESIAN_POINT('',(1.11521387635,-15.05960509629,5.224169187113
    ));
#2051 = CARTESIAN_POINT('',(0.815960885434,-15.07859197641,
    5.471732791246));
#2052 = CARTESIAN_POINT('',(0.64918992926,-15.08764501535,5.576290524902
    ));
#2053 = CARTESIAN_POINT('',(0.459209801364,-15.09560921872,
    5.657887960942));
#2054 = CARTESIAN_POINT('',(0.252864726009,-15.10091927314,
    5.708608620655));
#2055 = CARTESIAN_POINT('',(3.915370634935E-02,-15.10246185613,
    5.724233078032));
#2056 = CARTESIAN_POINT('',(-0.172348094243,-15.10035085339,
    5.704402337732));
#2057 = CARTESIAN_POINT('',(-0.577525166127,-15.09033818427,
    5.60037054745));
#2058 = CARTESIAN_POINT('',(-0.764098357656,-15.08249372617,
    5.51667502529));
#2059 = CARTESIAN_POINT('',(-0.929338681267,-15.07295871107,
    5.408516799416));
#2060 = CARTESIAN_POINT('',(-1.071554335284,-15.06297723466,
    5.281670197581));
#2061 = CARTESIAN_POINT('',(-1.190050700666,-15.05355965909,
    5.141338664713));
#2062 = CARTESIAN_POINT('',(-1.284971090263,-15.0454017798,
    4.992249417892));
#2063 = CARTESIAN_POINT('',(-1.444713903383,-15.0309851853,
    4.652778660128));
#2064 = CARTESIAN_POINT('',(-1.500507180883,-15.02535151206,
    4.457115440413));
#2065 = CARTESIAN_POINT('',(-1.525490068763,-15.02267877154,
    4.256081930198));
#2066 = CARTESIAN_POINT('',(-1.51968218154,-15.02328941246,
    4.053312026383));
#2067 = CARTESIAN_POINT('',(-1.48272048733,-15.02719767383,
    3.852729706717));
#2068 = CARTESIAN_POINT('',(-1.41426884306,-15.03395761285,
    3.658921063893));
#2069 = CARTESIAN_POINT('',(-1.23821521746,-15.04934153819,
    3.338680707767));
#2070 = CARTESIAN_POINT('',(-1.142367939107,-15.0572625216,
    3.204773914799));
#2071 = CARTESIAN_POINT('',(-1.026302751786,-15.06607652891,
    3.079363534913));
#2072 = CARTESIAN_POINT('',(-0.890102535015,-15.07517320227,
    2.966441256318));
#2073 = CARTESIAN_POINT('',(-0.734557769645,-15.0837177624,
    2.870273056267));
#2074 = CARTESIAN_POINT('',(-0.561259658405,-15.09074013482,
    2.795453179987));
#2075 = CARTESIAN_POINT('',(-0.187389917676,-15.09997914233,
    2.699459746106));
#2076 = CARTESIAN_POINT('',(8.195183730616E-03,-15.10214658833,
    2.678740843938));
#2077 = CARTESIAN_POINT('',(0.206633837454,-15.10121288465,2.68841236807
    ));
#2078 = CARTESIAN_POINT('',(0.399948270524,-15.09702142659,2.72858434249
    ));
#2079 = CARTESIAN_POINT('',(0.580543129122,-15.09034181651,2.79621784271
    ));
#2080 = CARTESIAN_POINT('',(0.742306086454,-15.08238948645,
    2.885214974356));
#2081 = CARTESIAN_POINT('',(1.062636830326,-15.06365364487,
    3.117948882807));
#2082 = CARTESIAN_POINT('',(1.211407454865,-15.05240881453,
    3.274136470655));
#2083 = CARTESIAN_POINT('',(1.328274142072,-15.04211013914,
    3.446333553298));
#2084 = CARTESIAN_POINT('',(1.4145767583,-15.03384096235,3.628820669078)
  );
#2085 = CARTESIAN_POINT('',(1.471527035403,-15.02815421693,
    3.817323757374));
#2086 = CARTESIAN_POINT('',(1.5,-15.02531197679,4.008668958213));
#2087 = CARTESIAN_POINT('',(1.5,-15.02531197679,4.2));
#2088 = PCURVE('',#963,#2089);
#2089 = DEFINITIONAL_REPRESENTATION('',(#2090),#2135);
#2090 = B_SPLINE_CURVE_WITH_KNOTS('',7,(#2091,#2092,#2093,#2094,#2095,
    #2096,#2097,#2098,#2099,#2100,#2101,#2102,#2103,#2104,#2105,#2106,
    #2107,#2108,#2109,#2110,#2111,#2112,#2113,#2114,#2115,#2116,#2117,
    #2118,#2119,#2120,#2121,#2122,#2123,#2124,#2125,#2126,#2127,#2128,
    #2129,#2130,#2131,#2132,#2133,#2134),.UNSPECIFIED.,.F.,.F.,(8,6,6,6,
    6,6,6,8),(0.,0.152023131924,0.2859817692,0.422479313286,
    0.587692797578,0.713900773183,0.838378871804,1.),.UNSPECIFIED.);
#2091 = CARTESIAN_POINT('',(0.,-53.02531197679));
#2092 = CARTESIAN_POINT('',(-0.119822784686,-53.02531197679));
#2093 = CARTESIAN_POINT('',(-0.239628597714,-53.02782010849));
#2094 = CARTESIAN_POINT('',(-0.360662857225,-53.03283655883));
#2095 = CARTESIAN_POINT('',(-0.483965356388,-53.04015555016));
#2096 = CARTESIAN_POINT('',(-0.610688703043,-53.04934897256));
#2097 = CARTESIAN_POINT('',(-0.74200790912,-53.05960509629));
#2098 = CARTESIAN_POINT('',(-1.000928824256,-53.07859197641));
#2099 = CARTESIAN_POINT('',(-1.131027936674,-53.08764501535));
#2100 = CARTESIAN_POINT('',(-1.26619754564,-53.09560921872));
#2101 = CARTESIAN_POINT('',(-1.40441809377,-53.10091927314));
#2102 = CARTESIAN_POINT('',(-1.544134608987,-53.10246185613));
#2103 = CARTESIAN_POINT('',(-1.683992948626,-53.10035085339));
#2104 = CARTESIAN_POINT('',(-1.962872510818,-53.09033818427));
#2105 = CARTESIAN_POINT('',(-2.097223797836,-53.08249372617));
#2106 = CARTESIAN_POINT('',(-2.226404941104,-53.07295871107));
#2107 = CARTESIAN_POINT('',(-2.351081329982,-53.06297723466));
#2108 = CARTESIAN_POINT('',(-2.471737179132,-53.05355965909));
#2109 = CARTESIAN_POINT('',(-2.588613265344,-53.0454017798));
#2110 = CARTESIAN_POINT('',(-2.83873160331,-53.0309851853));
#2111 = CARTESIAN_POINT('',(-2.972596727811,-53.02535151206));
#2112 = CARTESIAN_POINT('',(-3.105148435282,-53.02267877154));
#2113 = CARTESIAN_POINT('',(-3.237562455231,-53.02328941246));
#2114 = CARTESIAN_POINT('',(-3.370920927534,-53.02719767383));
#2115 = CARTESIAN_POINT('',(-3.506128728051,-53.03395761285));
#2116 = CARTESIAN_POINT('',(-3.74975755756,-53.04934153819));
#2117 = CARTESIAN_POINT('',(-3.858769337704,-53.0572625216));
#2118 = CARTESIAN_POINT('',(-3.971231416134,-53.06607652891));
#2119 = CARTESIAN_POINT('',(-4.087268680404,-53.07517320227));
#2120 = CARTESIAN_POINT('',(-4.207200772418,-53.0837177624));
#2121 = CARTESIAN_POINT('',(-4.331508192121,-53.09074013482));
#2122 = CARTESIAN_POINT('',(-4.588839213165,-53.09997914233));
#2123 = CARTESIAN_POINT('',(-4.718567287242,-53.10214658833));
#2124 = CARTESIAN_POINT('',(-4.848510462748,-53.10121288465));
#2125 = CARTESIAN_POINT('',(-4.977362074521,-53.09702142659));
#2126 = CARTESIAN_POINT('',(-5.103738110732,-53.09034181651));
#2127 = CARTESIAN_POINT('',(-5.22585883841,-53.08238948645));
#2128 = CARTESIAN_POINT('',(-5.489825888216,-53.06365364487));
#2129 = CARTESIAN_POINT('',(-5.631269020329,-53.05240881453));
#2130 = CARTESIAN_POINT('',(-5.767184984451,-53.04211013914));
#2131 = CARTESIAN_POINT('',(-5.899006667122,-53.03384096235));
#2132 = CARTESIAN_POINT('',(-6.028068540232,-53.02815421693));
#2133 = CARTESIAN_POINT('',(-6.155631279321,-53.02531197679));
#2134 = CARTESIAN_POINT('',(-6.28318530718,-53.02531197679));
#2135 = ( GEOMETRIC_REPRESENTATION_CONTEXT(2) 
PARAMETRIC_REPRESENTATION_CONTEXT() REPRESENTATION_CONTEXT('2D SPACE',''
  ) );
#2136 = PCURVE('',#1059,#2137);
#2137 = DEFINITIONAL_REPRESENTATION('',(#2138),#2183);
#2138 = B_SPLINE_CURVE_WITH_KNOTS('',7,(#2139,#2140,#2141,#2142,#2143,
    #2144,#2145,#2146,#2147,#2148,#2149,#2150,#2151,#2152,#2153,#2154,
    #2155,#2156,#2157,#2158,#2159,#2160,#2161,#2162,#2163,#2164,#2165,
    #2166,#2167,#2168,#2169,#2170,#2171,#2172,#2173,#2174,#2175,#2176,
    #2177,#2178,#2179,#2180,#2181,#2182),.UNSPECIFIED.,.T.,.F.,(8,6,6,6,
    6,6,6,8),(0.,0.152023131924,0.2859817692,0.422479313286,
    0.587692797578,0.713900773183,0.838378871804,1.),.UNSPECIFIED.);
#2139 = CARTESIAN_POINT('',(-4.8118908358,-28.2000002));
#2140 = CARTESIAN_POINT('',(-4.8118908358,-28.37973437702));
#2141 = CARTESIAN_POINT('',(-4.810218673096,-28.55944404996));
#2142 = CARTESIAN_POINT('',(-4.806874760728,-28.73677619707));
#2143 = CARTESIAN_POINT('',(-4.801817980478,-28.9090989615));
#2144 = CARTESIAN_POINT('',(-4.794985261893,-29.07306749037));
#2145 = CARTESIAN_POINT('',(-4.78630777726,-29.22416938711));
#2146 = CARTESIAN_POINT('',(-4.766449848664,-29.47173299124));
#2147 = CARTESIAN_POINT('',(-4.755389632008,-29.5762907249));
#2148 = CARTESIAN_POINT('',(-4.742798606957,-29.65788816094));
#2149 = CARTESIAN_POINT('',(-4.729132631332,-29.70860882065));
#2150 = CARTESIAN_POINT('',(-4.714982681937,-29.72423327803));
#2151 = CARTESIAN_POINT('',(-4.700976743243,-29.70440253773));
#2152 = CARTESIAN_POINT('',(-4.674135632732,-29.60037074745));
#2153 = CARTESIAN_POINT('',(-4.661770732447,-29.51667522529));
#2154 = CARTESIAN_POINT('',(-4.650811326979,-29.40851699941));
#2155 = CARTESIAN_POINT('',(-4.641370674123,-29.28167039758));
#2156 = CARTESIAN_POINT('',(-4.633498775407,-29.14133886471));
#2157 = CARTESIAN_POINT('',(-4.627189537662,-28.99224961789));
#2158 = CARTESIAN_POINT('',(-4.616567548661,-28.65277886012));
#2159 = CARTESIAN_POINT('',(-4.612854050035,-28.45711564041));
#2160 = CARTESIAN_POINT('',(-4.611190025515,-28.25608213019));
#2161 = CARTESIAN_POINT('',(-4.611576792868,-28.05331222638));
#2162 = CARTESIAN_POINT('',(-4.614038303671,-27.85272990671));
#2163 = CARTESIAN_POINT('',(-4.618593287222,-27.65892126389));
#2164 = CARTESIAN_POINT('',(-4.630296895621,-27.33868090776));
#2165 = CARTESIAN_POINT('',(-4.63666596738,-27.20477411479));
#2166 = CARTESIAN_POINT('',(-4.644374240983,-27.07936373491));
#2167 = CARTESIAN_POINT('',(-4.653413478773,-26.96644145631));
#2168 = CARTESIAN_POINT('',(-4.663728466631,-26.87027325626));
#2169 = CARTESIAN_POINT('',(-4.675213147528,-26.79545337998));
#2170 = CARTESIAN_POINT('',(-4.699980291881,-26.6994599461));
#2171 = CARTESIAN_POINT('',(-4.712932550506,-26.67874104393));
#2172 = CARTESIAN_POINT('',(-4.726071631965,-26.68841256806));
#2173 = CARTESIAN_POINT('',(-4.73887384192,-26.72858454249));
#2174 = CARTESIAN_POINT('',(-4.750840536454,-26.79621804271));
#2175 = CARTESIAN_POINT('',(-4.761565778518,-26.88521517435));
#2176 = CARTESIAN_POINT('',(-4.782815990232,-27.1179490828));
#2177 = CARTESIAN_POINT('',(-4.79269501996,-27.27413667065));
#2178 = CARTESIAN_POINT('',(-4.800463994338,-27.44633375329));
#2179 = CARTESIAN_POINT('',(-4.806205546162,-27.62882086907));
#2180 = CARTESIAN_POINT('',(-4.809995835884,-27.81732395737));
#2181 = CARTESIAN_POINT('',(-4.8118908358,-28.00866915821));
#2182 = CARTESIAN_POINT('',(-4.8118908358,-28.2000002));
#2183 = ( GEOMETRIC_REPRESENTATION_CONTEXT(2) 
PARAMETRIC_REPRESENTATION_CONTEXT() REPRESENTATION_CONTEXT('2D SPACE',''
  ) );
#2184 = ORIENTED_EDGE('',*,*,#2185,.T.);
#2185 = EDGE_CURVE('',#2040,#866,#2186,.T.);
#2186 = SEAM_CURVE('',#2187,(#2191,#2198),.PCURVE_S1.);
#2187 = LINE('',#2188,#2189);
#2188 = CARTESIAN_POINT('',(1.5,38.,4.2));
#2189 = VECTOR('',#2190,1.);
#2190 = DIRECTION('',(0.,-1.,0.));
#2191 = PCURVE('',#963,#2192);
#2192 = DEFINITIONAL_REPRESENTATION('',(#2193),#2197);
#2193 = LINE('',#2194,#2195);
#2194 = CARTESIAN_POINT('',(-6.28318530718,0.));
#2195 = VECTOR('',#2196,1.);
#2196 = DIRECTION('',(-0.,-1.));
#2197 = ( GEOMETRIC_REPRESENTATION_CONTEXT(2) 
PARAMETRIC_REPRESENTATION_CONTEXT() REPRESENTATION_CONTEXT('2D SPACE',''
  ) );
#2198 = PCURVE('',#963,#2199);
#2199 = DEFINITIONAL_REPRESENTATION('',(#2200),#2204);
#2200 = LINE('',#2201,#2202);
#2201 = CARTESIAN_POINT('',(-0.,0.));
#2202 = VECTOR('',#2203,1.);
#2203 = DIRECTION('',(-0.,-1.));
#2204 = ( GEOMETRIC_REPRESENTATION_CONTEXT(2) 
PARAMETRIC_REPRESENTATION_CONTEXT() REPRESENTATION_CONTEXT('2D SPACE',''
  ) );
#2205 = ORIENTED_EDGE('',*,*,#865,.T.);
#2206 = ORIENTED_EDGE('',*,*,#2185,.F.);
#2207 = ADVANCED_FACE('',(#2208,#2242,#2245,#2248),#1059,.F.);
#2208 = FACE_BOUND('',#2209,.T.);
#2209 = EDGE_LOOP('',(#2210,#2211,#2232,#2233,#2234,#2235,#2236,#2237,
    #2238,#2239,#2240,#2241));
#2210 = ORIENTED_EDGE('',*,*,#1042,.F.);
#2211 = ORIENTED_EDGE('',*,*,#2212,.T.);
#2212 = EDGE_CURVE('',#1043,#1665,#2213,.T.);
#2213 = SEAM_CURVE('',#2214,(#2218,#2225),.PCURVE_S1.);
#2214 = LINE('',#2215,#2216);
#2215 = CARTESIAN_POINT('',(15.1,0.,-24.0000002));
#2216 = VECTOR('',#2217,1.);
#2217 = DIRECTION('',(0.,0.,1.));
#2218 = PCURVE('',#1059,#2219);
#2219 = DEFINITIONAL_REPRESENTATION('',(#2220),#2224);
#2220 = LINE('',#2221,#2222);
#2221 = CARTESIAN_POINT('',(-6.28318530718,0.));
#2222 = VECTOR('',#2223,1.);
#2223 = DIRECTION('',(-0.,-1.));
#2224 = ( GEOMETRIC_REPRESENTATION_CONTEXT(2) 
PARAMETRIC_REPRESENTATION_CONTEXT() REPRESENTATION_CONTEXT('2D SPACE',''
  ) );
#2225 = PCURVE('',#1059,#2226);
#2226 = DEFINITIONAL_REPRESENTATION('',(#2227),#2231);
#2227 = LINE('',#2228,#2229);
#2228 = CARTESIAN_POINT('',(-0.,0.));
#2229 = VECTOR('',#2230,1.);
#2230 = DIRECTION('',(-0.,-1.));
#2231 = ( GEOMETRIC_REPRESENTATION_CONTEXT(2) 
PARAMETRIC_REPRESENTATION_CONTEXT() REPRESENTATION_CONTEXT('2D SPACE',''
  ) );
#2232 = ORIENTED_EDGE('',*,*,#1664,.F.);
#2233 = ORIENTED_EDGE('',*,*,#2212,.F.);
#2234 = ORIENTED_EDGE('',*,*,#1071,.F.);
#2235 = ORIENTED_EDGE('',*,*,#1637,.F.);
#2236 = ORIENTED_EDGE('',*,*,#1468,.F.);
#2237 = ORIENTED_EDGE('',*,*,#1422,.F.);
#2238 = ORIENTED_EDGE('',*,*,#1390,.T.);
#2239 = ORIENTED_EDGE('',*,*,#1343,.T.);
#2240 = ORIENTED_EDGE('',*,*,#1162,.F.);
#2241 = ORIENTED_EDGE('',*,*,#1138,.T.);
#2242 = FACE_BOUND('',#2243,.T.);
#2243 = EDGE_LOOP('',(#2244));
#2244 = ORIENTED_EDGE('',*,*,#1719,.F.);
#2245 = FACE_BOUND('',#2246,.T.);
#2246 = EDGE_LOOP('',(#2247));
#2247 = ORIENTED_EDGE('',*,*,#1867,.T.);
#2248 = FACE_BOUND('',#2249,.T.);
#2249 = EDGE_LOOP('',(#2250));
#2250 = ORIENTED_EDGE('',*,*,#2039,.T.);
#2251 = ( GEOMETRIC_REPRESENTATION_CONTEXT(3) 
GLOBAL_UNCERTAINTY_ASSIGNED_CONTEXT((#2255)) 
GLOBAL_UNIT_ASSIGNED_CONTEXT((#2252,#2253,#2254)) REPRESENTATION_CONTEXT
('Context #1','3D Context with UNIT and UNCERTAINTY') );
#2252 = ( LENGTH_UNIT() NAMED_UNIT(*) SI_UNIT(.MILLI.,.METRE.) );
#2253 = ( NAMED_UNIT(*) PLANE_ANGLE_UNIT() SI_UNIT($,.RADIAN.) );
#2254 = ( NAMED_UNIT(*) SI_UNIT($,.STERADIAN.) SOLID_ANGLE_UNIT() );
#2255 = UNCERTAINTY_MEASURE_WITH_UNIT(LENGTH_MEASURE(1.E-07),#2252,
  'distance_accuracy_value','confusion accuracy');
#2256 = PRODUCT_RELATED_PRODUCT_CATEGORY('part',$,(#7));
ENDSEC;
END-ISO-10303-21;
