ISO-10303-21;
HEADER;
FILE_DESCRIPTION(('Open CASCADE Model'),'2;1');
FILE_NAME('Open CASCADE Shape Model','2026-08-26T12:12:20',('Author'),(
    'Open CASCADE'),'Open CASCADE STEP processor 7.9','Open CASCADE 7.9'
  ,'Unknown');
FILE_SCHEMA(('AUTOMOTIVE_DESIGN { 1 0 10303 214 1 1 1 1 }'));
ENDSEC;
DATA;
#1 = APPLICATION_PROTOCOL_DEFINITION('international standard',
  'automotive_design',2000,#2);
#2 = APPLICATION_CONTEXT(
  'core data for automotive mechanical design processes');
#3 = SHAPE_DEFINITION_REPRESENTATION(#4,#10);
#4 = PRODUCT_DEFINITION_SHAPE('','',#5);
#5 = PRODUCT_DEFINITION('design','',#6,#9);
#6 = PRODUCT_DEFINITION_FORMATION('','',#7);
#7 = PRODUCT('Open CASCADE STEP translator 7.9 3',
  'Open CASCADE STEP translator 7.9 3','',(#8));
#8 = PRODUCT_CONTEXT('',#2,'mechanical');
#9 = PRODUCT_DEFINITION_CONTEXT('part definition',#2,'design');
#10 = ADVANCED_BREP_SHAPE_REPRESENTATION('',(#11,#15),#2137);
#11 = AXIS2_PLACEMENT_3D('',#12,#13,#14);
#12 = CARTESIAN_POINT('',(0.,0.,0.));
#13 = DIRECTION('',(0.,0.,1.));
#14 = DIRECTION('',(1.,0.,-0.));
#15 = MANIFOLD_SOLID_BREP('',#16);
#16 = CLOSED_SHELL('',(#17,#243,#398,#447,#494,#543,#675,#729,#1032,
    #1059,#1261,#1309,#1361,#1412,#1490,#1538,#1563,#1617,#1667,#1780,
    #1835,#1890,#1945,#2000,#2047,#2057,#2087,#2114,#2121,#2125,#2129,
    #2133));
#17 = ADVANCED_FACE('',(#18),#32,.F.);
#18 = FACE_BOUND('',#19,.F.);
#19 = EDGE_LOOP('',(#20,#55,#83,#111,#139,#167,#193,#219));
#20 = ORIENTED_EDGE('',*,*,#21,.F.);
#21 = EDGE_CURVE('',#22,#24,#26,.T.);
#22 = VERTEX_POINT('',#23);
#23 = CARTESIAN_POINT('',(-29.,-22.,46.));
#24 = VERTEX_POINT('',#25);
#25 = CARTESIAN_POINT('',(-29.,-15.,46.));
#26 = SURFACE_CURVE('',#27,(#31,#43),.PCURVE_S1.);
#27 = LINE('',#28,#29);
#28 = CARTESIAN_POINT('',(-29.,-27.,46.));
#29 = VECTOR('',#30,1.);
#30 = DIRECTION('',(0.,1.,0.));
#31 = PCURVE('',#32,#37);
#32 = PLANE('',#33);
#33 = AXIS2_PLACEMENT_3D('',#34,#35,#36);
#34 = CARTESIAN_POINT('',(-29.,-27.,0.));
#35 = DIRECTION('',(1.,0.,0.));
#36 = DIRECTION('',(0.,0.,1.));
#37 = DEFINITIONAL_REPRESENTATION('',(#38),#42);
#38 = LINE('',#39,#40);
#39 = CARTESIAN_POINT('',(46.,0.));
#40 = VECTOR('',#41,1.);
#41 = DIRECTION('',(0.,-1.));
#42 = ( GEOMETRIC_REPRESENTATION_CONTEXT(2) 
PARAMETRIC_REPRESENTATION_CONTEXT() REPRESENTATION_CONTEXT('2D SPACE',''
  ) );
#43 = PCURVE('',#44,#49);
#44 = PLANE('',#45);
#45 = AXIS2_PLACEMENT_3D('',#46,#47,#48);
#46 = CARTESIAN_POINT('',(-29.,-27.,46.));
#47 = DIRECTION('',(0.,0.,1.));
#48 = DIRECTION('',(1.,0.,0.));
#49 = DEFINITIONAL_REPRESENTATION('',(#50),#54);
#50 = LINE('',#51,#52);
#51 = CARTESIAN_POINT('',(0.,0.));
#52 = VECTOR('',#53,1.);
#53 = DIRECTION('',(0.,1.));
#54 = ( GEOMETRIC_REPRESENTATION_CONTEXT(2) 
PARAMETRIC_REPRESENTATION_CONTEXT() REPRESENTATION_CONTEXT('2D SPACE',''
  ) );
#55 = ORIENTED_EDGE('',*,*,#56,.F.);
#56 = EDGE_CURVE('',#57,#22,#59,.T.);
#57 = VERTEX_POINT('',#58);
#58 = CARTESIAN_POINT('',(-29.,-22.,0.));
#59 = SURFACE_CURVE('',#60,(#64,#71),.PCURVE_S1.);
#60 = LINE('',#61,#62);
#61 = CARTESIAN_POINT('',(-29.,-22.,0.));
#62 = VECTOR('',#63,1.);
#63 = DIRECTION('',(0.,0.,1.));
#64 = PCURVE('',#32,#65);
#65 = DEFINITIONAL_REPRESENTATION('',(#66),#70);
#66 = LINE('',#67,#68);
#67 = CARTESIAN_POINT('',(0.,-5.));
#68 = VECTOR('',#69,1.);
#69 = DIRECTION('',(1.,0.));
#70 = ( GEOMETRIC_REPRESENTATION_CONTEXT(2) 
PARAMETRIC_REPRESENTATION_CONTEXT() REPRESENTATION_CONTEXT('2D SPACE',''
  ) );
#71 = PCURVE('',#72,#77);
#72 = CYLINDRICAL_SURFACE('',#73,5.);
#73 = AXIS2_PLACEMENT_3D('',#74,#75,#76);
#74 = CARTESIAN_POINT('',(-24.,-22.,0.));
#75 = DIRECTION('',(0.,0.,1.));
#76 = DIRECTION('',(-1.,-0.,0.));
#77 = DEFINITIONAL_REPRESENTATION('',(#78),#82);
#78 = LINE('',#79,#80);
#79 = CARTESIAN_POINT('',(0.,0.));
#80 = VECTOR('',#81,1.);
#81 = DIRECTION('',(0.,1.));
#82 = ( GEOMETRIC_REPRESENTATION_CONTEXT(2) 
PARAMETRIC_REPRESENTATION_CONTEXT() REPRESENTATION_CONTEXT('2D SPACE',''
  ) );
#83 = ORIENTED_EDGE('',*,*,#84,.T.);
#84 = EDGE_CURVE('',#57,#85,#87,.T.);
#85 = VERTEX_POINT('',#86);
#86 = CARTESIAN_POINT('',(-29.,22.,0.));
#87 = SURFACE_CURVE('',#88,(#92,#99),.PCURVE_S1.);
#88 = LINE('',#89,#90);
#89 = CARTESIAN_POINT('',(-29.,-27.,0.));
#90 = VECTOR('',#91,1.);
#91 = DIRECTION('',(0.,1.,0.));
#92 = PCURVE('',#32,#93);
#93 = DEFINITIONAL_REPRESENTATION('',(#94),#98);
#94 = LINE('',#95,#96);
#95 = CARTESIAN_POINT('',(0.,0.));
#96 = VECTOR('',#97,1.);
#97 = DIRECTION('',(0.,-1.));
#98 = ( GEOMETRIC_REPRESENTATION_CONTEXT(2) 
PARAMETRIC_REPRESENTATION_CONTEXT() REPRESENTATION_CONTEXT('2D SPACE',''
  ) );
#99 = PCURVE('',#100,#105);
#100 = PLANE('',#101);
#101 = AXIS2_PLACEMENT_3D('',#102,#103,#104);
#102 = CARTESIAN_POINT('',(-29.,-27.,0.));
#103 = DIRECTION('',(0.,0.,1.));
#104 = DIRECTION('',(1.,0.,0.));
#105 = DEFINITIONAL_REPRESENTATION('',(#106),#110);
#106 = LINE('',#107,#108);
#107 = CARTESIAN_POINT('',(0.,0.));
#108 = VECTOR('',#109,1.);
#109 = DIRECTION('',(0.,1.));
#110 = ( GEOMETRIC_REPRESENTATION_CONTEXT(2) 
PARAMETRIC_REPRESENTATION_CONTEXT() REPRESENTATION_CONTEXT('2D SPACE',''
  ) );
#111 = ORIENTED_EDGE('',*,*,#112,.T.);
#112 = EDGE_CURVE('',#85,#113,#115,.T.);
#113 = VERTEX_POINT('',#114);
#114 = CARTESIAN_POINT('',(-29.,22.,46.));
#115 = SURFACE_CURVE('',#116,(#120,#127),.PCURVE_S1.);
#116 = LINE('',#117,#118);
#117 = CARTESIAN_POINT('',(-29.,22.,0.));
#118 = VECTOR('',#119,1.);
#119 = DIRECTION('',(0.,0.,1.));
#120 = PCURVE('',#32,#121);
#121 = DEFINITIONAL_REPRESENTATION('',(#122),#126);
#122 = LINE('',#123,#124);
#123 = CARTESIAN_POINT('',(0.,-49.));
#124 = VECTOR('',#125,1.);
#125 = DIRECTION('',(1.,0.));
#126 = ( GEOMETRIC_REPRESENTATION_CONTEXT(2) 
PARAMETRIC_REPRESENTATION_CONTEXT() REPRESENTATION_CONTEXT('2D SPACE',''
  ) );
#127 = PCURVE('',#128,#133);
#128 = CYLINDRICAL_SURFACE('',#129,5.);
#129 = AXIS2_PLACEMENT_3D('',#130,#131,#132);
#130 = CARTESIAN_POINT('',(-24.,22.,0.));
#131 = DIRECTION('',(0.,0.,1.));
#132 = DIRECTION('',(-1.,-0.,0.));
#133 = DEFINITIONAL_REPRESENTATION('',(#134),#138);
#134 = LINE('',#135,#136);
#135 = CARTESIAN_POINT('',(-0.,0.));
#136 = VECTOR('',#137,1.);
#137 = DIRECTION('',(-0.,1.));
#138 = ( GEOMETRIC_REPRESENTATION_CONTEXT(2) 
PARAMETRIC_REPRESENTATION_CONTEXT() REPRESENTATION_CONTEXT('2D SPACE',''
  ) );
#139 = ORIENTED_EDGE('',*,*,#140,.F.);
#140 = EDGE_CURVE('',#141,#113,#143,.T.);
#141 = VERTEX_POINT('',#142);
#142 = CARTESIAN_POINT('',(-29.,15.,46.));
#143 = SURFACE_CURVE('',#144,(#148,#155),.PCURVE_S1.);
#144 = LINE('',#145,#146);
#145 = CARTESIAN_POINT('',(-29.,-27.,46.));
#146 = VECTOR('',#147,1.);
#147 = DIRECTION('',(0.,1.,0.));
#148 = PCURVE('',#32,#149);
#149 = DEFINITIONAL_REPRESENTATION('',(#150),#154);
#150 = LINE('',#151,#152);
#151 = CARTESIAN_POINT('',(46.,0.));
#152 = VECTOR('',#153,1.);
#153 = DIRECTION('',(0.,-1.));
#154 = ( GEOMETRIC_REPRESENTATION_CONTEXT(2) 
PARAMETRIC_REPRESENTATION_CONTEXT() REPRESENTATION_CONTEXT('2D SPACE',''
  ) );
#155 = PCURVE('',#156,#161);
#156 = PLANE('',#157);
#157 = AXIS2_PLACEMENT_3D('',#158,#159,#160);
#158 = CARTESIAN_POINT('',(-29.,-27.,46.));
#159 = DIRECTION('',(0.,0.,1.));
#160 = DIRECTION('',(1.,0.,0.));
#161 = DEFINITIONAL_REPRESENTATION('',(#162),#166);
#162 = LINE('',#163,#164);
#163 = CARTESIAN_POINT('',(0.,0.));
#164 = VECTOR('',#165,1.);
#165 = DIRECTION('',(0.,1.));
#166 = ( GEOMETRIC_REPRESENTATION_CONTEXT(2) 
PARAMETRIC_REPRESENTATION_CONTEXT() REPRESENTATION_CONTEXT('2D SPACE',''
  ) );
#167 = ORIENTED_EDGE('',*,*,#168,.F.);
#168 = EDGE_CURVE('',#169,#141,#171,.T.);
#169 = VERTEX_POINT('',#170);
#170 = CARTESIAN_POINT('',(-29.,15.,16.));
#171 = SURFACE_CURVE('',#172,(#176,#182),.PCURVE_S1.);
#172 = LINE('',#173,#174);
#173 = CARTESIAN_POINT('',(-29.,15.,8.));
#174 = VECTOR('',#175,1.);
#175 = DIRECTION('',(0.,0.,1.));
#176 = PCURVE('',#32,#177);
#177 = DEFINITIONAL_REPRESENTATION('',(#178),#181);
#178 = B_SPLINE_CURVE_WITH_KNOTS('',1,(#179,#180),.UNSPECIFIED.,.F.,.F.,
  (2,2),(8.,38.),.PIECEWISE_BEZIER_KNOTS.);
#179 = CARTESIAN_POINT('',(16.,-42.));
#180 = CARTESIAN_POINT('',(46.,-42.));
#181 = ( GEOMETRIC_REPRESENTATION_CONTEXT(2) 
PARAMETRIC_REPRESENTATION_CONTEXT() REPRESENTATION_CONTEXT('2D SPACE',''
  ) );
#182 = PCURVE('',#183,#188);
#183 = PLANE('',#184);
#184 = AXIS2_PLACEMENT_3D('',#185,#186,#187);
#185 = CARTESIAN_POINT('',(-30.,15.,16.));
#186 = DIRECTION('',(0.,1.,0.));
#187 = DIRECTION('',(0.,0.,1.));
#188 = DEFINITIONAL_REPRESENTATION('',(#189),#192);
#189 = B_SPLINE_CURVE_WITH_KNOTS('',1,(#190,#191),.UNSPECIFIED.,.F.,.F.,
  (2,2),(8.,38.),.PIECEWISE_BEZIER_KNOTS.);
#190 = CARTESIAN_POINT('',(0.,1.));
#191 = CARTESIAN_POINT('',(30.,1.));
#192 = ( GEOMETRIC_REPRESENTATION_CONTEXT(2) 
PARAMETRIC_REPRESENTATION_CONTEXT() REPRESENTATION_CONTEXT('2D SPACE',''
  ) );
#193 = ORIENTED_EDGE('',*,*,#194,.T.);
#194 = EDGE_CURVE('',#169,#195,#197,.T.);
#195 = VERTEX_POINT('',#196);
#196 = CARTESIAN_POINT('',(-29.,-15.,16.));
#197 = SURFACE_CURVE('',#198,(#202,#208),.PCURVE_S1.);
#198 = LINE('',#199,#200);
#199 = CARTESIAN_POINT('',(-29.,-21.,16.));
#200 = VECTOR('',#201,1.);
#201 = DIRECTION('',(0.,-1.,0.));
#202 = PCURVE('',#32,#203);
#203 = DEFINITIONAL_REPRESENTATION('',(#204),#207);
#204 = B_SPLINE_CURVE_WITH_KNOTS('',1,(#205,#206),.UNSPECIFIED.,.F.,.F.,
  (2,2),(-36.,-6.),.PIECEWISE_BEZIER_KNOTS.);
#205 = CARTESIAN_POINT('',(16.,-42.));
#206 = CARTESIAN_POINT('',(16.,-12.));
#207 = ( GEOMETRIC_REPRESENTATION_CONTEXT(2) 
PARAMETRIC_REPRESENTATION_CONTEXT() REPRESENTATION_CONTEXT('2D SPACE',''
  ) );
#208 = PCURVE('',#209,#214);
#209 = PLANE('',#210);
#210 = AXIS2_PLACEMENT_3D('',#211,#212,#213);
#211 = CARTESIAN_POINT('',(-30.,-15.,16.));
#212 = DIRECTION('',(0.,0.,1.));
#213 = DIRECTION('',(1.,0.,0.));
#214 = DEFINITIONAL_REPRESENTATION('',(#215),#218);
#215 = B_SPLINE_CURVE_WITH_KNOTS('',1,(#216,#217),.UNSPECIFIED.,.F.,.F.,
  (2,2),(-36.,-6.),.PIECEWISE_BEZIER_KNOTS.);
#216 = CARTESIAN_POINT('',(1.,30.));
#217 = CARTESIAN_POINT('',(1.,0.));
#218 = ( GEOMETRIC_REPRESENTATION_CONTEXT(2) 
PARAMETRIC_REPRESENTATION_CONTEXT() REPRESENTATION_CONTEXT('2D SPACE',''
  ) );
#219 = ORIENTED_EDGE('',*,*,#220,.T.);
#220 = EDGE_CURVE('',#195,#24,#221,.T.);
#221 = SURFACE_CURVE('',#222,(#226,#232),.PCURVE_S1.);
#222 = LINE('',#223,#224);
#223 = CARTESIAN_POINT('',(-29.,-15.,8.));
#224 = VECTOR('',#225,1.);
#225 = DIRECTION('',(0.,0.,1.));
#226 = PCURVE('',#32,#227);
#227 = DEFINITIONAL_REPRESENTATION('',(#228),#231);
#228 = B_SPLINE_CURVE_WITH_KNOTS('',1,(#229,#230),.UNSPECIFIED.,.F.,.F.,
  (2,2),(8.,38.),.PIECEWISE_BEZIER_KNOTS.);
#229 = CARTESIAN_POINT('',(16.,-12.));
#230 = CARTESIAN_POINT('',(46.,-12.));
#231 = ( GEOMETRIC_REPRESENTATION_CONTEXT(2) 
PARAMETRIC_REPRESENTATION_CONTEXT() REPRESENTATION_CONTEXT('2D SPACE',''
  ) );
#232 = PCURVE('',#233,#238);
#233 = PLANE('',#234);
#234 = AXIS2_PLACEMENT_3D('',#235,#236,#237);
#235 = CARTESIAN_POINT('',(-30.,-15.,16.));
#236 = DIRECTION('',(0.,1.,0.));
#237 = DIRECTION('',(0.,0.,1.));
#238 = DEFINITIONAL_REPRESENTATION('',(#239),#242);
#239 = B_SPLINE_CURVE_WITH_KNOTS('',1,(#240,#241),.UNSPECIFIED.,.F.,.F.,
  (2,2),(8.,38.),.PIECEWISE_BEZIER_KNOTS.);
#240 = CARTESIAN_POINT('',(0.,1.));
#241 = CARTESIAN_POINT('',(30.,1.));
#242 = ( GEOMETRIC_REPRESENTATION_CONTEXT(2) 
PARAMETRIC_REPRESENTATION_CONTEXT() REPRESENTATION_CONTEXT('2D SPACE',''
  ) );
#243 = ADVANCED_FACE('',(#244),#44,.T.);
#244 = FACE_BOUND('',#245,.T.);
#245 = EDGE_LOOP('',(#246,#247,#271,#299,#325,#351,#377));
#246 = ORIENTED_EDGE('',*,*,#21,.F.);
#247 = ORIENTED_EDGE('',*,*,#248,.T.);
#248 = EDGE_CURVE('',#22,#249,#251,.T.);
#249 = VERTEX_POINT('',#250);
#250 = CARTESIAN_POINT('',(-24.,-27.,46.));
#251 = SURFACE_CURVE('',#252,(#257,#264),.PCURVE_S1.);
#252 = CIRCLE('',#253,5.);
#253 = AXIS2_PLACEMENT_3D('',#254,#255,#256);
#254 = CARTESIAN_POINT('',(-24.,-22.,46.));
#255 = DIRECTION('',(0.,0.,1.));
#256 = DIRECTION('',(0.,-1.,0.));
#257 = PCURVE('',#44,#258);
#258 = DEFINITIONAL_REPRESENTATION('',(#259),#263);
#259 = CIRCLE('',#260,5.);
#260 = AXIS2_PLACEMENT_2D('',#261,#262);
#261 = CARTESIAN_POINT('',(5.,5.));
#262 = DIRECTION('',(0.,-1.));
#263 = ( GEOMETRIC_REPRESENTATION_CONTEXT(2) 
PARAMETRIC_REPRESENTATION_CONTEXT() REPRESENTATION_CONTEXT('2D SPACE',''
  ) );
#264 = PCURVE('',#72,#265);
#265 = DEFINITIONAL_REPRESENTATION('',(#266),#270);
#266 = LINE('',#267,#268);
#267 = CARTESIAN_POINT('',(-4.712388980385,46.));
#268 = VECTOR('',#269,1.);
#269 = DIRECTION('',(1.,0.));
#270 = ( GEOMETRIC_REPRESENTATION_CONTEXT(2) 
PARAMETRIC_REPRESENTATION_CONTEXT() REPRESENTATION_CONTEXT('2D SPACE',''
  ) );
#271 = ORIENTED_EDGE('',*,*,#272,.T.);
#272 = EDGE_CURVE('',#249,#273,#275,.T.);
#273 = VERTEX_POINT('',#274);
#274 = CARTESIAN_POINT('',(-13.60147050873,-27.,46.));
#275 = SURFACE_CURVE('',#276,(#280,#287),.PCURVE_S1.);
#276 = LINE('',#277,#278);
#277 = CARTESIAN_POINT('',(-29.,-27.,46.));
#278 = VECTOR('',#279,1.);
#279 = DIRECTION('',(1.,0.,0.));
#280 = PCURVE('',#44,#281);
#281 = DEFINITIONAL_REPRESENTATION('',(#282),#286);
#282 = LINE('',#283,#284);
#283 = CARTESIAN_POINT('',(0.,0.));
#284 = VECTOR('',#285,1.);
#285 = DIRECTION('',(1.,0.));
#286 = ( GEOMETRIC_REPRESENTATION_CONTEXT(2) 
PARAMETRIC_REPRESENTATION_CONTEXT() REPRESENTATION_CONTEXT('2D SPACE',''
  ) );
#287 = PCURVE('',#288,#293);
#288 = PLANE('',#289);
#289 = AXIS2_PLACEMENT_3D('',#290,#291,#292);
#290 = CARTESIAN_POINT('',(-29.,-27.,0.));
#291 = DIRECTION('',(0.,1.,0.));
#292 = DIRECTION('',(0.,0.,1.));
#293 = DEFINITIONAL_REPRESENTATION('',(#294),#298);
#294 = LINE('',#295,#296);
#295 = CARTESIAN_POINT('',(46.,0.));
#296 = VECTOR('',#297,1.);
#297 = DIRECTION('',(0.,1.));
#298 = ( GEOMETRIC_REPRESENTATION_CONTEXT(2) 
PARAMETRIC_REPRESENTATION_CONTEXT() REPRESENTATION_CONTEXT('2D SPACE',''
  ) );
#299 = ORIENTED_EDGE('',*,*,#300,.T.);
#300 = EDGE_CURVE('',#273,#301,#303,.T.);
#301 = VERTEX_POINT('',#302);
#302 = CARTESIAN_POINT('',(-13.60147050873,-20.01,46.));
#303 = SURFACE_CURVE('',#304,(#308,#314),.PCURVE_S1.);
#304 = LINE('',#305,#306);
#305 = CARTESIAN_POINT('',(-13.60147050873,-20.01,46.));
#306 = VECTOR('',#307,1.);
#307 = DIRECTION('',(-0.,1.,-0.));
#308 = PCURVE('',#44,#309);
#309 = DEFINITIONAL_REPRESENTATION('',(#310),#313);
#310 = B_SPLINE_CURVE_WITH_KNOTS('',1,(#311,#312),.UNSPECIFIED.,.F.,.F.,
  (2,2),(-7.0000006,5.999999999062E-07),.PIECEWISE_BEZIER_KNOTS.);
#311 = CARTESIAN_POINT('',(15.398529491265,-1.00006E-02));
#312 = CARTESIAN_POINT('',(15.398529491265,6.9900006));
#313 = ( GEOMETRIC_REPRESENTATION_CONTEXT(2) 
PARAMETRIC_REPRESENTATION_CONTEXT() REPRESENTATION_CONTEXT('2D SPACE',''
  ) );
#314 = PCURVE('',#315,#320);
#315 = CYLINDRICAL_SURFACE('',#316,21.);
#316 = AXIS2_PLACEMENT_3D('',#317,#318,#319);
#317 = CARTESIAN_POINT('',(0.,-20.01,30.));
#318 = DIRECTION('',(-0.,1.,-0.));
#319 = DIRECTION('',(1.,0.,0.));
#320 = DEFINITIONAL_REPRESENTATION('',(#321),#324);
#321 = B_SPLINE_CURVE_WITH_KNOTS('',1,(#322,#323),.UNSPECIFIED.,.F.,.F.,
  (2,2),(-6.99,0.),.PIECEWISE_BEZIER_KNOTS.);
#322 = CARTESIAN_POINT('',(-2.275343745248,-6.99));
#323 = CARTESIAN_POINT('',(-2.275343745248,0.));
#324 = ( GEOMETRIC_REPRESENTATION_CONTEXT(2) 
PARAMETRIC_REPRESENTATION_CONTEXT() REPRESENTATION_CONTEXT('2D SPACE',''
  ) );
#325 = ORIENTED_EDGE('',*,*,#326,.T.);
#326 = EDGE_CURVE('',#301,#327,#329,.T.);
#327 = VERTEX_POINT('',#328);
#328 = CARTESIAN_POINT('',(-10.24695076596,-20.01,46.));
#329 = SURFACE_CURVE('',#330,(#334,#340),.PCURVE_S1.);
#330 = LINE('',#331,#332);
#331 = CARTESIAN_POINT('',(-14.5,-20.01,46.));
#332 = VECTOR('',#333,1.);
#333 = DIRECTION('',(1.,0.,0.));
#334 = PCURVE('',#44,#335);
#335 = DEFINITIONAL_REPRESENTATION('',(#336),#339);
#336 = B_SPLINE_CURVE_WITH_KNOTS('',1,(#337,#338),.UNSPECIFIED.,.F.,.F.,
  (2,2),(-6.5,4.25304923404),.PIECEWISE_BEZIER_KNOTS.);
#337 = CARTESIAN_POINT('',(8.,6.99));
#338 = CARTESIAN_POINT('',(18.75304923404,6.99));
#339 = ( GEOMETRIC_REPRESENTATION_CONTEXT(2) 
PARAMETRIC_REPRESENTATION_CONTEXT() REPRESENTATION_CONTEXT('2D SPACE',''
  ) );
#340 = PCURVE('',#341,#346);
#341 = PLANE('',#342);
#342 = AXIS2_PLACEMENT_3D('',#343,#344,#345);
#343 = CARTESIAN_POINT('',(-1.041859148601E-15,-20.01,30.));
#344 = DIRECTION('',(-0.,-1.,-0.));
#345 = DIRECTION('',(0.,0.,-1.));
#346 = DEFINITIONAL_REPRESENTATION('',(#347),#350);
#347 = B_SPLINE_CURVE_WITH_KNOTS('',1,(#348,#349),.UNSPECIFIED.,.F.,.F.,
  (2,2),(-6.5,4.25304923404),.PIECEWISE_BEZIER_KNOTS.);
#348 = CARTESIAN_POINT('',(-16.,-21.));
#349 = CARTESIAN_POINT('',(-16.,-10.24695076596));
#350 = ( GEOMETRIC_REPRESENTATION_CONTEXT(2) 
PARAMETRIC_REPRESENTATION_CONTEXT() REPRESENTATION_CONTEXT('2D SPACE',''
  ) );
#351 = ORIENTED_EDGE('',*,*,#352,.T.);
#352 = EDGE_CURVE('',#327,#353,#355,.T.);
#353 = VERTEX_POINT('',#354);
#354 = CARTESIAN_POINT('',(-10.24695076596,-15.,46.));
#355 = SURFACE_CURVE('',#356,(#360,#366),.PCURVE_S1.);
#356 = LINE('',#357,#358);
#357 = CARTESIAN_POINT('',(-10.24695076596,28.,46.));
#358 = VECTOR('',#359,1.);
#359 = DIRECTION('',(-0.,1.,-0.));
#360 = PCURVE('',#44,#361);
#361 = DEFINITIONAL_REPRESENTATION('',(#362),#365);
#362 = B_SPLINE_CURVE_WITH_KNOTS('',1,(#363,#364),.UNSPECIFIED.,.F.,.F.,
  (2,2),(-56.0000006,-41.8),.PIECEWISE_BEZIER_KNOTS.);
#363 = CARTESIAN_POINT('',(18.75304923404,-1.0000006));
#364 = CARTESIAN_POINT('',(18.75304923404,13.2));
#365 = ( GEOMETRIC_REPRESENTATION_CONTEXT(2) 
PARAMETRIC_REPRESENTATION_CONTEXT() REPRESENTATION_CONTEXT('2D SPACE',''
  ) );
#366 = PCURVE('',#367,#372);
#367 = CYLINDRICAL_SURFACE('',#368,19.);
#368 = AXIS2_PLACEMENT_3D('',#369,#370,#371);
#369 = CARTESIAN_POINT('',(0.,28.,30.));
#370 = DIRECTION('',(-0.,1.,-0.));
#371 = DIRECTION('',(1.,0.,0.));
#372 = DEFINITIONAL_REPRESENTATION('',(#373),#376);
#373 = B_SPLINE_CURVE_WITH_KNOTS('',1,(#374,#375),.UNSPECIFIED.,.F.,.F.,
  (2,2),(-55.,-43.),.PIECEWISE_BEZIER_KNOTS.);
#374 = CARTESIAN_POINT('',(-2.140417645868,-55.));
#375 = CARTESIAN_POINT('',(-2.140417645868,-43.));
#376 = ( GEOMETRIC_REPRESENTATION_CONTEXT(2) 
PARAMETRIC_REPRESENTATION_CONTEXT() REPRESENTATION_CONTEXT('2D SPACE',''
  ) );
#377 = ORIENTED_EDGE('',*,*,#378,.F.);
#378 = EDGE_CURVE('',#24,#353,#379,.T.);
#379 = SURFACE_CURVE('',#380,(#384,#391),.PCURVE_S1.);
#380 = LINE('',#381,#382);
#381 = CARTESIAN_POINT('',(-30.,-15.,46.));
#382 = VECTOR('',#383,1.);
#383 = DIRECTION('',(1.,0.,0.));
#384 = PCURVE('',#44,#385);
#385 = DEFINITIONAL_REPRESENTATION('',(#386),#390);
#386 = LINE('',#387,#388);
#387 = CARTESIAN_POINT('',(-1.,12.));
#388 = VECTOR('',#389,1.);
#389 = DIRECTION('',(1.,0.));
#390 = ( GEOMETRIC_REPRESENTATION_CONTEXT(2) 
PARAMETRIC_REPRESENTATION_CONTEXT() REPRESENTATION_CONTEXT('2D SPACE',''
  ) );
#391 = PCURVE('',#233,#392);
#392 = DEFINITIONAL_REPRESENTATION('',(#393),#397);
#393 = LINE('',#394,#395);
#394 = CARTESIAN_POINT('',(30.,0.));
#395 = VECTOR('',#396,1.);
#396 = DIRECTION('',(0.,1.));
#397 = ( GEOMETRIC_REPRESENTATION_CONTEXT(2) 
PARAMETRIC_REPRESENTATION_CONTEXT() REPRESENTATION_CONTEXT('2D SPACE',''
  ) );
#398 = ADVANCED_FACE('',(#399),#233,.T.);
#399 = FACE_BOUND('',#400,.T.);
#400 = EDGE_LOOP('',(#401,#424,#425,#426));
#401 = ORIENTED_EDGE('',*,*,#402,.F.);
#402 = EDGE_CURVE('',#195,#403,#405,.T.);
#403 = VERTEX_POINT('',#404);
#404 = CARTESIAN_POINT('',(-12.84523257866,-15.,16.));
#405 = SURFACE_CURVE('',#406,(#410,#417),.PCURVE_S1.);
#406 = LINE('',#407,#408);
#407 = CARTESIAN_POINT('',(-30.,-15.,16.));
#408 = VECTOR('',#409,1.);
#409 = DIRECTION('',(1.,0.,0.));
#410 = PCURVE('',#233,#411);
#411 = DEFINITIONAL_REPRESENTATION('',(#412),#416);
#412 = LINE('',#413,#414);
#413 = CARTESIAN_POINT('',(0.,0.));
#414 = VECTOR('',#415,1.);
#415 = DIRECTION('',(0.,1.));
#416 = ( GEOMETRIC_REPRESENTATION_CONTEXT(2) 
PARAMETRIC_REPRESENTATION_CONTEXT() REPRESENTATION_CONTEXT('2D SPACE',''
  ) );
#417 = PCURVE('',#209,#418);
#418 = DEFINITIONAL_REPRESENTATION('',(#419),#423);
#419 = LINE('',#420,#421);
#420 = CARTESIAN_POINT('',(0.,0.));
#421 = VECTOR('',#422,1.);
#422 = DIRECTION('',(1.,0.));
#423 = ( GEOMETRIC_REPRESENTATION_CONTEXT(2) 
PARAMETRIC_REPRESENTATION_CONTEXT() REPRESENTATION_CONTEXT('2D SPACE',''
  ) );
#424 = ORIENTED_EDGE('',*,*,#220,.T.);
#425 = ORIENTED_EDGE('',*,*,#378,.T.);
#426 = ORIENTED_EDGE('',*,*,#427,.F.);
#427 = EDGE_CURVE('',#403,#353,#428,.T.);
#428 = SURFACE_CURVE('',#429,(#434,#441),.PCURVE_S1.);
#429 = CIRCLE('',#430,19.);
#430 = AXIS2_PLACEMENT_3D('',#431,#432,#433);
#431 = CARTESIAN_POINT('',(0.,-15.,30.));
#432 = DIRECTION('',(-0.,1.,0.));
#433 = DIRECTION('',(1.,0.,0.));
#434 = PCURVE('',#233,#435);
#435 = DEFINITIONAL_REPRESENTATION('',(#436),#440);
#436 = CIRCLE('',#437,19.);
#437 = AXIS2_PLACEMENT_2D('',#438,#439);
#438 = CARTESIAN_POINT('',(14.,30.));
#439 = DIRECTION('',(0.,1.));
#440 = ( GEOMETRIC_REPRESENTATION_CONTEXT(2) 
PARAMETRIC_REPRESENTATION_CONTEXT() REPRESENTATION_CONTEXT('2D SPACE',''
  ) );
#441 = PCURVE('',#367,#442);
#442 = DEFINITIONAL_REPRESENTATION('',(#443),#446);
#443 = B_SPLINE_CURVE_WITH_KNOTS('',1,(#444,#445),.UNSPECIFIED.,.F.,.F.,
  (2,2),(2.313205256815,4.142767661312),.PIECEWISE_BEZIER_KNOTS.);
#444 = CARTESIAN_POINT('',(-3.969980050364,-43.));
#445 = CARTESIAN_POINT('',(-2.140417645868,-43.));
#446 = ( GEOMETRIC_REPRESENTATION_CONTEXT(2) 
PARAMETRIC_REPRESENTATION_CONTEXT() REPRESENTATION_CONTEXT('2D SPACE',''
  ) );
#447 = ADVANCED_FACE('',(#448),#209,.T.);
#448 = FACE_BOUND('',#449,.T.);
#449 = EDGE_LOOP('',(#450,#473,#474,#475));
#450 = ORIENTED_EDGE('',*,*,#451,.F.);
#451 = EDGE_CURVE('',#169,#452,#454,.T.);
#452 = VERTEX_POINT('',#453);
#453 = CARTESIAN_POINT('',(-12.84523257866,15.,16.));
#454 = SURFACE_CURVE('',#455,(#459,#466),.PCURVE_S1.);
#455 = LINE('',#456,#457);
#456 = CARTESIAN_POINT('',(-30.,15.,16.));
#457 = VECTOR('',#458,1.);
#458 = DIRECTION('',(1.,0.,0.));
#459 = PCURVE('',#209,#460);
#460 = DEFINITIONAL_REPRESENTATION('',(#461),#465);
#461 = LINE('',#462,#463);
#462 = CARTESIAN_POINT('',(0.,30.));
#463 = VECTOR('',#464,1.);
#464 = DIRECTION('',(1.,0.));
#465 = ( GEOMETRIC_REPRESENTATION_CONTEXT(2) 
PARAMETRIC_REPRESENTATION_CONTEXT() REPRESENTATION_CONTEXT('2D SPACE',''
  ) );
#466 = PCURVE('',#183,#467);
#467 = DEFINITIONAL_REPRESENTATION('',(#468),#472);
#468 = LINE('',#469,#470);
#469 = CARTESIAN_POINT('',(0.,0.));
#470 = VECTOR('',#471,1.);
#471 = DIRECTION('',(0.,1.));
#472 = ( GEOMETRIC_REPRESENTATION_CONTEXT(2) 
PARAMETRIC_REPRESENTATION_CONTEXT() REPRESENTATION_CONTEXT('2D SPACE',''
  ) );
#473 = ORIENTED_EDGE('',*,*,#194,.T.);
#474 = ORIENTED_EDGE('',*,*,#402,.T.);
#475 = ORIENTED_EDGE('',*,*,#476,.T.);
#476 = EDGE_CURVE('',#403,#452,#477,.T.);
#477 = SURFACE_CURVE('',#478,(#482,#488),.PCURVE_S1.);
#478 = LINE('',#479,#480);
#479 = CARTESIAN_POINT('',(-12.84523257866,28.,16.));
#480 = VECTOR('',#481,1.);
#481 = DIRECTION('',(-0.,1.,-0.));
#482 = PCURVE('',#209,#483);
#483 = DEFINITIONAL_REPRESENTATION('',(#484),#487);
#484 = B_SPLINE_CURVE_WITH_KNOTS('',1,(#485,#486),.UNSPECIFIED.,.F.,.F.,
  (2,2),(-46.,-10.),.PIECEWISE_BEZIER_KNOTS.);
#485 = CARTESIAN_POINT('',(17.154767421335,-3.));
#486 = CARTESIAN_POINT('',(17.154767421335,33.));
#487 = ( GEOMETRIC_REPRESENTATION_CONTEXT(2) 
PARAMETRIC_REPRESENTATION_CONTEXT() REPRESENTATION_CONTEXT('2D SPACE',''
  ) );
#488 = PCURVE('',#367,#489);
#489 = DEFINITIONAL_REPRESENTATION('',(#490),#493);
#490 = B_SPLINE_CURVE_WITH_KNOTS('',1,(#491,#492),.UNSPECIFIED.,.F.,.F.,
  (2,2),(-43.,-13.),.PIECEWISE_BEZIER_KNOTS.);
#491 = CARTESIAN_POINT('',(-3.969980050364,-43.));
#492 = CARTESIAN_POINT('',(-3.969980050364,-13.));
#493 = ( GEOMETRIC_REPRESENTATION_CONTEXT(2) 
PARAMETRIC_REPRESENTATION_CONTEXT() REPRESENTATION_CONTEXT('2D SPACE',''
  ) );
#494 = ADVANCED_FACE('',(#495),#183,.F.);
#495 = FACE_BOUND('',#496,.F.);
#496 = EDGE_LOOP('',(#497,#498,#499,#522));
#497 = ORIENTED_EDGE('',*,*,#451,.F.);
#498 = ORIENTED_EDGE('',*,*,#168,.T.);
#499 = ORIENTED_EDGE('',*,*,#500,.T.);
#500 = EDGE_CURVE('',#141,#501,#503,.T.);
#501 = VERTEX_POINT('',#502);
#502 = CARTESIAN_POINT('',(-10.24695076596,15.,46.));
#503 = SURFACE_CURVE('',#504,(#508,#515),.PCURVE_S1.);
#504 = LINE('',#505,#506);
#505 = CARTESIAN_POINT('',(-30.,15.,46.));
#506 = VECTOR('',#507,1.);
#507 = DIRECTION('',(1.,0.,0.));
#508 = PCURVE('',#183,#509);
#509 = DEFINITIONAL_REPRESENTATION('',(#510),#514);
#510 = LINE('',#511,#512);
#511 = CARTESIAN_POINT('',(30.,0.));
#512 = VECTOR('',#513,1.);
#513 = DIRECTION('',(0.,1.));
#514 = ( GEOMETRIC_REPRESENTATION_CONTEXT(2) 
PARAMETRIC_REPRESENTATION_CONTEXT() REPRESENTATION_CONTEXT('2D SPACE',''
  ) );
#515 = PCURVE('',#156,#516);
#516 = DEFINITIONAL_REPRESENTATION('',(#517),#521);
#517 = LINE('',#518,#519);
#518 = CARTESIAN_POINT('',(-1.,42.));
#519 = VECTOR('',#520,1.);
#520 = DIRECTION('',(1.,0.));
#521 = ( GEOMETRIC_REPRESENTATION_CONTEXT(2) 
PARAMETRIC_REPRESENTATION_CONTEXT() REPRESENTATION_CONTEXT('2D SPACE',''
  ) );
#522 = ORIENTED_EDGE('',*,*,#523,.F.);
#523 = EDGE_CURVE('',#452,#501,#524,.T.);
#524 = SURFACE_CURVE('',#525,(#530,#537),.PCURVE_S1.);
#525 = CIRCLE('',#526,19.);
#526 = AXIS2_PLACEMENT_3D('',#527,#528,#529);
#527 = CARTESIAN_POINT('',(0.,15.,30.));
#528 = DIRECTION('',(-0.,1.,0.));
#529 = DIRECTION('',(1.,0.,0.));
#530 = PCURVE('',#183,#531);
#531 = DEFINITIONAL_REPRESENTATION('',(#532),#536);
#532 = CIRCLE('',#533,19.);
#533 = AXIS2_PLACEMENT_2D('',#534,#535);
#534 = CARTESIAN_POINT('',(14.,30.));
#535 = DIRECTION('',(0.,1.));
#536 = ( GEOMETRIC_REPRESENTATION_CONTEXT(2) 
PARAMETRIC_REPRESENTATION_CONTEXT() REPRESENTATION_CONTEXT('2D SPACE',''
  ) );
#537 = PCURVE('',#367,#538);
#538 = DEFINITIONAL_REPRESENTATION('',(#539),#542);
#539 = B_SPLINE_CURVE_WITH_KNOTS('',1,(#540,#541),.UNSPECIFIED.,.F.,.F.,
  (2,2),(2.313205256815,4.142767661312),.PIECEWISE_BEZIER_KNOTS.);
#540 = CARTESIAN_POINT('',(-3.969980050364,-13.));
#541 = CARTESIAN_POINT('',(-2.140417645868,-13.));
#542 = ( GEOMETRIC_REPRESENTATION_CONTEXT(2) 
PARAMETRIC_REPRESENTATION_CONTEXT() REPRESENTATION_CONTEXT('2D SPACE',''
  ) );
#543 = ADVANCED_FACE('',(#544),#156,.T.);
#544 = FACE_BOUND('',#545,.T.);
#545 = EDGE_LOOP('',(#546,#547,#548,#569,#595,#621,#649));
#546 = ORIENTED_EDGE('',*,*,#140,.F.);
#547 = ORIENTED_EDGE('',*,*,#500,.T.);
#548 = ORIENTED_EDGE('',*,*,#549,.T.);
#549 = EDGE_CURVE('',#501,#550,#552,.T.);
#550 = VERTEX_POINT('',#551);
#551 = CARTESIAN_POINT('',(-10.24695076596,20.01,46.));
#552 = SURFACE_CURVE('',#553,(#557,#563),.PCURVE_S1.);
#553 = LINE('',#554,#555);
#554 = CARTESIAN_POINT('',(-10.24695076596,28.,46.));
#555 = VECTOR('',#556,1.);
#556 = DIRECTION('',(-0.,1.,-0.));
#557 = PCURVE('',#156,#558);
#558 = DEFINITIONAL_REPRESENTATION('',(#559),#562);
#559 = B_SPLINE_CURVE_WITH_KNOTS('',1,(#560,#561),.UNSPECIFIED.,.F.,.F.,
  (2,2),(-14.2,5.999999999062E-07),.PIECEWISE_BEZIER_KNOTS.);
#560 = CARTESIAN_POINT('',(18.75304923404,40.8));
#561 = CARTESIAN_POINT('',(18.75304923404,55.0000006));
#562 = ( GEOMETRIC_REPRESENTATION_CONTEXT(2) 
PARAMETRIC_REPRESENTATION_CONTEXT() REPRESENTATION_CONTEXT('2D SPACE',''
  ) );
#563 = PCURVE('',#367,#564);
#564 = DEFINITIONAL_REPRESENTATION('',(#565),#568);
#565 = B_SPLINE_CURVE_WITH_KNOTS('',1,(#566,#567),.UNSPECIFIED.,.F.,.F.,
  (2,2),(-13.,-1.),.PIECEWISE_BEZIER_KNOTS.);
#566 = CARTESIAN_POINT('',(-2.140417645868,-13.));
#567 = CARTESIAN_POINT('',(-2.140417645868,-1.));
#568 = ( GEOMETRIC_REPRESENTATION_CONTEXT(2) 
PARAMETRIC_REPRESENTATION_CONTEXT() REPRESENTATION_CONTEXT('2D SPACE',''
  ) );
#569 = ORIENTED_EDGE('',*,*,#570,.F.);
#570 = EDGE_CURVE('',#571,#550,#573,.T.);
#571 = VERTEX_POINT('',#572);
#572 = CARTESIAN_POINT('',(-13.60147050873,20.01,46.));
#573 = SURFACE_CURVE('',#574,(#578,#584),.PCURVE_S1.);
#574 = LINE('',#575,#576);
#575 = CARTESIAN_POINT('',(-14.5,20.01,46.));
#576 = VECTOR('',#577,1.);
#577 = DIRECTION('',(1.,0.,0.));
#578 = PCURVE('',#156,#579);
#579 = DEFINITIONAL_REPRESENTATION('',(#580),#583);
#580 = B_SPLINE_CURVE_WITH_KNOTS('',1,(#581,#582),.UNSPECIFIED.,.F.,.F.,
  (2,2),(-6.5,4.25304923404),.PIECEWISE_BEZIER_KNOTS.);
#581 = CARTESIAN_POINT('',(8.,47.01));
#582 = CARTESIAN_POINT('',(18.75304923404,47.01));
#583 = ( GEOMETRIC_REPRESENTATION_CONTEXT(2) 
PARAMETRIC_REPRESENTATION_CONTEXT() REPRESENTATION_CONTEXT('2D SPACE',''
  ) );
#584 = PCURVE('',#585,#590);
#585 = PLANE('',#586);
#586 = AXIS2_PLACEMENT_3D('',#587,#588,#589);
#587 = CARTESIAN_POINT('',(-1.041859148601E-15,20.01,30.));
#588 = DIRECTION('',(-0.,-1.,-0.));
#589 = DIRECTION('',(0.,0.,-1.));
#590 = DEFINITIONAL_REPRESENTATION('',(#591),#594);
#591 = B_SPLINE_CURVE_WITH_KNOTS('',1,(#592,#593),.UNSPECIFIED.,.F.,.F.,
  (2,2),(-6.5,4.25304923404),.PIECEWISE_BEZIER_KNOTS.);
#592 = CARTESIAN_POINT('',(-16.,-21.));
#593 = CARTESIAN_POINT('',(-16.,-10.24695076596));
#594 = ( GEOMETRIC_REPRESENTATION_CONTEXT(2) 
PARAMETRIC_REPRESENTATION_CONTEXT() REPRESENTATION_CONTEXT('2D SPACE',''
  ) );
#595 = ORIENTED_EDGE('',*,*,#596,.T.);
#596 = EDGE_CURVE('',#571,#597,#599,.T.);
#597 = VERTEX_POINT('',#598);
#598 = CARTESIAN_POINT('',(-13.60147050873,27.,46.));
#599 = SURFACE_CURVE('',#600,(#604,#610),.PCURVE_S1.);
#600 = LINE('',#601,#602);
#601 = CARTESIAN_POINT('',(-13.60147050873,27.01,46.));
#602 = VECTOR('',#603,1.);
#603 = DIRECTION('',(-0.,1.,-0.));
#604 = PCURVE('',#156,#605);
#605 = DEFINITIONAL_REPRESENTATION('',(#606),#609);
#606 = B_SPLINE_CURVE_WITH_KNOTS('',1,(#607,#608),.UNSPECIFIED.,.F.,.F.,
  (2,2),(-7.0000006,5.999999999062E-07),.PIECEWISE_BEZIER_KNOTS.);
#607 = CARTESIAN_POINT('',(15.398529491265,47.0099994));
#608 = CARTESIAN_POINT('',(15.398529491265,54.0100006));
#609 = ( GEOMETRIC_REPRESENTATION_CONTEXT(2) 
PARAMETRIC_REPRESENTATION_CONTEXT() REPRESENTATION_CONTEXT('2D SPACE',''
  ) );
#610 = PCURVE('',#611,#616);
#611 = CYLINDRICAL_SURFACE('',#612,21.);
#612 = AXIS2_PLACEMENT_3D('',#613,#614,#615);
#613 = CARTESIAN_POINT('',(0.,27.01,30.));
#614 = DIRECTION('',(-0.,1.,-0.));
#615 = DIRECTION('',(1.,0.,0.));
#616 = DEFINITIONAL_REPRESENTATION('',(#617),#620);
#617 = B_SPLINE_CURVE_WITH_KNOTS('',1,(#618,#619),.UNSPECIFIED.,.F.,.F.,
  (2,2),(-7.,-1.E-02),.PIECEWISE_BEZIER_KNOTS.);
#618 = CARTESIAN_POINT('',(-2.275343745248,-7.));
#619 = CARTESIAN_POINT('',(-2.275343745248,-1.E-02));
#620 = ( GEOMETRIC_REPRESENTATION_CONTEXT(2) 
PARAMETRIC_REPRESENTATION_CONTEXT() REPRESENTATION_CONTEXT('2D SPACE',''
  ) );
#621 = ORIENTED_EDGE('',*,*,#622,.F.);
#622 = EDGE_CURVE('',#623,#597,#625,.T.);
#623 = VERTEX_POINT('',#624);
#624 = CARTESIAN_POINT('',(-24.,27.,46.));
#625 = SURFACE_CURVE('',#626,(#630,#637),.PCURVE_S1.);
#626 = LINE('',#627,#628);
#627 = CARTESIAN_POINT('',(-29.,27.,46.));
#628 = VECTOR('',#629,1.);
#629 = DIRECTION('',(1.,0.,0.));
#630 = PCURVE('',#156,#631);
#631 = DEFINITIONAL_REPRESENTATION('',(#632),#636);
#632 = LINE('',#633,#634);
#633 = CARTESIAN_POINT('',(0.,54.));
#634 = VECTOR('',#635,1.);
#635 = DIRECTION('',(1.,0.));
#636 = ( GEOMETRIC_REPRESENTATION_CONTEXT(2) 
PARAMETRIC_REPRESENTATION_CONTEXT() REPRESENTATION_CONTEXT('2D SPACE',''
  ) );
#637 = PCURVE('',#638,#643);
#638 = PLANE('',#639);
#639 = AXIS2_PLACEMENT_3D('',#640,#641,#642);
#640 = CARTESIAN_POINT('',(-29.,27.,0.));
#641 = DIRECTION('',(0.,1.,0.));
#642 = DIRECTION('',(0.,0.,1.));
#643 = DEFINITIONAL_REPRESENTATION('',(#644),#648);
#644 = LINE('',#645,#646);
#645 = CARTESIAN_POINT('',(46.,0.));
#646 = VECTOR('',#647,1.);
#647 = DIRECTION('',(0.,1.));
#648 = ( GEOMETRIC_REPRESENTATION_CONTEXT(2) 
PARAMETRIC_REPRESENTATION_CONTEXT() REPRESENTATION_CONTEXT('2D SPACE',''
  ) );
#649 = ORIENTED_EDGE('',*,*,#650,.F.);
#650 = EDGE_CURVE('',#113,#623,#651,.T.);
#651 = SURFACE_CURVE('',#652,(#657,#668),.PCURVE_S1.);
#652 = CIRCLE('',#653,5.);
#653 = AXIS2_PLACEMENT_3D('',#654,#655,#656);
#654 = CARTESIAN_POINT('',(-24.,22.,46.));
#655 = DIRECTION('',(-0.,-0.,-1.));
#656 = DIRECTION('',(0.,-1.,0.));
#657 = PCURVE('',#156,#658);
#658 = DEFINITIONAL_REPRESENTATION('',(#659),#667);
#659 = ( BOUNDED_CURVE() B_SPLINE_CURVE(2,(#660,#661,#662,#663,#664,#665
,#666),.UNSPECIFIED.,.T.,.F.) B_SPLINE_CURVE_WITH_KNOTS((1,2,2,2,2,1),(
    -2.094395102393,0.,2.094395102393,4.188790204786,6.28318530718,
8.377580409573),.UNSPECIFIED.) CURVE() GEOMETRIC_REPRESENTATION_ITEM() 
RATIONAL_B_SPLINE_CURVE((1.,0.5,1.,0.5,1.,0.5,1.)) REPRESENTATION_ITEM(
  '') );
#660 = CARTESIAN_POINT('',(5.,44.));
#661 = CARTESIAN_POINT('',(-3.660254037844,44.));
#662 = CARTESIAN_POINT('',(0.669872981078,51.5));
#663 = CARTESIAN_POINT('',(5.,59.));
#664 = CARTESIAN_POINT('',(9.330127018922,51.5));
#665 = CARTESIAN_POINT('',(13.660254037844,44.));
#666 = CARTESIAN_POINT('',(5.,44.));
#667 = ( GEOMETRIC_REPRESENTATION_CONTEXT(2) 
PARAMETRIC_REPRESENTATION_CONTEXT() REPRESENTATION_CONTEXT('2D SPACE',''
  ) );
#668 = PCURVE('',#128,#669);
#669 = DEFINITIONAL_REPRESENTATION('',(#670),#674);
#670 = LINE('',#671,#672);
#671 = CARTESIAN_POINT('',(1.570796326795,46.));
#672 = VECTOR('',#673,1.);
#673 = DIRECTION('',(-1.,0.));
#674 = ( GEOMETRIC_REPRESENTATION_CONTEXT(2) 
PARAMETRIC_REPRESENTATION_CONTEXT() REPRESENTATION_CONTEXT('2D SPACE',''
  ) );
#675 = ADVANCED_FACE('',(#676),#128,.T.);
#676 = FACE_BOUND('',#677,.F.);
#677 = EDGE_LOOP('',(#678,#706,#727,#728));
#678 = ORIENTED_EDGE('',*,*,#679,.T.);
#679 = EDGE_CURVE('',#85,#680,#682,.T.);
#680 = VERTEX_POINT('',#681);
#681 = CARTESIAN_POINT('',(-24.,27.,0.));
#682 = SURFACE_CURVE('',#683,(#688,#695),.PCURVE_S1.);
#683 = CIRCLE('',#684,5.);
#684 = AXIS2_PLACEMENT_3D('',#685,#686,#687);
#685 = CARTESIAN_POINT('',(-24.,22.,0.));
#686 = DIRECTION('',(-0.,-0.,-1.));
#687 = DIRECTION('',(0.,-1.,0.));
#688 = PCURVE('',#128,#689);
#689 = DEFINITIONAL_REPRESENTATION('',(#690),#694);
#690 = LINE('',#691,#692);
#691 = CARTESIAN_POINT('',(1.570796326795,-0.));
#692 = VECTOR('',#693,1.);
#693 = DIRECTION('',(-1.,0.));
#694 = ( GEOMETRIC_REPRESENTATION_CONTEXT(2) 
PARAMETRIC_REPRESENTATION_CONTEXT() REPRESENTATION_CONTEXT('2D SPACE',''
  ) );
#695 = PCURVE('',#100,#696);
#696 = DEFINITIONAL_REPRESENTATION('',(#697),#705);
#697 = ( BOUNDED_CURVE() B_SPLINE_CURVE(2,(#698,#699,#700,#701,#702,#703
,#704),.UNSPECIFIED.,.T.,.F.) B_SPLINE_CURVE_WITH_KNOTS((1,2,2,2,2,1),(
    -2.094395102393,0.,2.094395102393,4.188790204786,6.28318530718,
8.377580409573),.UNSPECIFIED.) CURVE() GEOMETRIC_REPRESENTATION_ITEM() 
RATIONAL_B_SPLINE_CURVE((1.,0.5,1.,0.5,1.,0.5,1.)) REPRESENTATION_ITEM(
  '') );
#698 = CARTESIAN_POINT('',(5.,44.));
#699 = CARTESIAN_POINT('',(-3.660254037844,44.));
#700 = CARTESIAN_POINT('',(0.669872981078,51.5));
#701 = CARTESIAN_POINT('',(5.,59.));
#702 = CARTESIAN_POINT('',(9.330127018922,51.5));
#703 = CARTESIAN_POINT('',(13.660254037844,44.));
#704 = CARTESIAN_POINT('',(5.,44.));
#705 = ( GEOMETRIC_REPRESENTATION_CONTEXT(2) 
PARAMETRIC_REPRESENTATION_CONTEXT() REPRESENTATION_CONTEXT('2D SPACE',''
  ) );
#706 = ORIENTED_EDGE('',*,*,#707,.T.);
#707 = EDGE_CURVE('',#680,#623,#708,.T.);
#708 = SURFACE_CURVE('',#709,(#713,#720),.PCURVE_S1.);
#709 = LINE('',#710,#711);
#710 = CARTESIAN_POINT('',(-24.,27.,0.));
#711 = VECTOR('',#712,1.);
#712 = DIRECTION('',(0.,0.,1.));
#713 = PCURVE('',#128,#714);
#714 = DEFINITIONAL_REPRESENTATION('',(#715),#719);
#715 = LINE('',#716,#717);
#716 = CARTESIAN_POINT('',(-1.570796326795,0.));
#717 = VECTOR('',#718,1.);
#718 = DIRECTION('',(-0.,1.));
#719 = ( GEOMETRIC_REPRESENTATION_CONTEXT(2) 
PARAMETRIC_REPRESENTATION_CONTEXT() REPRESENTATION_CONTEXT('2D SPACE',''
  ) );
#720 = PCURVE('',#638,#721);
#721 = DEFINITIONAL_REPRESENTATION('',(#722),#726);
#722 = LINE('',#723,#724);
#723 = CARTESIAN_POINT('',(0.,5.));
#724 = VECTOR('',#725,1.);
#725 = DIRECTION('',(1.,0.));
#726 = ( GEOMETRIC_REPRESENTATION_CONTEXT(2) 
PARAMETRIC_REPRESENTATION_CONTEXT() REPRESENTATION_CONTEXT('2D SPACE',''
  ) );
#727 = ORIENTED_EDGE('',*,*,#650,.F.);
#728 = ORIENTED_EDGE('',*,*,#112,.F.);
#729 = ADVANCED_FACE('',(#730,#892,#927,#962,#997),#100,.F.);
#730 = FACE_BOUND('',#731,.F.);
#731 = EDGE_LOOP('',(#732,#733,#757,#780,#813,#841,#870,#891));
#732 = ORIENTED_EDGE('',*,*,#84,.F.);
#733 = ORIENTED_EDGE('',*,*,#734,.T.);
#734 = EDGE_CURVE('',#57,#735,#737,.T.);
#735 = VERTEX_POINT('',#736);
#736 = CARTESIAN_POINT('',(-24.,-27.,0.));
#737 = SURFACE_CURVE('',#738,(#743,#750),.PCURVE_S1.);
#738 = CIRCLE('',#739,5.);
#739 = AXIS2_PLACEMENT_3D('',#740,#741,#742);
#740 = CARTESIAN_POINT('',(-24.,-22.,0.));
#741 = DIRECTION('',(0.,0.,1.));
#742 = DIRECTION('',(0.,-1.,0.));
#743 = PCURVE('',#100,#744);
#744 = DEFINITIONAL_REPRESENTATION('',(#745),#749);
#745 = CIRCLE('',#746,5.);
#746 = AXIS2_PLACEMENT_2D('',#747,#748);
#747 = CARTESIAN_POINT('',(5.,5.));
#748 = DIRECTION('',(0.,-1.));
#749 = ( GEOMETRIC_REPRESENTATION_CONTEXT(2) 
PARAMETRIC_REPRESENTATION_CONTEXT() REPRESENTATION_CONTEXT('2D SPACE',''
  ) );
#750 = PCURVE('',#72,#751);
#751 = DEFINITIONAL_REPRESENTATION('',(#752),#756);
#752 = LINE('',#753,#754);
#753 = CARTESIAN_POINT('',(-4.712388980385,0.));
#754 = VECTOR('',#755,1.);
#755 = DIRECTION('',(1.,0.));
#756 = ( GEOMETRIC_REPRESENTATION_CONTEXT(2) 
PARAMETRIC_REPRESENTATION_CONTEXT() REPRESENTATION_CONTEXT('2D SPACE',''
  ) );
#757 = ORIENTED_EDGE('',*,*,#758,.T.);
#758 = EDGE_CURVE('',#735,#759,#761,.T.);
#759 = VERTEX_POINT('',#760);
#760 = CARTESIAN_POINT('',(24.,-27.,0.));
#761 = SURFACE_CURVE('',#762,(#766,#773),.PCURVE_S1.);
#762 = LINE('',#763,#764);
#763 = CARTESIAN_POINT('',(-29.,-27.,0.));
#764 = VECTOR('',#765,1.);
#765 = DIRECTION('',(1.,0.,0.));
#766 = PCURVE('',#100,#767);
#767 = DEFINITIONAL_REPRESENTATION('',(#768),#772);
#768 = LINE('',#769,#770);
#769 = CARTESIAN_POINT('',(0.,0.));
#770 = VECTOR('',#771,1.);
#771 = DIRECTION('',(1.,0.));
#772 = ( GEOMETRIC_REPRESENTATION_CONTEXT(2) 
PARAMETRIC_REPRESENTATION_CONTEXT() REPRESENTATION_CONTEXT('2D SPACE',''
  ) );
#773 = PCURVE('',#288,#774);
#774 = DEFINITIONAL_REPRESENTATION('',(#775),#779);
#775 = LINE('',#776,#777);
#776 = CARTESIAN_POINT('',(0.,0.));
#777 = VECTOR('',#778,1.);
#778 = DIRECTION('',(0.,1.));
#779 = ( GEOMETRIC_REPRESENTATION_CONTEXT(2) 
PARAMETRIC_REPRESENTATION_CONTEXT() REPRESENTATION_CONTEXT('2D SPACE',''
  ) );
#780 = ORIENTED_EDGE('',*,*,#781,.F.);
#781 = EDGE_CURVE('',#782,#759,#784,.T.);
#782 = VERTEX_POINT('',#783);
#783 = CARTESIAN_POINT('',(29.,-22.,0.));
#784 = SURFACE_CURVE('',#785,(#790,#801),.PCURVE_S1.);
#785 = CIRCLE('',#786,5.);
#786 = AXIS2_PLACEMENT_3D('',#787,#788,#789);
#787 = CARTESIAN_POINT('',(24.,-22.,0.));
#788 = DIRECTION('',(-0.,-0.,-1.));
#789 = DIRECTION('',(0.,-1.,0.));
#790 = PCURVE('',#100,#791);
#791 = DEFINITIONAL_REPRESENTATION('',(#792),#800);
#792 = ( BOUNDED_CURVE() B_SPLINE_CURVE(2,(#793,#794,#795,#796,#797,#798
,#799),.UNSPECIFIED.,.T.,.F.) B_SPLINE_CURVE_WITH_KNOTS((1,2,2,2,2,1),(
    -2.094395102393,0.,2.094395102393,4.188790204786,6.28318530718,
8.377580409573),.UNSPECIFIED.) CURVE() GEOMETRIC_REPRESENTATION_ITEM() 
RATIONAL_B_SPLINE_CURVE((1.,0.5,1.,0.5,1.,0.5,1.)) REPRESENTATION_ITEM(
  '') );
#793 = CARTESIAN_POINT('',(53.,0.));
#794 = CARTESIAN_POINT('',(44.339745962156,0.));
#795 = CARTESIAN_POINT('',(48.669872981078,7.5));
#796 = CARTESIAN_POINT('',(53.,15.));
#797 = CARTESIAN_POINT('',(57.330127018922,7.5));
#798 = CARTESIAN_POINT('',(61.660254037844,7.993605777301E-15));
#799 = CARTESIAN_POINT('',(53.,0.));
#800 = ( GEOMETRIC_REPRESENTATION_CONTEXT(2) 
PARAMETRIC_REPRESENTATION_CONTEXT() REPRESENTATION_CONTEXT('2D SPACE',''
  ) );
#801 = PCURVE('',#802,#807);
#802 = CYLINDRICAL_SURFACE('',#803,5.);
#803 = AXIS2_PLACEMENT_3D('',#804,#805,#806);
#804 = CARTESIAN_POINT('',(24.,-22.,0.));
#805 = DIRECTION('',(0.,0.,1.));
#806 = DIRECTION('',(1.,0.,-0.));
#807 = DEFINITIONAL_REPRESENTATION('',(#808),#812);
#808 = LINE('',#809,#810);
#809 = CARTESIAN_POINT('',(4.712388980385,-0.));
#810 = VECTOR('',#811,1.);
#811 = DIRECTION('',(-1.,0.));
#812 = ( GEOMETRIC_REPRESENTATION_CONTEXT(2) 
PARAMETRIC_REPRESENTATION_CONTEXT() REPRESENTATION_CONTEXT('2D SPACE',''
  ) );
#813 = ORIENTED_EDGE('',*,*,#814,.T.);
#814 = EDGE_CURVE('',#782,#815,#817,.T.);
#815 = VERTEX_POINT('',#816);
#816 = CARTESIAN_POINT('',(29.,22.,0.));
#817 = SURFACE_CURVE('',#818,(#822,#829),.PCURVE_S1.);
#818 = LINE('',#819,#820);
#819 = CARTESIAN_POINT('',(29.,-27.,0.));
#820 = VECTOR('',#821,1.);
#821 = DIRECTION('',(0.,1.,0.));
#822 = PCURVE('',#100,#823);
#823 = DEFINITIONAL_REPRESENTATION('',(#824),#828);
#824 = LINE('',#825,#826);
#825 = CARTESIAN_POINT('',(58.,0.));
#826 = VECTOR('',#827,1.);
#827 = DIRECTION('',(0.,1.));
#828 = ( GEOMETRIC_REPRESENTATION_CONTEXT(2) 
PARAMETRIC_REPRESENTATION_CONTEXT() REPRESENTATION_CONTEXT('2D SPACE',''
  ) );
#829 = PCURVE('',#830,#835);
#830 = PLANE('',#831);
#831 = AXIS2_PLACEMENT_3D('',#832,#833,#834);
#832 = CARTESIAN_POINT('',(29.,-27.,0.));
#833 = DIRECTION('',(1.,0.,0.));
#834 = DIRECTION('',(0.,0.,1.));
#835 = DEFINITIONAL_REPRESENTATION('',(#836),#840);
#836 = LINE('',#837,#838);
#837 = CARTESIAN_POINT('',(0.,0.));
#838 = VECTOR('',#839,1.);
#839 = DIRECTION('',(0.,-1.));
#840 = ( GEOMETRIC_REPRESENTATION_CONTEXT(2) 
PARAMETRIC_REPRESENTATION_CONTEXT() REPRESENTATION_CONTEXT('2D SPACE',''
  ) );
#841 = ORIENTED_EDGE('',*,*,#842,.T.);
#842 = EDGE_CURVE('',#815,#843,#845,.T.);
#843 = VERTEX_POINT('',#844);
#844 = CARTESIAN_POINT('',(24.,27.,0.));
#845 = SURFACE_CURVE('',#846,(#851,#858),.PCURVE_S1.);
#846 = CIRCLE('',#847,5.);
#847 = AXIS2_PLACEMENT_3D('',#848,#849,#850);
#848 = CARTESIAN_POINT('',(24.,22.,0.));
#849 = DIRECTION('',(0.,0.,1.));
#850 = DIRECTION('',(0.,-1.,0.));
#851 = PCURVE('',#100,#852);
#852 = DEFINITIONAL_REPRESENTATION('',(#853),#857);
#853 = CIRCLE('',#854,5.);
#854 = AXIS2_PLACEMENT_2D('',#855,#856);
#855 = CARTESIAN_POINT('',(53.,49.));
#856 = DIRECTION('',(0.,-1.));
#857 = ( GEOMETRIC_REPRESENTATION_CONTEXT(2) 
PARAMETRIC_REPRESENTATION_CONTEXT() REPRESENTATION_CONTEXT('2D SPACE',''
  ) );
#858 = PCURVE('',#859,#864);
#859 = CYLINDRICAL_SURFACE('',#860,5.);
#860 = AXIS2_PLACEMENT_3D('',#861,#862,#863);
#861 = CARTESIAN_POINT('',(24.,22.,0.));
#862 = DIRECTION('',(0.,0.,1.));
#863 = DIRECTION('',(1.,0.,-0.));
#864 = DEFINITIONAL_REPRESENTATION('',(#865),#869);
#865 = LINE('',#866,#867);
#866 = CARTESIAN_POINT('',(-1.570796326795,0.));
#867 = VECTOR('',#868,1.);
#868 = DIRECTION('',(1.,0.));
#869 = ( GEOMETRIC_REPRESENTATION_CONTEXT(2) 
PARAMETRIC_REPRESENTATION_CONTEXT() REPRESENTATION_CONTEXT('2D SPACE',''
  ) );
#870 = ORIENTED_EDGE('',*,*,#871,.F.);
#871 = EDGE_CURVE('',#680,#843,#872,.T.);
#872 = SURFACE_CURVE('',#873,(#877,#884),.PCURVE_S1.);
#873 = LINE('',#874,#875);
#874 = CARTESIAN_POINT('',(-29.,27.,0.));
#875 = VECTOR('',#876,1.);
#876 = DIRECTION('',(1.,0.,0.));
#877 = PCURVE('',#100,#878);
#878 = DEFINITIONAL_REPRESENTATION('',(#879),#883);
#879 = LINE('',#880,#881);
#880 = CARTESIAN_POINT('',(0.,54.));
#881 = VECTOR('',#882,1.);
#882 = DIRECTION('',(1.,0.));
#883 = ( GEOMETRIC_REPRESENTATION_CONTEXT(2) 
PARAMETRIC_REPRESENTATION_CONTEXT() REPRESENTATION_CONTEXT('2D SPACE',''
  ) );
#884 = PCURVE('',#638,#885);
#885 = DEFINITIONAL_REPRESENTATION('',(#886),#890);
#886 = LINE('',#887,#888);
#887 = CARTESIAN_POINT('',(0.,0.));
#888 = VECTOR('',#889,1.);
#889 = DIRECTION('',(0.,1.));
#890 = ( GEOMETRIC_REPRESENTATION_CONTEXT(2) 
PARAMETRIC_REPRESENTATION_CONTEXT() REPRESENTATION_CONTEXT('2D SPACE',''
  ) );
#891 = ORIENTED_EDGE('',*,*,#679,.F.);
#892 = FACE_BOUND('',#893,.F.);
#893 = EDGE_LOOP('',(#894));
#894 = ORIENTED_EDGE('',*,*,#895,.T.);
#895 = EDGE_CURVE('',#896,#896,#898,.T.);
#896 = VERTEX_POINT('',#897);
#897 = CARTESIAN_POINT('',(-13.22289680818,-13.22289680818,0.));
#898 = SURFACE_CURVE('',#899,(#904,#915),.PCURVE_S1.);
#899 = CIRCLE('',#900,1.7);
#900 = AXIS2_PLACEMENT_3D('',#901,#902,#903);
#901 = CARTESIAN_POINT('',(-12.02081528017,-12.02081528017,0.));
#902 = DIRECTION('',(0.,-0.,-1.));
#903 = DIRECTION('',(-0.707106781187,-0.707106781187,0.));
#904 = PCURVE('',#100,#905);
#905 = DEFINITIONAL_REPRESENTATION('',(#906),#914);
#906 = ( BOUNDED_CURVE() B_SPLINE_CURVE(2,(#907,#908,#909,#910,#911,#912
,#913),.UNSPECIFIED.,.T.,.F.) B_SPLINE_CURVE_WITH_KNOTS((1,2,2,2,2,1),(
    -2.094395102393,0.,2.094395102393,4.188790204786,6.28318530718,
8.377580409573),.UNSPECIFIED.) CURVE() GEOMETRIC_REPRESENTATION_ITEM() 
RATIONAL_B_SPLINE_CURVE((1.,0.5,1.,0.5,1.,0.5,1.)) REPRESENTATION_ITEM(
  '') );
#907 = CARTESIAN_POINT('',(15.777103191812,13.777103191812));
#908 = CARTESIAN_POINT('',(13.695036910446,15.859169473177));
#909 = CARTESIAN_POINT('',(16.539192343154,16.62125862452));
#910 = CARTESIAN_POINT('',(19.383347775863,17.383347775863));
#911 = CARTESIAN_POINT('',(18.62125862452,14.539192343154));
#912 = CARTESIAN_POINT('',(17.859169473177,11.695036910446));
#913 = CARTESIAN_POINT('',(15.777103191812,13.777103191812));
#914 = ( GEOMETRIC_REPRESENTATION_CONTEXT(2) 
PARAMETRIC_REPRESENTATION_CONTEXT() REPRESENTATION_CONTEXT('2D SPACE',''
  ) );
#915 = PCURVE('',#916,#921);
#916 = CYLINDRICAL_SURFACE('',#917,1.7);
#917 = AXIS2_PLACEMENT_3D('',#918,#919,#920);
#918 = CARTESIAN_POINT('',(-12.02081528017,-12.02081528017,0.));
#919 = DIRECTION('',(0.,-0.,-1.));
#920 = DIRECTION('',(-0.707106781187,-0.707106781187,0.));
#921 = DEFINITIONAL_REPRESENTATION('',(#922),#926);
#922 = LINE('',#923,#924);
#923 = CARTESIAN_POINT('',(0.,0.));
#924 = VECTOR('',#925,1.);
#925 = DIRECTION('',(1.,0.));
#926 = ( GEOMETRIC_REPRESENTATION_CONTEXT(2) 
PARAMETRIC_REPRESENTATION_CONTEXT() REPRESENTATION_CONTEXT('2D SPACE',''
  ) );
#927 = FACE_BOUND('',#928,.F.);
#928 = EDGE_LOOP('',(#929));
#929 = ORIENTED_EDGE('',*,*,#930,.T.);
#930 = EDGE_CURVE('',#931,#931,#933,.T.);
#931 = VERTEX_POINT('',#932);
#932 = CARTESIAN_POINT('',(13.222896808188,-13.22289680818,0.));
#933 = SURFACE_CURVE('',#934,(#939,#950),.PCURVE_S1.);
#934 = CIRCLE('',#935,1.7);
#935 = AXIS2_PLACEMENT_3D('',#936,#937,#938);
#936 = CARTESIAN_POINT('',(12.020815280171,-12.02081528017,0.));
#937 = DIRECTION('',(0.,-0.,-1.));
#938 = DIRECTION('',(0.707106781187,-0.707106781187,0.));
#939 = PCURVE('',#100,#940);
#940 = DEFINITIONAL_REPRESENTATION('',(#941),#949);
#941 = ( BOUNDED_CURVE() B_SPLINE_CURVE(2,(#942,#943,#944,#945,#946,#947
,#948),.UNSPECIFIED.,.T.,.F.) B_SPLINE_CURVE_WITH_KNOTS((1,2,2,2,2,1),(
    -2.094395102393,0.,2.094395102393,4.188790204786,6.28318530718,
8.377580409573),.UNSPECIFIED.) CURVE() GEOMETRIC_REPRESENTATION_ITEM() 
RATIONAL_B_SPLINE_CURVE((1.,0.5,1.,0.5,1.,0.5,1.)) REPRESENTATION_ITEM(
  '') );
#942 = CARTESIAN_POINT('',(42.222896808188,13.777103191812));
#943 = CARTESIAN_POINT('',(40.140830526823,11.695036910446));
#944 = CARTESIAN_POINT('',(39.37874137548,14.539192343154));
#945 = CARTESIAN_POINT('',(38.616652224137,17.383347775863));
#946 = CARTESIAN_POINT('',(41.460807656846,16.62125862452));
#947 = CARTESIAN_POINT('',(44.304963089554,15.859169473177));
#948 = CARTESIAN_POINT('',(42.222896808188,13.777103191812));
#949 = ( GEOMETRIC_REPRESENTATION_CONTEXT(2) 
PARAMETRIC_REPRESENTATION_CONTEXT() REPRESENTATION_CONTEXT('2D SPACE',''
  ) );
#950 = PCURVE('',#951,#956);
#951 = CYLINDRICAL_SURFACE('',#952,1.7);
#952 = AXIS2_PLACEMENT_3D('',#953,#954,#955);
#953 = CARTESIAN_POINT('',(12.020815280171,-12.02081528017,0.));
#954 = DIRECTION('',(0.,-0.,-1.));
#955 = DIRECTION('',(0.707106781187,-0.707106781187,0.));
#956 = DEFINITIONAL_REPRESENTATION('',(#957),#961);
#957 = LINE('',#958,#959);
#958 = CARTESIAN_POINT('',(0.,0.));
#959 = VECTOR('',#960,1.);
#960 = DIRECTION('',(1.,0.));
#961 = ( GEOMETRIC_REPRESENTATION_CONTEXT(2) 
PARAMETRIC_REPRESENTATION_CONTEXT() REPRESENTATION_CONTEXT('2D SPACE',''
  ) );
#962 = FACE_BOUND('',#963,.F.);
#963 = EDGE_LOOP('',(#964));
#964 = ORIENTED_EDGE('',*,*,#965,.T.);
#965 = EDGE_CURVE('',#966,#966,#968,.T.);
#966 = VERTEX_POINT('',#967);
#967 = CARTESIAN_POINT('',(-13.22289680818,13.222896808188,0.));
#968 = SURFACE_CURVE('',#969,(#974,#985),.PCURVE_S1.);
#969 = CIRCLE('',#970,1.7);
#970 = AXIS2_PLACEMENT_3D('',#971,#972,#973);
#971 = CARTESIAN_POINT('',(-12.02081528017,12.020815280171,0.));
#972 = DIRECTION('',(0.,0.,-1.));
#973 = DIRECTION('',(-0.707106781187,0.707106781187,0.));
#974 = PCURVE('',#100,#975);
#975 = DEFINITIONAL_REPRESENTATION('',(#976),#984);
#976 = ( BOUNDED_CURVE() B_SPLINE_CURVE(2,(#977,#978,#979,#980,#981,#982
,#983),.UNSPECIFIED.,.T.,.F.) B_SPLINE_CURVE_WITH_KNOTS((1,2,2,2,2,1),(
    -2.094395102393,0.,2.094395102393,4.188790204786,6.28318530718,
8.377580409573),.UNSPECIFIED.) CURVE() GEOMETRIC_REPRESENTATION_ITEM() 
RATIONAL_B_SPLINE_CURVE((1.,0.5,1.,0.5,1.,0.5,1.)) REPRESENTATION_ITEM(
  '') );
#977 = CARTESIAN_POINT('',(15.777103191812,40.222896808188));
#978 = CARTESIAN_POINT('',(17.859169473177,42.304963089554));
#979 = CARTESIAN_POINT('',(18.62125862452,39.460807656846));
#980 = CARTESIAN_POINT('',(19.383347775863,36.616652224137));
#981 = CARTESIAN_POINT('',(16.539192343154,37.37874137548));
#982 = CARTESIAN_POINT('',(13.695036910446,38.140830526823));
#983 = CARTESIAN_POINT('',(15.777103191812,40.222896808188));
#984 = ( GEOMETRIC_REPRESENTATION_CONTEXT(2) 
PARAMETRIC_REPRESENTATION_CONTEXT() REPRESENTATION_CONTEXT('2D SPACE',''
  ) );
#985 = PCURVE('',#986,#991);
#986 = CYLINDRICAL_SURFACE('',#987,1.7);
#987 = AXIS2_PLACEMENT_3D('',#988,#989,#990);
#988 = CARTESIAN_POINT('',(-12.02081528017,12.020815280171,0.));
#989 = DIRECTION('',(0.,0.,-1.));
#990 = DIRECTION('',(-0.707106781187,0.707106781187,0.));
#991 = DEFINITIONAL_REPRESENTATION('',(#992),#996);
#992 = LINE('',#993,#994);
#993 = CARTESIAN_POINT('',(0.,0.));
#994 = VECTOR('',#995,1.);
#995 = DIRECTION('',(1.,0.));
#996 = ( GEOMETRIC_REPRESENTATION_CONTEXT(2) 
PARAMETRIC_REPRESENTATION_CONTEXT() REPRESENTATION_CONTEXT('2D SPACE',''
  ) );
#997 = FACE_BOUND('',#998,.F.);
#998 = EDGE_LOOP('',(#999));
#999 = ORIENTED_EDGE('',*,*,#1000,.T.);
#1000 = EDGE_CURVE('',#1001,#1001,#1003,.T.);
#1001 = VERTEX_POINT('',#1002);
#1002 = CARTESIAN_POINT('',(13.222896808188,13.222896808188,0.));
#1003 = SURFACE_CURVE('',#1004,(#1009,#1020),.PCURVE_S1.);
#1004 = CIRCLE('',#1005,1.7);
#1005 = AXIS2_PLACEMENT_3D('',#1006,#1007,#1008);
#1006 = CARTESIAN_POINT('',(12.020815280171,12.020815280171,0.));
#1007 = DIRECTION('',(0.,0.,-1.));
#1008 = DIRECTION('',(0.707106781187,0.707106781187,0.));
#1009 = PCURVE('',#100,#1010);
#1010 = DEFINITIONAL_REPRESENTATION('',(#1011),#1019);
#1011 = ( BOUNDED_CURVE() B_SPLINE_CURVE(2,(#1012,#1013,#1014,#1015,
#1016,#1017,#1018),.UNSPECIFIED.,.T.,.F.) B_SPLINE_CURVE_WITH_KNOTS((1,2
    ,2,2,2,1),(-2.094395102393,0.,2.094395102393,4.188790204786,
6.28318530718,8.377580409573),.UNSPECIFIED.) CURVE() 
GEOMETRIC_REPRESENTATION_ITEM() RATIONAL_B_SPLINE_CURVE((1.,0.5,1.,0.5,
1.,0.5,1.)) REPRESENTATION_ITEM('') );
#1012 = CARTESIAN_POINT('',(42.222896808188,40.222896808188));
#1013 = CARTESIAN_POINT('',(44.304963089554,38.140830526823));
#1014 = CARTESIAN_POINT('',(41.460807656846,37.37874137548));
#1015 = CARTESIAN_POINT('',(38.616652224137,36.616652224137));
#1016 = CARTESIAN_POINT('',(39.37874137548,39.460807656846));
#1017 = CARTESIAN_POINT('',(40.140830526823,42.304963089554));
#1018 = CARTESIAN_POINT('',(42.222896808188,40.222896808188));
#1019 = ( GEOMETRIC_REPRESENTATION_CONTEXT(2) 
PARAMETRIC_REPRESENTATION_CONTEXT() REPRESENTATION_CONTEXT('2D SPACE',''
  ) );
#1020 = PCURVE('',#1021,#1026);
#1021 = CYLINDRICAL_SURFACE('',#1022,1.7);
#1022 = AXIS2_PLACEMENT_3D('',#1023,#1024,#1025);
#1023 = CARTESIAN_POINT('',(12.020815280171,12.020815280171,0.));
#1024 = DIRECTION('',(0.,0.,-1.));
#1025 = DIRECTION('',(0.707106781187,0.707106781187,0.));
#1026 = DEFINITIONAL_REPRESENTATION('',(#1027),#1031);
#1027 = LINE('',#1028,#1029);
#1028 = CARTESIAN_POINT('',(0.,0.));
#1029 = VECTOR('',#1030,1.);
#1030 = DIRECTION('',(1.,0.));
#1031 = ( GEOMETRIC_REPRESENTATION_CONTEXT(2) 
PARAMETRIC_REPRESENTATION_CONTEXT() REPRESENTATION_CONTEXT('2D SPACE',''
  ) );
#1032 = ADVANCED_FACE('',(#1033),#72,.T.);
#1033 = FACE_BOUND('',#1034,.T.);
#1034 = EDGE_LOOP('',(#1035,#1036,#1057,#1058));
#1035 = ORIENTED_EDGE('',*,*,#734,.T.);
#1036 = ORIENTED_EDGE('',*,*,#1037,.T.);
#1037 = EDGE_CURVE('',#735,#249,#1038,.T.);
#1038 = SURFACE_CURVE('',#1039,(#1043,#1050),.PCURVE_S1.);
#1039 = LINE('',#1040,#1041);
#1040 = CARTESIAN_POINT('',(-24.,-27.,0.));
#1041 = VECTOR('',#1042,1.);
#1042 = DIRECTION('',(0.,0.,1.));
#1043 = PCURVE('',#72,#1044);
#1044 = DEFINITIONAL_REPRESENTATION('',(#1045),#1049);
#1045 = LINE('',#1046,#1047);
#1046 = CARTESIAN_POINT('',(1.570796326795,0.));
#1047 = VECTOR('',#1048,1.);
#1048 = DIRECTION('',(0.,1.));
#1049 = ( GEOMETRIC_REPRESENTATION_CONTEXT(2) 
PARAMETRIC_REPRESENTATION_CONTEXT() REPRESENTATION_CONTEXT('2D SPACE',''
  ) );
#1050 = PCURVE('',#288,#1051);
#1051 = DEFINITIONAL_REPRESENTATION('',(#1052),#1056);
#1052 = LINE('',#1053,#1054);
#1053 = CARTESIAN_POINT('',(0.,5.));
#1054 = VECTOR('',#1055,1.);
#1055 = DIRECTION('',(1.,0.));
#1056 = ( GEOMETRIC_REPRESENTATION_CONTEXT(2) 
PARAMETRIC_REPRESENTATION_CONTEXT() REPRESENTATION_CONTEXT('2D SPACE',''
  ) );
#1057 = ORIENTED_EDGE('',*,*,#248,.F.);
#1058 = ORIENTED_EDGE('',*,*,#56,.F.);
#1059 = ADVANCED_FACE('',(#1060),#367,.F.);
#1060 = FACE_BOUND('',#1061,.T.);
#1061 = EDGE_LOOP('',(#1062,#1093,#1119,#1152,#1178,#1204,#1205,#1206,
    #1207,#1208,#1209,#1237));
#1062 = ORIENTED_EDGE('',*,*,#1063,.T.);
#1063 = EDGE_CURVE('',#1064,#1066,#1068,.T.);
#1064 = VERTEX_POINT('',#1065);
#1065 = CARTESIAN_POINT('',(10.24695076596,-15.,46.));
#1066 = VERTEX_POINT('',#1067);
#1067 = CARTESIAN_POINT('',(12.845232578665,-15.,16.));
#1068 = SURFACE_CURVE('',#1069,(#1074,#1081),.PCURVE_S1.);
#1069 = CIRCLE('',#1070,19.);
#1070 = AXIS2_PLACEMENT_3D('',#1071,#1072,#1073);
#1071 = CARTESIAN_POINT('',(0.,-15.,30.));
#1072 = DIRECTION('',(0.,1.,0.));
#1073 = DIRECTION('',(0.539313198208,-0.,0.842105263158));
#1074 = PCURVE('',#367,#1075);
#1075 = DEFINITIONAL_REPRESENTATION('',(#1076),#1080);
#1076 = LINE('',#1077,#1078);
#1077 = CARTESIAN_POINT('',(-7.284360314902,-43.));
#1078 = VECTOR('',#1079,1.);
#1079 = DIRECTION('',(1.,-0.));
#1080 = ( GEOMETRIC_REPRESENTATION_CONTEXT(2) 
PARAMETRIC_REPRESENTATION_CONTEXT() REPRESENTATION_CONTEXT('2D SPACE',''
  ) );
#1081 = PCURVE('',#1082,#1087);
#1082 = PLANE('',#1083);
#1083 = AXIS2_PLACEMENT_3D('',#1084,#1085,#1086);
#1084 = CARTESIAN_POINT('',(-30.,-15.,16.));
#1085 = DIRECTION('',(0.,1.,0.));
#1086 = DIRECTION('',(0.,0.,1.));
#1087 = DEFINITIONAL_REPRESENTATION('',(#1088),#1092);
#1088 = CIRCLE('',#1089,19.);
#1089 = AXIS2_PLACEMENT_2D('',#1090,#1091);
#1090 = CARTESIAN_POINT('',(14.,30.));
#1091 = DIRECTION('',(0.842105263158,0.539313198208));
#1092 = ( GEOMETRIC_REPRESENTATION_CONTEXT(2) 
PARAMETRIC_REPRESENTATION_CONTEXT() REPRESENTATION_CONTEXT('2D SPACE',''
  ) );
#1093 = ORIENTED_EDGE('',*,*,#1094,.T.);
#1094 = EDGE_CURVE('',#1066,#1095,#1097,.T.);
#1095 = VERTEX_POINT('',#1096);
#1096 = CARTESIAN_POINT('',(12.845232578665,15.,16.));
#1097 = SURFACE_CURVE('',#1098,(#1102,#1108),.PCURVE_S1.);
#1098 = LINE('',#1099,#1100);
#1099 = CARTESIAN_POINT('',(12.845232578665,28.,16.));
#1100 = VECTOR('',#1101,1.);
#1101 = DIRECTION('',(-0.,1.,-0.));
#1102 = PCURVE('',#367,#1103);
#1103 = DEFINITIONAL_REPRESENTATION('',(#1104),#1107);
#1104 = B_SPLINE_CURVE_WITH_KNOTS('',1,(#1105,#1106),.UNSPECIFIED.,.F.,
  .F.,(2,2),(-43.,-13.),.PIECEWISE_BEZIER_KNOTS.);
#1105 = CARTESIAN_POINT('',(-5.454797910405,-43.));
#1106 = CARTESIAN_POINT('',(-5.454797910405,-13.));
#1107 = ( GEOMETRIC_REPRESENTATION_CONTEXT(2) 
PARAMETRIC_REPRESENTATION_CONTEXT() REPRESENTATION_CONTEXT('2D SPACE',''
  ) );
#1108 = PCURVE('',#1109,#1114);
#1109 = PLANE('',#1110);
#1110 = AXIS2_PLACEMENT_3D('',#1111,#1112,#1113);
#1111 = CARTESIAN_POINT('',(-30.,-15.,16.));
#1112 = DIRECTION('',(0.,0.,1.));
#1113 = DIRECTION('',(1.,0.,0.));
#1114 = DEFINITIONAL_REPRESENTATION('',(#1115),#1118);
#1115 = B_SPLINE_CURVE_WITH_KNOTS('',1,(#1116,#1117),.UNSPECIFIED.,.F.,
  .F.,(2,2),(-46.,-10.),.PIECEWISE_BEZIER_KNOTS.);
#1116 = CARTESIAN_POINT('',(42.845232578665,-3.));
#1117 = CARTESIAN_POINT('',(42.845232578665,33.));
#1118 = ( GEOMETRIC_REPRESENTATION_CONTEXT(2) 
PARAMETRIC_REPRESENTATION_CONTEXT() REPRESENTATION_CONTEXT('2D SPACE',''
  ) );
#1119 = ORIENTED_EDGE('',*,*,#1120,.T.);
#1120 = EDGE_CURVE('',#1095,#1121,#1123,.T.);
#1121 = VERTEX_POINT('',#1122);
#1122 = CARTESIAN_POINT('',(10.24695076596,15.,46.));
#1123 = SURFACE_CURVE('',#1124,(#1129,#1136),.PCURVE_S1.);
#1124 = CIRCLE('',#1125,19.);
#1125 = AXIS2_PLACEMENT_3D('',#1126,#1127,#1128);
#1126 = CARTESIAN_POINT('',(0.,15.,30.));
#1127 = DIRECTION('',(0.,-1.,0.));
#1128 = DIRECTION('',(0.676064872561,0.,-0.736842105263));
#1129 = PCURVE('',#367,#1130);
#1130 = DEFINITIONAL_REPRESENTATION('',(#1131),#1135);
#1131 = LINE('',#1132,#1133);
#1132 = CARTESIAN_POINT('',(-5.454797910405,-13.));
#1133 = VECTOR('',#1134,1.);
#1134 = DIRECTION('',(-1.,-0.));
#1135 = ( GEOMETRIC_REPRESENTATION_CONTEXT(2) 
PARAMETRIC_REPRESENTATION_CONTEXT() REPRESENTATION_CONTEXT('2D SPACE',''
  ) );
#1136 = PCURVE('',#1137,#1142);
#1137 = PLANE('',#1138);
#1138 = AXIS2_PLACEMENT_3D('',#1139,#1140,#1141);
#1139 = CARTESIAN_POINT('',(-30.,15.,16.));
#1140 = DIRECTION('',(0.,1.,0.));
#1141 = DIRECTION('',(0.,0.,1.));
#1142 = DEFINITIONAL_REPRESENTATION('',(#1143),#1151);
#1143 = ( BOUNDED_CURVE() B_SPLINE_CURVE(2,(#1144,#1145,#1146,#1147,
#1148,#1149,#1150),.UNSPECIFIED.,.T.,.F.) B_SPLINE_CURVE_WITH_KNOTS((1,2
    ,2,2,2,1),(-2.094395102393,0.,2.094395102393,4.188790204786,
6.28318530718,8.377580409573),.UNSPECIFIED.) CURVE() 
GEOMETRIC_REPRESENTATION_ITEM() RATIONAL_B_SPLINE_CURVE((1.,0.5,1.,0.5,
1.,0.5,1.)) REPRESENTATION_ITEM('') );
#1144 = CARTESIAN_POINT('',(-1.7763568394E-15,42.845232578665));
#1145 = CARTESIAN_POINT('',(22.248595461287,67.093943884629));
#1146 = CARTESIAN_POINT('',(32.124297730643,35.70173936365));
#1147 = CARTESIAN_POINT('',(42.,4.30953484267));
#1148 = CARTESIAN_POINT('',(9.875702269357,11.453028057685));
#1149 = CARTESIAN_POINT('',(-22.24859546128,18.596521272701));
#1150 = CARTESIAN_POINT('',(-1.7763568394E-15,42.845232578665));
#1151 = ( GEOMETRIC_REPRESENTATION_CONTEXT(2) 
PARAMETRIC_REPRESENTATION_CONTEXT() REPRESENTATION_CONTEXT('2D SPACE',''
  ) );
#1152 = ORIENTED_EDGE('',*,*,#1153,.T.);
#1153 = EDGE_CURVE('',#1121,#1154,#1156,.T.);
#1154 = VERTEX_POINT('',#1155);
#1155 = CARTESIAN_POINT('',(10.24695076596,20.01,46.));
#1156 = SURFACE_CURVE('',#1157,(#1161,#1167),.PCURVE_S1.);
#1157 = LINE('',#1158,#1159);
#1158 = CARTESIAN_POINT('',(10.24695076596,28.,46.));
#1159 = VECTOR('',#1160,1.);
#1160 = DIRECTION('',(-0.,1.,-0.));
#1161 = PCURVE('',#367,#1162);
#1162 = DEFINITIONAL_REPRESENTATION('',(#1163),#1166);
#1163 = B_SPLINE_CURVE_WITH_KNOTS('',1,(#1164,#1165),.UNSPECIFIED.,.F.,
  .F.,(2,2),(-13.,-1.),.PIECEWISE_BEZIER_KNOTS.);
#1164 = CARTESIAN_POINT('',(-7.284360314902,-13.));
#1165 = CARTESIAN_POINT('',(-7.284360314902,-1.));
#1166 = ( GEOMETRIC_REPRESENTATION_CONTEXT(2) 
PARAMETRIC_REPRESENTATION_CONTEXT() REPRESENTATION_CONTEXT('2D SPACE',''
  ) );
#1167 = PCURVE('',#1168,#1173);
#1168 = PLANE('',#1169);
#1169 = AXIS2_PLACEMENT_3D('',#1170,#1171,#1172);
#1170 = CARTESIAN_POINT('',(-29.,-27.,46.));
#1171 = DIRECTION('',(0.,0.,1.));
#1172 = DIRECTION('',(1.,0.,0.));
#1173 = DEFINITIONAL_REPRESENTATION('',(#1174),#1177);
#1174 = B_SPLINE_CURVE_WITH_KNOTS('',1,(#1175,#1176),.UNSPECIFIED.,.F.,
  .F.,(2,2),(-14.2,5.999999999062E-07),.PIECEWISE_BEZIER_KNOTS.);
#1175 = CARTESIAN_POINT('',(39.24695076596,40.8));
#1176 = CARTESIAN_POINT('',(39.24695076596,55.0000006));
#1177 = ( GEOMETRIC_REPRESENTATION_CONTEXT(2) 
PARAMETRIC_REPRESENTATION_CONTEXT() REPRESENTATION_CONTEXT('2D SPACE',''
  ) );
#1178 = ORIENTED_EDGE('',*,*,#1179,.T.);
#1179 = EDGE_CURVE('',#1154,#550,#1180,.T.);
#1180 = SURFACE_CURVE('',#1181,(#1186,#1193),.PCURVE_S1.);
#1181 = CIRCLE('',#1182,19.);
#1182 = AXIS2_PLACEMENT_3D('',#1183,#1184,#1185);
#1183 = CARTESIAN_POINT('',(0.,20.01,30.));
#1184 = DIRECTION('',(-0.,1.,0.));
#1185 = DIRECTION('',(1.,0.,0.));
#1186 = PCURVE('',#367,#1187);
#1187 = DEFINITIONAL_REPRESENTATION('',(#1188),#1192);
#1188 = LINE('',#1189,#1190);
#1189 = CARTESIAN_POINT('',(-12.56637061435,-7.99));
#1190 = VECTOR('',#1191,1.);
#1191 = DIRECTION('',(1.,-0.));
#1192 = ( GEOMETRIC_REPRESENTATION_CONTEXT(2) 
PARAMETRIC_REPRESENTATION_CONTEXT() REPRESENTATION_CONTEXT('2D SPACE',''
  ) );
#1193 = PCURVE('',#585,#1194);
#1194 = DEFINITIONAL_REPRESENTATION('',(#1195),#1203);
#1195 = ( BOUNDED_CURVE() B_SPLINE_CURVE(2,(#1196,#1197,#1198,#1199,
#1200,#1201,#1202),.UNSPECIFIED.,.T.,.F.) B_SPLINE_CURVE_WITH_KNOTS((1,2
    ,2,2,2,1),(-2.094395102393,0.,2.094395102393,4.188790204786,
6.28318530718,8.377580409573),.UNSPECIFIED.) CURVE() 
GEOMETRIC_REPRESENTATION_ITEM() RATIONAL_B_SPLINE_CURVE((1.,0.5,1.,0.5,
1.,0.5,1.)) REPRESENTATION_ITEM('') );
#1196 = CARTESIAN_POINT('',(3.552713678801E-15,19.));
#1197 = CARTESIAN_POINT('',(32.908965343809,19.));
#1198 = CARTESIAN_POINT('',(16.454482671904,-9.5));
#1199 = CARTESIAN_POINT('',(8.20637151556E-15,-38.));
#1200 = CARTESIAN_POINT('',(-16.4544826719,-9.5));
#1201 = CARTESIAN_POINT('',(-32.9089653438,19.));
#1202 = CARTESIAN_POINT('',(3.552713678801E-15,19.));
#1203 = ( GEOMETRIC_REPRESENTATION_CONTEXT(2) 
PARAMETRIC_REPRESENTATION_CONTEXT() REPRESENTATION_CONTEXT('2D SPACE',''
  ) );
#1204 = ORIENTED_EDGE('',*,*,#549,.F.);
#1205 = ORIENTED_EDGE('',*,*,#523,.F.);
#1206 = ORIENTED_EDGE('',*,*,#476,.F.);
#1207 = ORIENTED_EDGE('',*,*,#427,.T.);
#1208 = ORIENTED_EDGE('',*,*,#352,.F.);
#1209 = ORIENTED_EDGE('',*,*,#1210,.F.);
#1210 = EDGE_CURVE('',#1211,#327,#1213,.T.);
#1211 = VERTEX_POINT('',#1212);
#1212 = CARTESIAN_POINT('',(10.24695076596,-20.01,46.));
#1213 = SURFACE_CURVE('',#1214,(#1219,#1226),.PCURVE_S1.);
#1214 = CIRCLE('',#1215,19.);
#1215 = AXIS2_PLACEMENT_3D('',#1216,#1217,#1218);
#1216 = CARTESIAN_POINT('',(0.,-20.01,30.));
#1217 = DIRECTION('',(-0.,1.,0.));
#1218 = DIRECTION('',(1.,0.,0.));
#1219 = PCURVE('',#367,#1220);
#1220 = DEFINITIONAL_REPRESENTATION('',(#1221),#1225);
#1221 = LINE('',#1222,#1223);
#1222 = CARTESIAN_POINT('',(-12.56637061435,-48.01));
#1223 = VECTOR('',#1224,1.);
#1224 = DIRECTION('',(1.,-0.));
#1225 = ( GEOMETRIC_REPRESENTATION_CONTEXT(2) 
PARAMETRIC_REPRESENTATION_CONTEXT() REPRESENTATION_CONTEXT('2D SPACE',''
  ) );
#1226 = PCURVE('',#341,#1227);
#1227 = DEFINITIONAL_REPRESENTATION('',(#1228),#1236);
#1228 = ( BOUNDED_CURVE() B_SPLINE_CURVE(2,(#1229,#1230,#1231,#1232,
#1233,#1234,#1235),.UNSPECIFIED.,.T.,.F.) B_SPLINE_CURVE_WITH_KNOTS((1,2
    ,2,2,2,1),(-2.094395102393,0.,2.094395102393,4.188790204786,
6.28318530718,8.377580409573),.UNSPECIFIED.) CURVE() 
GEOMETRIC_REPRESENTATION_ITEM() RATIONAL_B_SPLINE_CURVE((1.,0.5,1.,0.5,
1.,0.5,1.)) REPRESENTATION_ITEM('') );
#1229 = CARTESIAN_POINT('',(3.552713678801E-15,19.));
#1230 = CARTESIAN_POINT('',(32.908965343809,19.));
#1231 = CARTESIAN_POINT('',(16.454482671904,-9.5));
#1232 = CARTESIAN_POINT('',(8.20637151556E-15,-38.));
#1233 = CARTESIAN_POINT('',(-16.4544826719,-9.5));
#1234 = CARTESIAN_POINT('',(-32.9089653438,19.));
#1235 = CARTESIAN_POINT('',(3.552713678801E-15,19.));
#1236 = ( GEOMETRIC_REPRESENTATION_CONTEXT(2) 
PARAMETRIC_REPRESENTATION_CONTEXT() REPRESENTATION_CONTEXT('2D SPACE',''
  ) );
#1237 = ORIENTED_EDGE('',*,*,#1238,.T.);
#1238 = EDGE_CURVE('',#1211,#1064,#1239,.T.);
#1239 = SURFACE_CURVE('',#1240,(#1244,#1250),.PCURVE_S1.);
#1240 = LINE('',#1241,#1242);
#1241 = CARTESIAN_POINT('',(10.24695076596,28.,46.));
#1242 = VECTOR('',#1243,1.);
#1243 = DIRECTION('',(-0.,1.,-0.));
#1244 = PCURVE('',#367,#1245);
#1245 = DEFINITIONAL_REPRESENTATION('',(#1246),#1249);
#1246 = B_SPLINE_CURVE_WITH_KNOTS('',1,(#1247,#1248),.UNSPECIFIED.,.F.,
  .F.,(2,2),(-55.,-43.),.PIECEWISE_BEZIER_KNOTS.);
#1247 = CARTESIAN_POINT('',(-7.284360314902,-55.));
#1248 = CARTESIAN_POINT('',(-7.284360314902,-43.));
#1249 = ( GEOMETRIC_REPRESENTATION_CONTEXT(2) 
PARAMETRIC_REPRESENTATION_CONTEXT() REPRESENTATION_CONTEXT('2D SPACE',''
  ) );
#1250 = PCURVE('',#1251,#1256);
#1251 = PLANE('',#1252);
#1252 = AXIS2_PLACEMENT_3D('',#1253,#1254,#1255);
#1253 = CARTESIAN_POINT('',(-29.,-27.,46.));
#1254 = DIRECTION('',(0.,0.,1.));
#1255 = DIRECTION('',(1.,0.,0.));
#1256 = DEFINITIONAL_REPRESENTATION('',(#1257),#1260);
#1257 = B_SPLINE_CURVE_WITH_KNOTS('',1,(#1258,#1259),.UNSPECIFIED.,.F.,
  .F.,(2,2),(-56.0000006,-41.8),.PIECEWISE_BEZIER_KNOTS.);
#1258 = CARTESIAN_POINT('',(39.24695076596,-1.0000006));
#1259 = CARTESIAN_POINT('',(39.24695076596,13.2));
#1260 = ( GEOMETRIC_REPRESENTATION_CONTEXT(2) 
PARAMETRIC_REPRESENTATION_CONTEXT() REPRESENTATION_CONTEXT('2D SPACE',''
  ) );
#1261 = ADVANCED_FACE('',(#1262),#341,.T.);
#1262 = FACE_BOUND('',#1263,.T.);
#1263 = EDGE_LOOP('',(#1264,#1288,#1307,#1308));
#1264 = ORIENTED_EDGE('',*,*,#1265,.T.);
#1265 = EDGE_CURVE('',#301,#1266,#1268,.T.);
#1266 = VERTEX_POINT('',#1267);
#1267 = CARTESIAN_POINT('',(13.601470508735,-20.01,46.));
#1268 = SURFACE_CURVE('',#1269,(#1274,#1281),.PCURVE_S1.);
#1269 = CIRCLE('',#1270,21.);
#1270 = AXIS2_PLACEMENT_3D('',#1271,#1272,#1273);
#1271 = CARTESIAN_POINT('',(0.,-20.01,30.));
#1272 = DIRECTION('',(-0.,-1.,0.));
#1273 = DIRECTION('',(-0.647689071845,0.,0.761904761905));
#1274 = PCURVE('',#341,#1275);
#1275 = DEFINITIONAL_REPRESENTATION('',(#1276),#1280);
#1276 = CIRCLE('',#1277,21.);
#1277 = AXIS2_PLACEMENT_2D('',#1278,#1279);
#1278 = CARTESIAN_POINT('',(3.552713678801E-15,1.041859148601E-15));
#1279 = DIRECTION('',(-0.761904761905,-0.647689071845));
#1280 = ( GEOMETRIC_REPRESENTATION_CONTEXT(2) 
PARAMETRIC_REPRESENTATION_CONTEXT() REPRESENTATION_CONTEXT('2D SPACE',''
  ) );
#1281 = PCURVE('',#315,#1282);
#1282 = DEFINITIONAL_REPRESENTATION('',(#1283),#1287);
#1283 = LINE('',#1284,#1285);
#1284 = CARTESIAN_POINT('',(-2.275343745248,0.));
#1285 = VECTOR('',#1286,1.);
#1286 = DIRECTION('',(-1.,0.));
#1287 = ( GEOMETRIC_REPRESENTATION_CONTEXT(2) 
PARAMETRIC_REPRESENTATION_CONTEXT() REPRESENTATION_CONTEXT('2D SPACE',''
  ) );
#1288 = ORIENTED_EDGE('',*,*,#1289,.F.);
#1289 = EDGE_CURVE('',#1211,#1266,#1290,.T.);
#1290 = SURFACE_CURVE('',#1291,(#1295,#1301),.PCURVE_S1.);
#1291 = LINE('',#1292,#1293);
#1292 = CARTESIAN_POINT('',(-14.5,-20.01,46.));
#1293 = VECTOR('',#1294,1.);
#1294 = DIRECTION('',(1.,0.,0.));
#1295 = PCURVE('',#341,#1296);
#1296 = DEFINITIONAL_REPRESENTATION('',(#1297),#1300);
#1297 = B_SPLINE_CURVE_WITH_KNOTS('',1,(#1298,#1299),.UNSPECIFIED.,.F.,
  .F.,(2,2),(24.74695076596,35.5),.PIECEWISE_BEZIER_KNOTS.);
#1298 = CARTESIAN_POINT('',(-16.,10.24695076596));
#1299 = CARTESIAN_POINT('',(-16.,21.));
#1300 = ( GEOMETRIC_REPRESENTATION_CONTEXT(2) 
PARAMETRIC_REPRESENTATION_CONTEXT() REPRESENTATION_CONTEXT('2D SPACE',''
  ) );
#1301 = PCURVE('',#1251,#1302);
#1302 = DEFINITIONAL_REPRESENTATION('',(#1303),#1306);
#1303 = B_SPLINE_CURVE_WITH_KNOTS('',1,(#1304,#1305),.UNSPECIFIED.,.F.,
  .F.,(2,2),(24.74695076596,35.5),.PIECEWISE_BEZIER_KNOTS.);
#1304 = CARTESIAN_POINT('',(39.24695076596,6.99));
#1305 = CARTESIAN_POINT('',(50.,6.99));
#1306 = ( GEOMETRIC_REPRESENTATION_CONTEXT(2) 
PARAMETRIC_REPRESENTATION_CONTEXT() REPRESENTATION_CONTEXT('2D SPACE',''
  ) );
#1307 = ORIENTED_EDGE('',*,*,#1210,.T.);
#1308 = ORIENTED_EDGE('',*,*,#326,.F.);
#1309 = ADVANCED_FACE('',(#1310),#315,.F.);
#1310 = FACE_BOUND('',#1311,.T.);
#1311 = EDGE_LOOP('',(#1312,#1340,#1359,#1360));
#1312 = ORIENTED_EDGE('',*,*,#1313,.T.);
#1313 = EDGE_CURVE('',#273,#1314,#1316,.T.);
#1314 = VERTEX_POINT('',#1315);
#1315 = CARTESIAN_POINT('',(13.601470508735,-27.,46.));
#1316 = SURFACE_CURVE('',#1317,(#1322,#1329),.PCURVE_S1.);
#1317 = CIRCLE('',#1318,21.);
#1318 = AXIS2_PLACEMENT_3D('',#1319,#1320,#1321);
#1319 = CARTESIAN_POINT('',(0.,-27.,30.));
#1320 = DIRECTION('',(-0.,-1.,0.));
#1321 = DIRECTION('',(-0.647689071845,0.,0.761904761905));
#1322 = PCURVE('',#315,#1323);
#1323 = DEFINITIONAL_REPRESENTATION('',(#1324),#1328);
#1324 = LINE('',#1325,#1326);
#1325 = CARTESIAN_POINT('',(-2.275343745248,-6.99));
#1326 = VECTOR('',#1327,1.);
#1327 = DIRECTION('',(-1.,-0.));
#1328 = ( GEOMETRIC_REPRESENTATION_CONTEXT(2) 
PARAMETRIC_REPRESENTATION_CONTEXT() REPRESENTATION_CONTEXT('2D SPACE',''
  ) );
#1329 = PCURVE('',#288,#1330);
#1330 = DEFINITIONAL_REPRESENTATION('',(#1331),#1339);
#1331 = ( BOUNDED_CURVE() B_SPLINE_CURVE(2,(#1332,#1333,#1334,#1335,
#1336,#1337,#1338),.UNSPECIFIED.,.T.,.F.) B_SPLINE_CURVE_WITH_KNOTS((1,2
    ,2,2,2,1),(-2.094395102393,0.,2.094395102393,4.188790204786,
6.28318530718,8.377580409573),.UNSPECIFIED.) CURVE() 
GEOMETRIC_REPRESENTATION_ITEM() RATIONAL_B_SPLINE_CURVE((1.,0.5,1.,0.5,
1.,0.5,1.)) REPRESENTATION_ITEM('') );
#1332 = CARTESIAN_POINT('',(46.,15.398529491265));
#1333 = CARTESIAN_POINT('',(22.441562021221,-12.31428342983));
#1334 = CARTESIAN_POINT('',(10.22078101061,21.944328793817));
#1335 = CARTESIAN_POINT('',(-2.,56.202941017471));
#1336 = CARTESIAN_POINT('',(33.77921898939,49.657141714919));
#1337 = CARTESIAN_POINT('',(69.558437978779,43.111342412367));
#1338 = CARTESIAN_POINT('',(46.,15.398529491265));
#1339 = ( GEOMETRIC_REPRESENTATION_CONTEXT(2) 
PARAMETRIC_REPRESENTATION_CONTEXT() REPRESENTATION_CONTEXT('2D SPACE',''
  ) );
#1340 = ORIENTED_EDGE('',*,*,#1341,.T.);
#1341 = EDGE_CURVE('',#1314,#1266,#1342,.T.);
#1342 = SURFACE_CURVE('',#1343,(#1347,#1353),.PCURVE_S1.);
#1343 = LINE('',#1344,#1345);
#1344 = CARTESIAN_POINT('',(13.601470508735,-20.01,46.));
#1345 = VECTOR('',#1346,1.);
#1346 = DIRECTION('',(-0.,1.,-0.));
#1347 = PCURVE('',#315,#1348);
#1348 = DEFINITIONAL_REPRESENTATION('',(#1349),#1352);
#1349 = B_SPLINE_CURVE_WITH_KNOTS('',1,(#1350,#1351),.UNSPECIFIED.,.F.,
  .F.,(2,2),(-6.99,0.),.PIECEWISE_BEZIER_KNOTS.);
#1350 = CARTESIAN_POINT('',(-7.149434215522,-6.99));
#1351 = CARTESIAN_POINT('',(-7.149434215522,0.));
#1352 = ( GEOMETRIC_REPRESENTATION_CONTEXT(2) 
PARAMETRIC_REPRESENTATION_CONTEXT() REPRESENTATION_CONTEXT('2D SPACE',''
  ) );
#1353 = PCURVE('',#1251,#1354);
#1354 = DEFINITIONAL_REPRESENTATION('',(#1355),#1358);
#1355 = B_SPLINE_CURVE_WITH_KNOTS('',1,(#1356,#1357),.UNSPECIFIED.,.F.,
  .F.,(2,2),(-7.0000006,5.999999999062E-07),.PIECEWISE_BEZIER_KNOTS.);
#1356 = CARTESIAN_POINT('',(42.601470508735,-1.00006E-02));
#1357 = CARTESIAN_POINT('',(42.601470508735,6.9900006));
#1358 = ( GEOMETRIC_REPRESENTATION_CONTEXT(2) 
PARAMETRIC_REPRESENTATION_CONTEXT() REPRESENTATION_CONTEXT('2D SPACE',''
  ) );
#1359 = ORIENTED_EDGE('',*,*,#1265,.F.);
#1360 = ORIENTED_EDGE('',*,*,#300,.F.);
#1361 = ADVANCED_FACE('',(#1362),#288,.F.);
#1362 = FACE_BOUND('',#1363,.F.);
#1363 = EDGE_LOOP('',(#1364,#1365,#1366,#1367,#1368,#1391));
#1364 = ORIENTED_EDGE('',*,*,#758,.F.);
#1365 = ORIENTED_EDGE('',*,*,#1037,.T.);
#1366 = ORIENTED_EDGE('',*,*,#272,.T.);
#1367 = ORIENTED_EDGE('',*,*,#1313,.T.);
#1368 = ORIENTED_EDGE('',*,*,#1369,.T.);
#1369 = EDGE_CURVE('',#1314,#1370,#1372,.T.);
#1370 = VERTEX_POINT('',#1371);
#1371 = CARTESIAN_POINT('',(24.,-27.,46.));
#1372 = SURFACE_CURVE('',#1373,(#1377,#1384),.PCURVE_S1.);
#1373 = LINE('',#1374,#1375);
#1374 = CARTESIAN_POINT('',(-29.,-27.,46.));
#1375 = VECTOR('',#1376,1.);
#1376 = DIRECTION('',(1.,0.,0.));
#1377 = PCURVE('',#288,#1378);
#1378 = DEFINITIONAL_REPRESENTATION('',(#1379),#1383);
#1379 = LINE('',#1380,#1381);
#1380 = CARTESIAN_POINT('',(46.,0.));
#1381 = VECTOR('',#1382,1.);
#1382 = DIRECTION('',(0.,1.));
#1383 = ( GEOMETRIC_REPRESENTATION_CONTEXT(2) 
PARAMETRIC_REPRESENTATION_CONTEXT() REPRESENTATION_CONTEXT('2D SPACE',''
  ) );
#1384 = PCURVE('',#1251,#1385);
#1385 = DEFINITIONAL_REPRESENTATION('',(#1386),#1390);
#1386 = LINE('',#1387,#1388);
#1387 = CARTESIAN_POINT('',(0.,0.));
#1388 = VECTOR('',#1389,1.);
#1389 = DIRECTION('',(1.,0.));
#1390 = ( GEOMETRIC_REPRESENTATION_CONTEXT(2) 
PARAMETRIC_REPRESENTATION_CONTEXT() REPRESENTATION_CONTEXT('2D SPACE',''
  ) );
#1391 = ORIENTED_EDGE('',*,*,#1392,.F.);
#1392 = EDGE_CURVE('',#759,#1370,#1393,.T.);
#1393 = SURFACE_CURVE('',#1394,(#1398,#1405),.PCURVE_S1.);
#1394 = LINE('',#1395,#1396);
#1395 = CARTESIAN_POINT('',(24.,-27.,0.));
#1396 = VECTOR('',#1397,1.);
#1397 = DIRECTION('',(0.,0.,1.));
#1398 = PCURVE('',#288,#1399);
#1399 = DEFINITIONAL_REPRESENTATION('',(#1400),#1404);
#1400 = LINE('',#1401,#1402);
#1401 = CARTESIAN_POINT('',(0.,53.));
#1402 = VECTOR('',#1403,1.);
#1403 = DIRECTION('',(1.,0.));
#1404 = ( GEOMETRIC_REPRESENTATION_CONTEXT(2) 
PARAMETRIC_REPRESENTATION_CONTEXT() REPRESENTATION_CONTEXT('2D SPACE',''
  ) );
#1405 = PCURVE('',#802,#1406);
#1406 = DEFINITIONAL_REPRESENTATION('',(#1407),#1411);
#1407 = LINE('',#1408,#1409);
#1408 = CARTESIAN_POINT('',(-1.570796326795,0.));
#1409 = VECTOR('',#1410,1.);
#1410 = DIRECTION('',(-0.,1.));
#1411 = ( GEOMETRIC_REPRESENTATION_CONTEXT(2) 
PARAMETRIC_REPRESENTATION_CONTEXT() REPRESENTATION_CONTEXT('2D SPACE',''
  ) );
#1412 = ADVANCED_FACE('',(#1413),#638,.T.);
#1413 = FACE_BOUND('',#1414,.T.);
#1414 = EDGE_LOOP('',(#1415,#1416,#1417,#1418,#1446,#1469));
#1415 = ORIENTED_EDGE('',*,*,#871,.F.);
#1416 = ORIENTED_EDGE('',*,*,#707,.T.);
#1417 = ORIENTED_EDGE('',*,*,#622,.T.);
#1418 = ORIENTED_EDGE('',*,*,#1419,.T.);
#1419 = EDGE_CURVE('',#597,#1420,#1422,.T.);
#1420 = VERTEX_POINT('',#1421);
#1421 = CARTESIAN_POINT('',(13.601470508735,27.,46.));
#1422 = SURFACE_CURVE('',#1423,(#1428,#1439),.PCURVE_S1.);
#1423 = CIRCLE('',#1424,21.);
#1424 = AXIS2_PLACEMENT_3D('',#1425,#1426,#1427);
#1425 = CARTESIAN_POINT('',(0.,27.,30.));
#1426 = DIRECTION('',(-0.,-1.,0.));
#1427 = DIRECTION('',(-0.647689071845,0.,0.761904761905));
#1428 = PCURVE('',#638,#1429);
#1429 = DEFINITIONAL_REPRESENTATION('',(#1430),#1438);
#1430 = ( BOUNDED_CURVE() B_SPLINE_CURVE(2,(#1431,#1432,#1433,#1434,
#1435,#1436,#1437),.UNSPECIFIED.,.T.,.F.) B_SPLINE_CURVE_WITH_KNOTS((1,2
    ,2,2,2,1),(-2.094395102393,0.,2.094395102393,4.188790204786,
6.28318530718,8.377580409573),.UNSPECIFIED.) CURVE() 
GEOMETRIC_REPRESENTATION_ITEM() RATIONAL_B_SPLINE_CURVE((1.,0.5,1.,0.5,
1.,0.5,1.)) REPRESENTATION_ITEM('') );
#1431 = CARTESIAN_POINT('',(46.,15.398529491265));
#1432 = CARTESIAN_POINT('',(22.441562021221,-12.31428342983));
#1433 = CARTESIAN_POINT('',(10.22078101061,21.944328793817));
#1434 = CARTESIAN_POINT('',(-2.,56.202941017471));
#1435 = CARTESIAN_POINT('',(33.77921898939,49.657141714919));
#1436 = CARTESIAN_POINT('',(69.558437978779,43.111342412367));
#1437 = CARTESIAN_POINT('',(46.,15.398529491265));
#1438 = ( GEOMETRIC_REPRESENTATION_CONTEXT(2) 
PARAMETRIC_REPRESENTATION_CONTEXT() REPRESENTATION_CONTEXT('2D SPACE',''
  ) );
#1439 = PCURVE('',#611,#1440);
#1440 = DEFINITIONAL_REPRESENTATION('',(#1441),#1445);
#1441 = LINE('',#1442,#1443);
#1442 = CARTESIAN_POINT('',(-2.275343745248,-1.E-02));
#1443 = VECTOR('',#1444,1.);
#1444 = DIRECTION('',(-1.,-0.));
#1445 = ( GEOMETRIC_REPRESENTATION_CONTEXT(2) 
PARAMETRIC_REPRESENTATION_CONTEXT() REPRESENTATION_CONTEXT('2D SPACE',''
  ) );
#1446 = ORIENTED_EDGE('',*,*,#1447,.T.);
#1447 = EDGE_CURVE('',#1420,#1448,#1450,.T.);
#1448 = VERTEX_POINT('',#1449);
#1449 = CARTESIAN_POINT('',(24.,27.,46.));
#1450 = SURFACE_CURVE('',#1451,(#1455,#1462),.PCURVE_S1.);
#1451 = LINE('',#1452,#1453);
#1452 = CARTESIAN_POINT('',(-29.,27.,46.));
#1453 = VECTOR('',#1454,1.);
#1454 = DIRECTION('',(1.,0.,0.));
#1455 = PCURVE('',#638,#1456);
#1456 = DEFINITIONAL_REPRESENTATION('',(#1457),#1461);
#1457 = LINE('',#1458,#1459);
#1458 = CARTESIAN_POINT('',(46.,0.));
#1459 = VECTOR('',#1460,1.);
#1460 = DIRECTION('',(0.,1.));
#1461 = ( GEOMETRIC_REPRESENTATION_CONTEXT(2) 
PARAMETRIC_REPRESENTATION_CONTEXT() REPRESENTATION_CONTEXT('2D SPACE',''
  ) );
#1462 = PCURVE('',#1168,#1463);
#1463 = DEFINITIONAL_REPRESENTATION('',(#1464),#1468);
#1464 = LINE('',#1465,#1466);
#1465 = CARTESIAN_POINT('',(0.,54.));
#1466 = VECTOR('',#1467,1.);
#1467 = DIRECTION('',(1.,0.));
#1468 = ( GEOMETRIC_REPRESENTATION_CONTEXT(2) 
PARAMETRIC_REPRESENTATION_CONTEXT() REPRESENTATION_CONTEXT('2D SPACE',''
  ) );
#1469 = ORIENTED_EDGE('',*,*,#1470,.F.);
#1470 = EDGE_CURVE('',#843,#1448,#1471,.T.);
#1471 = SURFACE_CURVE('',#1472,(#1476,#1483),.PCURVE_S1.);
#1472 = LINE('',#1473,#1474);
#1473 = CARTESIAN_POINT('',(24.,27.,0.));
#1474 = VECTOR('',#1475,1.);
#1475 = DIRECTION('',(0.,0.,1.));
#1476 = PCURVE('',#638,#1477);
#1477 = DEFINITIONAL_REPRESENTATION('',(#1478),#1482);
#1478 = LINE('',#1479,#1480);
#1479 = CARTESIAN_POINT('',(0.,53.));
#1480 = VECTOR('',#1481,1.);
#1481 = DIRECTION('',(1.,0.));
#1482 = ( GEOMETRIC_REPRESENTATION_CONTEXT(2) 
PARAMETRIC_REPRESENTATION_CONTEXT() REPRESENTATION_CONTEXT('2D SPACE',''
  ) );
#1483 = PCURVE('',#859,#1484);
#1484 = DEFINITIONAL_REPRESENTATION('',(#1485),#1489);
#1485 = LINE('',#1486,#1487);
#1486 = CARTESIAN_POINT('',(1.570796326795,0.));
#1487 = VECTOR('',#1488,1.);
#1488 = DIRECTION('',(0.,1.));
#1489 = ( GEOMETRIC_REPRESENTATION_CONTEXT(2) 
PARAMETRIC_REPRESENTATION_CONTEXT() REPRESENTATION_CONTEXT('2D SPACE',''
  ) );
#1490 = ADVANCED_FACE('',(#1491),#611,.F.);
#1491 = FACE_BOUND('',#1492,.T.);
#1492 = EDGE_LOOP('',(#1493,#1517,#1536,#1537));
#1493 = ORIENTED_EDGE('',*,*,#1494,.T.);
#1494 = EDGE_CURVE('',#571,#1495,#1497,.T.);
#1495 = VERTEX_POINT('',#1496);
#1496 = CARTESIAN_POINT('',(13.601470508735,20.01,46.));
#1497 = SURFACE_CURVE('',#1498,(#1503,#1510),.PCURVE_S1.);
#1498 = CIRCLE('',#1499,21.);
#1499 = AXIS2_PLACEMENT_3D('',#1500,#1501,#1502);
#1500 = CARTESIAN_POINT('',(0.,20.01,30.));
#1501 = DIRECTION('',(-0.,-1.,0.));
#1502 = DIRECTION('',(-0.647689071845,0.,0.761904761905));
#1503 = PCURVE('',#611,#1504);
#1504 = DEFINITIONAL_REPRESENTATION('',(#1505),#1509);
#1505 = LINE('',#1506,#1507);
#1506 = CARTESIAN_POINT('',(-2.275343745248,-7.));
#1507 = VECTOR('',#1508,1.);
#1508 = DIRECTION('',(-1.,0.));
#1509 = ( GEOMETRIC_REPRESENTATION_CONTEXT(2) 
PARAMETRIC_REPRESENTATION_CONTEXT() REPRESENTATION_CONTEXT('2D SPACE',''
  ) );
#1510 = PCURVE('',#585,#1511);
#1511 = DEFINITIONAL_REPRESENTATION('',(#1512),#1516);
#1512 = CIRCLE('',#1513,21.);
#1513 = AXIS2_PLACEMENT_2D('',#1514,#1515);
#1514 = CARTESIAN_POINT('',(3.552713678801E-15,1.041859148601E-15));
#1515 = DIRECTION('',(-0.761904761905,-0.647689071845));
#1516 = ( GEOMETRIC_REPRESENTATION_CONTEXT(2) 
PARAMETRIC_REPRESENTATION_CONTEXT() REPRESENTATION_CONTEXT('2D SPACE',''
  ) );
#1517 = ORIENTED_EDGE('',*,*,#1518,.T.);
#1518 = EDGE_CURVE('',#1495,#1420,#1519,.T.);
#1519 = SURFACE_CURVE('',#1520,(#1524,#1530),.PCURVE_S1.);
#1520 = LINE('',#1521,#1522);
#1521 = CARTESIAN_POINT('',(13.601470508735,27.01,46.));
#1522 = VECTOR('',#1523,1.);
#1523 = DIRECTION('',(-0.,1.,-0.));
#1524 = PCURVE('',#611,#1525);
#1525 = DEFINITIONAL_REPRESENTATION('',(#1526),#1529);
#1526 = B_SPLINE_CURVE_WITH_KNOTS('',1,(#1527,#1528),.UNSPECIFIED.,.F.,
  .F.,(2,2),(-7.,-1.E-02),.PIECEWISE_BEZIER_KNOTS.);
#1527 = CARTESIAN_POINT('',(-7.149434215522,-7.));
#1528 = CARTESIAN_POINT('',(-7.149434215522,-1.E-02));
#1529 = ( GEOMETRIC_REPRESENTATION_CONTEXT(2) 
PARAMETRIC_REPRESENTATION_CONTEXT() REPRESENTATION_CONTEXT('2D SPACE',''
  ) );
#1530 = PCURVE('',#1168,#1531);
#1531 = DEFINITIONAL_REPRESENTATION('',(#1532),#1535);
#1532 = B_SPLINE_CURVE_WITH_KNOTS('',1,(#1533,#1534),.UNSPECIFIED.,.F.,
  .F.,(2,2),(-7.0000006,5.999999999062E-07),.PIECEWISE_BEZIER_KNOTS.);
#1533 = CARTESIAN_POINT('',(42.601470508735,47.0099994));
#1534 = CARTESIAN_POINT('',(42.601470508735,54.0100006));
#1535 = ( GEOMETRIC_REPRESENTATION_CONTEXT(2) 
PARAMETRIC_REPRESENTATION_CONTEXT() REPRESENTATION_CONTEXT('2D SPACE',''
  ) );
#1536 = ORIENTED_EDGE('',*,*,#1419,.F.);
#1537 = ORIENTED_EDGE('',*,*,#596,.F.);
#1538 = ADVANCED_FACE('',(#1539),#585,.F.);
#1539 = FACE_BOUND('',#1540,.F.);
#1540 = EDGE_LOOP('',(#1541,#1542,#1561,#1562));
#1541 = ORIENTED_EDGE('',*,*,#1494,.T.);
#1542 = ORIENTED_EDGE('',*,*,#1543,.F.);
#1543 = EDGE_CURVE('',#1154,#1495,#1544,.T.);
#1544 = SURFACE_CURVE('',#1545,(#1549,#1555),.PCURVE_S1.);
#1545 = LINE('',#1546,#1547);
#1546 = CARTESIAN_POINT('',(-14.5,20.01,46.));
#1547 = VECTOR('',#1548,1.);
#1548 = DIRECTION('',(1.,0.,0.));
#1549 = PCURVE('',#585,#1550);
#1550 = DEFINITIONAL_REPRESENTATION('',(#1551),#1554);
#1551 = B_SPLINE_CURVE_WITH_KNOTS('',1,(#1552,#1553),.UNSPECIFIED.,.F.,
  .F.,(2,2),(24.74695076596,35.5),.PIECEWISE_BEZIER_KNOTS.);
#1552 = CARTESIAN_POINT('',(-16.,10.24695076596));
#1553 = CARTESIAN_POINT('',(-16.,21.));
#1554 = ( GEOMETRIC_REPRESENTATION_CONTEXT(2) 
PARAMETRIC_REPRESENTATION_CONTEXT() REPRESENTATION_CONTEXT('2D SPACE',''
  ) );
#1555 = PCURVE('',#1168,#1556);
#1556 = DEFINITIONAL_REPRESENTATION('',(#1557),#1560);
#1557 = B_SPLINE_CURVE_WITH_KNOTS('',1,(#1558,#1559),.UNSPECIFIED.,.F.,
  .F.,(2,2),(24.74695076596,35.5),.PIECEWISE_BEZIER_KNOTS.);
#1558 = CARTESIAN_POINT('',(39.24695076596,47.01));
#1559 = CARTESIAN_POINT('',(50.,47.01));
#1560 = ( GEOMETRIC_REPRESENTATION_CONTEXT(2) 
PARAMETRIC_REPRESENTATION_CONTEXT() REPRESENTATION_CONTEXT('2D SPACE',''
  ) );
#1561 = ORIENTED_EDGE('',*,*,#1179,.T.);
#1562 = ORIENTED_EDGE('',*,*,#570,.F.);
#1563 = ADVANCED_FACE('',(#1564),#802,.T.);
#1564 = FACE_BOUND('',#1565,.F.);
#1565 = EDGE_LOOP('',(#1566,#1567,#1568,#1596));
#1566 = ORIENTED_EDGE('',*,*,#781,.T.);
#1567 = ORIENTED_EDGE('',*,*,#1392,.T.);
#1568 = ORIENTED_EDGE('',*,*,#1569,.F.);
#1569 = EDGE_CURVE('',#1570,#1370,#1572,.T.);
#1570 = VERTEX_POINT('',#1571);
#1571 = CARTESIAN_POINT('',(29.,-22.,46.));
#1572 = SURFACE_CURVE('',#1573,(#1578,#1585),.PCURVE_S1.);
#1573 = CIRCLE('',#1574,5.);
#1574 = AXIS2_PLACEMENT_3D('',#1575,#1576,#1577);
#1575 = CARTESIAN_POINT('',(24.,-22.,46.));
#1576 = DIRECTION('',(-0.,-0.,-1.));
#1577 = DIRECTION('',(0.,-1.,0.));
#1578 = PCURVE('',#802,#1579);
#1579 = DEFINITIONAL_REPRESENTATION('',(#1580),#1584);
#1580 = LINE('',#1581,#1582);
#1581 = CARTESIAN_POINT('',(4.712388980385,46.));
#1582 = VECTOR('',#1583,1.);
#1583 = DIRECTION('',(-1.,0.));
#1584 = ( GEOMETRIC_REPRESENTATION_CONTEXT(2) 
PARAMETRIC_REPRESENTATION_CONTEXT() REPRESENTATION_CONTEXT('2D SPACE',''
  ) );
#1585 = PCURVE('',#1251,#1586);
#1586 = DEFINITIONAL_REPRESENTATION('',(#1587),#1595);
#1587 = ( BOUNDED_CURVE() B_SPLINE_CURVE(2,(#1588,#1589,#1590,#1591,
#1592,#1593,#1594),.UNSPECIFIED.,.T.,.F.) B_SPLINE_CURVE_WITH_KNOTS((1,2
    ,2,2,2,1),(-2.094395102393,0.,2.094395102393,4.188790204786,
6.28318530718,8.377580409573),.UNSPECIFIED.) CURVE() 
GEOMETRIC_REPRESENTATION_ITEM() RATIONAL_B_SPLINE_CURVE((1.,0.5,1.,0.5,
1.,0.5,1.)) REPRESENTATION_ITEM('') );
#1588 = CARTESIAN_POINT('',(53.,0.));
#1589 = CARTESIAN_POINT('',(44.339745962156,0.));
#1590 = CARTESIAN_POINT('',(48.669872981078,7.5));
#1591 = CARTESIAN_POINT('',(53.,15.));
#1592 = CARTESIAN_POINT('',(57.330127018922,7.5));
#1593 = CARTESIAN_POINT('',(61.660254037844,7.993605777301E-15));
#1594 = CARTESIAN_POINT('',(53.,0.));
#1595 = ( GEOMETRIC_REPRESENTATION_CONTEXT(2) 
PARAMETRIC_REPRESENTATION_CONTEXT() REPRESENTATION_CONTEXT('2D SPACE',''
  ) );
#1596 = ORIENTED_EDGE('',*,*,#1597,.F.);
#1597 = EDGE_CURVE('',#782,#1570,#1598,.T.);
#1598 = SURFACE_CURVE('',#1599,(#1603,#1610),.PCURVE_S1.);
#1599 = LINE('',#1600,#1601);
#1600 = CARTESIAN_POINT('',(29.,-22.,0.));
#1601 = VECTOR('',#1602,1.);
#1602 = DIRECTION('',(0.,0.,1.));
#1603 = PCURVE('',#802,#1604);
#1604 = DEFINITIONAL_REPRESENTATION('',(#1605),#1609);
#1605 = LINE('',#1606,#1607);
#1606 = CARTESIAN_POINT('',(-0.,0.));
#1607 = VECTOR('',#1608,1.);
#1608 = DIRECTION('',(-0.,1.));
#1609 = ( GEOMETRIC_REPRESENTATION_CONTEXT(2) 
PARAMETRIC_REPRESENTATION_CONTEXT() REPRESENTATION_CONTEXT('2D SPACE',''
  ) );
#1610 = PCURVE('',#830,#1611);
#1611 = DEFINITIONAL_REPRESENTATION('',(#1612),#1616);
#1612 = LINE('',#1613,#1614);
#1613 = CARTESIAN_POINT('',(0.,-5.));
#1614 = VECTOR('',#1615,1.);
#1615 = DIRECTION('',(1.,0.));
#1616 = ( GEOMETRIC_REPRESENTATION_CONTEXT(2) 
PARAMETRIC_REPRESENTATION_CONTEXT() REPRESENTATION_CONTEXT('2D SPACE',''
  ) );
#1617 = ADVANCED_FACE('',(#1618),#859,.T.);
#1618 = FACE_BOUND('',#1619,.T.);
#1619 = EDGE_LOOP('',(#1620,#1621,#1622,#1646));
#1620 = ORIENTED_EDGE('',*,*,#842,.T.);
#1621 = ORIENTED_EDGE('',*,*,#1470,.T.);
#1622 = ORIENTED_EDGE('',*,*,#1623,.F.);
#1623 = EDGE_CURVE('',#1624,#1448,#1626,.T.);
#1624 = VERTEX_POINT('',#1625);
#1625 = CARTESIAN_POINT('',(29.,22.,46.));
#1626 = SURFACE_CURVE('',#1627,(#1632,#1639),.PCURVE_S1.);
#1627 = CIRCLE('',#1628,5.);
#1628 = AXIS2_PLACEMENT_3D('',#1629,#1630,#1631);
#1629 = CARTESIAN_POINT('',(24.,22.,46.));
#1630 = DIRECTION('',(0.,0.,1.));
#1631 = DIRECTION('',(0.,-1.,0.));
#1632 = PCURVE('',#859,#1633);
#1633 = DEFINITIONAL_REPRESENTATION('',(#1634),#1638);
#1634 = LINE('',#1635,#1636);
#1635 = CARTESIAN_POINT('',(-1.570796326795,46.));
#1636 = VECTOR('',#1637,1.);
#1637 = DIRECTION('',(1.,0.));
#1638 = ( GEOMETRIC_REPRESENTATION_CONTEXT(2) 
PARAMETRIC_REPRESENTATION_CONTEXT() REPRESENTATION_CONTEXT('2D SPACE',''
  ) );
#1639 = PCURVE('',#1168,#1640);
#1640 = DEFINITIONAL_REPRESENTATION('',(#1641),#1645);
#1641 = CIRCLE('',#1642,5.);
#1642 = AXIS2_PLACEMENT_2D('',#1643,#1644);
#1643 = CARTESIAN_POINT('',(53.,49.));
#1644 = DIRECTION('',(0.,-1.));
#1645 = ( GEOMETRIC_REPRESENTATION_CONTEXT(2) 
PARAMETRIC_REPRESENTATION_CONTEXT() REPRESENTATION_CONTEXT('2D SPACE',''
  ) );
#1646 = ORIENTED_EDGE('',*,*,#1647,.F.);
#1647 = EDGE_CURVE('',#815,#1624,#1648,.T.);
#1648 = SURFACE_CURVE('',#1649,(#1653,#1660),.PCURVE_S1.);
#1649 = LINE('',#1650,#1651);
#1650 = CARTESIAN_POINT('',(29.,22.,0.));
#1651 = VECTOR('',#1652,1.);
#1652 = DIRECTION('',(0.,0.,1.));
#1653 = PCURVE('',#859,#1654);
#1654 = DEFINITIONAL_REPRESENTATION('',(#1655),#1659);
#1655 = LINE('',#1656,#1657);
#1656 = CARTESIAN_POINT('',(0.,0.));
#1657 = VECTOR('',#1658,1.);
#1658 = DIRECTION('',(0.,1.));
#1659 = ( GEOMETRIC_REPRESENTATION_CONTEXT(2) 
PARAMETRIC_REPRESENTATION_CONTEXT() REPRESENTATION_CONTEXT('2D SPACE',''
  ) );
#1660 = PCURVE('',#830,#1661);
#1661 = DEFINITIONAL_REPRESENTATION('',(#1662),#1666);
#1662 = LINE('',#1663,#1664);
#1663 = CARTESIAN_POINT('',(0.,-49.));
#1664 = VECTOR('',#1665,1.);
#1665 = DIRECTION('',(1.,0.));
#1666 = ( GEOMETRIC_REPRESENTATION_CONTEXT(2) 
PARAMETRIC_REPRESENTATION_CONTEXT() REPRESENTATION_CONTEXT('2D SPACE',''
  ) );
#1667 = ADVANCED_FACE('',(#1668),#830,.T.);
#1668 = FACE_BOUND('',#1669,.T.);
#1669 = EDGE_LOOP('',(#1670,#1693,#1694,#1695,#1696,#1719,#1740,#1761));
#1670 = ORIENTED_EDGE('',*,*,#1671,.F.);
#1671 = EDGE_CURVE('',#1570,#1672,#1674,.T.);
#1672 = VERTEX_POINT('',#1673);
#1673 = CARTESIAN_POINT('',(29.,-15.,46.));
#1674 = SURFACE_CURVE('',#1675,(#1679,#1686),.PCURVE_S1.);
#1675 = LINE('',#1676,#1677);
#1676 = CARTESIAN_POINT('',(29.,-27.,46.));
#1677 = VECTOR('',#1678,1.);
#1678 = DIRECTION('',(0.,1.,0.));
#1679 = PCURVE('',#830,#1680);
#1680 = DEFINITIONAL_REPRESENTATION('',(#1681),#1685);
#1681 = LINE('',#1682,#1683);
#1682 = CARTESIAN_POINT('',(46.,0.));
#1683 = VECTOR('',#1684,1.);
#1684 = DIRECTION('',(0.,-1.));
#1685 = ( GEOMETRIC_REPRESENTATION_CONTEXT(2) 
PARAMETRIC_REPRESENTATION_CONTEXT() REPRESENTATION_CONTEXT('2D SPACE',''
  ) );
#1686 = PCURVE('',#1251,#1687);
#1687 = DEFINITIONAL_REPRESENTATION('',(#1688),#1692);
#1688 = LINE('',#1689,#1690);
#1689 = CARTESIAN_POINT('',(58.,0.));
#1690 = VECTOR('',#1691,1.);
#1691 = DIRECTION('',(0.,1.));
#1692 = ( GEOMETRIC_REPRESENTATION_CONTEXT(2) 
PARAMETRIC_REPRESENTATION_CONTEXT() REPRESENTATION_CONTEXT('2D SPACE',''
  ) );
#1693 = ORIENTED_EDGE('',*,*,#1597,.F.);
#1694 = ORIENTED_EDGE('',*,*,#814,.T.);
#1695 = ORIENTED_EDGE('',*,*,#1647,.T.);
#1696 = ORIENTED_EDGE('',*,*,#1697,.F.);
#1697 = EDGE_CURVE('',#1698,#1624,#1700,.T.);
#1698 = VERTEX_POINT('',#1699);
#1699 = CARTESIAN_POINT('',(29.,15.,46.));
#1700 = SURFACE_CURVE('',#1701,(#1705,#1712),.PCURVE_S1.);
#1701 = LINE('',#1702,#1703);
#1702 = CARTESIAN_POINT('',(29.,-27.,46.));
#1703 = VECTOR('',#1704,1.);
#1704 = DIRECTION('',(0.,1.,0.));
#1705 = PCURVE('',#830,#1706);
#1706 = DEFINITIONAL_REPRESENTATION('',(#1707),#1711);
#1707 = LINE('',#1708,#1709);
#1708 = CARTESIAN_POINT('',(46.,0.));
#1709 = VECTOR('',#1710,1.);
#1710 = DIRECTION('',(0.,-1.));
#1711 = ( GEOMETRIC_REPRESENTATION_CONTEXT(2) 
PARAMETRIC_REPRESENTATION_CONTEXT() REPRESENTATION_CONTEXT('2D SPACE',''
  ) );
#1712 = PCURVE('',#1168,#1713);
#1713 = DEFINITIONAL_REPRESENTATION('',(#1714),#1718);
#1714 = LINE('',#1715,#1716);
#1715 = CARTESIAN_POINT('',(58.,0.));
#1716 = VECTOR('',#1717,1.);
#1717 = DIRECTION('',(0.,1.));
#1718 = ( GEOMETRIC_REPRESENTATION_CONTEXT(2) 
PARAMETRIC_REPRESENTATION_CONTEXT() REPRESENTATION_CONTEXT('2D SPACE',''
  ) );
#1719 = ORIENTED_EDGE('',*,*,#1720,.F.);
#1720 = EDGE_CURVE('',#1721,#1698,#1723,.T.);
#1721 = VERTEX_POINT('',#1722);
#1722 = CARTESIAN_POINT('',(29.,15.,16.));
#1723 = SURFACE_CURVE('',#1724,(#1728,#1734),.PCURVE_S1.);
#1724 = LINE('',#1725,#1726);
#1725 = CARTESIAN_POINT('',(29.,15.,8.));
#1726 = VECTOR('',#1727,1.);
#1727 = DIRECTION('',(0.,0.,1.));
#1728 = PCURVE('',#830,#1729);
#1729 = DEFINITIONAL_REPRESENTATION('',(#1730),#1733);
#1730 = B_SPLINE_CURVE_WITH_KNOTS('',1,(#1731,#1732),.UNSPECIFIED.,.F.,
  .F.,(2,2),(8.,38.),.PIECEWISE_BEZIER_KNOTS.);
#1731 = CARTESIAN_POINT('',(16.,-42.));
#1732 = CARTESIAN_POINT('',(46.,-42.));
#1733 = ( GEOMETRIC_REPRESENTATION_CONTEXT(2) 
PARAMETRIC_REPRESENTATION_CONTEXT() REPRESENTATION_CONTEXT('2D SPACE',''
  ) );
#1734 = PCURVE('',#1137,#1735);
#1735 = DEFINITIONAL_REPRESENTATION('',(#1736),#1739);
#1736 = B_SPLINE_CURVE_WITH_KNOTS('',1,(#1737,#1738),.UNSPECIFIED.,.F.,
  .F.,(2,2),(8.,38.),.PIECEWISE_BEZIER_KNOTS.);
#1737 = CARTESIAN_POINT('',(0.,59.));
#1738 = CARTESIAN_POINT('',(30.,59.));
#1739 = ( GEOMETRIC_REPRESENTATION_CONTEXT(2) 
PARAMETRIC_REPRESENTATION_CONTEXT() REPRESENTATION_CONTEXT('2D SPACE',''
  ) );
#1740 = ORIENTED_EDGE('',*,*,#1741,.T.);
#1741 = EDGE_CURVE('',#1721,#1742,#1744,.T.);
#1742 = VERTEX_POINT('',#1743);
#1743 = CARTESIAN_POINT('',(29.,-15.,16.));
#1744 = SURFACE_CURVE('',#1745,(#1749,#1755),.PCURVE_S1.);
#1745 = LINE('',#1746,#1747);
#1746 = CARTESIAN_POINT('',(29.,-21.,16.));
#1747 = VECTOR('',#1748,1.);
#1748 = DIRECTION('',(0.,-1.,0.));
#1749 = PCURVE('',#830,#1750);
#1750 = DEFINITIONAL_REPRESENTATION('',(#1751),#1754);
#1751 = B_SPLINE_CURVE_WITH_KNOTS('',1,(#1752,#1753),.UNSPECIFIED.,.F.,
  .F.,(2,2),(-36.,-6.),.PIECEWISE_BEZIER_KNOTS.);
#1752 = CARTESIAN_POINT('',(16.,-42.));
#1753 = CARTESIAN_POINT('',(16.,-12.));
#1754 = ( GEOMETRIC_REPRESENTATION_CONTEXT(2) 
PARAMETRIC_REPRESENTATION_CONTEXT() REPRESENTATION_CONTEXT('2D SPACE',''
  ) );
#1755 = PCURVE('',#1109,#1756);
#1756 = DEFINITIONAL_REPRESENTATION('',(#1757),#1760);
#1757 = B_SPLINE_CURVE_WITH_KNOTS('',1,(#1758,#1759),.UNSPECIFIED.,.F.,
  .F.,(2,2),(-36.,-6.),.PIECEWISE_BEZIER_KNOTS.);
#1758 = CARTESIAN_POINT('',(59.,30.));
#1759 = CARTESIAN_POINT('',(59.,0.));
#1760 = ( GEOMETRIC_REPRESENTATION_CONTEXT(2) 
PARAMETRIC_REPRESENTATION_CONTEXT() REPRESENTATION_CONTEXT('2D SPACE',''
  ) );
#1761 = ORIENTED_EDGE('',*,*,#1762,.T.);
#1762 = EDGE_CURVE('',#1742,#1672,#1763,.T.);
#1763 = SURFACE_CURVE('',#1764,(#1768,#1774),.PCURVE_S1.);
#1764 = LINE('',#1765,#1766);
#1765 = CARTESIAN_POINT('',(29.,-15.,8.));
#1766 = VECTOR('',#1767,1.);
#1767 = DIRECTION('',(0.,0.,1.));
#1768 = PCURVE('',#830,#1769);
#1769 = DEFINITIONAL_REPRESENTATION('',(#1770),#1773);
#1770 = B_SPLINE_CURVE_WITH_KNOTS('',1,(#1771,#1772),.UNSPECIFIED.,.F.,
  .F.,(2,2),(8.,38.),.PIECEWISE_BEZIER_KNOTS.);
#1771 = CARTESIAN_POINT('',(16.,-12.));
#1772 = CARTESIAN_POINT('',(46.,-12.));
#1773 = ( GEOMETRIC_REPRESENTATION_CONTEXT(2) 
PARAMETRIC_REPRESENTATION_CONTEXT() REPRESENTATION_CONTEXT('2D SPACE',''
  ) );
#1774 = PCURVE('',#1082,#1775);
#1775 = DEFINITIONAL_REPRESENTATION('',(#1776),#1779);
#1776 = B_SPLINE_CURVE_WITH_KNOTS('',1,(#1777,#1778),.UNSPECIFIED.,.F.,
  .F.,(2,2),(8.,38.),.PIECEWISE_BEZIER_KNOTS.);
#1777 = CARTESIAN_POINT('',(0.,59.));
#1778 = CARTESIAN_POINT('',(30.,59.));
#1779 = ( GEOMETRIC_REPRESENTATION_CONTEXT(2) 
PARAMETRIC_REPRESENTATION_CONTEXT() REPRESENTATION_CONTEXT('2D SPACE',''
  ) );
#1780 = ADVANCED_FACE('',(#1781),#916,.F.);
#1781 = FACE_BOUND('',#1782,.F.);
#1782 = EDGE_LOOP('',(#1783,#1806,#1833,#1834));
#1783 = ORIENTED_EDGE('',*,*,#1784,.T.);
#1784 = EDGE_CURVE('',#896,#1785,#1787,.T.);
#1785 = VERTEX_POINT('',#1786);
#1786 = CARTESIAN_POINT('',(-13.22289680818,-13.22289680818,9.));
#1787 = SEAM_CURVE('',#1788,(#1792,#1799),.PCURVE_S1.);
#1788 = LINE('',#1789,#1790);
#1789 = CARTESIAN_POINT('',(-13.22289680818,-13.22289680818,0.));
#1790 = VECTOR('',#1791,1.);
#1791 = DIRECTION('',(0.,0.,1.));
#1792 = PCURVE('',#916,#1793);
#1793 = DEFINITIONAL_REPRESENTATION('',(#1794),#1798);
#1794 = LINE('',#1795,#1796);
#1795 = CARTESIAN_POINT('',(0.,0.));
#1796 = VECTOR('',#1797,1.);
#1797 = DIRECTION('',(0.,-1.));
#1798 = ( GEOMETRIC_REPRESENTATION_CONTEXT(2) 
PARAMETRIC_REPRESENTATION_CONTEXT() REPRESENTATION_CONTEXT('2D SPACE',''
  ) );
#1799 = PCURVE('',#916,#1800);
#1800 = DEFINITIONAL_REPRESENTATION('',(#1801),#1805);
#1801 = LINE('',#1802,#1803);
#1802 = CARTESIAN_POINT('',(6.28318530718,0.));
#1803 = VECTOR('',#1804,1.);
#1804 = DIRECTION('',(0.,-1.));
#1805 = ( GEOMETRIC_REPRESENTATION_CONTEXT(2) 
PARAMETRIC_REPRESENTATION_CONTEXT() REPRESENTATION_CONTEXT('2D SPACE',''
  ) );
#1806 = ORIENTED_EDGE('',*,*,#1807,.T.);
#1807 = EDGE_CURVE('',#1785,#1785,#1808,.T.);
#1808 = SURFACE_CURVE('',#1809,(#1814,#1821),.PCURVE_S1.);
#1809 = CIRCLE('',#1810,1.7);
#1810 = AXIS2_PLACEMENT_3D('',#1811,#1812,#1813);
#1811 = CARTESIAN_POINT('',(-12.02081528017,-12.02081528017,9.));
#1812 = DIRECTION('',(0.,-0.,-1.));
#1813 = DIRECTION('',(-0.707106781187,-0.707106781187,0.));
#1814 = PCURVE('',#916,#1815);
#1815 = DEFINITIONAL_REPRESENTATION('',(#1816),#1820);
#1816 = LINE('',#1817,#1818);
#1817 = CARTESIAN_POINT('',(0.,-9.));
#1818 = VECTOR('',#1819,1.);
#1819 = DIRECTION('',(1.,0.));
#1820 = ( GEOMETRIC_REPRESENTATION_CONTEXT(2) 
PARAMETRIC_REPRESENTATION_CONTEXT() REPRESENTATION_CONTEXT('2D SPACE',''
  ) );
#1821 = PCURVE('',#1822,#1827);
#1822 = PLANE('',#1823);
#1823 = AXIS2_PLACEMENT_3D('',#1824,#1825,#1826);
#1824 = CARTESIAN_POINT('',(12.020815280171,-12.02081528017,9.));
#1825 = DIRECTION('',(-0.,-0.,-1.));
#1826 = DIRECTION('',(-1.,0.,0.));
#1827 = DEFINITIONAL_REPRESENTATION('',(#1828),#1832);
#1828 = CIRCLE('',#1829,1.7);
#1829 = AXIS2_PLACEMENT_2D('',#1830,#1831);
#1830 = CARTESIAN_POINT('',(24.041630560343,-3.552713678801E-15));
#1831 = DIRECTION('',(0.707106781187,-0.707106781187));
#1832 = ( GEOMETRIC_REPRESENTATION_CONTEXT(2) 
PARAMETRIC_REPRESENTATION_CONTEXT() REPRESENTATION_CONTEXT('2D SPACE',''
  ) );
#1833 = ORIENTED_EDGE('',*,*,#1784,.F.);
#1834 = ORIENTED_EDGE('',*,*,#895,.F.);
#1835 = ADVANCED_FACE('',(#1836),#951,.F.);
#1836 = FACE_BOUND('',#1837,.F.);
#1837 = EDGE_LOOP('',(#1838,#1861,#1888,#1889));
#1838 = ORIENTED_EDGE('',*,*,#1839,.T.);
#1839 = EDGE_CURVE('',#931,#1840,#1842,.T.);
#1840 = VERTEX_POINT('',#1841);
#1841 = CARTESIAN_POINT('',(13.222896808188,-13.22289680818,9.));
#1842 = SEAM_CURVE('',#1843,(#1847,#1854),.PCURVE_S1.);
#1843 = LINE('',#1844,#1845);
#1844 = CARTESIAN_POINT('',(13.222896808188,-13.22289680818,0.));
#1845 = VECTOR('',#1846,1.);
#1846 = DIRECTION('',(0.,0.,1.));
#1847 = PCURVE('',#951,#1848);
#1848 = DEFINITIONAL_REPRESENTATION('',(#1849),#1853);
#1849 = LINE('',#1850,#1851);
#1850 = CARTESIAN_POINT('',(0.,0.));
#1851 = VECTOR('',#1852,1.);
#1852 = DIRECTION('',(0.,-1.));
#1853 = ( GEOMETRIC_REPRESENTATION_CONTEXT(2) 
PARAMETRIC_REPRESENTATION_CONTEXT() REPRESENTATION_CONTEXT('2D SPACE',''
  ) );
#1854 = PCURVE('',#951,#1855);
#1855 = DEFINITIONAL_REPRESENTATION('',(#1856),#1860);
#1856 = LINE('',#1857,#1858);
#1857 = CARTESIAN_POINT('',(6.28318530718,0.));
#1858 = VECTOR('',#1859,1.);
#1859 = DIRECTION('',(0.,-1.));
#1860 = ( GEOMETRIC_REPRESENTATION_CONTEXT(2) 
PARAMETRIC_REPRESENTATION_CONTEXT() REPRESENTATION_CONTEXT('2D SPACE',''
  ) );
#1861 = ORIENTED_EDGE('',*,*,#1862,.T.);
#1862 = EDGE_CURVE('',#1840,#1840,#1863,.T.);
#1863 = SURFACE_CURVE('',#1864,(#1869,#1876),.PCURVE_S1.);
#1864 = CIRCLE('',#1865,1.7);
#1865 = AXIS2_PLACEMENT_3D('',#1866,#1867,#1868);
#1866 = CARTESIAN_POINT('',(12.020815280171,-12.02081528017,9.));
#1867 = DIRECTION('',(0.,-0.,-1.));
#1868 = DIRECTION('',(0.707106781187,-0.707106781187,0.));
#1869 = PCURVE('',#951,#1870);
#1870 = DEFINITIONAL_REPRESENTATION('',(#1871),#1875);
#1871 = LINE('',#1872,#1873);
#1872 = CARTESIAN_POINT('',(0.,-9.));
#1873 = VECTOR('',#1874,1.);
#1874 = DIRECTION('',(1.,0.));
#1875 = ( GEOMETRIC_REPRESENTATION_CONTEXT(2) 
PARAMETRIC_REPRESENTATION_CONTEXT() REPRESENTATION_CONTEXT('2D SPACE',''
  ) );
#1876 = PCURVE('',#1877,#1882);
#1877 = PLANE('',#1878);
#1878 = AXIS2_PLACEMENT_3D('',#1879,#1880,#1881);
#1879 = CARTESIAN_POINT('',(12.020815280171,-12.02081528017,9.));
#1880 = DIRECTION('',(-0.,-0.,-1.));
#1881 = DIRECTION('',(-1.,0.,0.));
#1882 = DEFINITIONAL_REPRESENTATION('',(#1883),#1887);
#1883 = CIRCLE('',#1884,1.7);
#1884 = AXIS2_PLACEMENT_2D('',#1885,#1886);
#1885 = CARTESIAN_POINT('',(1.7763568394E-15,-1.7763568394E-15));
#1886 = DIRECTION('',(-0.707106781187,-0.707106781187));
#1887 = ( GEOMETRIC_REPRESENTATION_CONTEXT(2) 
PARAMETRIC_REPRESENTATION_CONTEXT() REPRESENTATION_CONTEXT('2D SPACE',''
  ) );
#1888 = ORIENTED_EDGE('',*,*,#1839,.F.);
#1889 = ORIENTED_EDGE('',*,*,#930,.F.);
#1890 = ADVANCED_FACE('',(#1891),#986,.F.);
#1891 = FACE_BOUND('',#1892,.F.);
#1892 = EDGE_LOOP('',(#1893,#1916,#1943,#1944));
#1893 = ORIENTED_EDGE('',*,*,#1894,.T.);
#1894 = EDGE_CURVE('',#966,#1895,#1897,.T.);
#1895 = VERTEX_POINT('',#1896);
#1896 = CARTESIAN_POINT('',(-13.22289680818,13.222896808188,9.));
#1897 = SEAM_CURVE('',#1898,(#1902,#1909),.PCURVE_S1.);
#1898 = LINE('',#1899,#1900);
#1899 = CARTESIAN_POINT('',(-13.22289680818,13.222896808188,0.));
#1900 = VECTOR('',#1901,1.);
#1901 = DIRECTION('',(0.,0.,1.));
#1902 = PCURVE('',#986,#1903);
#1903 = DEFINITIONAL_REPRESENTATION('',(#1904),#1908);
#1904 = LINE('',#1905,#1906);
#1905 = CARTESIAN_POINT('',(0.,0.));
#1906 = VECTOR('',#1907,1.);
#1907 = DIRECTION('',(0.,-1.));
#1908 = ( GEOMETRIC_REPRESENTATION_CONTEXT(2) 
PARAMETRIC_REPRESENTATION_CONTEXT() REPRESENTATION_CONTEXT('2D SPACE',''
  ) );
#1909 = PCURVE('',#986,#1910);
#1910 = DEFINITIONAL_REPRESENTATION('',(#1911),#1915);
#1911 = LINE('',#1912,#1913);
#1912 = CARTESIAN_POINT('',(6.28318530718,0.));
#1913 = VECTOR('',#1914,1.);
#1914 = DIRECTION('',(0.,-1.));
#1915 = ( GEOMETRIC_REPRESENTATION_CONTEXT(2) 
PARAMETRIC_REPRESENTATION_CONTEXT() REPRESENTATION_CONTEXT('2D SPACE',''
  ) );
#1916 = ORIENTED_EDGE('',*,*,#1917,.T.);
#1917 = EDGE_CURVE('',#1895,#1895,#1918,.T.);
#1918 = SURFACE_CURVE('',#1919,(#1924,#1931),.PCURVE_S1.);
#1919 = CIRCLE('',#1920,1.7);
#1920 = AXIS2_PLACEMENT_3D('',#1921,#1922,#1923);
#1921 = CARTESIAN_POINT('',(-12.02081528017,12.020815280171,9.));
#1922 = DIRECTION('',(0.,0.,-1.));
#1923 = DIRECTION('',(-0.707106781187,0.707106781187,0.));
#1924 = PCURVE('',#986,#1925);
#1925 = DEFINITIONAL_REPRESENTATION('',(#1926),#1930);
#1926 = LINE('',#1927,#1928);
#1927 = CARTESIAN_POINT('',(0.,-9.));
#1928 = VECTOR('',#1929,1.);
#1929 = DIRECTION('',(1.,0.));
#1930 = ( GEOMETRIC_REPRESENTATION_CONTEXT(2) 
PARAMETRIC_REPRESENTATION_CONTEXT() REPRESENTATION_CONTEXT('2D SPACE',''
  ) );
#1931 = PCURVE('',#1932,#1937);
#1932 = PLANE('',#1933);
#1933 = AXIS2_PLACEMENT_3D('',#1934,#1935,#1936);
#1934 = CARTESIAN_POINT('',(12.020815280171,-12.02081528017,9.));
#1935 = DIRECTION('',(-0.,-0.,-1.));
#1936 = DIRECTION('',(-1.,0.,0.));
#1937 = DEFINITIONAL_REPRESENTATION('',(#1938),#1942);
#1938 = CIRCLE('',#1939,1.7);
#1939 = AXIS2_PLACEMENT_2D('',#1940,#1941);
#1940 = CARTESIAN_POINT('',(24.041630560343,24.041630560343));
#1941 = DIRECTION('',(0.707106781187,0.707106781187));
#1942 = ( GEOMETRIC_REPRESENTATION_CONTEXT(2) 
PARAMETRIC_REPRESENTATION_CONTEXT() REPRESENTATION_CONTEXT('2D SPACE',''
  ) );
#1943 = ORIENTED_EDGE('',*,*,#1894,.F.);
#1944 = ORIENTED_EDGE('',*,*,#965,.F.);
#1945 = ADVANCED_FACE('',(#1946),#1021,.F.);
#1946 = FACE_BOUND('',#1947,.F.);
#1947 = EDGE_LOOP('',(#1948,#1971,#1998,#1999));
#1948 = ORIENTED_EDGE('',*,*,#1949,.T.);
#1949 = EDGE_CURVE('',#1001,#1950,#1952,.T.);
#1950 = VERTEX_POINT('',#1951);
#1951 = CARTESIAN_POINT('',(13.222896808188,13.222896808188,9.));
#1952 = SEAM_CURVE('',#1953,(#1957,#1964),.PCURVE_S1.);
#1953 = LINE('',#1954,#1955);
#1954 = CARTESIAN_POINT('',(13.222896808188,13.222896808188,0.));
#1955 = VECTOR('',#1956,1.);
#1956 = DIRECTION('',(0.,0.,1.));
#1957 = PCURVE('',#1021,#1958);
#1958 = DEFINITIONAL_REPRESENTATION('',(#1959),#1963);
#1959 = LINE('',#1960,#1961);
#1960 = CARTESIAN_POINT('',(0.,0.));
#1961 = VECTOR('',#1962,1.);
#1962 = DIRECTION('',(0.,-1.));
#1963 = ( GEOMETRIC_REPRESENTATION_CONTEXT(2) 
PARAMETRIC_REPRESENTATION_CONTEXT() REPRESENTATION_CONTEXT('2D SPACE',''
  ) );
#1964 = PCURVE('',#1021,#1965);
#1965 = DEFINITIONAL_REPRESENTATION('',(#1966),#1970);
#1966 = LINE('',#1967,#1968);
#1967 = CARTESIAN_POINT('',(6.28318530718,0.));
#1968 = VECTOR('',#1969,1.);
#1969 = DIRECTION('',(0.,-1.));
#1970 = ( GEOMETRIC_REPRESENTATION_CONTEXT(2) 
PARAMETRIC_REPRESENTATION_CONTEXT() REPRESENTATION_CONTEXT('2D SPACE',''
  ) );
#1971 = ORIENTED_EDGE('',*,*,#1972,.T.);
#1972 = EDGE_CURVE('',#1950,#1950,#1973,.T.);
#1973 = SURFACE_CURVE('',#1974,(#1979,#1986),.PCURVE_S1.);
#1974 = CIRCLE('',#1975,1.7);
#1975 = AXIS2_PLACEMENT_3D('',#1976,#1977,#1978);
#1976 = CARTESIAN_POINT('',(12.020815280171,12.020815280171,9.));
#1977 = DIRECTION('',(0.,0.,-1.));
#1978 = DIRECTION('',(0.707106781187,0.707106781187,0.));
#1979 = PCURVE('',#1021,#1980);
#1980 = DEFINITIONAL_REPRESENTATION('',(#1981),#1985);
#1981 = LINE('',#1982,#1983);
#1982 = CARTESIAN_POINT('',(0.,-9.));
#1983 = VECTOR('',#1984,1.);
#1984 = DIRECTION('',(1.,0.));
#1985 = ( GEOMETRIC_REPRESENTATION_CONTEXT(2) 
PARAMETRIC_REPRESENTATION_CONTEXT() REPRESENTATION_CONTEXT('2D SPACE',''
  ) );
#1986 = PCURVE('',#1987,#1992);
#1987 = PLANE('',#1988);
#1988 = AXIS2_PLACEMENT_3D('',#1989,#1990,#1991);
#1989 = CARTESIAN_POINT('',(12.020815280171,-12.02081528017,9.));
#1990 = DIRECTION('',(-0.,-0.,-1.));
#1991 = DIRECTION('',(-1.,0.,0.));
#1992 = DEFINITIONAL_REPRESENTATION('',(#1993),#1997);
#1993 = CIRCLE('',#1994,1.7);
#1994 = AXIS2_PLACEMENT_2D('',#1995,#1996);
#1995 = CARTESIAN_POINT('',(5.329070518201E-15,24.041630560343));
#1996 = DIRECTION('',(-0.707106781187,0.707106781187));
#1997 = ( GEOMETRIC_REPRESENTATION_CONTEXT(2) 
PARAMETRIC_REPRESENTATION_CONTEXT() REPRESENTATION_CONTEXT('2D SPACE',''
  ) );
#1998 = ORIENTED_EDGE('',*,*,#1949,.F.);
#1999 = ORIENTED_EDGE('',*,*,#1000,.F.);
#2000 = ADVANCED_FACE('',(#2001),#1082,.T.);
#2001 = FACE_BOUND('',#2002,.T.);
#2002 = EDGE_LOOP('',(#2003,#2024,#2025,#2046));
#2003 = ORIENTED_EDGE('',*,*,#2004,.F.);
#2004 = EDGE_CURVE('',#1066,#1742,#2005,.T.);
#2005 = SURFACE_CURVE('',#2006,(#2010,#2017),.PCURVE_S1.);
#2006 = LINE('',#2007,#2008);
#2007 = CARTESIAN_POINT('',(-30.,-15.,16.));
#2008 = VECTOR('',#2009,1.);
#2009 = DIRECTION('',(1.,0.,0.));
#2010 = PCURVE('',#1082,#2011);
#2011 = DEFINITIONAL_REPRESENTATION('',(#2012),#2016);
#2012 = LINE('',#2013,#2014);
#2013 = CARTESIAN_POINT('',(0.,0.));
#2014 = VECTOR('',#2015,1.);
#2015 = DIRECTION('',(0.,1.));
#2016 = ( GEOMETRIC_REPRESENTATION_CONTEXT(2) 
PARAMETRIC_REPRESENTATION_CONTEXT() REPRESENTATION_CONTEXT('2D SPACE',''
  ) );
#2017 = PCURVE('',#1109,#2018);
#2018 = DEFINITIONAL_REPRESENTATION('',(#2019),#2023);
#2019 = LINE('',#2020,#2021);
#2020 = CARTESIAN_POINT('',(0.,0.));
#2021 = VECTOR('',#2022,1.);
#2022 = DIRECTION('',(1.,0.));
#2023 = ( GEOMETRIC_REPRESENTATION_CONTEXT(2) 
PARAMETRIC_REPRESENTATION_CONTEXT() REPRESENTATION_CONTEXT('2D SPACE',''
  ) );
#2024 = ORIENTED_EDGE('',*,*,#1063,.F.);
#2025 = ORIENTED_EDGE('',*,*,#2026,.T.);
#2026 = EDGE_CURVE('',#1064,#1672,#2027,.T.);
#2027 = SURFACE_CURVE('',#2028,(#2032,#2039),.PCURVE_S1.);
#2028 = LINE('',#2029,#2030);
#2029 = CARTESIAN_POINT('',(-30.,-15.,46.));
#2030 = VECTOR('',#2031,1.);
#2031 = DIRECTION('',(1.,0.,0.));
#2032 = PCURVE('',#1082,#2033);
#2033 = DEFINITIONAL_REPRESENTATION('',(#2034),#2038);
#2034 = LINE('',#2035,#2036);
#2035 = CARTESIAN_POINT('',(30.,0.));
#2036 = VECTOR('',#2037,1.);
#2037 = DIRECTION('',(0.,1.));
#2038 = ( GEOMETRIC_REPRESENTATION_CONTEXT(2) 
PARAMETRIC_REPRESENTATION_CONTEXT() REPRESENTATION_CONTEXT('2D SPACE',''
  ) );
#2039 = PCURVE('',#1251,#2040);
#2040 = DEFINITIONAL_REPRESENTATION('',(#2041),#2045);
#2041 = LINE('',#2042,#2043);
#2042 = CARTESIAN_POINT('',(-1.,12.));
#2043 = VECTOR('',#2044,1.);
#2044 = DIRECTION('',(1.,0.));
#2045 = ( GEOMETRIC_REPRESENTATION_CONTEXT(2) 
PARAMETRIC_REPRESENTATION_CONTEXT() REPRESENTATION_CONTEXT('2D SPACE',''
  ) );
#2046 = ORIENTED_EDGE('',*,*,#1762,.F.);
#2047 = ADVANCED_FACE('',(#2048),#1251,.T.);
#2048 = FACE_BOUND('',#2049,.T.);
#2049 = EDGE_LOOP('',(#2050,#2051,#2052,#2053,#2054,#2055,#2056));
#2050 = ORIENTED_EDGE('',*,*,#2026,.F.);
#2051 = ORIENTED_EDGE('',*,*,#1238,.F.);
#2052 = ORIENTED_EDGE('',*,*,#1289,.T.);
#2053 = ORIENTED_EDGE('',*,*,#1341,.F.);
#2054 = ORIENTED_EDGE('',*,*,#1369,.T.);
#2055 = ORIENTED_EDGE('',*,*,#1569,.F.);
#2056 = ORIENTED_EDGE('',*,*,#1671,.T.);
#2057 = ADVANCED_FACE('',(#2058),#1168,.T.);
#2058 = FACE_BOUND('',#2059,.T.);
#2059 = EDGE_LOOP('',(#2060,#2061,#2082,#2083,#2084,#2085,#2086));
#2060 = ORIENTED_EDGE('',*,*,#1153,.F.);
#2061 = ORIENTED_EDGE('',*,*,#2062,.T.);
#2062 = EDGE_CURVE('',#1121,#1698,#2063,.T.);
#2063 = SURFACE_CURVE('',#2064,(#2068,#2075),.PCURVE_S1.);
#2064 = LINE('',#2065,#2066);
#2065 = CARTESIAN_POINT('',(-30.,15.,46.));
#2066 = VECTOR('',#2067,1.);
#2067 = DIRECTION('',(1.,0.,0.));
#2068 = PCURVE('',#1168,#2069);
#2069 = DEFINITIONAL_REPRESENTATION('',(#2070),#2074);
#2070 = LINE('',#2071,#2072);
#2071 = CARTESIAN_POINT('',(-1.,42.));
#2072 = VECTOR('',#2073,1.);
#2073 = DIRECTION('',(1.,0.));
#2074 = ( GEOMETRIC_REPRESENTATION_CONTEXT(2) 
PARAMETRIC_REPRESENTATION_CONTEXT() REPRESENTATION_CONTEXT('2D SPACE',''
  ) );
#2075 = PCURVE('',#1137,#2076);
#2076 = DEFINITIONAL_REPRESENTATION('',(#2077),#2081);
#2077 = LINE('',#2078,#2079);
#2078 = CARTESIAN_POINT('',(30.,0.));
#2079 = VECTOR('',#2080,1.);
#2080 = DIRECTION('',(0.,1.));
#2081 = ( GEOMETRIC_REPRESENTATION_CONTEXT(2) 
PARAMETRIC_REPRESENTATION_CONTEXT() REPRESENTATION_CONTEXT('2D SPACE',''
  ) );
#2082 = ORIENTED_EDGE('',*,*,#1697,.T.);
#2083 = ORIENTED_EDGE('',*,*,#1623,.T.);
#2084 = ORIENTED_EDGE('',*,*,#1447,.F.);
#2085 = ORIENTED_EDGE('',*,*,#1518,.F.);
#2086 = ORIENTED_EDGE('',*,*,#1543,.F.);
#2087 = ADVANCED_FACE('',(#2088),#1137,.F.);
#2088 = FACE_BOUND('',#2089,.F.);
#2089 = EDGE_LOOP('',(#2090,#2111,#2112,#2113));
#2090 = ORIENTED_EDGE('',*,*,#2091,.F.);
#2091 = EDGE_CURVE('',#1095,#1721,#2092,.T.);
#2092 = SURFACE_CURVE('',#2093,(#2097,#2104),.PCURVE_S1.);
#2093 = LINE('',#2094,#2095);
#2094 = CARTESIAN_POINT('',(-30.,15.,16.));
#2095 = VECTOR('',#2096,1.);
#2096 = DIRECTION('',(1.,0.,0.));
#2097 = PCURVE('',#1137,#2098);
#2098 = DEFINITIONAL_REPRESENTATION('',(#2099),#2103);
#2099 = LINE('',#2100,#2101);
#2100 = CARTESIAN_POINT('',(0.,0.));
#2101 = VECTOR('',#2102,1.);
#2102 = DIRECTION('',(0.,1.));
#2103 = ( GEOMETRIC_REPRESENTATION_CONTEXT(2) 
PARAMETRIC_REPRESENTATION_CONTEXT() REPRESENTATION_CONTEXT('2D SPACE',''
  ) );
#2104 = PCURVE('',#1109,#2105);
#2105 = DEFINITIONAL_REPRESENTATION('',(#2106),#2110);
#2106 = LINE('',#2107,#2108);
#2107 = CARTESIAN_POINT('',(0.,30.));
#2108 = VECTOR('',#2109,1.);
#2109 = DIRECTION('',(1.,0.));
#2110 = ( GEOMETRIC_REPRESENTATION_CONTEXT(2) 
PARAMETRIC_REPRESENTATION_CONTEXT() REPRESENTATION_CONTEXT('2D SPACE',''
  ) );
#2111 = ORIENTED_EDGE('',*,*,#1120,.T.);
#2112 = ORIENTED_EDGE('',*,*,#2062,.T.);
#2113 = ORIENTED_EDGE('',*,*,#1720,.F.);
#2114 = ADVANCED_FACE('',(#2115),#1109,.T.);
#2115 = FACE_BOUND('',#2116,.T.);
#2116 = EDGE_LOOP('',(#2117,#2118,#2119,#2120));
#2117 = ORIENTED_EDGE('',*,*,#2091,.F.);
#2118 = ORIENTED_EDGE('',*,*,#1094,.F.);
#2119 = ORIENTED_EDGE('',*,*,#2004,.T.);
#2120 = ORIENTED_EDGE('',*,*,#1741,.F.);
#2121 = ADVANCED_FACE('',(#2122),#1822,.T.);
#2122 = FACE_BOUND('',#2123,.T.);
#2123 = EDGE_LOOP('',(#2124));
#2124 = ORIENTED_EDGE('',*,*,#1807,.T.);
#2125 = ADVANCED_FACE('',(#2126),#1877,.T.);
#2126 = FACE_BOUND('',#2127,.T.);
#2127 = EDGE_LOOP('',(#2128));
#2128 = ORIENTED_EDGE('',*,*,#1862,.T.);
#2129 = ADVANCED_FACE('',(#2130),#1932,.T.);
#2130 = FACE_BOUND('',#2131,.T.);
#2131 = EDGE_LOOP('',(#2132));
#2132 = ORIENTED_EDGE('',*,*,#1917,.T.);
#2133 = ADVANCED_FACE('',(#2134),#1987,.T.);
#2134 = FACE_BOUND('',#2135,.T.);
#2135 = EDGE_LOOP('',(#2136));
#2136 = ORIENTED_EDGE('',*,*,#1972,.T.);
#2137 = ( GEOMETRIC_REPRESENTATION_CONTEXT(3) 
GLOBAL_UNCERTAINTY_ASSIGNED_CONTEXT((#2141)) 
GLOBAL_UNIT_ASSIGNED_CONTEXT((#2138,#2139,#2140)) REPRESENTATION_CONTEXT
('Context #1','3D Context with UNIT and UNCERTAINTY') );
#2138 = ( LENGTH_UNIT() NAMED_UNIT(*) SI_UNIT(.MILLI.,.METRE.) );
#2139 = ( NAMED_UNIT(*) PLANE_ANGLE_UNIT() SI_UNIT($,.RADIAN.) );
#2140 = ( NAMED_UNIT(*) SI_UNIT($,.STERADIAN.) SOLID_ANGLE_UNIT() );
#2141 = UNCERTAINTY_MEASURE_WITH_UNIT(LENGTH_MEASURE(1.E-07),#2138,
  'distance_accuracy_value','confusion accuracy');
#2142 = PRODUCT_RELATED_PRODUCT_CATEGORY('part',$,(#7));
ENDSEC;
END-ISO-10303-21;
